sec_code,sec_name,announcement_title,announcement_time,announcement_id,local_path,source_url
000001,平安银行,2025年年度报告,2026-03-21 00:00:00,1225022887,reports_raw/000001_平安银行/2025/1225022887.pdf,https://static.cninfo.com.cn/finalpage/2026-03-21/1225022887.PDF
000011,深物业A,2025年年度报告,2026-03-28 00:00:00,1225045283,reports_raw/000011_深物业A/2025/1225045283.pdf,https://static.cninfo.com.cn/finalpage/2026-03-28/1225045283.PDF
000014,沙河股份,2025年年度报告,2026-03-18 00:00:00,1225013620,reports_raw/000014_沙河股份/2025/1225013620.pdf,https://static.cninfo.com.cn/finalpage/2026-03-18/1225013620.PDF
000026,飞亚达,2025年年度报告,2026-03-14 00:00:00,1225009595,reports_raw/000026_飞亚达/2025/1225009595.pdf,https://static.cninfo.com.cn/finalpage/2026-03-14/1225009595.PDF
000029,深深房Ａ,2025年年度报告,2026-03-20 00:00:00,1225018472,reports_raw/000029_深深房Ａ/2025/1225018472.pdf,https://static.cninfo.com.cn/finalpage/2026-03-20/1225018472.PDF
000034,神州数码,2025年年度报告,2026-03-31 00:00:00,1225058636,reports_raw/000034_神州数码/2025/1225058636.pdf,https://static.cninfo.com.cn/finalpage/2026-03-31/1225058636.PDF
000039,中集集团,2025年年度报告,2026-03-27 00:00:00,1225037930,reports_raw/000039_中集集团/2025/1225037930.pdf,https://static.cninfo.com.cn/finalpage/2026-03-27/1225037930.PDF
000045,深纺织Ａ,2025年年度报告,2026-03-30 00:00:00,1225039815,reports_raw/000045_深纺织Ａ/2025/1225039815.pdf,https://static.cninfo.com.cn/finalpage/2026-03-30/1225039815.PDF
000050,深天马Ａ,2025年年度报告,2026-03-14 00:00:00,1225009341,reports_raw/000050_深天马Ａ/2025/1225009341.pdf,https://static.cninfo.com.cn/finalpage/2026-03-14/1225009341.PDF
000058,深 赛 格,2025年年度报告,2026-03-27 00:00:00,1225037485,reports_raw/000058_深_赛_格/2025/1225037485.pdf,https://static.cninfo.com.cn/finalpage/2026-03-27/1225037485.PDF
000062,深圳华强,2025年年度报告,2026-03-27 00:00:00,1225034927,reports_raw/000062_深圳华强/2025/1225034927.pdf,https://static.cninfo.com.cn/finalpage/2026-03-27/1225034927.PDF
000063,中兴通讯,2025年年度报告,2026-03-07 00:00:00,1225000301,reports_raw/000063_中兴通讯/2025/1225000301.pdf,https://static.cninfo.com.cn/finalpage/2026-03-07/1225000301.PDF
000065,北方国际,2025年年度报告,2026-03-31 00:00:00,1225061092,reports_raw/000065_北方国际/2025/1225061092.pdf,https://static.cninfo.com.cn/finalpage/2026-03-31/1225061092.PDF
000068,华控赛格,2025年年度报告,2026-03-26 00:00:00,1225032333,reports_raw/000068_华控赛格/2025/1225032333.pdf,https://static.cninfo.com.cn/finalpage/2026-03-26/1225032333.PDF
000069,华侨城Ａ,2025年年度报告,2026-03-31 00:00:00,1225062638,reports_raw/000069_华侨城Ａ/2025/1225062638.pdf,https://static.cninfo.com.cn/finalpage/2026-03-31/1225062638.PDF
000099,中信海直,2025年年度报告,2026-03-17 00:00:00,1225012497,reports_raw/000099_中信海直/2025/1225012497.pdf,https://static.cninfo.com.cn/finalpage/2026-03-17/1225012497.PDF
000100,TCL科技,2025年年度报告,2026-03-28 00:00:00,1225045623,reports_raw/000100_TCL科技/2025/1225045623.pdf,https://static.cninfo.com.cn/finalpage/2026-03-28/1225045623.PDF
000156,华数传媒,2025年年度报告,2026-03-21 00:00:00,1225023169,reports_raw/000156_华数传媒/2025/1225023169.pdf,https://static.cninfo.com.cn/finalpage/2026-03-21/1225023169.PDF
000157,中联重科,2025年年度报告,2026-03-31 00:00:00,1225055609,reports_raw/000157_中联重科/2025/1225055609.pdf,https://static.cninfo.com.cn/finalpage/2026-03-31/1225055609.PDF
000166,申万宏源,2025年年度报告,2026-03-28 00:00:00,1225045474,reports_raw/000166_申万宏源/2025/1225045474.pdf,https://static.cninfo.com.cn/finalpage/2026-03-28/1225045474.PDF
000333,美的集团,2025年年度报告,2026-03-31 00:00:00,1225065145,reports_raw/000333_美的集团/2025/1225065145.pdf,https://static.cninfo.com.cn/finalpage/2026-03-31/1225065145.PDF
000338,潍柴动力,2025年年度报告,2026-03-27 00:00:00,1225037559,reports_raw/000338_潍柴动力/2025/1225037559.pdf,https://static.cninfo.com.cn/finalpage/2026-03-27/1225037559.PDF
000401,金隅冀东,2025年年度报告,2026-03-27 00:00:00,1225038530,reports_raw/000401_金隅冀东/2025/1225038530.pdf,https://static.cninfo.com.cn/finalpage/2026-03-27/1225038530.PDF
000407,胜利股份,2025年年度报告,2026-03-25 00:00:00,1225028184,reports_raw/000407_胜利股份/2025/1225028184.pdf,https://static.cninfo.com.cn/finalpage/2026-03-25/1225028184.PDF
000408,藏格矿业,2025年年度报告,2026-03-14 00:00:00,1225009932,reports_raw/000408_藏格矿业/2025/1225009932.pdf,https://static.cninfo.com.cn/finalpage/2026-03-14/1225009932.PDF
000423,东阿阿胶,2025年年度报告,2026-03-20 00:00:00,1225019488,reports_raw/000423_东阿阿胶/2025/1225019488.pdf,https://static.cninfo.com.cn/finalpage/2026-03-20/1225019488.PDF
000429,粤高速Ａ,2025年年度报告,2026-03-14 00:00:00,1225008769,reports_raw/000429_粤高速Ａ/2025/1225008769.pdf,https://static.cninfo.com.cn/finalpage/2026-03-14/1225008769.PDF
000488,ST晨鸣,2025年年度报告,2026-03-31 00:00:00,1225058500,reports_raw/000488_ST晨鸣/2025/1225058500.pdf,https://static.cninfo.com.cn/finalpage/2026-03-31/1225058500.PDF
000501,武商集团,2025年年度报告,2026-03-27 00:00:00,1225037417,reports_raw/000501_武商集团/2025/1225037417.pdf,https://static.cninfo.com.cn/finalpage/2026-03-27/1225037417.PDF
000505,京粮控股,2025年年度报告,2026-03-28 00:00:00,1225039581,reports_raw/000505_京粮控股/2025/1225039581.pdf,https://static.cninfo.com.cn/finalpage/2026-03-28/1225039581.PDF
000509,华塑控股,2025年年度报告,2026-03-25 00:00:00,1225028738,reports_raw/000509_华塑控股/2025/1225028738.pdf,https://static.cninfo.com.cn/finalpage/2026-03-25/1225028738.PDF
000513,丽珠集团,2025年年度报告,2026-03-25 00:00:00,1225029104,reports_raw/000513_丽珠集团/2025/1225029104.pdf,https://static.cninfo.com.cn/finalpage/2026-03-25/1225029104.pdf
000523,红棉股份,2025年年度报告,2026-03-31 00:00:00,1225059534,reports_raw/000523_红棉股份/2025/1225059534.pdf,https://static.cninfo.com.cn/finalpage/2026-03-31/1225059534.PDF
000524,岭南控股,2025年年度报告,2026-03-28 00:00:00,1225045156,reports_raw/000524_岭南控股/2025/1225045156.pdf,https://static.cninfo.com.cn/finalpage/2026-03-28/1225045156.PDF
000539,粤电力Ａ,2025年年度报告,2026-03-31 00:00:00,1225058371,reports_raw/000539_粤电力Ａ/2025/1225058371.pdf,https://static.cninfo.com.cn/finalpage/2026-03-31/1225058371.PDF
000550,江铃汽车,2025年年度报告,2026-03-28 00:00:00,1225043177,reports_raw/000550_江铃汽车/2025/1225043177.pdf,https://static.cninfo.com.cn/finalpage/2026-03-28/1225043177.PDF
000553,安道麦A,2025年年度报告,2026-03-28 00:00:00,1225045238,reports_raw/000553_安道麦A/2025/1225045238.pdf,https://static.cninfo.com.cn/finalpage/2026-03-28/1225045238.PDF
000555,神州信息,2025年年度报告,2026-03-31 00:00:00,1225059842,reports_raw/000555_神州信息/2025/1225059842.pdf,https://static.cninfo.com.cn/finalpage/2026-03-31/1225059842.PDF
000582,北部湾港,2025年年度报告,2026-03-31 00:00:00,1225061154,reports_raw/000582_北部湾港/2025/1225061154.pdf,https://static.cninfo.com.cn/finalpage/2026-03-31/1225061154.PDF
000590,古汉医药,2025年年度报告,2026-03-31 00:00:00,1225062116,reports_raw/000590_古汉医药/2025/1225062116.pdf,https://static.cninfo.com.cn/finalpage/2026-03-31/1225062116.PDF
000612,焦作万方,2025年年度报告,2026-03-14 00:00:00,1225009217,reports_raw/000612_焦作万方/2025/1225009217.pdf,https://static.cninfo.com.cn/finalpage/2026-03-14/1225009217.PDF
000619,海螺新材,2025年年度报告,2026-03-28 00:00:00,1225042607,reports_raw/000619_海螺新材/2025/1225042607.pdf,https://static.cninfo.com.cn/finalpage/2026-03-28/1225042607.PDF
000629,钒钛股份,2025年年度报告,2026-03-31 00:00:00,1225061907,reports_raw/000629_钒钛股份/2025/1225061907.pdf,https://static.cninfo.com.cn/finalpage/2026-03-31/1225061907.PDF
000631,顺发恒能,2025年年度报告,2026-03-31 00:00:00,1225050607,reports_raw/000631_顺发恒能/2025/1225050607.pdf,https://static.cninfo.com.cn/finalpage/2026-03-31/1225050607.PDF
000655,金岭矿业,2025年年度报告,2026-03-28 00:00:00,1225043776,reports_raw/000655_金岭矿业/2025/1225043776.pdf,https://static.cninfo.com.cn/finalpage/2026-03-28/1225043776.PDF
000670,盈方微,2025年年度报告,2026-03-31 00:00:00,1225052630,reports_raw/000670_盈方微/2025/1225052630.pdf,https://static.cninfo.com.cn/finalpage/2026-03-31/1225052630.PDF
000680,山推股份,2025年年度报告,2026-03-16 00:00:00,1225008978,reports_raw/000680_山推股份/2025/1225008978.pdf,https://static.cninfo.com.cn/finalpage/2026-03-16/1225008978.PDF
000681,视觉中国,2025年年度报告,2026-03-31 00:00:00,1225063093,reports_raw/000681_视觉中国/2025/1225063093.pdf,https://static.cninfo.com.cn/finalpage/2026-03-31/1225063093.PDF
000688,国城矿业,2025年年度报告,2026-03-24 00:00:00,1225025043,reports_raw/000688_国城矿业/2025/1225025043.pdf,https://static.cninfo.com.cn/finalpage/2026-03-24/1225025043.PDF
000691,*ST亚太,2025年年度报告,2026-03-31 00:00:00,1225061125,reports_raw/000691_ST亚太/2025/1225061125.pdf,https://static.cninfo.com.cn/finalpage/2026-03-31/1225061125.PDF
000697,ST炼石,2025年年度报告,2026-03-20 00:00:00,1225019971,reports_raw/000697_ST炼石/2025/1225019971.pdf,https://static.cninfo.com.cn/finalpage/2026-03-20/1225019971.PDF
000698,ST沈化,2025年年度报告,2026-03-28 00:00:00,1225045497,reports_raw/000698_ST沈化/2025/1225045497.pdf,https://static.cninfo.com.cn/finalpage/2026-03-28/1225045497.PDF
000708,中信特钢,2025年年度报告,2026-03-17 00:00:00,1225012401,reports_raw/000708_中信特钢/2025/1225012401.pdf,https://static.cninfo.com.cn/finalpage/2026-03-17/1225012401.PDF
000715,中兴商业,2025年年度报告,2026-03-31 00:00:00,1225060444,reports_raw/000715_中兴商业/2025/1225060444.pdf,https://static.cninfo.com.cn/finalpage/2026-03-31/1225060444.PDF
000738,航发控制,2025年年度报告,2026-03-27 00:00:00,1225036461,reports_raw/000738_航发控制/2025/1225036461.pdf,https://static.cninfo.com.cn/finalpage/2026-03-27/1225036461.PDF
000739,普洛药业,2025年年度报告,2026-03-20 00:00:00,1225019234,reports_raw/000739_普洛药业/2025/1225019234.pdf,https://static.cninfo.com.cn/finalpage/2026-03-20/1225019234.PDF
000750,国海证券,2025年年度报告,2026-03-28 00:00:00,1225045328,reports_raw/000750_国海证券/2025/1225045328.pdf,https://static.cninfo.com.cn/finalpage/2026-03-28/1225045328.PDF
000756,新华制药,2025年年度报告,2026-03-30 00:00:00,1225039856,reports_raw/000756_新华制药/2025/1225039856.pdf,https://static.cninfo.com.cn/finalpage/2026-03-30/1225039856.PDF
000768,中航西飞,2025年年度报告,2026-03-31 00:00:00,1225052459,reports_raw/000768_中航西飞/2025/1225052459.pdf,https://static.cninfo.com.cn/finalpage/2026-03-31/1225052459.PDF
000776,广发证券,2025年年度报告,2026-03-31 00:00:00,1225060422,reports_raw/000776_广发证券/2025/1225060422.pdf,https://static.cninfo.com.cn/finalpage/2026-03-31/1225060422.PDF
000786,北新建材,2025年年度报告,2026-03-26 00:00:00,1225031937,reports_raw/000786_北新建材/2025/1225031937.pdf,https://static.cninfo.com.cn/finalpage/2026-03-26/1225031937.PDF
000789,万年青,2025年年度报告,2026-03-27 00:00:00,1225035202,reports_raw/000789_万年青/2025/1225035202.pdf,https://static.cninfo.com.cn/finalpage/2026-03-27/1225035202.PDF
000790,华神科技,2025年年度报告,2026-03-31 00:00:00,1225061180,reports_raw/000790_华神科技/2025/1225061180.pdf,https://static.cninfo.com.cn/finalpage/2026-03-31/1225061180.PDF
000791,甘肃能源,2025年年度报告,2026-03-28 00:00:00,1225040364,reports_raw/000791_甘肃能源/2025/1225040364.pdf,https://static.cninfo.com.cn/finalpage/2026-03-28/1225040364.PDF
000792,盐湖股份,2025年年度报告,2026-03-31 00:00:00,1225061823,reports_raw/000792_盐湖股份/2025/1225061823.pdf,https://static.cninfo.com.cn/finalpage/2026-03-31/1225061823.PDF
000795,英洛华,2025年年度报告,2026-03-21 00:00:00,1225022548,reports_raw/000795_英洛华/2025/1225022548.pdf,https://static.cninfo.com.cn/finalpage/2026-03-21/1225022548.PDF
000798,中水渔业,2025年年度报告,2026-03-27 00:00:00,1225037901,reports_raw/000798_中水渔业/2025/1225037901.pdf,https://static.cninfo.com.cn/finalpage/2026-03-27/1225037901.PDF
000800,一汽解放,2025年年度报告,2026-03-28 00:00:00,1225044034,reports_raw/000800_一汽解放/2025/1225044034.pdf,https://static.cninfo.com.cn/finalpage/2026-03-28/1225044034.PDF
000807,云铝股份,2025年年度报告,2026-03-28 00:00:00,1225043142,reports_raw/000807_云铝股份/2025/1225043142.pdf,https://static.cninfo.com.cn/finalpage/2026-03-28/1225043142.PDF
000810,创维数字,2025年年度报告,2026-03-28 00:00:00,1225044555,reports_raw/000810_创维数字/2025/1225044555.pdf,https://static.cninfo.com.cn/finalpage/2026-03-28/1225044555.PDF
000822,山东海化,2025年年度报告,2026-03-21 00:00:00,1225022066,reports_raw/000822_山东海化/2025/1225022066.pdf,https://static.cninfo.com.cn/finalpage/2026-03-21/1225022066.PDF
000823,超声电子,2025年年度报告,2026-03-21 00:00:00,1225020573,reports_raw/000823_超声电子/2025/1225020573.pdf,https://static.cninfo.com.cn/finalpage/2026-03-21/1225020573.PDF
000828,东莞控股,2025年年度报告,2026-03-28 00:00:00,1225048487,reports_raw/000828_东莞控股/2025/1225048487.pdf,https://static.cninfo.com.cn/finalpage/2026-03-28/1225048487.PDF
000833,粤桂股份,2025年年度报告,2026-03-31 00:00:00,1225059459,reports_raw/000833_粤桂股份/2025/1225059459.pdf,https://static.cninfo.com.cn/finalpage/2026-03-31/1225059459.PDF
000837,秦川机床,2025年年度报告,2026-03-27 00:00:00,1225038126,reports_raw/000837_秦川机床/2025/1225038126.pdf,https://static.cninfo.com.cn/finalpage/2026-03-27/1225038126.PDF
000856,冀东装备,2025年年度报告,2026-03-26 00:00:00,1225032072,reports_raw/000856_冀东装备/2025/1225032072.pdf,https://static.cninfo.com.cn/finalpage/2026-03-26/1225032072.PDF
000862,银星能源,2025年年度报告,2026-03-26 00:00:00,1225031039,reports_raw/000862_银星能源/2025/1225031039.pdf,https://static.cninfo.com.cn/finalpage/2026-03-26/1225031039.PDF
000868,安凯客车,2025年年度报告,2026-03-31 00:00:00,1225052530,reports_raw/000868_安凯客车/2025/1225052530.pdf,https://static.cninfo.com.cn/finalpage/2026-03-31/1225052530.PDF
000877,天山股份,2025年年度报告,2026-03-31 00:00:00,1225064166,reports_raw/000877_天山股份/2025/1225064166.pdf,https://static.cninfo.com.cn/finalpage/2026-03-31/1225064166.PDF
000878,云南铜业,2025年年度报告,2026-03-27 00:00:00,1225037769,reports_raw/000878_云南铜业/2025/1225037769.pdf,https://static.cninfo.com.cn/finalpage/2026-03-27/1225037769.PDF
000880,潍柴重机,2025年年度报告,2026-03-27 00:00:00,1225035293,reports_raw/000880_潍柴重机/2025/1225035293.pdf,https://static.cninfo.com.cn/finalpage/2026-03-27/1225035293.PDF
000895,双汇发展,2025年年度报告,2026-03-25 00:00:00,1225028113,reports_raw/000895_双汇发展/2025/1225028113.pdf,https://static.cninfo.com.cn/finalpage/2026-03-25/1225028113.PDF
000898,鞍钢股份,2025年年度报告,2026-03-31 00:00:00,1225061438,reports_raw/000898_鞍钢股份/2025/1225061438.pdf,https://static.cninfo.com.cn/finalpage/2026-03-31/1225061438.PDF
000905,厦门港务,2025年年度报告,2026-03-14 00:00:00,1225009571,reports_raw/000905_厦门港务/2025/1225009571.pdf,https://static.cninfo.com.cn/finalpage/2026-03-14/1225009571.PDF
000909,ST数源,2025年年度报告,2026-03-31 00:00:00,1225063767,reports_raw/000909_ST数源/2025/1225063767.pdf,https://static.cninfo.com.cn/finalpage/2026-03-31/1225063767.PDF
000910,大亚圣象,2025年年度报告,2026-03-31 00:00:00,1225055374,reports_raw/000910_大亚圣象/2025/1225055374.pdf,https://static.cninfo.com.cn/finalpage/2026-03-31/1225055374.PDF
000912,泸天化,2025年年度报告,2026-03-16 00:00:00,1225009797,reports_raw/000912_泸天化/2025/1225009797.pdf,https://static.cninfo.com.cn/finalpage/2026-03-16/1225009797.pdf
000919,金陵药业,2025年年度报告,2026-03-31 00:00:00,1225055577,reports_raw/000919_金陵药业/2025/1225055577.pdf,https://static.cninfo.com.cn/finalpage/2026-03-31/1225055577.PDF
000920,沃顿科技,2025年年度报告,2026-03-25 00:00:00,1225028676,reports_raw/000920_沃顿科技/2025/1225028676.pdf,https://static.cninfo.com.cn/finalpage/2026-03-25/1225028676.PDF
000921,海信家电,2025年年度报告,2026-03-31 00:00:00,1225050277,reports_raw/000921_海信家电/2025/1225050277.pdf,https://static.cninfo.com.cn/finalpage/2026-03-31/1225050277.PDF
000922,佳电股份,2025年年度报告,2026-03-28 00:00:00,1225041663,reports_raw/000922_佳电股份/2025/1225041663.pdf,https://static.cninfo.com.cn/finalpage/2026-03-28/1225041663.PDF
000927,中国铁物,2025年年度报告,2026-03-31 00:00:00,1225053481,reports_raw/000927_中国铁物/2025/1225053481.pdf,https://static.cninfo.com.cn/finalpage/2026-03-31/1225053481.PDF
000932,华菱钢铁,2025年年度报告,2026-03-31 00:00:00,1225061884,reports_raw/000932_华菱钢铁/2025/1225061884.pdf,https://static.cninfo.com.cn/finalpage/2026-03-31/1225061884.PDF
000933,神火股份,2025年年度报告,2026-03-24 00:00:00,1225026188,reports_raw/000933_神火股份/2025/1225026188.pdf,https://static.cninfo.com.cn/finalpage/2026-03-24/1225026188.PDF
000951,中国重汽,2025年年度报告,2026-03-28 00:00:00,1225044074,reports_raw/000951_中国重汽/2025/1225044074.pdf,https://static.cninfo.com.cn/finalpage/2026-03-28/1225044074.PDF
000960,锡业股份,2025年年度报告,2026-03-30 00:00:00,1225043582,reports_raw/000960_锡业股份/2025/1225043582.pdf,https://static.cninfo.com.cn/finalpage/2026-03-30/1225043582.PDF
000962,东方钽业,2025年年度报告,2026-03-31 00:00:00,1225053398,reports_raw/000962_东方钽业/2025/1225053398.pdf,https://static.cninfo.com.cn/finalpage/2026-03-31/1225053398.PDF
000965,天保基建,2025年年度报告,2026-03-27 00:00:00,1225034675,reports_raw/000965_天保基建/2025/1225034675.pdf,https://static.cninfo.com.cn/finalpage/2026-03-27/1225034675.PDF
000969,安泰科技,2025年年度报告,2026-03-31 00:00:00,1225050394,reports_raw/000969_安泰科技/2025/1225050394.pdf,https://static.cninfo.com.cn/finalpage/2026-03-31/1225050394.PDF
000970,中科三环,2025年年度报告,2026-03-28 00:00:00,1225043199,reports_raw/000970_中科三环/2025/1225043199.pdf,https://static.cninfo.com.cn/finalpage/2026-03-28/1225043199.PDF
000973,佛塑科技,2025年年度报告,2026-03-28 00:00:00,1225044595,reports_raw/000973_佛塑科技/2025/1225044595.pdf,https://static.cninfo.com.cn/finalpage/2026-03-28/1225044595.PDF
000988,华工科技,2025年年度报告,2026-03-26 00:00:00,1225031509,reports_raw/000988_华工科技/2025/1225031509.pdf,https://static.cninfo.com.cn/finalpage/2026-03-26/1225031509.PDF
000989,九芝堂,2025年年度报告,2026-03-27 00:00:00,1225034048,reports_raw/000989_九芝堂/2025/1225034048.pdf,https://static.cninfo.com.cn/finalpage/2026-03-27/1225034048.PDF
000993,闽东电力,2025年年度报告,2026-03-31 00:00:00,1225055320,reports_raw/000993_闽东电力/2025/1225055320.pdf,https://static.cninfo.com.cn/finalpage/2026-03-31/1225055320.PDF
000999,华润三九,2025年年度报告,2026-03-21 00:00:00,1225023101,reports_raw/000999_华润三九/2025/1225023101.pdf,https://static.cninfo.com.cn/finalpage/2026-03-21/1225023101.PDF
001207,联科科技,2025年年度报告,2026-03-07 00:00:00,1224999911,reports_raw/001207_联科科技/2025/1224999911.pdf,https://static.cninfo.com.cn/finalpage/2026-03-07/1224999911.PDF
001208,华菱线缆,2025年年度报告,2026-03-30 00:00:00,1225044914,reports_raw/001208_华菱线缆/2025/1225044914.pdf,https://static.cninfo.com.cn/finalpage/2026-03-30/1225044914.pdf
001210,金房能源,2025年年度报告,2026-03-17 00:00:00,1225011702,reports_raw/001210_金房能源/2025/1225011702.pdf,https://static.cninfo.com.cn/finalpage/2026-03-17/1225011702.PDF
001225,和泰机电,2025年年度报告,2026-03-27 00:00:00,1225033836,reports_raw/001225_和泰机电/2025/1225033836.pdf,https://static.cninfo.com.cn/finalpage/2026-03-27/1225033836.PDF
001234,泰慕士,2025年年度报告,2026-03-28 00:00:00,1225039779,reports_raw/001234_泰慕士/2025/1225039779.pdf,https://static.cninfo.com.cn/finalpage/2026-03-28/1225039779.PDF
001239,永达股份,2025年年度报告,2026-03-27 00:00:00,1225038557,reports_raw/001239_永达股份/2025/1225038557.pdf,https://static.cninfo.com.cn/finalpage/2026-03-27/1225038557.pdf
001277,速达股份,2025年年度报告,2026-03-31 00:00:00,1225053429,reports_raw/001277_速达股份/2025/1225053429.pdf,https://static.cninfo.com.cn/finalpage/2026-03-31/1225053429.PDF
001298,好上好,2025年年度报告,2026-03-13 00:00:00,1225007048,reports_raw/001298_好上好/2025/1225007048.pdf,https://static.cninfo.com.cn/finalpage/2026-03-13/1225007048.PDF
001299,美能能源,2025年年度报告,2026-03-31 00:00:00,1225060630,reports_raw/001299_美能能源/2025/1225060630.pdf,https://static.cninfo.com.cn/finalpage/2026-03-31/1225060630.PDF
001358,兴欣新材,2025年年度报告,2026-03-31 00:00:00,1225052488,reports_raw/001358_兴欣新材/2025/1225052488.pdf,https://static.cninfo.com.cn/finalpage/2026-03-31/1225052488.PDF
001367,海森药业,2025年年度报告,2026-03-26 00:00:00,1225030930,reports_raw/001367_海森药业/2025/1225030930.pdf,https://static.cninfo.com.cn/finalpage/2026-03-26/1225030930.PDF
001368,通达创智,2025年年度报告,2026-03-27 00:00:00,1225035922,reports_raw/001368_通达创智/2025/1225035922.pdf,https://static.cninfo.com.cn/finalpage/2026-03-27/1225035922.PDF
001389,广合科技,2025年年度报告,2026-03-28 00:00:00,1225044663,reports_raw/001389_广合科技/2025/1225044663.pdf,https://static.cninfo.com.cn/finalpage/2026-03-28/1225044663.PDF
001896,豫能控股,2025年年度报告,2026-03-31 00:00:00,1225055722,reports_raw/001896_豫能控股/2025/1225055722.pdf,https://static.cninfo.com.cn/finalpage/2026-03-31/1225055722.PDF
001914,招商积余,2025年年度报告,2026-03-14 00:00:00,1225009475,reports_raw/001914_招商积余/2025/1225009475.pdf,https://static.cninfo.com.cn/finalpage/2026-03-14/1225009475.PDF
001979,招商蛇口,2025年年度报告,2026-03-17 00:00:00,1225012651,reports_raw/001979_招商蛇口/2025/1225012651.pdf,https://static.cninfo.com.cn/finalpage/2026-03-17/1225012651.PDF
002007,华兰生物,2025年年度报告,2026-03-28 00:00:00,1225041704,reports_raw/002007_华兰生物/2025/1225041704.pdf,https://static.cninfo.com.cn/finalpage/2026-03-28/1225041704.PDF
002012,凯恩股份,2025年年度报告,2026-03-26 00:00:00,1225032136,reports_raw/002012_凯恩股份/2025/1225032136.pdf,https://static.cninfo.com.cn/finalpage/2026-03-26/1225032136.PDF
002024,ST易购,2025年年度报告,2026-03-31 00:00:00,1225064473,reports_raw/002024_ST易购/2025/1225064473.pdf,https://static.cninfo.com.cn/finalpage/2026-03-31/1225064473.PDF
002025,航天电器,2025年年度报告,2026-03-31 00:00:00,1225054265,reports_raw/002025_航天电器/2025/1225054265.pdf,https://static.cninfo.com.cn/finalpage/2026-03-31/1225054265.PDF
002033,丽江股份,2025年年度报告,2026-03-24 00:00:00,1225026384,reports_raw/002033_丽江股份/2025/1225026384.pdf,https://static.cninfo.com.cn/finalpage/2026-03-24/1225026384.PDF
002047,*ST宝鹰,2025年年度报告,2026-03-31 00:00:00,1225062511,reports_raw/002047_ST宝鹰/2025/1225062511.pdf,https://static.cninfo.com.cn/finalpage/2026-03-31/1225062511.PDF
002050,三花智控,2025年年度报告,2026-03-24 00:00:00,1225026522,reports_raw/002050_三花智控/2025/1225026522.pdf,https://static.cninfo.com.cn/finalpage/2026-03-24/1225026522.PDF
002052,同洲电子,2025年年度报告,2026-03-31 00:00:00,1225059144,reports_raw/002052_同洲电子/2025/1225059144.pdf,https://static.cninfo.com.cn/finalpage/2026-03-31/1225059144.PDF
002053,云南能投,2025年年度报告,2026-03-27 00:00:00,1225033291,reports_raw/002053_云南能投/2025/1225033291.pdf,https://static.cninfo.com.cn/finalpage/2026-03-27/1225033291.PDF
002054,德美化工,2025年年度报告,2026-03-31 00:00:00,1225060693,reports_raw/002054_德美化工/2025/1225060693.pdf,https://static.cninfo.com.cn/finalpage/2026-03-31/1225060693.PDF
002056,横店东磁,2025年年度报告,2026-03-28 00:00:00,1225044458,reports_raw/002056_横店东磁/2025/1225044458.pdf,https://static.cninfo.com.cn/finalpage/2026-03-28/1225044458.PDF
002059,云南旅游,2025年年度报告,2026-03-31 00:00:00,1225057358,reports_raw/002059_云南旅游/2025/1225057358.pdf,https://static.cninfo.com.cn/finalpage/2026-03-31/1225057358.PDF
002064,华峰化学,2025年年度报告,2026-03-28 00:00:00,1225042070,reports_raw/002064_华峰化学/2025/1225042070.pdf,https://static.cninfo.com.cn/finalpage/2026-03-28/1225042070.PDF
002068,黑猫股份,2025年年度报告,2026-03-31 00:00:00,1225061798,reports_raw/002068_黑猫股份/2025/1225061798.pdf,https://static.cninfo.com.cn/finalpage/2026-03-31/1225061798.PDF
002080,中材科技,2025年年度报告,2026-03-20 00:00:00,1225018612,reports_raw/002080_中材科技/2025/1225018612.pdf,https://static.cninfo.com.cn/finalpage/2026-03-20/1225018612.PDF
002092,中泰化学,2025年年度报告,2026-03-26 00:00:00,1225032750,reports_raw/002092_中泰化学/2025/1225032750.pdf,https://static.cninfo.com.cn/finalpage/2026-03-26/1225032750.PDF
002096,易普力,2025年年度报告,2026-03-28 00:00:00,1225044142,reports_raw/002096_易普力/2025/1225044142.pdf,https://static.cninfo.com.cn/finalpage/2026-03-28/1225044142.PDF
002106,莱宝高科,2025年年度报告,2026-03-31 00:00:00,1225056029,reports_raw/002106_莱宝高科/2025/1225056029.pdf,https://static.cninfo.com.cn/finalpage/2026-03-31/1225056029.PDF
002117,东港股份,2025年年度报告,2026-03-31 00:00:00,1225052661,reports_raw/002117_东港股份/2025/1225052661.pdf,https://static.cninfo.com.cn/finalpage/2026-03-31/1225052661.PDF
002119,康强电子,2025年年度报告,2026-03-31 00:00:00,1225052706,reports_raw/002119_康强电子/2025/1225052706.pdf,https://static.cninfo.com.cn/finalpage/2026-03-31/1225052706.PDF
002121,科陆电子,2025年年度报告,2026-03-21 00:00:00,1225023265,reports_raw/002121_科陆电子/2025/1225023265.pdf,https://static.cninfo.com.cn/finalpage/2026-03-21/1225023265.PDF
002129,TCL中环,2025年年度报告,2026-03-25 00:00:00,1225029362,reports_raw/002129_TCL中环/2025/1225029362.pdf,https://static.cninfo.com.cn/finalpage/2026-03-25/1225029362.PDF
002134,天津普林,2025年年度报告,2026-03-27 00:00:00,1225034834,reports_raw/002134_天津普林/2025/1225034834.pdf,https://static.cninfo.com.cn/finalpage/2026-03-27/1225034834.PDF
002136,安 纳 达,2025年年度报告,2026-03-25 00:00:00,1225027923,reports_raw/002136_安_纳_达/2025/1225027923.pdf,https://static.cninfo.com.cn/finalpage/2026-03-25/1225027923.PDF
002140,东华科技,2025年年度报告,2026-03-31 00:00:00,1225050576,reports_raw/002140_东华科技/2025/1225050576.pdf,https://static.cninfo.com.cn/finalpage/2026-03-31/1225050576.PDF
002151,北斗星通,2025年年度报告,2026-03-26 00:00:00,1225030960,reports_raw/002151_北斗星通/2025/1225030960.pdf,https://static.cninfo.com.cn/finalpage/2026-03-26/1225030960.PDF
002152,广电运通,2025年年度报告,2026-03-28 00:00:00,1225043413,reports_raw/002152_广电运通/2025/1225043413.pdf,https://static.cninfo.com.cn/finalpage/2026-03-28/1225043413.PDF
002153,石基信息,2025年年度报告,2026-03-26 00:00:00,1225032378,reports_raw/002153_石基信息/2025/1225032378.pdf,https://static.cninfo.com.cn/finalpage/2026-03-26/1225032378.PDF
002162,悦心健康,2025年年度报告,2026-03-31 00:00:00,1225051642,reports_raw/002162_悦心健康/2025/1225051642.pdf,https://static.cninfo.com.cn/finalpage/2026-03-31/1225051642.PDF
002166,莱茵生物,2025年年度报告,2026-03-31 00:00:00,1225057507,reports_raw/002166_莱茵生物/2025/1225057507.pdf,https://static.cninfo.com.cn/finalpage/2026-03-31/1225057507.PDF
002168,*ST惠程,2025年年度报告,2026-03-31 00:00:00,1225061218,reports_raw/002168_ST惠程/2025/1225061218.pdf,https://static.cninfo.com.cn/finalpage/2026-03-31/1225061218.PDF
002172,澳洋健康,2025年年度报告,2026-03-31 00:00:00,1225057440,reports_raw/002172_澳洋健康/2025/1225057440.pdf,https://static.cninfo.com.cn/finalpage/2026-03-31/1225057440.PDF
002179,中航光电,2025年年度报告,2026-03-28 00:00:00,1225044952,reports_raw/002179_中航光电/2025/1225044952.pdf,https://static.cninfo.com.cn/finalpage/2026-03-28/1225044952.PDF
002185,华天科技,2025年年度报告,2026-03-31 00:00:00,1225059982,reports_raw/002185_华天科技/2025/1225059982.pdf,https://static.cninfo.com.cn/finalpage/2026-03-31/1225059982.PDF
002187,广百股份,2025年年度报告,2026-03-28 00:00:00,1225042102,reports_raw/002187_广百股份/2025/1225042102.pdf,https://static.cninfo.com.cn/finalpage/2026-03-28/1225042102.PDF
002190,成飞集成,2025年年度报告,2026-03-14 00:00:00,1225009102,reports_raw/002190_成飞集成/2025/1225009102.pdf,https://static.cninfo.com.cn/finalpage/2026-03-14/1225009102.PDF
002192,融捷股份,2025年年度报告,2026-03-24 00:00:00,1225025147,reports_raw/002192_融捷股份/2025/1225025147.pdf,https://static.cninfo.com.cn/finalpage/2026-03-24/1225025147.PDF
002200,*ST交投,2025年年度报告,2026-03-28 00:00:00,1225045299,reports_raw/002200_ST交投/2025/1225045299.pdf,https://static.cninfo.com.cn/finalpage/2026-03-28/1225045299.PDF
002202,金风科技,2025年年度报告,2026-03-28 00:00:00,1225043613,reports_raw/002202_金风科技/2025/1225043613.pdf,https://static.cninfo.com.cn/finalpage/2026-03-28/1225043613.PDF
002214,*ST大立,2025年年度报告,2026-03-27 00:00:00,1225037595,reports_raw/002214_ST大立/2025/1225037595.pdf,https://static.cninfo.com.cn/finalpage/2026-03-27/1225037595.PDF
002232,启明信息,2025年年度报告,2026-03-28 00:00:00,1225044432,reports_raw/002232_启明信息/2025/1225044432.pdf,https://static.cninfo.com.cn/finalpage/2026-03-28/1225044432.PDF
002233,塔牌集团,2025年年度报告,2026-03-19 00:00:00,1225017027,reports_raw/002233_塔牌集团/2025/1225017027.pdf,https://static.cninfo.com.cn/finalpage/2026-03-19/1225017027.PDF
002234,民和股份,2025年年度报告,2026-03-28 00:00:00,1225041371,reports_raw/002234_民和股份/2025/1225041371.pdf,https://static.cninfo.com.cn/finalpage/2026-03-28/1225041371.PDF
002237,恒邦股份,2025年年度报告,2026-03-25 00:00:00,1225028442,reports_raw/002237_恒邦股份/2025/1225028442.pdf,https://static.cninfo.com.cn/finalpage/2026-03-25/1225028442.PDF
002240,盛新锂能,2025年年度报告,2026-03-28 00:00:00,1225044105,reports_raw/002240_盛新锂能/2025/1225044105.pdf,https://static.cninfo.com.cn/finalpage/2026-03-28/1225044105.PDF
002242,九阳股份,2025年年度报告,2026-03-27 00:00:00,1225036494,reports_raw/002242_九阳股份/2025/1225036494.pdf,https://static.cninfo.com.cn/finalpage/2026-03-27/1225036494.PDF
002243,力合科创,2025年年度报告,2026-03-27 00:00:00,1225033985,reports_raw/002243_力合科创/2025/1225033985.pdf,https://static.cninfo.com.cn/finalpage/2026-03-27/1225033985.PDF
002249,大洋电机,2025年年度报告,2026-03-24 00:00:00,1225026551,reports_raw/002249_大洋电机/2025/1225026551.pdf,https://static.cninfo.com.cn/finalpage/2026-03-24/1225026551.PDF
002252,上海莱士,2025年年度报告,2026-03-27 00:00:00,1225037350,reports_raw/002252_上海莱士/2025/1225037350.pdf,https://static.cninfo.com.cn/finalpage/2026-03-27/1225037350.PDF
002255,海陆重工,2025年年度报告,2026-03-28 00:00:00,1225043064,reports_raw/002255_海陆重工/2025/1225043064.pdf,https://static.cninfo.com.cn/finalpage/2026-03-28/1225043064.PDF
002258,利尔化学,2025年年度报告,2026-03-28 00:00:00,1225039540,reports_raw/002258_利尔化学/2025/1225039540.pdf,https://static.cninfo.com.cn/finalpage/2026-03-28/1225039540.PDF
002282,博深股份,2025年年度报告,2026-03-17 00:00:00,1225012609,reports_raw/002282_博深股份/2025/1225012609.pdf,https://static.cninfo.com.cn/finalpage/2026-03-17/1225012609.PDF
002283,天润工业,2025年年度报告,2026-03-31 00:00:00,1225050798,reports_raw/002283_天润工业/2025/1225050798.pdf,https://static.cninfo.com.cn/finalpage/2026-03-31/1225050798.PDF
002284,亚太股份,2025年年度报告,2026-03-31 00:00:00,1225053925,reports_raw/002284_亚太股份/2025/1225053925.pdf,https://static.cninfo.com.cn/finalpage/2026-03-31/1225053925.PDF
002290,禾盛新材,2025年年度报告,2026-03-27 00:00:00,1225037956,reports_raw/002290_禾盛新材/2025/1225037956.pdf,https://static.cninfo.com.cn/finalpage/2026-03-27/1225037956.PDF
002315,焦点科技,2025年年度报告,2026-03-20 00:00:00,1225018374,reports_raw/002315_焦点科技/2025/1225018374.pdf,https://static.cninfo.com.cn/finalpage/2026-03-20/1225018374.PDF
002316,亚联发展,2025年年度报告,2026-03-11 00:00:00,1225003661,reports_raw/002316_亚联发展/2025/1225003661.pdf,https://static.cninfo.com.cn/finalpage/2026-03-11/1225003661.PDF
002320,海峡股份,2025年年度报告,2026-03-31 00:00:00,1225061853,reports_raw/002320_海峡股份/2025/1225061853.pdf,https://static.cninfo.com.cn/finalpage/2026-03-31/1225061853.PDF
002322,理工能科,2025年年度报告,2026-03-31 00:00:00,1225054909,reports_raw/002322_理工能科/2025/1225054909.pdf,https://static.cninfo.com.cn/finalpage/2026-03-31/1225054909.PDF
002334,英威腾,2025年年度报告,2026-03-31 00:00:00,1225061248,reports_raw/002334_英威腾/2025/1225061248.pdf,https://static.cninfo.com.cn/finalpage/2026-03-31/1225061248.PDF
002345,潮宏基,2025年年度报告,2026-03-28 00:00:00,1225044874,reports_raw/002345_潮宏基/2025/1225044874.pdf,https://static.cninfo.com.cn/finalpage/2026-03-28/1225044874.PDF
002351,漫步者,2025年年度报告,2026-03-28 00:00:00,1225042648,reports_raw/002351_漫步者/2025/1225042648.pdf,https://static.cninfo.com.cn/finalpage/2026-03-28/1225042648.PDF
002352,顺丰控股,2025年年度报告,2026-03-31 00:00:00,1225057387,reports_raw/002352_顺丰控股/2025/1225057387.pdf,https://static.cninfo.com.cn/finalpage/2026-03-31/1225057387.PDF
002362,汉王科技,2025年年度报告,2026-03-28 00:00:00,1225045555,reports_raw/002362_汉王科技/2025/1225045555.pdf,https://static.cninfo.com.cn/finalpage/2026-03-28/1225045555.PDF
002367,康力电梯,2025年年度报告,2026-03-27 00:00:00,1225033762,reports_raw/002367_康力电梯/2025/1225033762.pdf,https://static.cninfo.com.cn/finalpage/2026-03-27/1225033762.PDF
002379,宏桥控股,2025年年度报告,2026-03-21 00:00:00,1225021359,reports_raw/002379_宏桥控股/2025/1225021359.pdf,https://static.cninfo.com.cn/finalpage/2026-03-21/1225021359.PDF
002386,天原股份,2025年年度报告,2026-03-27 00:00:00,1225033568,reports_raw/002386_天原股份/2025/1225033568.pdf,https://static.cninfo.com.cn/finalpage/2026-03-27/1225033568.PDF
002389,航天彩虹,2025年年度报告,2026-03-27 00:00:00,1225036384,reports_raw/002389_航天彩虹/2025/1225036384.pdf,https://static.cninfo.com.cn/finalpage/2026-03-27/1225036384.PDF
002393,力生制药,2025年年度报告,2026-03-25 00:00:00,1225028969,reports_raw/002393_力生制药/2025/1225028969.pdf,https://static.cninfo.com.cn/finalpage/2026-03-25/1225028969.PDF
002396,星网锐捷,2025年年度报告,2026-03-28 00:00:00,1225044636,reports_raw/002396_星网锐捷/2025/1225044636.pdf,https://static.cninfo.com.cn/finalpage/2026-03-28/1225044636.PDF
002399,海普瑞,2025年年度报告,2026-03-31 00:00:00,1225062147,reports_raw/002399_海普瑞/2025/1225062147.pdf,https://static.cninfo.com.cn/finalpage/2026-03-31/1225062147.PDF
002400,省广集团,2025年年度报告,2026-03-31 00:00:00,1225052681,reports_raw/002400_省广集团/2025/1225052681.pdf,https://static.cninfo.com.cn/finalpage/2026-03-31/1225052681.PDF
002401,中远海科,2025年年度报告,2026-03-28 00:00:00,1225040459,reports_raw/002401_中远海科/2025/1225040459.pdf,https://static.cninfo.com.cn/finalpage/2026-03-28/1225040459.PDF
002404,嘉欣丝绸,2025年年度报告,2026-03-31 00:00:00,1225053499,reports_raw/002404_嘉欣丝绸/2025/1225053499.pdf,https://static.cninfo.com.cn/finalpage/2026-03-31/1225053499.PDF
002406,远东传动,2025年年度报告,2026-03-28 00:00:00,1225042803,reports_raw/002406_远东传动/2025/1225042803.pdf,https://static.cninfo.com.cn/finalpage/2026-03-28/1225042803.PDF
002410,广联达,2025年年度报告,2026-03-24 00:00:00,1225024978,reports_raw/002410_广联达/2025/1225024978.pdf,https://static.cninfo.com.cn/finalpage/2026-03-24/1225024978.PDF
002419,天虹股份,2025年年度报告,2026-03-13 00:00:00,1225006983,reports_raw/002419_天虹股份/2025/1225006983.pdf,https://static.cninfo.com.cn/finalpage/2026-03-13/1225006983.PDF
002451,摩恩电气,2025年年度报告,2026-03-30 00:00:00,1225041087,reports_raw/002451_摩恩电气/2025/1225041087.pdf,https://static.cninfo.com.cn/finalpage/2026-03-30/1225041087.PDF
002454,松芝股份,2025年年度报告,2026-03-31 00:00:00,1225057468,reports_raw/002454_松芝股份/2025/1225057468.pdf,https://static.cninfo.com.cn/finalpage/2026-03-31/1225057468.PDF
002458,益生股份,2025年年度报告,2026-03-26 00:00:00,1225030034,reports_raw/002458_益生股份/2025/1225030034.pdf,https://static.cninfo.com.cn/finalpage/2026-03-26/1225030034.PDF
002460,赣锋锂业,2025年年度报告,2026-03-31 00:00:00,1225059953,reports_raw/002460_赣锋锂业/2025/1225059953.pdf,https://static.cninfo.com.cn/finalpage/2026-03-31/1225059953.PDF
002461,珠江啤酒,2025年年度报告,2026-03-28 00:00:00,1225043557,reports_raw/002461_珠江啤酒/2025/1225043557.pdf,https://static.cninfo.com.cn/finalpage/2026-03-28/1225043557.PDF
002462,嘉事堂,2025年年度报告,2026-03-14 00:00:00,1225009662,reports_raw/002462_嘉事堂/2025/1225009662.pdf,https://static.cninfo.com.cn/finalpage/2026-03-14/1225009662.PDF
002463,沪电股份,2025年年度报告,2026-03-25 00:00:00,1225027832,reports_raw/002463_沪电股份/2025/1225027832.pdf,https://static.cninfo.com.cn/finalpage/2026-03-25/1225027832.PDF
002465,海格通信,2025年年度报告,2026-03-28 00:00:00,1225044009,reports_raw/002465_海格通信/2025/1225044009.pdf,https://static.cninfo.com.cn/finalpage/2026-03-28/1225044009.PDF
002466,天齐锂业,2025年年度报告,2026-03-28 00:00:00,1225044817,reports_raw/002466_天齐锂业/2025/1225044817.pdf,https://static.cninfo.com.cn/finalpage/2026-03-28/1225044817.PDF
002471,中超控股,2025年年度报告,2026-03-31 00:00:00,1225050929,reports_raw/002471_中超控股/2025/1225050929.pdf,https://static.cninfo.com.cn/finalpage/2026-03-31/1225050929.PDF
002507,涪陵榨菜,2025年年度报告,2026-03-28 00:00:00,1225042838,reports_raw/002507_涪陵榨菜/2025/1225042838.pdf,https://static.cninfo.com.cn/finalpage/2026-03-28/1225042838.PDF
002516,旷达科技,2025年年度报告,2026-03-28 00:00:00,1225042678,reports_raw/002516_旷达科技/2025/1225042678.pdf,https://static.cninfo.com.cn/finalpage/2026-03-28/1225042678.PDF
002530,金财互联,2025年年度报告,2026-03-24 00:00:00,1225024284,reports_raw/002530_金财互联/2025/1225024284.pdf,https://static.cninfo.com.cn/finalpage/2026-03-24/1225024284.PDF
002531,天顺风能,2025年年度报告,2026-03-31 00:00:00,1225053622,reports_raw/002531_天顺风能/2025/1225053622.pdf,https://static.cninfo.com.cn/finalpage/2026-03-31/1225053622.PDF
002532,天山铝业,2025年年度报告,2026-03-30 00:00:00,1225041399,reports_raw/002532_天山铝业/2025/1225041399.pdf,https://static.cninfo.com.cn/finalpage/2026-03-30/1225041399.PDF
002533,金杯电工,2025年年度报告,2026-03-31 00:00:00,1225060731,reports_raw/002533_金杯电工/2025/1225060731.pdf,https://static.cninfo.com.cn/finalpage/2026-03-31/1225060731.PDF
002536,飞龙股份,2025年年度报告,2026-03-20 00:00:00,1225017484,reports_raw/002536_飞龙股份/2025/1225017484.pdf,https://static.cninfo.com.cn/finalpage/2026-03-20/1225017484.PDF
002546,新联电子,2025年年度报告,2026-03-25 00:00:00,1225028361,reports_raw/002546_新联电子/2025/1225028361.pdf,https://static.cninfo.com.cn/finalpage/2026-03-25/1225028361.PDF
002552,宝鼎科技,2025年年度报告,2026-03-21 00:00:00,1225021297,reports_raw/002552_宝鼎科技/2025/1225021297.pdf,https://static.cninfo.com.cn/finalpage/2026-03-21/1225021297.PDF
002560,通达股份,2025年年度报告,2026-03-31 00:00:00,1225059582,reports_raw/002560_通达股份/2025/1225059582.pdf,https://static.cninfo.com.cn/finalpage/2026-03-31/1225059582.PDF
002561,徐家汇,2025年年度报告,2026-03-28 00:00:00,1225041738,reports_raw/002561_徐家汇/2025/1225041738.pdf,https://static.cninfo.com.cn/finalpage/2026-03-28/1225041738.PDF
002563,森马服饰,2025年年度报告,2026-03-31 00:00:00,1225053655,reports_raw/002563_森马服饰/2025/1225053655.pdf,https://static.cninfo.com.cn/finalpage/2026-03-31/1225053655.PDF
002564,天沃科技,2025年年度报告,2026-03-26 00:00:00,1225031616,reports_raw/002564_天沃科技/2025/1225031616.pdf,https://static.cninfo.com.cn/finalpage/2026-03-26/1225031616.PDF
002576,通达动力,2025年年度报告,2026-03-31 00:00:00,1225055646,reports_raw/002576_通达动力/2025/1225055646.pdf,https://static.cninfo.com.cn/finalpage/2026-03-31/1225055646.PDF
002592,ST八菱,2025年年度报告,2026-03-28 00:00:00,1225045530,reports_raw/002592_ST八菱/2025/1225045530.pdf,https://static.cninfo.com.cn/finalpage/2026-03-28/1225045530.pdf
002594,比亚迪,2025年年度报告,2026-03-28 00:00:00,1225045351,reports_raw/002594_比亚迪/2025/1225045351.pdf,https://static.cninfo.com.cn/finalpage/2026-03-28/1225045351.PDF
002595,豪迈科技,2025年年度报告,2026-03-31 00:00:00,1225056602,reports_raw/002595_豪迈科技/2025/1225056602.pdf,https://static.cninfo.com.cn/finalpage/2026-03-31/1225056602.PDF
002600,领益智造,2025年年度报告,2026-03-28 00:00:00,1225043467,reports_raw/002600_领益智造/2025/1225043467.pdf,https://static.cninfo.com.cn/finalpage/2026-03-28/1225043467.PDF
002611,东方精工,2025年年度报告,2026-03-24 00:00:00,1225026136,reports_raw/002611_东方精工/2025/1225026136.pdf,https://static.cninfo.com.cn/finalpage/2026-03-24/1225026136.PDF
002616,长青集团,2025年年度报告,2026-03-31 00:00:00,1225057419,reports_raw/002616_长青集团/2025/1225057419.pdf,https://static.cninfo.com.cn/finalpage/2026-03-31/1225057419.PDF
002632,道明光学,2025年年度报告,2026-03-31 00:00:00,1225054643,reports_raw/002632_道明光学/2025/1225054643.pdf,https://static.cninfo.com.cn/finalpage/2026-03-31/1225054643.PDF
002633,申科股份,2025年年度报告,2026-03-31 00:00:00,1225061537,reports_raw/002633_申科股份/2025/1225061537.pdf,https://static.cninfo.com.cn/finalpage/2026-03-31/1225061537.PDF
002635,安洁科技,2025年年度报告,2026-03-28 00:00:00,1225044988,reports_raw/002635_安洁科技/2025/1225044988.pdf,https://static.cninfo.com.cn/finalpage/2026-03-28/1225044988.PDF
002640,跨境通,2025年年度报告,2026-03-31 00:00:00,1225051508,reports_raw/002640_跨境通/2025/1225051508.pdf,https://static.cninfo.com.cn/finalpage/2026-03-31/1225051508.PDF
002642,荣联科技,2025年年度报告,2026-03-28 00:00:00,1225043883,reports_raw/002642_荣联科技/2025/1225043883.pdf,https://static.cninfo.com.cn/finalpage/2026-03-28/1225043883.PDF
002648,卫星化学,2025年年度报告,2026-03-24 00:00:00,1225026053,reports_raw/002648_卫星化学/2025/1225026053.pdf,https://static.cninfo.com.cn/finalpage/2026-03-24/1225026053.PDF
002658,雪迪龙,2025年年度报告,2026-03-27 00:00:00,1225036117,reports_raw/002658_雪迪龙/2025/1225036117.pdf,https://static.cninfo.com.cn/finalpage/2026-03-27/1225036117.PDF
002662,峰璟股份,2025年年度报告,2026-03-28 00:00:00,1225040409,reports_raw/002662_峰璟股份/2025/1225040409.pdf,https://static.cninfo.com.cn/finalpage/2026-03-28/1225040409.PDF
002668,TCL智家,2025年年度报告,2026-03-11 00:00:00,1225004114,reports_raw/002668_TCL智家/2025/1225004114.pdf,https://static.cninfo.com.cn/finalpage/2026-03-11/1225004114.PDF
002672,东江环保,2025年年度报告,2026-03-28 00:00:00,1225042585,reports_raw/002672_东江环保/2025/1225042585.pdf,https://static.cninfo.com.cn/finalpage/2026-03-28/1225042585.PDF
002675,东诚药业,2025年年度报告,2026-03-26 00:00:00,1225032039,reports_raw/002675_东诚药业/2025/1225032039.pdf,https://static.cninfo.com.cn/finalpage/2026-03-26/1225032039.PDF
002678,珠江钢琴,2025年年度报告,2026-03-31 00:00:00,1225057597,reports_raw/002678_珠江钢琴/2025/1225057597.pdf,https://static.cninfo.com.cn/finalpage/2026-03-31/1225057597.PDF
002683,广东宏大,2025年年度报告,2026-03-27 00:00:00,1225034262,reports_raw/002683_广东宏大/2025/1225034262.pdf,https://static.cninfo.com.cn/finalpage/2026-03-27/1225034262.PDF
002690,美亚光电,2025年年度报告,2026-03-31 00:00:00,1225055340,reports_raw/002690_美亚光电/2025/1225055340.pdf,https://static.cninfo.com.cn/finalpage/2026-03-31/1225055340.PDF
002703,浙江世宝,2025年年度报告,2026-03-31 00:00:00,1225050367,reports_raw/002703_浙江世宝/2025/1225050367.pdf,https://static.cninfo.com.cn/finalpage/2026-03-31/1225050367.PDF
002709,天赐材料,2025年年度报告,2026-03-10 00:00:00,1225002090,reports_raw/002709_天赐材料/2025/1225002090.pdf,https://static.cninfo.com.cn/finalpage/2026-03-10/1225002090.PDF
002714,牧原股份,2025年年度报告,2026-03-28 00:00:00,1225042507,reports_raw/002714_牧原股份/2025/1225042507.pdf,https://static.cninfo.com.cn/finalpage/2026-03-28/1225042507.PDF
002715,登云股份,2025年年度报告,2026-03-31 00:00:00,1225051556,reports_raw/002715_登云股份/2025/1225051556.pdf,https://static.cninfo.com.cn/finalpage/2026-03-31/1225051556.PDF
002718,友邦吊顶,2025年年度报告,2026-03-31 00:00:00,1225063529,reports_raw/002718_友邦吊顶/2025/1225063529.pdf,https://static.cninfo.com.cn/finalpage/2026-03-31/1225063529.pdf
002728,特一药业,2025年年度报告,2026-03-24 00:00:00,1225026159,reports_raw/002728_特一药业/2025/1225026159.pdf,https://static.cninfo.com.cn/finalpage/2026-03-24/1225026159.PDF
002732,燕塘乳业,2025年年度报告,2026-03-31 00:00:00,1225060666,reports_raw/002732_燕塘乳业/2025/1225060666.pdf,https://static.cninfo.com.cn/finalpage/2026-03-31/1225060666.PDF
002741,光华科技,2025年年度报告,2026-03-31 00:00:00,1225056631,reports_raw/002741_光华科技/2025/1225056631.pdf,https://static.cninfo.com.cn/finalpage/2026-03-31/1225056631.PDF
002742,*ST三圣,2025年年度报告,2026-03-31 00:00:00,1225057323,reports_raw/002742_ST三圣/2025/1225057323.pdf,https://static.cninfo.com.cn/finalpage/2026-03-31/1225057323.PDF
002747,埃斯顿,2025年年度报告,2026-03-31 00:00:00,1225059898,reports_raw/002747_埃斯顿/2025/1225059898.pdf,https://static.cninfo.com.cn/finalpage/2026-03-31/1225059898.PDF
002752,昇兴股份,2025年年度报告,2026-03-18 00:00:00,1225014099,reports_raw/002752_昇兴股份/2025/1225014099.pdf,https://static.cninfo.com.cn/finalpage/2026-03-18/1225014099.PDF
002765,蓝黛科技,2025年年度报告,2026-03-30 00:00:00,1225045182,reports_raw/002765_蓝黛科技/2025/1225045182.pdf,https://static.cninfo.com.cn/finalpage/2026-03-30/1225045182.PDF
002766,索菱股份,2025年年度报告,2026-03-24 00:00:00,1225025682,reports_raw/002766_索菱股份/2025/1225025682.pdf,https://static.cninfo.com.cn/finalpage/2026-03-24/1225025682.PDF
002768,国恩股份,2025年年度报告,2026-03-31 00:00:00,1225060051,reports_raw/002768_国恩股份/2025/1225060051.pdf,https://static.cninfo.com.cn/finalpage/2026-03-31/1225060051.PDF
002772,众兴菌业,2025年年度报告,2026-03-21 00:00:00,1225021469,reports_raw/002772_众兴菌业/2025/1225021469.pdf,https://static.cninfo.com.cn/finalpage/2026-03-21/1225021469.PDF
002777,久远银海,2025年年度报告,2026-03-27 00:00:00,1225033338,reports_raw/002777_久远银海/2025/1225033338.pdf,https://static.cninfo.com.cn/finalpage/2026-03-27/1225033338.PDF
002779,中坚科技,2025年年度报告,2026-03-31 00:00:00,1225059871,reports_raw/002779_中坚科技/2025/1225059871.pdf,https://static.cninfo.com.cn/finalpage/2026-03-31/1225059871.PDF
002782,可立克,2025年年度报告,2026-03-27 00:00:00,1225036807,reports_raw/002782_可立克/2025/1225036807.pdf,https://static.cninfo.com.cn/finalpage/2026-03-27/1225036807.PDF
002787,华源控股,2025年年度报告,2026-03-31 00:00:00,1225058552,reports_raw/002787_华源控股/2025/1225058552.pdf,https://static.cninfo.com.cn/finalpage/2026-03-31/1225058552.PDF
002801,微光股份,2025年年度报告,2026-03-27 00:00:00,1225035453,reports_raw/002801_微光股份/2025/1225035453.pdf,https://static.cninfo.com.cn/finalpage/2026-03-27/1225035453.PDF
002813,路畅科技,2025年年度报告,2026-03-27 00:00:00,1225037528,reports_raw/002813_路畅科技/2025/1225037528.pdf,https://static.cninfo.com.cn/finalpage/2026-03-27/1225037528.PDF
002817,黄山胶囊,2025年年度报告,2026-03-21 00:00:00,1225023346,reports_raw/002817_黄山胶囊/2025/1225023346.pdf,https://static.cninfo.com.cn/finalpage/2026-03-21/1225023346.PDF
002818,富森美,2025年年度报告,2026-03-31 00:00:00,1225058141,reports_raw/002818_富森美/2025/1225058141.pdf,https://static.cninfo.com.cn/finalpage/2026-03-31/1225058141.PDF
002821,凯莱英,2025年年度报告,2026-03-31 00:00:00,1225053960,reports_raw/002821_凯莱英/2025/1225053960.pdf,https://static.cninfo.com.cn/finalpage/2026-03-31/1225053960.PDF
002838,道恩股份,2025年年度报告,2026-03-31 00:00:00,1225057556,reports_raw/002838_道恩股份/2025/1225057556.pdf,https://static.cninfo.com.cn/finalpage/2026-03-31/1225057556.PDF
002839,张家港行,2025年年度报告,2026-03-31 00:00:00,1225053454,reports_raw/002839_张家港行/2025/1225053454.pdf,https://static.cninfo.com.cn/finalpage/2026-03-31/1225053454.PDF
002841,视源股份,2025年年度报告,2026-03-25 00:00:00,1225029186,reports_raw/002841_视源股份/2025/1225029186.pdf,https://static.cninfo.com.cn/finalpage/2026-03-25/1225029186.PDF
002850,科达利,2025年年度报告,2026-03-28 00:00:00,1225041059,reports_raw/002850_科达利/2025/1225041059.pdf,https://static.cninfo.com.cn/finalpage/2026-03-28/1225041059.PDF
002852,道道全,2025年年度报告,2026-03-19 00:00:00,1225016286,reports_raw/002852_道道全/2025/1225016286.pdf,https://static.cninfo.com.cn/finalpage/2026-03-19/1225016286.PDF
002865,钧达股份,2025年年度报告,2026-03-31 00:00:00,1225058399,reports_raw/002865_钧达股份/2025/1225058399.pdf,https://static.cninfo.com.cn/finalpage/2026-03-31/1225058399.PDF
002866,传艺科技,2025年年度报告,2026-03-31 00:00:00,1225056663,reports_raw/002866_传艺科技/2025/1225056663.pdf,https://static.cninfo.com.cn/finalpage/2026-03-31/1225056663.PDF
002868,*ST绿康,2025年年度报告,2026-03-10 00:00:00,1225002419,reports_raw/002868_ST绿康/2025/1225002419.pdf,https://static.cninfo.com.cn/finalpage/2026-03-10/1225002419.PDF
002870,香山股份,2025年年度报告,2026-03-31 00:00:00,1225056568,reports_raw/002870_香山股份/2025/1225056568.pdf,https://static.cninfo.com.cn/finalpage/2026-03-31/1225056568.PDF
002873,新天药业,2025年年度报告,2026-03-31 00:00:00,1225054432,reports_raw/002873_新天药业/2025/1225054432.pdf,https://static.cninfo.com.cn/finalpage/2026-03-31/1225054432.PDF
002879,长缆科技,2025年年度报告,2026-03-17 00:00:00,1225012266,reports_raw/002879_长缆科技/2025/1225012266.pdf,https://static.cninfo.com.cn/finalpage/2026-03-17/1225012266.PDF
002881,美格智能,2025年年度报告,2026-03-31 00:00:00,1225059486,reports_raw/002881_美格智能/2025/1225059486.pdf,https://static.cninfo.com.cn/finalpage/2026-03-31/1225059486.PDF
002882,金龙羽,2025年年度报告,2026-03-27 00:00:00,1225035852,reports_raw/002882_金龙羽/2025/1225035852.pdf,https://static.cninfo.com.cn/finalpage/2026-03-27/1225035852.PDF
002906,华阳集团,2025年年度报告,2026-03-28 00:00:00,1225043222,reports_raw/002906_华阳集团/2025/1225043222.pdf,https://static.cninfo.com.cn/finalpage/2026-03-28/1225043222.PDF
002911,佛燃能源,2025年年度报告,2026-03-25 00:00:00,1225027639,reports_raw/002911_佛燃能源/2025/1225027639.pdf,https://static.cninfo.com.cn/finalpage/2026-03-25/1225027639.PDF
002912,中新赛克,2025年年度报告,2026-03-18 00:00:00,1225015058,reports_raw/002912_中新赛克/2025/1225015058.pdf,https://static.cninfo.com.cn/finalpage/2026-03-18/1225015058.PDF
002916,深南电路,2025年年度报告,2026-03-13 00:00:00,1225006760,reports_raw/002916_深南电路/2025/1225006760.pdf,https://static.cninfo.com.cn/finalpage/2026-03-13/1225006760.PDF
002920,德赛西威,2025年年度报告,2026-03-06 00:00:00,1224998406,reports_raw/002920_德赛西威/2025/1224998406.pdf,https://static.cninfo.com.cn/finalpage/2026-03-06/1224998406.PDF
002922,伊戈尔,2025年年度报告,2026-03-31 00:00:00,1225057623,reports_raw/002922_伊戈尔/2025/1225057623.pdf,https://static.cninfo.com.cn/finalpage/2026-03-31/1225057623.PDF
002936,郑州银行,2025年年度报告,2026-03-31 00:00:00,1225059563,reports_raw/002936_郑州银行/2025/1225059563.pdf,https://static.cninfo.com.cn/finalpage/2026-03-31/1225059563.PDF
002938,鹏鼎控股,2025年年度报告,2026-03-31 00:00:00,1225062281,reports_raw/002938_鹏鼎控股/2025/1225062281.pdf,https://static.cninfo.com.cn/finalpage/2026-03-31/1225062281.PDF
002946,新乳业,2025年年度报告,2026-03-23 00:00:00,1225022253,reports_raw/002946_新乳业/2025/1225022253.pdf,https://static.cninfo.com.cn/finalpage/2026-03-23/1225022253.PDF
002947,恒铭达,2025年年度报告,2026-03-21 00:00:00,1225023412,reports_raw/002947_恒铭达/2025/1225023412.pdf,https://static.cninfo.com.cn/finalpage/2026-03-21/1225023412.PDF
002948,青岛银行,2025年年度报告,2026-03-27 00:00:00,1225036782,reports_raw/002948_青岛银行/2025/1225036782.pdf,https://static.cninfo.com.cn/finalpage/2026-03-27/1225036782.PDF
002955,鸿合科技,2025年年度报告,2026-03-18 00:00:00,1225015164,reports_raw/002955_鸿合科技/2025/1225015164.pdf,https://static.cninfo.com.cn/finalpage/2026-03-18/1225015164.PDF
002960,青鸟消防,2025年年度报告,2026-03-31 00:00:00,1225056700,reports_raw/002960_青鸟消防/2025/1225056700.pdf,https://static.cninfo.com.cn/finalpage/2026-03-31/1225056700.PDF
002967,广电计量,2025年年度报告,2026-03-27 00:00:00,1225036877,reports_raw/002967_广电计量/2025/1225036877.pdf,https://static.cninfo.com.cn/finalpage/2026-03-27/1225036877.PDF
002970,锐明技术,2025年年度报告,2026-03-31 00:00:00,1225055546,reports_raw/002970_锐明技术/2025/1225055546.pdf,https://static.cninfo.com.cn/finalpage/2026-03-31/1225055546.PDF
002972,科安达,2025年年度报告,2026-03-27 00:00:00,1225034015,reports_raw/002972_科安达/2025/1225034015.pdf,https://static.cninfo.com.cn/finalpage/2026-03-27/1225034015.PDF
002981,朝阳科技,2025年年度报告,2026-03-10 00:00:00,1225001882,reports_raw/002981_朝阳科技/2025/1225001882.pdf,https://static.cninfo.com.cn/finalpage/2026-03-10/1225001882.PDF
002985,北摩高科,2025年年度报告,2026-03-18 00:00:00,1225015259,reports_raw/002985_北摩高科/2025/1225015259.pdf,https://static.cninfo.com.cn/finalpage/2026-03-18/1225015259.PDF
003009,中天火箭,2025年年度报告,2026-03-31 00:00:00,1225060018,reports_raw/003009_中天火箭/2025/1225060018.pdf,https://static.cninfo.com.cn/finalpage/2026-03-31/1225060018.PDF
003010,若羽臣,2025年年度报告,2026-03-25 00:00:00,1225028260,reports_raw/003010_若羽臣/2025/1225028260.pdf,https://static.cninfo.com.cn/finalpage/2026-03-25/1225028260.PDF
003013,地铁设计,2025年年度报告,2026-03-31 00:00:00,1225052144,reports_raw/003013_地铁设计/2025/1225052144.pdf,https://static.cninfo.com.cn/finalpage/2026-03-31/1225052144.PDF
003015,日久光电,2025年年度报告,2026-03-24 00:00:00,1225024856,reports_raw/003015_日久光电/2025/1225024856.pdf,https://static.cninfo.com.cn/finalpage/2026-03-24/1225024856.PDF
003019,宸展光电,2025年年度报告,2026-03-18 00:00:00,1225013867,reports_raw/003019_宸展光电/2025/1225013867.pdf,https://static.cninfo.com.cn/finalpage/2026-03-18/1225013867.PDF
003021,兆威机电,2025年年度报告,2026-03-31 00:00:00,1225057987,reports_raw/003021_兆威机电/2025/1225057987.pdf,https://static.cninfo.com.cn/finalpage/2026-03-31/1225057987.PDF
003022,联泓新科,2025年年度报告,2026-03-28 00:00:00,1225044693,reports_raw/003022_联泓新科/2025/1225044693.pdf,https://static.cninfo.com.cn/finalpage/2026-03-28/1225044693.PDF
003028,振邦智能,2025年年度报告,2026-03-31 00:00:00,1225062663,reports_raw/003028_振邦智能/2025/1225062663.pdf,https://static.cninfo.com.cn/finalpage/2026-03-31/1225062663.PDF
003033,征和工业,2025年年度报告,2026-03-10 00:00:00,1225002269,reports_raw/003033_征和工业/2025/1225002269.pdf,https://static.cninfo.com.cn/finalpage/2026-03-10/1225002269.PDF
003035,南网能源,2025年年度报告,2026-03-28 00:00:00,1225044849,reports_raw/003035_南网能源/2025/1225044849.pdf,https://static.cninfo.com.cn/finalpage/2026-03-28/1225044849.PDF
003816,中国广核,2025年年度报告,2026-03-26 00:00:00,1225030278,reports_raw/003816_中国广核/2025/1225030278.pdf,https://static.cninfo.com.cn/finalpage/2026-03-26/1225030278.PDF
200011,深物业B,2025年年度报告（英文版）,2026-03-28 00:00:00,1225045293,reports_raw/200011_深物业B/2025/1225045293.pdf,https://static.cninfo.com.cn/finalpage/2026-03-28/1225045293.PDF
200026,飞亚达Ｂ,2025年年度报告（英文版）,2026-03-14 00:00:00,1225009605,reports_raw/200026_飞亚达Ｂ/2025/1225009605.pdf,https://static.cninfo.com.cn/finalpage/2026-03-14/1225009605.PDF
200029,深深房Ｂ,2025年年度报告（英文版）,2026-03-20 00:00:00,1225018481,reports_raw/200029_深深房Ｂ/2025/1225018481.pdf,https://static.cninfo.com.cn/finalpage/2026-03-20/1225018481.PDF
200045,深纺织Ｂ,2025年年度报告（英文版）,2026-03-30 00:00:00,1225039824,reports_raw/200045_深纺织Ｂ/2025/1225039824.pdf,https://static.cninfo.com.cn/finalpage/2026-03-30/1225039824.PDF
200429,粤高速Ｂ,2025年年度报告（英文版）,2026-03-14 00:00:00,1225008778,reports_raw/200429_粤高速Ｂ/2025/1225008778.pdf,https://static.cninfo.com.cn/finalpage/2026-03-14/1225008778.PDF
200488,ST晨鸣B,2025年年度报告（英文版）,2026-03-31 00:00:00,1225058513,reports_raw/200488_ST晨鸣B/2025/1225058513.pdf,https://static.cninfo.com.cn/finalpage/2026-03-31/1225058513.PDF
200505,京粮B,2025年年度报告（英文版）,2026-03-28 00:00:00,1225039596,reports_raw/200505_京粮B/2025/1225039596.pdf,https://static.cninfo.com.cn/finalpage/2026-03-28/1225039596.PDF
200512,闽灿坤Ｂ,2025年年度报告（英文版）,2026-03-10 00:00:00,1225001571,reports_raw/200512_闽灿坤Ｂ/2025/1225001571.pdf,https://static.cninfo.com.cn/finalpage/2026-03-10/1225001571.PDF
200539,粤电力Ｂ,2025年年度报告（英文版）,2026-03-31 00:00:00,1225058381,reports_raw/200539_粤电力Ｂ/2025/1225058381.pdf,https://static.cninfo.com.cn/finalpage/2026-03-31/1225058381.PDF
200550,江  铃Ｂ,2025年年度报告（英文版）,2026-03-28 00:00:00,1225043185,reports_raw/200550_江_铃Ｂ/2025/1225043185.pdf,https://static.cninfo.com.cn/finalpage/2026-03-28/1225043185.PDF
200553,安道麦B,2025年年度报告（英文版）,2026-03-28 00:00:00,1225045251,reports_raw/200553_安道麦B/2025/1225045251.pdf,https://static.cninfo.com.cn/finalpage/2026-03-28/1225045251.PDF
300006,莱美药业,2025年年度报告,2026-03-19 00:00:00,1225016087,reports_raw/300006_莱美药业/2025/1225016087.pdf,https://static.cninfo.com.cn/finalpage/2026-03-19/1225016087.PDF
300008,天海防务,2025年年度报告,2026-03-31 00:00:00,1225054550,reports_raw/300008_天海防务/2025/1225054550.pdf,https://static.cninfo.com.cn/finalpage/2026-03-31/1225054550.PDF
300009,安科生物,2025年年度报告,2026-03-31 00:00:00,1225056847,reports_raw/300009_安科生物/2025/1225056847.pdf,https://static.cninfo.com.cn/finalpage/2026-03-31/1225056847.PDF
300012,华测检测,2025年年度报告,2026-03-31 00:00:00,1225051410,reports_raw/300012_华测检测/2025/1225051410.pdf,https://static.cninfo.com.cn/finalpage/2026-03-31/1225051410.PDF
300014,亿纬锂能,2025年年度报告,2026-03-28 00:00:00,1225045391,reports_raw/300014_亿纬锂能/2025/1225045391.pdf,https://static.cninfo.com.cn/finalpage/2026-03-28/1225045391.PDF
300019,硅宝科技,2025年年度报告,2026-03-28 00:00:00,1225041269,reports_raw/300019_硅宝科技/2025/1225041269.pdf,https://static.cninfo.com.cn/finalpage/2026-03-28/1225041269.PDF
300033,同花顺,2025年年度报告,2026-03-10 00:00:00,1225002186,reports_raw/300033_同花顺/2025/1225002186.pdf,https://static.cninfo.com.cn/finalpage/2026-03-10/1225002186.PDF
300034,钢研高纳,2025年年度报告,2026-03-20 00:00:00,1225018881,reports_raw/300034_钢研高纳/2025/1225018881.pdf,https://static.cninfo.com.cn/finalpage/2026-03-20/1225018881.PDF
300037,新宙邦,2025年年度报告,2026-03-24 00:00:00,1225026296,reports_raw/300037_新宙邦/2025/1225026296.pdf,https://static.cninfo.com.cn/finalpage/2026-03-24/1225026296.PDF
300043,星辉娱乐,2025年年度报告,2026-03-31 00:00:00,1225051899,reports_raw/300043_星辉娱乐/2025/1225051899.pdf,https://static.cninfo.com.cn/finalpage/2026-03-31/1225051899.PDF
300047,天源迪科,2025年年度报告,2026-03-31 00:00:00,1225056877,reports_raw/300047_天源迪科/2025/1225056877.pdf,https://static.cninfo.com.cn/finalpage/2026-03-31/1225056877.PDF
300048,合康新能,2025年年度报告,2026-03-21 00:00:00,1225021595,reports_raw/300048_合康新能/2025/1225021595.pdf,https://static.cninfo.com.cn/finalpage/2026-03-21/1225021595.PDF
300049,福瑞医科,2025年年度报告,2026-03-25 00:00:00,1225027182,reports_raw/300049_福瑞医科/2025/1225027182.pdf,https://static.cninfo.com.cn/finalpage/2026-03-25/1225027182.PDF
300050,世纪鼎利,2025年年度报告,2026-03-18 00:00:00,1225013952,reports_raw/300050_世纪鼎利/2025/1225013952.pdf,https://static.cninfo.com.cn/finalpage/2026-03-18/1225013952.PDF
300054,鼎龙股份,2025年年度报告,2026-03-27 00:00:00,1225036149,reports_raw/300054_鼎龙股份/2025/1225036149.pdf,https://static.cninfo.com.cn/finalpage/2026-03-27/1225036149.PDF
300059,东方财富,2025年年度报告,2026-03-20 00:00:00,1225019509,reports_raw/300059_东方财富/2025/1225019509.pdf,https://static.cninfo.com.cn/finalpage/2026-03-20/1225019509.PDF
300073,当升科技,2025年年度报告,2026-03-31 00:00:00,1225057127,reports_raw/300073_当升科技/2025/1225057127.pdf,https://static.cninfo.com.cn/finalpage/2026-03-31/1225057127.PDF
300077,国民技术,2025年年度报告,2026-03-31 00:00:00,1225061567,reports_raw/300077_国民技术/2025/1225061567.pdf,https://static.cninfo.com.cn/finalpage/2026-03-31/1225061567.PDF
300092,科新机电,2025年年度报告,2026-03-28 00:00:00,1225042010,reports_raw/300092_科新机电/2025/1225042010.pdf,https://static.cninfo.com.cn/finalpage/2026-03-28/1225042010.PDF
300099,尤洛卡,2025年年度报告,2026-03-26 00:00:00,1225031298,reports_raw/300099_尤洛卡/2025/1225031298.pdf,https://static.cninfo.com.cn/finalpage/2026-03-26/1225031298.PDF
300100,双林股份,2025年年度报告,2026-03-25 00:00:00,1225028868,reports_raw/300100_双林股份/2025/1225028868.pdf,https://static.cninfo.com.cn/finalpage/2026-03-25/1225028868.PDF
300102,乾照光电,2025年年度报告,2026-03-28 00:00:00,1225043741,reports_raw/300102_乾照光电/2025/1225043741.pdf,https://static.cninfo.com.cn/finalpage/2026-03-28/1225043741.PDF
300119,瑞普生物,2025年年度报告,2026-03-31 00:00:00,1225054294,reports_raw/300119_瑞普生物/2025/1225054294.pdf,https://static.cninfo.com.cn/finalpage/2026-03-31/1225054294.PDF
300121,阳谷华泰,2025年年度报告,2026-03-27 00:00:00,1225036842,reports_raw/300121_阳谷华泰/2025/1225036842.pdf,https://static.cninfo.com.cn/finalpage/2026-03-27/1225036842.PDF
300125,*ST聆达,2025年年度报告,2026-03-31 00:00:00,1225062878,reports_raw/300125_ST聆达/2025/1225062878.pdf,https://static.cninfo.com.cn/finalpage/2026-03-31/1225062878.PDF
300127,银河磁体,2025年年度报告,2026-03-28 00:00:00,1225041959,reports_raw/300127_银河磁体/2025/1225041959.pdf,https://static.cninfo.com.cn/finalpage/2026-03-28/1225041959.PDF
300130,新国都,2025年年度报告,2026-03-28 00:00:00,1225044505,reports_raw/300130_新国都/2025/1225044505.pdf,https://static.cninfo.com.cn/finalpage/2026-03-28/1225044505.PDF
300138,晨光生物,2025年年度报告,2026-03-31 00:00:00,1225054107,reports_raw/300138_晨光生物/2025/1225054107.pdf,https://static.cninfo.com.cn/finalpage/2026-03-31/1225054107.PDF
300142,沃森生物,2025年年度报告,2026-03-28 00:00:00,1225041328,reports_raw/300142_沃森生物/2025/1225041328.pdf,https://static.cninfo.com.cn/finalpage/2026-03-28/1225041328.PDF
300143,盈康生命,2025年年度报告,2026-03-28 00:00:00,1225040783,reports_raw/300143_盈康生命/2025/1225040783.pdf,https://static.cninfo.com.cn/finalpage/2026-03-28/1225040783.PDF
300146,汤臣倍健,2025年年度报告,2026-03-21 00:00:00,1225023315,reports_raw/300146_汤臣倍健/2025/1225023315.pdf,https://static.cninfo.com.cn/finalpage/2026-03-21/1225023315.PDF
300172,中电环保,2025年年度报告,2026-03-31 00:00:00,1225061663,reports_raw/300172_中电环保/2025/1225061663.pdf,https://static.cninfo.com.cn/finalpage/2026-03-31/1225061663.PDF
300200,高盟新材,2025年年度报告,2026-03-26 00:00:00,1225031145,reports_raw/300200_高盟新材/2025/1225031145.pdf,https://static.cninfo.com.cn/finalpage/2026-03-26/1225031145.PDF
300206,理邦仪器,2025年年度报告,2026-03-31 00:00:00,1225051222,reports_raw/300206_理邦仪器/2025/1225051222.pdf,https://static.cninfo.com.cn/finalpage/2026-03-31/1225051222.PDF
300221,银禧科技,2025年年度报告,2026-03-30 00:00:00,1225044718,reports_raw/300221_银禧科技/2025/1225044718.pdf,https://static.cninfo.com.cn/finalpage/2026-03-30/1225044718.PDF
300222,科大智能,2025年年度报告,2026-03-17 00:00:00,1225012448,reports_raw/300222_科大智能/2025/1225012448.pdf,https://static.cninfo.com.cn/finalpage/2026-03-17/1225012448.PDF
300223,北京君正,2025年年度报告,2026-03-28 00:00:00,1225045085,reports_raw/300223_北京君正/2025/1225045085.pdf,https://static.cninfo.com.cn/finalpage/2026-03-28/1225045085.PDF
300224,正海磁材,2025年年度报告,2026-03-31 00:00:00,1225060090,reports_raw/300224_正海磁材/2025/1225060090.pdf,https://static.cninfo.com.cn/finalpage/2026-03-31/1225060090.PDF
300227,光韵达,2025年年度报告,2026-03-31 00:00:00,1225058872,reports_raw/300227_光韵达/2025/1225058872.pdf,https://static.cninfo.com.cn/finalpage/2026-03-31/1225058872.PDF
300233,金城医药,2025年年度报告,2026-03-27 00:00:00,1225037644,reports_raw/300233_金城医药/2025/1225037644.pdf,https://static.cninfo.com.cn/finalpage/2026-03-27/1225037644.PDF
300236,上海新阳,2025年年度报告,2026-03-13 00:00:00,1225006867,reports_raw/300236_上海新阳/2025/1225006867.pdf,https://static.cninfo.com.cn/finalpage/2026-03-13/1225006867.PDF
300238,冠昊生物,2025年年度报告,2026-03-26 00:00:00,1225030896,reports_raw/300238_冠昊生物/2025/1225030896.pdf,https://static.cninfo.com.cn/finalpage/2026-03-26/1225030896.PDF
300239,东宝生物,2025年年度报告,2026-03-30 00:00:00,1225043694,reports_raw/300239_东宝生物/2025/1225043694.pdf,https://static.cninfo.com.cn/finalpage/2026-03-30/1225043694.PDF
300259,新天科技,2025年年度报告,2026-03-27 00:00:00,1225036189,reports_raw/300259_新天科技/2025/1225036189.pdf,https://static.cninfo.com.cn/finalpage/2026-03-27/1225036189.PDF
300268,*ST佳沃,2025年年度报告,2026-03-16 00:00:00,1225010232,reports_raw/300268_ST佳沃/2025/1225010232.pdf,https://static.cninfo.com.cn/finalpage/2026-03-16/1225010232.PDF
300283,温州宏丰,2025年年度报告,2026-03-31 00:00:00,1225051867,reports_raw/300283_温州宏丰/2025/1225051867.pdf,https://static.cninfo.com.cn/finalpage/2026-03-31/1225051867.PDF
300286,安科瑞,2025年年度报告,2026-03-28 00:00:00,1225042265,reports_raw/300286_安科瑞/2025/1225042265.pdf,https://static.cninfo.com.cn/finalpage/2026-03-28/1225042265.PDF
300289,利德曼,2025年年度报告,2026-03-31 00:00:00,1225051924,reports_raw/300289_利德曼/2025/1225051924.pdf,https://static.cninfo.com.cn/finalpage/2026-03-31/1225051924.PDF
300294,博雅生物,2025年年度报告,2026-03-21 00:00:00,1225021679,reports_raw/300294_博雅生物/2025/1225021679.pdf,https://static.cninfo.com.cn/finalpage/2026-03-21/1225021679.PDF
300304,云意电气,2025年年度报告,2026-03-27 00:00:00,1225037983,reports_raw/300304_云意电气/2025/1225037983.pdf,https://static.cninfo.com.cn/finalpage/2026-03-27/1225037983.PDF
300306,远方信息,2025年年度报告,2026-03-31 00:00:00,1225054845,reports_raw/300306_远方信息/2025/1225054845.pdf,https://static.cninfo.com.cn/finalpage/2026-03-31/1225054845.PDF
300307,慈星股份,2025年年度报告,2026-03-31 00:00:00,1225051833,reports_raw/300307_慈星股份/2025/1225051833.pdf,https://static.cninfo.com.cn/finalpage/2026-03-31/1225051833.PDF
300308,中际旭创,2025年年度报告,2026-03-31 00:00:00,1225056459,reports_raw/300308_中际旭创/2025/1225056459.pdf,https://static.cninfo.com.cn/finalpage/2026-03-31/1225056459.PDF
300310,宜通世纪,2025年年度报告,2026-03-31 00:00:00,1225052404,reports_raw/300310_宜通世纪/2025/1225052404.pdf,https://static.cninfo.com.cn/finalpage/2026-03-31/1225052404.PDF
300320,海达股份,2025年年度报告,2026-03-28 00:00:00,1225040314,reports_raw/300320_海达股份/2025/1225040314.pdf,https://static.cninfo.com.cn/finalpage/2026-03-28/1225040314.PDF
300321,同大股份,2025年年度报告,2026-03-28 00:00:00,1225044781,reports_raw/300321_同大股份/2025/1225044781.pdf,https://static.cninfo.com.cn/finalpage/2026-03-28/1225044781.PDF
300322,硕贝德,2025年年度报告,2026-03-28 00:00:00,1225045125,reports_raw/300322_硕贝德/2025/1225045125.pdf,https://static.cninfo.com.cn/finalpage/2026-03-28/1225045125.PDF
300323,华灿光电,2025年年度报告,2026-03-23 00:00:00,1225023375,reports_raw/300323_华灿光电/2025/1225023375.pdf,https://static.cninfo.com.cn/finalpage/2026-03-23/1225023375.PDF
300327,中颖电子,2025年年度报告,2026-03-31 00:00:00,1225053286,reports_raw/300327_中颖电子/2025/1225053286.pdf,https://static.cninfo.com.cn/finalpage/2026-03-31/1225053286.PDF
300347,泰格医药,2025年年度报告,2026-03-31 00:00:00,1225051947,reports_raw/300347_泰格医药/2025/1225051947.pdf,https://static.cninfo.com.cn/finalpage/2026-03-31/1225051947.PDF
300373,扬杰科技,2025年年度报告,2026-03-31 00:00:00,1225060951,reports_raw/300373_扬杰科技/2025/1225060951.pdf,https://static.cninfo.com.cn/finalpage/2026-03-31/1225060951.PDF
300374,中铁装配,2025年年度报告,2026-03-27 00:00:00,1225035016,reports_raw/300374_中铁装配/2025/1225035016.pdf,https://static.cninfo.com.cn/finalpage/2026-03-27/1225035016.PDF
300388,节能国祯,2025年年度报告,2026-03-26 00:00:00,1225030076,reports_raw/300388_节能国祯/2025/1225030076.pdf,https://static.cninfo.com.cn/finalpage/2026-03-26/1225030076.PDF
300389,艾比森,2025年年度报告,2026-03-31 00:00:00,1225056396,reports_raw/300389_艾比森/2025/1225056396.pdf,https://static.cninfo.com.cn/finalpage/2026-03-31/1225056396.PDF
300390,天华新能,2025年年度报告,2026-03-20 00:00:00,1225019002,reports_raw/300390_天华新能/2025/1225019002.pdf,https://static.cninfo.com.cn/finalpage/2026-03-20/1225019002.PDF
300408,三环集团,2025年年度报告,2026-03-28 00:00:00,1225041594,reports_raw/300408_三环集团/2025/1225041594.pdf,https://static.cninfo.com.cn/finalpage/2026-03-28/1225041594.PDF
300416,苏试试验,2025年年度报告,2026-03-27 00:00:00,1225035696,reports_raw/300416_苏试试验/2025/1225035696.pdf,https://static.cninfo.com.cn/finalpage/2026-03-27/1225035696.PDF
300426,华智数媒,2025年年度报告,2026-03-31 00:00:00,1225058984,reports_raw/300426_华智数媒/2025/1225058984.pdf,https://static.cninfo.com.cn/finalpage/2026-03-31/1225058984.PDF
300433,蓝思科技,2025年年度报告,2026-03-31 00:00:00,1225064958,reports_raw/300433_蓝思科技/2025/1225064958.pdf,https://static.cninfo.com.cn/finalpage/2026-03-31/1225064958.pdf
300443,金雷股份,2025年年度报告,2026-03-20 00:00:00,1225018763,reports_raw/300443_金雷股份/2025/1225018763.pdf,https://static.cninfo.com.cn/finalpage/2026-03-20/1225018763.PDF
300445,康斯特,2025年年度报告,2026-03-31 00:00:00,1225074321,reports_raw/300445_康斯特/2025/1225074321.pdf,https://static.cninfo.com.cn/finalpage/2026-03-31/1225074321.pdf
300446,航天智造,2025年年度报告,2026-03-31 00:00:00,1225057081,reports_raw/300446_航天智造/2025/1225057081.pdf,https://static.cninfo.com.cn/finalpage/2026-03-31/1225057081.PDF
300447,全信股份,2025年年度报告,2026-03-21 00:00:00,1225022200,reports_raw/300447_全信股份/2025/1225022200.pdf,https://static.cninfo.com.cn/finalpage/2026-03-21/1225022200.PDF
300450,先导智能,2025年年度报告,2026-03-31 00:00:00,1225058761,reports_raw/300450_先导智能/2025/1225058761.pdf,https://static.cninfo.com.cn/finalpage/2026-03-31/1225058761.PDF
300455,航天智装,2025年年度报告,2026-03-28 00:00:00,1225044184,reports_raw/300455_航天智装/2025/1225044184.pdf,https://static.cninfo.com.cn/finalpage/2026-03-28/1225044184.PDF
300456,赛微电子,2025年年度报告,2026-03-27 00:00:00,1225036416,reports_raw/300456_赛微电子/2025/1225036416.pdf,https://static.cninfo.com.cn/finalpage/2026-03-27/1225036416.PDF
300457,赢合科技,2025年年度报告,2026-03-28 00:00:00,1225043968,reports_raw/300457_赢合科技/2025/1225043968.pdf,https://static.cninfo.com.cn/finalpage/2026-03-28/1225043968.PDF
300458,全志科技,2025年年度报告,2026-03-27 00:00:00,1225035756,reports_raw/300458_全志科技/2025/1225035756.pdf,https://static.cninfo.com.cn/finalpage/2026-03-27/1225035756.PDF
300465,高伟达,2025年年度报告,2026-03-27 00:00:00,1225034599,reports_raw/300465_高伟达/2025/1225034599.pdf,https://static.cninfo.com.cn/finalpage/2026-03-27/1225034599.PDF
300468,四方精创,2025年年度报告,2026-03-31 00:00:00,1225055507,reports_raw/300468_四方精创/2025/1225055507.pdf,https://static.cninfo.com.cn/finalpage/2026-03-31/1225055507.PDF
300471,厚普股份,2025年年度报告,2026-03-31 00:00:00,1225054155,reports_raw/300471_厚普股份/2025/1225054155.pdf,https://static.cninfo.com.cn/finalpage/2026-03-31/1225054155.PDF
300476,胜宏科技,2025年年度报告,2026-03-13 00:00:00,1225007455,reports_raw/300476_胜宏科技/2025/1225007455.pdf,https://static.cninfo.com.cn/finalpage/2026-03-13/1225007455.PDF
300481,濮阳惠成,2025年年度报告,2026-03-28 00:00:00,1225043661,reports_raw/300481_濮阳惠成/2025/1225043661.pdf,https://static.cninfo.com.cn/finalpage/2026-03-28/1225043661.PDF
300483,首华燃气,2025年年度报告,2026-03-20 00:00:00,1225019718,reports_raw/300483_首华燃气/2025/1225019718.pdf,https://static.cninfo.com.cn/finalpage/2026-03-20/1225019718.PDF
300485,赛升药业,2025年年度报告,2026-03-31 00:00:00,1225050486,reports_raw/300485_赛升药业/2025/1225050486.pdf,https://static.cninfo.com.cn/finalpage/2026-03-31/1225050486.PDF
300489,光智科技,2025年年度报告,2026-03-24 00:00:00,1225025231,reports_raw/300489_光智科技/2025/1225025231.pdf,https://static.cninfo.com.cn/finalpage/2026-03-24/1225025231.PDF
300491,通合科技,2025年年度报告,2026-03-26 00:00:00,1225031228,reports_raw/300491_通合科技/2025/1225031228.pdf,https://static.cninfo.com.cn/finalpage/2026-03-26/1225031228.PDF
300501,海顺新材,2025年年度报告,2026-03-26 00:00:00,1225030188,reports_raw/300501_海顺新材/2025/1225030188.pdf,https://static.cninfo.com.cn/finalpage/2026-03-26/1225030188.PDF
300505,川金诺,2025年年度报告,2026-03-20 00:00:00,1225018417,reports_raw/300505_川金诺/2025/1225018417.pdf,https://static.cninfo.com.cn/finalpage/2026-03-20/1225018417.PDF
300508,维宏股份,2025年年度报告,2026-03-31 00:00:00,1225056358,reports_raw/300508_维宏股份/2025/1225056358.pdf,https://static.cninfo.com.cn/finalpage/2026-03-31/1225056358.PDF
300516,久之洋,2025年年度报告,2026-03-27 00:00:00,1225037823,reports_raw/300516_久之洋/2025/1225037823.pdf,https://static.cninfo.com.cn/finalpage/2026-03-27/1225037823.PDF
300522,世名科技,2025年年度报告,2026-03-21 00:00:00,1225021201,reports_raw/300522_世名科技/2025/1225021201.pdf,https://static.cninfo.com.cn/finalpage/2026-03-21/1225021201.PDF
300532,今天国际,2025年年度报告,2026-03-31 00:00:00,1225058792,reports_raw/300532_今天国际/2025/1225058792.pdf,https://static.cninfo.com.cn/finalpage/2026-03-31/1225058792.PDF
300540,蜀道装备,2025年年度报告,2026-03-31 00:00:00,1225050891,reports_raw/300540_蜀道装备/2025/1225050891.pdf,https://static.cninfo.com.cn/finalpage/2026-03-31/1225050891.PDF
300548,长芯博创,2025年年度报告,2026-03-28 00:00:00,1225045047,reports_raw/300548_长芯博创/2025/1225045047.pdf,https://static.cninfo.com.cn/finalpage/2026-03-28/1225045047.PDF
300552,万集科技,2025年年度报告,2026-03-31 00:00:00,1225062787,reports_raw/300552_万集科技/2025/1225062787.pdf,https://static.cninfo.com.cn/finalpage/2026-03-31/1225062787.PDF
300554,三超新材,2025年年度报告,2026-03-18 00:00:00,1225014446,reports_raw/300554_三超新材/2025/1225014446.pdf,https://static.cninfo.com.cn/finalpage/2026-03-18/1225014446.PDF
300568,星源材质,2025年年度报告,2026-03-31 00:00:00,1225059068,reports_raw/300568_星源材质/2025/1225059068.pdf,https://static.cninfo.com.cn/finalpage/2026-03-31/1225059068.PDF
300570,太辰光,2025年年度报告,2026-03-31 00:00:00,1225061015,reports_raw/300570_太辰光/2025/1225061015.pdf,https://static.cninfo.com.cn/finalpage/2026-03-31/1225061015.PDF
300579,数字认证,2025年年度报告,2026-03-31 00:00:00,1225053310,reports_raw/300579_数字认证/2025/1225053310.pdf,https://static.cninfo.com.cn/finalpage/2026-03-31/1225053310.PDF
300580,贝斯特,2025年年度报告,2026-03-31 00:00:00,1225057936,reports_raw/300580_贝斯特/2025/1225057936.pdf,https://static.cninfo.com.cn/finalpage/2026-03-31/1225057936.PDF
300586,美联新材,2025年年度报告,2026-03-31 00:00:00,1225059308,reports_raw/300586_美联新材/2025/1225059308.pdf,https://static.cninfo.com.cn/finalpage/2026-03-31/1225059308.PDF
300595,欧普康视,2025年年度报告,2026-03-28 00:00:00,1225044779,reports_raw/300595_欧普康视/2025/1225044779.pdf,https://static.cninfo.com.cn/finalpage/2026-03-28/1225044779.pdf
300607,拓斯达,2025年年度报告,2026-03-31 00:00:00,1225058061,reports_raw/300607_拓斯达/2025/1225058061.pdf,https://static.cninfo.com.cn/finalpage/2026-03-31/1225058061.PDF
300615,欣天科技,2025年年度报告,2026-03-31 00:00:00,1225061698,reports_raw/300615_欣天科技/2025/1225061698.pdf,https://static.cninfo.com.cn/finalpage/2026-03-31/1225061698.PDF
300620,光库科技,2025年年度报告,2026-03-24 00:00:00,1225026091,reports_raw/300620_光库科技/2025/1225026091.pdf,https://static.cninfo.com.cn/finalpage/2026-03-24/1225026091.PDF
300638,广和通,2025年年度报告,2026-03-31 00:00:00,1225060983,reports_raw/300638_广和通/2025/1225060983.pdf,https://static.cninfo.com.cn/finalpage/2026-03-31/1225060983.PDF
300653,正海生物,2025年年度报告,2026-03-31 00:00:00,1225052100,reports_raw/300653_正海生物/2025/1225052100.pdf,https://static.cninfo.com.cn/finalpage/2026-03-31/1225052100.PDF
300659,中孚信息,2025年年度报告,2026-03-31 00:00:00,1225053089,reports_raw/300659_中孚信息/2025/1225053089.pdf,https://static.cninfo.com.cn/finalpage/2026-03-31/1225053089.PDF
300661,圣邦股份,2025年年度报告,2026-03-28 00:00:00,1225045012,reports_raw/300661_圣邦股份/2025/1225045012.pdf,https://static.cninfo.com.cn/finalpage/2026-03-28/1225045012.PDF
300674,宇信科技,2025年年度报告,2026-03-30 00:00:00,1225050258,reports_raw/300674_宇信科技/2025/1225050258.pdf,https://static.cninfo.com.cn/finalpage/2026-03-30/1225050258.pdf
300675,建科院,2025年年度报告,2026-03-21 00:00:00,1225022714,reports_raw/300675_建科院/2025/1225022714.pdf,https://static.cninfo.com.cn/finalpage/2026-03-21/1225022714.PDF
300678,中科信息,2025年年度报告,2026-03-31 00:00:00,1225059041,reports_raw/300678_中科信息/2025/1225059041.pdf,https://static.cninfo.com.cn/finalpage/2026-03-31/1225059041.PDF
300682,朗新科技,2025年年度报告,2026-03-30 00:00:00,1225045430,reports_raw/300682_朗新科技/2025/1225045430.pdf,https://static.cninfo.com.cn/finalpage/2026-03-30/1225045430.PDF
300695,兆丰股份,2025年年度报告,2026-03-27 00:00:00,1225037234,reports_raw/300695_兆丰股份/2025/1225037234.pdf,https://static.cninfo.com.cn/finalpage/2026-03-27/1225037234.PDF
300699,光威复材,2025年年度报告,2026-03-31 00:00:00,1225052430,reports_raw/300699_光威复材/2025/1225052430.pdf,https://static.cninfo.com.cn/finalpage/2026-03-31/1225052430.PDF
300708,聚灿光电,2025年年度报告,2026-03-21 00:00:00,1225020691,reports_raw/300708_聚灿光电/2025/1225020691.pdf,https://static.cninfo.com.cn/finalpage/2026-03-21/1225020691.PDF
300711,广哈通信,2025年年度报告,2026-03-27 00:00:00,1225037261,reports_raw/300711_广哈通信/2025/1225037261.pdf,https://static.cninfo.com.cn/finalpage/2026-03-27/1225037261.PDF
300741,华宝股份,2025年年度报告,2026-03-21 00:00:00,1225022600,reports_raw/300741_华宝股份/2025/1225022600.pdf,https://static.cninfo.com.cn/finalpage/2026-03-21/1225022600.PDF
300748,金力永磁,2025年年度报告,2026-03-26 00:00:00,1225030339,reports_raw/300748_金力永磁/2025/1225030339.pdf,https://static.cninfo.com.cn/finalpage/2026-03-26/1225030339.PDF
300750,宁德时代,2025年年度报告,2026-03-10 00:00:00,1225002214,reports_raw/300750_宁德时代/2025/1225002214.pdf,https://static.cninfo.com.cn/finalpage/2026-03-10/1225002214.PDF
300757,罗博特科,2025年年度报告,2026-03-31 00:00:00,1225059372,reports_raw/300757_罗博特科/2025/1225059372.pdf,https://static.cninfo.com.cn/finalpage/2026-03-31/1225059372.PDF
300759,康龙化成,2025年年度报告,2026-03-31 00:00:00,1225057837,reports_raw/300759_康龙化成/2025/1225057837.pdf,https://static.cninfo.com.cn/finalpage/2026-03-31/1225057837.PDF
300760,迈瑞医疗,2025年年度报告,2026-03-31 00:00:00,1225059012,reports_raw/300760_迈瑞医疗/2025/1225059012.pdf,https://static.cninfo.com.cn/finalpage/2026-03-31/1225059012.PDF
300765,新诺威,2025年年度报告,2026-03-17 00:00:00,1225011264,reports_raw/300765_新诺威/2025/1225011264.pdf,https://static.cninfo.com.cn/finalpage/2026-03-17/1225011264.PDF
300767,震安科技,2025年年度报告,2026-03-28 00:00:00,1225042534,reports_raw/300767_震安科技/2025/1225042534.pdf,https://static.cninfo.com.cn/finalpage/2026-03-28/1225042534.PDF
300772,运达股份,2025年年度报告,2026-03-24 00:00:00,1225025722,reports_raw/300772_运达股份/2025/1225025722.pdf,https://static.cninfo.com.cn/finalpage/2026-03-24/1225025722.PDF
300774,倍杰特,2025年年度报告,2026-03-17 00:00:00,1225012829,reports_raw/300774_倍杰特/2025/1225012829.pdf,https://static.cninfo.com.cn/finalpage/2026-03-17/1225012829.PDF
300776,帝尔激光,2025年年度报告,2026-03-31 00:00:00,1225055756,reports_raw/300776_帝尔激光/2025/1225055756.pdf,https://static.cninfo.com.cn/finalpage/2026-03-31/1225055756.PDF
300788,中信出版,2025年年度报告,2026-03-17 00:00:00,1225012376,reports_raw/300788_中信出版/2025/1225012376.pdf,https://static.cninfo.com.cn/finalpage/2026-03-17/1225012376.PDF
300792,壹网壹创,2025年年度报告,2026-03-31 00:00:00,1225058027,reports_raw/300792_壹网壹创/2025/1225058027.pdf,https://static.cninfo.com.cn/finalpage/2026-03-31/1225058027.PDF
300795,米奥会展,2025年年度报告,2026-03-26 00:00:00,1225030149,reports_raw/300795_米奥会展/2025/1225030149.pdf,https://static.cninfo.com.cn/finalpage/2026-03-26/1225030149.PDF
300813,泰林生物,2025年年度报告,2026-03-27 00:00:00,1225033530,reports_raw/300813_泰林生物/2025/1225033530.pdf,https://static.cninfo.com.cn/finalpage/2026-03-27/1225033530.PDF
300821,东岳硅材,2025年年度报告,2026-03-26 00:00:00,1225032431,reports_raw/300821_东岳硅材/2025/1225032431.pdf,https://static.cninfo.com.cn/finalpage/2026-03-26/1225032431.PDF
300822,贝仕达克,2025年年度报告,2026-03-16 00:00:00,1225009847,reports_raw/300822_贝仕达克/2025/1225009847.pdf,https://static.cninfo.com.cn/finalpage/2026-03-16/1225009847.PDF
300824,北鼎股份,2025年年度报告,2026-03-27 00:00:00,1225036308,reports_raw/300824_北鼎股份/2025/1225036308.pdf,https://static.cninfo.com.cn/finalpage/2026-03-27/1225036308.PDF
300828,锐新科技,2025年年度报告,2026-03-31 00:00:00,1225051244,reports_raw/300828_锐新科技/2025/1225051244.pdf,https://static.cninfo.com.cn/finalpage/2026-03-31/1225051244.PDF
300842,帝科股份,2025年年度报告,2026-03-20 00:00:00,1225019620,reports_raw/300842_帝科股份/2025/1225019620.pdf,https://static.cninfo.com.cn/finalpage/2026-03-20/1225019620.PDF
300846,首都在线,2025年年度报告,2026-03-20 00:00:00,1225019832,reports_raw/300846_首都在线/2025/1225019832.pdf,https://static.cninfo.com.cn/finalpage/2026-03-20/1225019832.PDF
300848,美瑞新材,2025年年度报告,2026-03-31 00:00:00,1225063299,reports_raw/300848_美瑞新材/2025/1225063299.pdf,https://static.cninfo.com.cn/finalpage/2026-03-31/1225063299.pdf
300850,新强联,2025年年度报告,2026-03-27 00:00:00,1225033379,reports_raw/300850_新强联/2025/1225033379.pdf,https://static.cninfo.com.cn/finalpage/2026-03-27/1225033379.PDF
300852,四会富仕,2025年年度报告,2026-03-31 00:00:00,1225060159,reports_raw/300852_四会富仕/2025/1225060159.pdf,https://static.cninfo.com.cn/finalpage/2026-03-31/1225060159.PDF
300857,协创数据,2025年年度报告,2026-03-17 00:00:00,1225012787,reports_raw/300857_协创数据/2025/1225012787.pdf,https://static.cninfo.com.cn/finalpage/2026-03-17/1225012787.PDF
300859,西域旅游,2025年年度报告,2026-03-20 00:00:00,1225018507,reports_raw/300859_西域旅游/2025/1225018507.pdf,https://static.cninfo.com.cn/finalpage/2026-03-20/1225018507.PDF
300885,海昌新材,2025年年度报告,2026-03-26 00:00:00,1225031175,reports_raw/300885_海昌新材/2025/1225031175.pdf,https://static.cninfo.com.cn/finalpage/2026-03-26/1225031175.PDF
300889,爱克股份,2025年年度报告,2026-03-07 00:00:00,1224999661,reports_raw/300889_爱克股份/2025/1224999661.pdf,https://static.cninfo.com.cn/finalpage/2026-03-07/1224999661.PDF
300896,爱美客,2025年年度报告,2026-03-20 00:00:00,1225019372,reports_raw/300896_爱美客/2025/1225019372.pdf,https://static.cninfo.com.cn/finalpage/2026-03-20/1225019372.PDF
300899,*ST凯鑫,2025年年度报告,2026-03-31 00:00:00,1225055275,reports_raw/300899_ST凯鑫/2025/1225055275.pdf,https://static.cninfo.com.cn/finalpage/2026-03-31/1225055275.PDF
300908,仲景食品,2025年年度报告,2026-03-31 00:00:00,1225052805,reports_raw/300908_仲景食品/2025/1225052805.pdf,https://static.cninfo.com.cn/finalpage/2026-03-31/1225052805.PDF
300910,瑞丰新材,2025年年度报告,2026-03-21 00:00:00,1225022739,reports_raw/300910_瑞丰新材/2025/1225022739.pdf,https://static.cninfo.com.cn/finalpage/2026-03-21/1225022739.PDF
300919,中伟新材,2025年年度报告,2026-03-31 00:00:00,1225054811,reports_raw/300919_中伟新材/2025/1225054811.pdf,https://static.cninfo.com.cn/finalpage/2026-03-31/1225054811.PDF
300920,润阳科技,2025年年度报告,2026-03-31 00:00:00,1225060914,reports_raw/300920_润阳科技/2025/1225060914.pdf,https://static.cninfo.com.cn/finalpage/2026-03-31/1225060914.PDF
300926,博俊科技,2025年年度报告,2026-03-31 00:00:00,1225058834,reports_raw/300926_博俊科技/2025/1225058834.pdf,https://static.cninfo.com.cn/finalpage/2026-03-31/1225058834.PDF
300932,三友联众,2025年年度报告,2026-03-31 00:00:00,1225051007,reports_raw/300932_三友联众/2025/1225051007.pdf,https://static.cninfo.com.cn/finalpage/2026-03-31/1225051007.PDF
300938,信测标准,2025年年度报告,2026-03-31 00:00:00,1225068139,reports_raw/300938_信测标准/2025/1225068139.pdf,https://static.cninfo.com.cn/finalpage/2026-03-31/1225068139.pdf
300960,通业科技,2025年年度报告,2026-03-27 00:00:00,1225035367,reports_raw/300960_通业科技/2025/1225035367.pdf,https://static.cninfo.com.cn/finalpage/2026-03-27/1225035367.PDF
300972,万辰集团,2025年年度报告,2026-03-18 00:00:00,1225014387,reports_raw/300972_万辰集团/2025/1225014387.pdf,https://static.cninfo.com.cn/finalpage/2026-03-18/1225014387.PDF
300987,川网传媒,2025年年度报告,2026-03-28 00:00:00,1225043345,reports_raw/300987_川网传媒/2025/1225043345.pdf,https://static.cninfo.com.cn/finalpage/2026-03-28/1225043345.PDF
300995,奇德新材,2025年年度报告,2026-03-12 00:00:00,1225005527,reports_raw/300995_奇德新材/2025/1225005527.pdf,https://static.cninfo.com.cn/finalpage/2026-03-12/1225005527.PDF
300996,普联软件,2025年年度报告,2026-03-31 00:00:00,1225051315,reports_raw/300996_普联软件/2025/1225051315.pdf,https://static.cninfo.com.cn/finalpage/2026-03-31/1225051315.PDF
300997,欢乐家,2025年年度报告,2026-03-26 00:00:00,1225031908,reports_raw/300997_欢乐家/2025/1225031908.pdf,https://static.cninfo.com.cn/finalpage/2026-03-26/1225031908.PDF
301003,江苏博云,2025年年度报告,2026-03-31 00:00:00,1225057871,reports_raw/301003_江苏博云/2025/1225057871.pdf,https://static.cninfo.com.cn/finalpage/2026-03-31/1225057871.PDF
301016,雷尔伟,2025年年度报告,2026-03-31 00:00:00,1225057196,reports_raw/301016_雷尔伟/2025/1225057196.pdf,https://static.cninfo.com.cn/finalpage/2026-03-31/1225057196.PDF
301020,密封科技,2025年年度报告,2026-03-24 00:00:00,1225025630,reports_raw/301020_密封科技/2025/1225025630.pdf,https://static.cninfo.com.cn/finalpage/2026-03-24/1225025630.PDF
301039,中集车辆,2025年年度报告,2026-03-25 00:00:00,1225029038,reports_raw/301039_中集车辆/2025/1225029038.pdf,https://static.cninfo.com.cn/finalpage/2026-03-25/1225029038.PDF
301052,果麦文化,2025年年度报告,2026-03-31 00:00:00,1225055249,reports_raw/301052_果麦文化/2025/1225055249.pdf,https://static.cninfo.com.cn/finalpage/2026-03-31/1225055249.PDF
301076,新瀚新材,2025年年度报告,2026-03-18 00:00:00,1225014700,reports_raw/301076_新瀚新材/2025/1225014700.pdf,https://static.cninfo.com.cn/finalpage/2026-03-18/1225014700.PDF
301082,久盛电气,2025年年度报告,2026-03-20 00:00:00,1225017947,reports_raw/301082_久盛电气/2025/1225017947.pdf,https://static.cninfo.com.cn/finalpage/2026-03-20/1225017947.PDF
301087,可孚医疗,2025年年度报告,2026-03-10 00:00:00,1225001815,reports_raw/301087_可孚医疗/2025/1225001815.pdf,https://static.cninfo.com.cn/finalpage/2026-03-10/1225001815.PDF
301089,拓新药业,2025年年度报告,2026-03-28 00:00:00,1225044367,reports_raw/301089_拓新药业/2025/1225044367.pdf,https://static.cninfo.com.cn/finalpage/2026-03-28/1225044367.PDF
301109,军信股份,2025年年度报告,2026-03-31 00:00:00,1225053787,reports_raw/301109_军信股份/2025/1225053787.pdf,https://static.cninfo.com.cn/finalpage/2026-03-31/1225053787.PDF
301153,中科江南,2025年年度报告,2026-03-28 00:00:00,1225044394,reports_raw/301153_中科江南/2025/1225044394.pdf,https://static.cninfo.com.cn/finalpage/2026-03-28/1225044394.PDF
301165,锐捷网络,2025年年度报告,2026-03-28 00:00:00,1225040067,reports_raw/301165_锐捷网络/2025/1225040067.pdf,https://static.cninfo.com.cn/finalpage/2026-03-28/1225040067.PDF
301171,易点天下,2025年年度报告,2026-03-25 00:00:00,1225029140,reports_raw/301171_易点天下/2025/1225029140.pdf,https://static.cninfo.com.cn/finalpage/2026-03-25/1225029140.PDF
301175,中科环保,2025年年度报告,2026-03-27 00:00:00,1225036674,reports_raw/301175_中科环保/2025/1225036674.pdf,https://static.cninfo.com.cn/finalpage/2026-03-27/1225036674.PDF
301178,天亿马,2025年年度报告,2026-03-31 00:00:00,1225060199,reports_raw/301178_天亿马/2025/1225060199.pdf,https://static.cninfo.com.cn/finalpage/2026-03-31/1225060199.PDF
301200,大族数控,2025年年度报告,2026-03-31 00:00:00,1225057160,reports_raw/301200_大族数控/2025/1225057160.pdf,https://static.cninfo.com.cn/finalpage/2026-03-31/1225057160.PDF
301207,华兰疫苗,2025年年度报告,2026-03-28 00:00:00,1225045583,reports_raw/301207_华兰疫苗/2025/1225045583.pdf,https://static.cninfo.com.cn/finalpage/2026-03-28/1225045583.PDF
301211,亨迪药业,2025年年度报告,2026-03-31 00:00:00,1225049964,reports_raw/301211_亨迪药业/2025/1225049964.pdf,https://static.cninfo.com.cn/finalpage/2026-03-31/1225049964.PDF
301237,和顺科技,2025年年度报告,2026-03-31 00:00:00,1225052766,reports_raw/301237_和顺科技/2025/1225052766.pdf,https://static.cninfo.com.cn/finalpage/2026-03-31/1225052766.PDF
301256,华融化学,2025年年度报告,2026-03-20 00:00:00,1225019561,reports_raw/301256_华融化学/2025/1225019561.pdf,https://static.cninfo.com.cn/finalpage/2026-03-20/1225019561.PDF
301277,新天地,2025年年度报告,2026-03-20 00:00:00,1225019798,reports_raw/301277_新天地/2025/1225019798.pdf,https://static.cninfo.com.cn/finalpage/2026-03-20/1225019798.PDF
301279,金道科技,2025年年度报告,2026-03-31 00:00:00,1225052368,reports_raw/301279_金道科技/2025/1225052368.pdf,https://static.cninfo.com.cn/finalpage/2026-03-31/1225052368.PDF
301280,珠城科技,2025年年度报告,2026-03-31 00:00:00,1225053204,reports_raw/301280_珠城科技/2025/1225053204.pdf,https://static.cninfo.com.cn/finalpage/2026-03-31/1225053204.PDF
301282,金禄电子,2025年年度报告,2026-03-31 00:00:00,1225056320,reports_raw/301282_金禄电子/2025/1225056320.pdf,https://static.cninfo.com.cn/finalpage/2026-03-31/1225056320.PDF
301299,卓创资讯,2025年年度报告,2026-03-27 00:00:00,1225036993,reports_raw/301299_卓创资讯/2025/1225036993.pdf,https://static.cninfo.com.cn/finalpage/2026-03-27/1225036993.PDF
301301,川宁生物,2025年年度报告,2026-03-31 00:00:00,1225058714,reports_raw/301301_川宁生物/2025/1225058714.pdf,https://static.cninfo.com.cn/finalpage/2026-03-31/1225058714.PDF
301333,诺思格,2025年年度报告,2026-03-28 00:00:00,1225043942,reports_raw/301333_诺思格/2025/1225043942.pdf,https://static.cninfo.com.cn/finalpage/2026-03-28/1225043942.PDF
301339,通行宝,2025年年度报告,2026-03-28 00:00:00,1225044228,reports_raw/301339_通行宝/2025/1225044228.pdf,https://static.cninfo.com.cn/finalpage/2026-03-28/1225044228.PDF
301345,涛涛车业,2025年年度报告,2026-03-31 00:00:00,1225051342,reports_raw/301345_涛涛车业/2025/1225051342.pdf,https://static.cninfo.com.cn/finalpage/2026-03-31/1225051342.PDF
301349,信德新材,2025年年度报告,2026-03-31 00:00:00,1225063166,reports_raw/301349_信德新材/2025/1225063166.pdf,https://static.cninfo.com.cn/finalpage/2026-03-31/1225063166.PDF
301361,众智科技,2025年年度报告,2026-03-27 00:00:00,1225035814,reports_raw/301361_众智科技/2025/1225035814.pdf,https://static.cninfo.com.cn/finalpage/2026-03-27/1225035814.PDF
301369,联动科技,2025年年度报告,2026-03-31 00:00:00,1225054584,reports_raw/301369_联动科技/2025/1225054584.pdf,https://static.cninfo.com.cn/finalpage/2026-03-31/1225054584.PDF
301377,鼎泰高科,2025年年度报告,2026-03-27 00:00:00,1225036337,reports_raw/301377_鼎泰高科/2025/1225036337.pdf,https://static.cninfo.com.cn/finalpage/2026-03-27/1225036337.PDF
301388,欣灵电气,2025年年度报告,2026-03-31 00:00:00,1225057902,reports_raw/301388_欣灵电气/2025/1225057902.pdf,https://static.cninfo.com.cn/finalpage/2026-03-31/1225057902.PDF
301505,苏州规划,2025年年度报告,2026-03-27 00:00:00,1225035391,reports_raw/301505_苏州规划/2025/1225035391.pdf,https://static.cninfo.com.cn/finalpage/2026-03-27/1225035391.PDF
301508,中机认检,2025年年度报告,2026-03-31 00:00:00,1225055221,reports_raw/301508_中机认检/2025/1225055221.pdf,https://static.cninfo.com.cn/finalpage/2026-03-31/1225055221.PDF
301536,星宸科技,2025年年度报告,2026-03-10 00:00:00,1225001998,reports_raw/301536_星宸科技/2025/1225001998.pdf,https://static.cninfo.com.cn/finalpage/2026-03-10/1225001998.PDF
301538,骏鼎达,2025年年度报告,2026-03-31 00:00:00,1225059333,reports_raw/301538_骏鼎达/2025/1225059333.pdf,https://static.cninfo.com.cn/finalpage/2026-03-31/1225059333.PDF
301559,中集环科,2025年年度报告,2026-03-21 00:00:00,1225022111,reports_raw/301559_中集环科/2025/1225022111.pdf,https://static.cninfo.com.cn/finalpage/2026-03-21/1225022111.PDF
301568,思泰克,2025年年度报告,2026-03-20 00:00:00,1225019406,reports_raw/301568_思泰克/2025/1225019406.pdf,https://static.cninfo.com.cn/finalpage/2026-03-20/1225019406.PDF
301595,太力科技,2025年年度报告,2026-03-31 00:00:00,1225060371,reports_raw/301595_太力科技/2025/1225060371.pdf,https://static.cninfo.com.cn/finalpage/2026-03-31/1225060371.PDF
301606,绿联科技,2025年年度报告,2026-03-31 00:00:00,1225054188,reports_raw/301606_绿联科技/2025/1225054188.pdf,https://static.cninfo.com.cn/finalpage/2026-03-31/1225054188.PDF
301638,南网数字,2025年年度报告,2026-03-31 00:00:00,1225053710,reports_raw/301638_南网数字/2025/1225053710.pdf,https://static.cninfo.com.cn/finalpage/2026-03-31/1225053710.PDF
600000,浦发银行,上海浦东发展银行股份有限公司2025年年度报告,2026-03-31 00:00:00,1225062336,reports_raw/600000_浦发银行/2025/1225062336.pdf,https://static.cninfo.com.cn/finalpage/2026-03-31/1225062336.PDF
600011,华能国际,华能国际2025年年度报告,2026-03-25 00:00:00,1225029354,reports_raw/600011_华能国际/2025/1225029354.pdf,https://static.cninfo.com.cn/finalpage/2026-03-25/1225029354.PDF
600012,皖通高速,皖通高速2025年年度报告,2026-03-28 00:00:00,1225049002,reports_raw/600012_皖通高速/2025/1225049002.pdf,https://static.cninfo.com.cn/finalpage/2026-03-28/1225049002.PDF
600015,华夏银行,华夏银行2025年年度报告,2026-03-31 00:00:00,1225058278,reports_raw/600015_华夏银行/2025/1225058278.pdf,https://static.cninfo.com.cn/finalpage/2026-03-31/1225058278.PDF
600016,民生银行,中国民生银行2025年年度报告,2026-03-31 00:00:00,1225062867,reports_raw/600016_民生银行/2025/1225062867.pdf,https://static.cninfo.com.cn/finalpage/2026-03-31/1225062867.PDF
600017,日照港,日照港股份有限公司2025年年度报告,2026-03-27 00:00:00,1225034872,reports_raw/600017_日照港/2025/1225034872.pdf,https://static.cninfo.com.cn/finalpage/2026-03-27/1225034872.PDF
600026,中远海能,中远海能2025年年度报告,2026-03-27 00:00:00,1225038087,reports_raw/600026_中远海能/2025/1225038087.pdf,https://static.cninfo.com.cn/finalpage/2026-03-27/1225038087.PDF
600027,华电国际,2025年年度报告,2026-03-27 00:00:00,1225039299,reports_raw/600027_华电国际/2025/1225039299.pdf,https://static.cninfo.com.cn/finalpage/2026-03-27/1225039299.PDF
600030,中信证券,中信证券股份有限公司2025年年度报告,2026-03-27 00:00:00,1225036081,reports_raw/600030_中信证券/2025/1225036081.pdf,https://static.cninfo.com.cn/finalpage/2026-03-27/1225036081.PDF
600031,三一重工,三一重工股份有限公司2025年年度报告,2026-03-31 00:00:00,1225061378,reports_raw/600031_三一重工/2025/1225061378.pdf,https://static.cninfo.com.cn/finalpage/2026-03-31/1225061378.PDF
600038,中直股份,中航直升机股份有限公司2025年年度报告,2026-03-28 00:00:00,1225046726,reports_raw/600038_中直股份/2025/1225046726.pdf,https://static.cninfo.com.cn/finalpage/2026-03-28/1225046726.PDF
600055,万东医疗,万东医疗2025年年度报告,2026-03-26 00:00:00,1225032068,reports_raw/600055_万东医疗/2025/1225032068.pdf,https://static.cninfo.com.cn/finalpage/2026-03-26/1225032068.PDF
600058,五矿发展,五矿发展股份有限公司2025年年度报告,2026-03-31 00:00:00,1225062400,reports_raw/600058_五矿发展/2025/1225062400.pdf,https://static.cninfo.com.cn/finalpage/2026-03-31/1225062400.PDF
600060,海信视像,海信视像：2025年年度报告,2026-03-31 00:00:00,1225051157,reports_raw/600060_海信视像/2025/1225051157.pdf,https://static.cninfo.com.cn/finalpage/2026-03-31/1225051157.PDF
600062,华润双鹤,华润双鹤2025年年度报告,2026-03-20 00:00:00,1225018795,reports_raw/600062_华润双鹤/2025/1225018795.pdf,https://static.cninfo.com.cn/finalpage/2026-03-20/1225018795.PDF
600063,皖维高新,皖维高新2025年年度报告,2026-03-20 00:00:00,1225017733,reports_raw/600063_皖维高新/2025/1225017733.pdf,https://static.cninfo.com.cn/finalpage/2026-03-20/1225017733.PDF
600066,宇通客车,2025年年度报告,2026-03-31 00:00:00,1225050742,reports_raw/600066_宇通客车/2025/1225050742.pdf,https://static.cninfo.com.cn/finalpage/2026-03-31/1225050742.PDF
600073,光明肉业,光明肉业2025年年度报告,2026-03-31 00:00:00,1225063348,reports_raw/600073_光明肉业/2025/1225063348.pdf,https://static.cninfo.com.cn/finalpage/2026-03-31/1225063348.PDF
600079,ST人福,2025年年度报告,2026-03-31 00:00:00,1225050708,reports_raw/600079_ST人福/2025/1225050708.pdf,https://static.cninfo.com.cn/finalpage/2026-03-31/1225050708.PDF
600085,同仁堂,同仁堂2025年年度报告,2026-03-31 00:00:00,1225051047,reports_raw/600085_同仁堂/2025/1225051047.pdf,https://static.cninfo.com.cn/finalpage/2026-03-31/1225051047.PDF
600095,湘财股份,湘财股份2025年年度报告,2026-03-21 00:00:00,1225022911,reports_raw/600095_湘财股份/2025/1225022911.pdf,https://static.cninfo.com.cn/finalpage/2026-03-21/1225022911.PDF
600096,云天化,云天化2025年年度报告,2026-03-24 00:00:00,1225025863,reports_raw/600096_云天化/2025/1225025863.pdf,https://static.cninfo.com.cn/finalpage/2026-03-24/1225025863.PDF
600097,开创国际,开创国际2025年年度报告,2026-03-28 00:00:00,1225039976,reports_raw/600097_开创国际/2025/1225039976.pdf,https://static.cninfo.com.cn/finalpage/2026-03-28/1225039976.PDF
600099,林海股份,林海股份有限公司2025年年度报告,2026-03-28 00:00:00,1225042363,reports_raw/600099_林海股份/2025/1225042363.pdf,https://static.cninfo.com.cn/finalpage/2026-03-28/1225042363.PDF
600101,明星电力,四川明星电力股份有限公司2025年年度报告,2026-03-27 00:00:00,1225038450,reports_raw/600101_明星电力/2025/1225038450.pdf,https://static.cninfo.com.cn/finalpage/2026-03-27/1225038450.PDF
600113,浙江东日,浙江东日股份有限公司2025年年度报告（全文）,2026-03-07 00:00:00,1225000442,reports_raw/600113_浙江东日/2025/1225000442.pdf,https://static.cninfo.com.cn/finalpage/2026-03-07/1225000442.PDF
600118,中国卫星,中国卫星2025年年度报告,2026-03-31 00:00:00,1225054766,reports_raw/600118_中国卫星/2025/1225054766.pdf,https://static.cninfo.com.cn/finalpage/2026-03-31/1225054766.PDF
600121,郑州煤电,郑州煤电股份有限公司2025年年度报告,2026-03-28 00:00:00,1225048820,reports_raw/600121_郑州煤电/2025/1225048820.pdf,https://static.cninfo.com.cn/finalpage/2026-03-28/1225048820.PDF
600129,太极集团,太极集团2025年年度报告,2026-03-28 00:00:00,1225048925,reports_raw/600129_太极集团/2025/1225048925.pdf,https://static.cninfo.com.cn/finalpage/2026-03-28/1225048925.PDF
600132,重庆啤酒,重庆啤酒股份有限公司2025年年度报告,2026-03-11 00:00:00,1225004448,reports_raw/600132_重庆啤酒/2025/1225004448.pdf,https://static.cninfo.com.cn/finalpage/2026-03-11/1225004448.PDF
600135,乐凯胶片,乐凯胶片股份有限公司2025年年度报告,2026-03-27 00:00:00,1225036544,reports_raw/600135_乐凯胶片/2025/1225036544.pdf,https://static.cninfo.com.cn/finalpage/2026-03-27/1225036544.PDF
600151,航天机电,2025年年度报告,2026-03-27 00:00:00,1225034315,reports_raw/600151_航天机电/2025/1225034315.pdf,https://static.cninfo.com.cn/finalpage/2026-03-27/1225034315.PDF
600156,华升股份,华升股份2025年年度报告,2026-03-14 00:00:00,1225009724,reports_raw/600156_华升股份/2025/1225009724.pdf,https://static.cninfo.com.cn/finalpage/2026-03-14/1225009724.PDF
600161,天坛生物,天坛生物2025年年度报告,2026-03-28 00:00:00,1225042495,reports_raw/600161_天坛生物/2025/1225042495.pdf,https://static.cninfo.com.cn/finalpage/2026-03-28/1225042495.PDF
600168,武汉控股,武汉三镇实业控股股份有限公司2025年年度报告,2026-03-27 00:00:00,1225039294,reports_raw/600168_武汉控股/2025/1225039294.pdf,https://static.cninfo.com.cn/finalpage/2026-03-27/1225039294.PDF
600171,上海贝岭,上海贝岭2025年年度报告,2026-03-31 00:00:00,1225051104,reports_raw/600171_上海贝岭/2025/1225051104.pdf,https://static.cninfo.com.cn/finalpage/2026-03-31/1225051104.PDF
600173,卧龙新能,卧龙新能2025年年度报告,2026-03-20 00:00:00,1225020155,reports_raw/600173_卧龙新能/2025/1225020155.pdf,https://static.cninfo.com.cn/finalpage/2026-03-20/1225020155.PDF
600176,中国巨石,中国巨石2025年年度报告,2026-03-20 00:00:00,1225018682,reports_raw/600176_中国巨石/2025/1225018682.pdf,https://static.cninfo.com.cn/finalpage/2026-03-20/1225018682.PDF
600179,安通控股,2025年年度报告,2026-03-24 00:00:00,1225026280,reports_raw/600179_安通控股/2025/1225026280.pdf,https://static.cninfo.com.cn/finalpage/2026-03-24/1225026280.PDF
600188,兖矿能源,兖矿能源2025年年度报告全文,2026-03-28 00:00:00,1225048701,reports_raw/600188_兖矿能源/2025/1225048701.pdf,https://static.cninfo.com.cn/finalpage/2026-03-28/1225048701.PDF
600189,泉阳泉,吉林泉阳泉股份有限公司《2025年年度报告》,2026-03-31 00:00:00,1225062083,reports_raw/600189_泉阳泉/2025/1225062083.pdf,https://static.cninfo.com.cn/finalpage/2026-03-31/1225062083.PDF
600196,复星医药,复星医药2025年年度报告,2026-03-25 00:00:00,1225028389,reports_raw/600196_复星医药/2025/1225028389.pdf,https://static.cninfo.com.cn/finalpage/2026-03-25/1225028389.PDF
600211,西藏药业,西藏药业2025年年度报告,2026-03-13 00:00:00,1225006408,reports_raw/600211_西藏药业/2025/1225006408.pdf,https://static.cninfo.com.cn/finalpage/2026-03-13/1225006408.PDF
600235,民丰特纸,民丰特纸2025年年度报告,2026-03-28 00:00:00,1225046888,reports_raw/600235_民丰特纸/2025/1225046888.pdf,https://static.cninfo.com.cn/finalpage/2026-03-28/1225046888.PDF
600236,桂冠电力,广西桂冠电力股份有限公司2025年年度报告,2026-03-31 00:00:00,1225064085,reports_raw/600236_桂冠电力/2025/1225064085.pdf,https://static.cninfo.com.cn/finalpage/2026-03-31/1225064085.PDF
600237,铜峰电子,铜峰电子2025年年度报告,2026-03-17 00:00:00,1225012932,reports_raw/600237_铜峰电子/2025/1225012932.pdf,https://static.cninfo.com.cn/finalpage/2026-03-17/1225012932.PDF
600249,两面针,两面针2025年年度报告,2026-03-27 00:00:00,1225038403,reports_raw/600249_两面针/2025/1225038403.pdf,https://static.cninfo.com.cn/finalpage/2026-03-27/1225038403.PDF
600252,中恒集团,广西梧州中恒集团股份有限公司2025年年度报告,2026-03-31 00:00:00,1225064447,reports_raw/600252_中恒集团/2025/1225064447.pdf,https://static.cninfo.com.cn/finalpage/2026-03-31/1225064447.PDF
600255,鑫科材料,鑫科材料2025年年度报告,2026-03-31 00:00:00,1225051628,reports_raw/600255_鑫科材料/2025/1225051628.pdf,https://static.cninfo.com.cn/finalpage/2026-03-31/1225051628.PDF
600258,首旅酒店,北京首旅酒店（集团）股份有限公司2025年年度报告,2026-03-31 00:00:00,1225063930,reports_raw/600258_首旅酒店/2025/1225063930.pdf,https://static.cninfo.com.cn/finalpage/2026-03-31/1225063930.PDF
600259,中稀有色,中稀有色金属股份有限公司2025年年度报告,2026-03-20 00:00:00,1225018116,reports_raw/600259_中稀有色/2025/1225018116.pdf,https://static.cninfo.com.cn/finalpage/2026-03-20/1225018116.PDF
600268,国电南自,国电南自2025年年度报告,2026-03-27 00:00:00,1225034202,reports_raw/600268_国电南自/2025/1225034202.pdf,https://static.cninfo.com.cn/finalpage/2026-03-27/1225034202.PDF
600269,赣粤高速,赣粤高速2025年年度报告,2026-03-31 00:00:00,1225056936,reports_raw/600269_赣粤高速/2025/1225056936.pdf,https://static.cninfo.com.cn/finalpage/2026-03-31/1225056936.PDF
600272,开开实业,2025年年度报告,2026-03-28 00:00:00,1225041820,reports_raw/600272_开开实业/2025/1225041820.pdf,https://static.cninfo.com.cn/finalpage/2026-03-28/1225041820.PDF
600276,恒瑞医药,恒瑞医药2025年年度报告,2026-03-26 00:00:00,1225032585,reports_raw/600276_恒瑞医药/2025/1225032585.pdf,https://static.cninfo.com.cn/finalpage/2026-03-26/1225032585.PDF
600282,南钢股份,南京钢铁股份有限公司2025年年度报告,2026-03-17 00:00:00,1225011770,reports_raw/600282_南钢股份/2025/1225011770.pdf,https://static.cninfo.com.cn/finalpage/2026-03-17/1225011770.PDF
600284,浦东建设,浦东建设2025年年度报告,2026-03-31 00:00:00,1225054058,reports_raw/600284_浦东建设/2025/1225054058.pdf,https://static.cninfo.com.cn/finalpage/2026-03-31/1225054058.PDF
600298,安琪酵母,安琪酵母股份有限公司2025年年度报告,2026-03-31 00:00:00,1225056953,reports_raw/600298_安琪酵母/2025/1225056953.pdf,https://static.cninfo.com.cn/finalpage/2026-03-31/1225056953.PDF
600299,安迪苏,安迪苏2025年年度报告,2026-03-07 00:00:00,1225000473,reports_raw/600299_安迪苏/2025/1225000473.pdf,https://static.cninfo.com.cn/finalpage/2026-03-07/1225000473.PDF
600310,广西能源,广西能源股份有限公司2025年年度报告,2026-03-27 00:00:00,1225037758,reports_raw/600310_广西能源/2025/1225037758.pdf,https://static.cninfo.com.cn/finalpage/2026-03-27/1225037758.PDF
600315,上海家化,上海家化2025年年度报告,2026-03-26 00:00:00,1225030438,reports_raw/600315_上海家化/2025/1225030438.pdf,https://static.cninfo.com.cn/finalpage/2026-03-26/1225030438.PDF
600316,洪都航空,洪都航空2025年年度报告,2026-03-28 00:00:00,1225046514,reports_raw/600316_洪都航空/2025/1225046514.pdf,https://static.cninfo.com.cn/finalpage/2026-03-28/1225046514.PDF
600318,新力金融,安徽新力金融股份有限公司2025年年度报告,2026-03-26 00:00:00,1225031595,reports_raw/600318_新力金融/2025/1225031595.pdf,https://static.cninfo.com.cn/finalpage/2026-03-26/1225031595.PDF
600320,振华重工,振华重工2025年年度报告,2026-03-31 00:00:00,1225051607,reports_raw/600320_振华重工/2025/1225051607.pdf,https://static.cninfo.com.cn/finalpage/2026-03-31/1225051607.PDF
600329,达仁堂,达仁堂2025年年度报告,2026-03-31 00:00:00,1225056113,reports_raw/600329_达仁堂/2025/1225056113.pdf,https://static.cninfo.com.cn/finalpage/2026-03-31/1225056113.PDF
600331,宏达股份,宏达股份2025年年度报告,2026-03-24 00:00:00,1225026710,reports_raw/600331_宏达股份/2025/1225026710.pdf,https://static.cninfo.com.cn/finalpage/2026-03-24/1225026710.PDF
600332,白云山,广州白云山医药集团股份有限公司2025年年度报告全文,2026-03-21 00:00:00,1225023763,reports_raw/600332_白云山/2025/1225023763.pdf,https://static.cninfo.com.cn/finalpage/2026-03-21/1225023763.PDF
600343,航天动力,航天动力2025年年度报告,2026-03-31 00:00:00,1225061335,reports_raw/600343_航天动力/2025/1225061335.pdf,https://static.cninfo.com.cn/finalpage/2026-03-31/1225061335.PDF
600353,旭光电子,旭光电子2025年年度报告,2026-03-20 00:00:00,1225019284,reports_raw/600353_旭光电子/2025/1225019284.pdf,https://static.cninfo.com.cn/finalpage/2026-03-20/1225019284.PDF
600358,ST联合,国旅文化投资集团股份有限公司2025年年度报告,2026-03-20 00:00:00,1225019662,reports_raw/600358_ST联合/2025/1225019662.pdf,https://static.cninfo.com.cn/finalpage/2026-03-20/1225019662.PDF
600362,江西铜业,江西铜业股份有限公司2025年年度报告,2026-03-27 00:00:00,1225034758,reports_raw/600362_江西铜业/2025/1225034758.pdf,https://static.cninfo.com.cn/finalpage/2026-03-27/1225034758.PDF
600369,西南证券,西南证券股份有限公司2025年年度报告,2026-03-31 00:00:00,1225052616,reports_raw/600369_西南证券/2025/1225052616.pdf,https://static.cninfo.com.cn/finalpage/2026-03-31/1225052616.PDF
600372,中航机载,中航机载2025年年度报告,2026-03-28 00:00:00,1225041238,reports_raw/600372_中航机载/2025/1225041238.pdf,https://static.cninfo.com.cn/finalpage/2026-03-28/1225041238.PDF
600375,汉马科技,汉马科技2025年年度报告,2026-03-27 00:00:00,1225035598,reports_raw/600375_汉马科技/2025/1225035598.pdf,https://static.cninfo.com.cn/finalpage/2026-03-27/1225035598.PDF
600377,宁沪高速,2025年年度报告,2026-03-30 00:00:00,1225049417,reports_raw/600377_宁沪高速/2025/1225049417.pdf,https://static.cninfo.com.cn/finalpage/2026-03-30/1225049417.PDF
600388,龙净环保,2025年年度报告,2026-03-21 00:00:00,1225021555,reports_raw/600388_龙净环保/2025/1225021555.pdf,https://static.cninfo.com.cn/finalpage/2026-03-21/1225021555.PDF
600391,航发科技,中国航发航空科技股份有限公司2025年年度报告,2026-03-30 00:00:00,1225049478,reports_raw/600391_航发科技/2025/1225049478.pdf,https://static.cninfo.com.cn/finalpage/2026-03-30/1225049478.PDF
600398,海澜之家,海澜之家集团股份有限公司2025年年度报告,2026-03-28 00:00:00,1225042739,reports_raw/600398_海澜之家/2025/1225042739.pdf,https://static.cninfo.com.cn/finalpage/2026-03-28/1225042739.PDF
600399,抚顺特钢,抚顺特钢：2025年年度报告,2026-03-31 00:00:00,1225054363,reports_raw/600399_抚顺特钢/2025/1225054363.pdf,https://static.cninfo.com.cn/finalpage/2026-03-31/1225054363.PDF
600419,天润乳业,新疆天润乳业股份有限公司2025年年度报告,2026-03-31 00:00:00,1225062065,reports_raw/600419_天润乳业/2025/1225062065.pdf,https://static.cninfo.com.cn/finalpage/2026-03-31/1225062065.PDF
600422,昆药集团,昆药集团2025年年度报告,2026-03-20 00:00:00,1225019302,reports_raw/600422_昆药集团/2025/1225019302.pdf,https://static.cninfo.com.cn/finalpage/2026-03-20/1225019302.PDF
600425,青松建化,青松建化2025年年度报告,2026-03-27 00:00:00,1225033474,reports_raw/600425_青松建化/2025/1225033474.pdf,https://static.cninfo.com.cn/finalpage/2026-03-27/1225033474.PDF
600426,华鲁恒升,华鲁恒升2025年年度报告,2026-03-31 00:00:00,1225051474,reports_raw/600426_华鲁恒升/2025/1225051474.pdf,https://static.cninfo.com.cn/finalpage/2026-03-31/1225051474.PDF
600428,中远海特,中远海运特种运输股份有限公司2025年年度报告,2026-03-26 00:00:00,1225032776,reports_raw/600428_中远海特/2025/1225032776.pdf,https://static.cninfo.com.cn/finalpage/2026-03-26/1225032776.PDF
600433,冠豪高新,冠豪高新2025年年度报告（修订版）,2026-03-19 00:00:00,1225016736,reports_raw/600433_冠豪高新/2025/1225016736.pdf,https://static.cninfo.com.cn/finalpage/2026-03-19/1225016736.PDF
600435,北方导航,北方导航2025年年度报告,2026-03-28 00:00:00,1225040522,reports_raw/600435_北方导航/2025/1225040522.pdf,https://static.cninfo.com.cn/finalpage/2026-03-28/1225040522.PDF
600449,宁夏建材,宁夏建材2025年年度报告,2026-03-26 00:00:00,1225032518,reports_raw/600449_宁夏建材/2025/1225032518.pdf,https://static.cninfo.com.cn/finalpage/2026-03-26/1225032518.PDF
600458,时代新材,2025年年度报告,2026-03-28 00:00:00,1225046354,reports_raw/600458_时代新材/2025/1225046354.pdf,https://static.cninfo.com.cn/finalpage/2026-03-28/1225046354.PDF
600486,扬农化工,2025年年度报告,2026-03-31 00:00:00,1225056792,reports_raw/600486_扬农化工/2025/1225056792.pdf,https://static.cninfo.com.cn/finalpage/2026-03-31/1225056792.PDF
600493,凤竹纺织,凤竹纺织2025年年度报告,2026-03-31 00:00:00,1225058274,reports_raw/600493_凤竹纺织/2025/1225058274.pdf,https://static.cninfo.com.cn/finalpage/2026-03-31/1225058274.PDF
600497,驰宏锌锗,云南驰宏锌锗股份有限公司2025年年度报告,2026-03-27 00:00:00,1225035088,reports_raw/600497_驰宏锌锗/2025/1225035088.pdf,https://static.cninfo.com.cn/finalpage/2026-03-27/1225035088.PDF
600499,科达制造,科达制造股份有限公司2025年年度报告,2026-03-28 00:00:00,1225046387,reports_raw/600499_科达制造/2025/1225046387.pdf,https://static.cninfo.com.cn/finalpage/2026-03-28/1225046387.PDF
600502,安徽建工,安徽建工2025年年度报告,2026-03-28 00:00:00,1225040976,reports_raw/600502_安徽建工/2025/1225040976.pdf,https://static.cninfo.com.cn/finalpage/2026-03-28/1225040976.PDF
600506,统一股份,统一低碳科技（新疆）股份有限公司2025年年度报告,2026-03-26 00:00:00,1225032672,reports_raw/600506_统一股份/2025/1225032672.pdf,https://static.cninfo.com.cn/finalpage/2026-03-26/1225032672.PDF
600507,方大特钢,方大特钢2025年年度报告,2026-03-21 00:00:00,1225023224,reports_raw/600507_方大特钢/2025/1225023224.pdf,https://static.cninfo.com.cn/finalpage/2026-03-21/1225023224.PDF
600508,上海能源,上海能源2025年年度报告,2026-03-28 00:00:00,1225047448,reports_raw/600508_上海能源/2025/1225047448.pdf,https://static.cninfo.com.cn/finalpage/2026-03-28/1225047448.PDF
600511,国药股份,国药股份2025年年度报告,2026-03-20 00:00:00,1225018998,reports_raw/600511_国药股份/2025/1225018998.pdf,https://static.cninfo.com.cn/finalpage/2026-03-20/1225018998.PDF
600520,三佳科技,三佳科技2025年年度报告,2026-03-31 00:00:00,1225054390,reports_raw/600520_三佳科技/2025/1225054390.pdf,https://static.cninfo.com.cn/finalpage/2026-03-31/1225054390.PDF
600523,贵航股份,2025年年度报告,2026-03-14 00:00:00,1225010097,reports_raw/600523_贵航股份/2025/1225010097.pdf,https://static.cninfo.com.cn/finalpage/2026-03-14/1225010097.PDF
600528,中铁工业,中铁工业2025年年度报告,2026-03-28 00:00:00,1225043258,reports_raw/600528_中铁工业/2025/1225043258.pdf,https://static.cninfo.com.cn/finalpage/2026-03-28/1225043258.PDF
600529,山东药玻,山东省药用玻璃股份有限公司2025年年度报告,2026-03-07 00:00:00,1225000244,reports_raw/600529_山东药玻/2025/1225000244.pdf,https://static.cninfo.com.cn/finalpage/2026-03-07/1225000244.PDF
600535,天士力,天士力2025年年度报告,2026-03-20 00:00:00,1225018338,reports_raw/600535_天士力/2025/1225018338.pdf,https://static.cninfo.com.cn/finalpage/2026-03-20/1225018338.PDF
600547,山东黄金,山东黄金矿业股份有限公司2025年年度报告,2026-03-27 00:00:00,1225035639,reports_raw/600547_山东黄金/2025/1225035639.pdf,https://static.cninfo.com.cn/finalpage/2026-03-27/1225035639.PDF
600548,深高速,2025年年度报告,2026-03-26 00:00:00,1225032115,reports_raw/600548_深高速/2025/1225032115.pdf,https://static.cninfo.com.cn/finalpage/2026-03-26/1225032115.PDF
600552,凯盛科技,凯盛科技股份有限公司2025年年度报告,2026-03-31 00:00:00,1225061795,reports_raw/600552_凯盛科技/2025/1225061795.pdf,https://static.cninfo.com.cn/finalpage/2026-03-31/1225061795.PDF
600560,金自天正,北京金自天正智能控制股份有限公司2025年年度报告（更新）,2026-03-28 00:00:00,1225048193,reports_raw/600560_金自天正/2025/1225048193.pdf,https://static.cninfo.com.cn/finalpage/2026-03-28/1225048193.PDF
600563,法拉电子,法拉电子2025年年度报告,2026-03-28 00:00:00,1225040778,reports_raw/600563_法拉电子/2025/1225040778.pdf,https://static.cninfo.com.cn/finalpage/2026-03-28/1225040778.PDF
600570,恒生电子,恒生电子股份有限公司2025年年度报告,2026-03-28 00:00:00,1225046858,reports_raw/600570_恒生电子/2025/1225046858.pdf,https://static.cninfo.com.cn/finalpage/2026-03-28/1225046858.PDF
600575,淮河能源,淮河能源（集团）股份有限公司2025年年度报告,2026-03-28 00:00:00,1225046515,reports_raw/600575_淮河能源/2025/1225046515.pdf,https://static.cninfo.com.cn/finalpage/2026-03-28/1225046515.PDF
600577,精达股份,精达股份2025年年度报告,2026-03-31 00:00:00,1225057751,reports_raw/600577_精达股份/2025/1225057751.pdf,https://static.cninfo.com.cn/finalpage/2026-03-31/1225057751.PDF
600580,卧龙电驱,卧龙电驱2025年年度报告,2026-03-21 00:00:00,1225022163,reports_raw/600580_卧龙电驱/2025/1225022163.pdf,https://static.cninfo.com.cn/finalpage/2026-03-21/1225022163.PDF
600581,八一钢铁,八一钢铁2025年年度报告,2026-03-30 00:00:00,1225049404,reports_raw/600581_八一钢铁/2025/1225049404.pdf,https://static.cninfo.com.cn/finalpage/2026-03-30/1225049404.PDF
600582,天地科技,天地科技2025年年度报告,2026-03-27 00:00:00,1225036750,reports_raw/600582_天地科技/2025/1225036750.pdf,https://static.cninfo.com.cn/finalpage/2026-03-27/1225036750.PDF
600583,海油工程,海油工程2025年年度报告,2026-03-21 00:00:00,1225023892,reports_raw/600583_海油工程/2025/1225023892.pdf,https://static.cninfo.com.cn/finalpage/2026-03-21/1225023892.PDF
600597,光明乳业,光明乳业2025年年度报告,2026-03-31 00:00:00,1225052071,reports_raw/600597_光明乳业/2025/1225052071.pdf,https://static.cninfo.com.cn/finalpage/2026-03-31/1225052071.PDF
600598,北大荒,黑龙江北大荒农业股份有限公司2025年年度报告,2026-03-21 00:00:00,1225023732,reports_raw/600598_北大荒/2025/1225023732.pdf,https://static.cninfo.com.cn/finalpage/2026-03-21/1225023732.PDF
600600,青岛啤酒,青岛啤酒股份有限公司2025年年度报告,2026-03-27 00:00:00,1225036286,reports_raw/600600_青岛啤酒/2025/1225036286.pdf,https://static.cninfo.com.cn/finalpage/2026-03-27/1225036286.PDF
600602,云赛智联,云赛智联2025年年度报告,2026-03-28 00:00:00,1225043059,reports_raw/600602_云赛智联/2025/1225043059.pdf,https://static.cninfo.com.cn/finalpage/2026-03-28/1225043059.PDF
600605,汇通能源,上海汇通能源股份有限公司2025年年度报告,2026-03-11 00:00:00,1225004383,reports_raw/600605_汇通能源/2025/1225004383.pdf,https://static.cninfo.com.cn/finalpage/2026-03-11/1225004383.PDF
600610,中毅达,中毅达：2025年年度报告,2026-03-28 00:00:00,1225040234,reports_raw/600610_中毅达/2025/1225040234.pdf,https://static.cninfo.com.cn/finalpage/2026-03-28/1225040234.PDF
600611,大众交通,大众交通（集团）股份有限公司2025年年度报告全文,2026-03-31 00:00:00,1225057294,reports_raw/600611_大众交通/2025/1225057294.pdf,https://static.cninfo.com.cn/finalpage/2026-03-31/1225057294.PDF
600621,华鑫股份,华鑫股份2025年年度报告,2026-03-27 00:00:00,1225034725,reports_raw/600621_华鑫股份/2025/1225034725.pdf,https://static.cninfo.com.cn/finalpage/2026-03-27/1225034725.PDF
600633,浙数文化,浙数文化2025年年度报告,2026-03-31 00:00:00,1225055136,reports_raw/600633_浙数文化/2025/1225055136.pdf,https://static.cninfo.com.cn/finalpage/2026-03-31/1225055136.PDF
600635,大众公用,2025年年度报告,2026-03-31 00:00:00,1225052999,reports_raw/600635_大众公用/2025/1225052999.pdf,https://static.cninfo.com.cn/finalpage/2026-03-31/1225052999.PDF
600649,城投控股,上海城投控股股份有限公司2025年年度报告,2026-03-28 00:00:00,1225048634,reports_raw/600649_城投控股/2025/1225048634.pdf,https://static.cninfo.com.cn/finalpage/2026-03-28/1225048634.PDF
600651,飞乐音响,飞乐音响2025年年度报告,2026-03-28 00:00:00,1225048679,reports_raw/600651_飞乐音响/2025/1225048679.pdf,https://static.cninfo.com.cn/finalpage/2026-03-28/1225048679.PDF
600655,豫园股份,上海豫园旅游商城（集团）股份有限公司2025年年度报告,2026-03-24 00:00:00,1225026779,reports_raw/600655_豫园股份/2025/1225026779.pdf,https://static.cninfo.com.cn/finalpage/2026-03-24/1225026779.PDF
600660,福耀玻璃,福耀玻璃2025年年度报告,2026-03-18 00:00:00,1225014577,reports_raw/600660_福耀玻璃/2025/1225014577.pdf,https://static.cninfo.com.cn/finalpage/2026-03-18/1225014577.PDF
600675,中华企业,中华企业股份有限公司2025年年度报告,2026-03-25 00:00:00,1225028166,reports_raw/600675_中华企业/2025/1225028166.pdf,https://static.cninfo.com.cn/finalpage/2026-03-25/1225028166.PDF
600685,中船防务,中船防务2025年年度报告,2026-03-28 00:00:00,1225046740,reports_raw/600685_中船防务/2025/1225046740.pdf,https://static.cninfo.com.cn/finalpage/2026-03-28/1225046740.PDF
600688,上海石化,上海石化2025年年度报告,2026-03-19 00:00:00,1225017109,reports_raw/600688_上海石化/2025/1225017109.pdf,https://static.cninfo.com.cn/finalpage/2026-03-19/1225017109.PDF
600690,海尔智家,海尔智家股份有限公司2025年年度报告,2026-03-27 00:00:00,1225038336,reports_raw/600690_海尔智家/2025/1225038336.pdf,https://static.cninfo.com.cn/finalpage/2026-03-27/1225038336.PDF
600699,均胜电子,均胜电子2025年年度报告,2026-03-31 00:00:00,1225056227,reports_raw/600699_均胜电子/2025/1225056227.pdf,https://static.cninfo.com.cn/finalpage/2026-03-31/1225056227.PDF
600702,舍得酒业,舍得酒业2025年年度报告,2026-03-21 00:00:00,1225022707,reports_raw/600702_舍得酒业/2025/1225022707.pdf,https://static.cninfo.com.cn/finalpage/2026-03-21/1225022707.PDF
600711,盛屯矿业,盛屯矿业集团股份有限公司2025年年度报告,2026-03-20 00:00:00,1225019183,reports_raw/600711_盛屯矿业/2025/1225019183.pdf,https://static.cninfo.com.cn/finalpage/2026-03-20/1225019183.PDF
600712,南宁百货,南宁百货大楼股份有限公司2025年年度报告,2026-03-28 00:00:00,1225046922,reports_raw/600712_南宁百货/2025/1225046922.pdf,https://static.cninfo.com.cn/finalpage/2026-03-28/1225046922.PDF
600717,天津港,天津港股份有限公司2025年年度报告,2026-03-25 00:00:00,1225029230,reports_raw/600717_天津港/2025/1225029230.pdf,https://static.cninfo.com.cn/finalpage/2026-03-25/1225029230.PDF
600719,大连热电,大连热电股份有限公司2025年年度报告,2026-03-27 00:00:00,1225033939,reports_raw/600719_大连热电/2025/1225033939.pdf,https://static.cninfo.com.cn/finalpage/2026-03-27/1225033939.PDF
600720,中交设计,中交设计咨询集团股份有限公司2025年年度报告,2026-03-31 00:00:00,1225064742,reports_raw/600720_中交设计/2025/1225064742.pdf,https://static.cninfo.com.cn/finalpage/2026-03-31/1225064742.PDF
600721,百花医药,新疆百花村医药集团股份有限公司2025年年度报告,2026-03-28 00:00:00,1225040868,reports_raw/600721_百花医药/2025/1225040868.pdf,https://static.cninfo.com.cn/finalpage/2026-03-28/1225040868.PDF
600727,鲁北化工,鲁北化工2025年年度报告,2026-03-31 00:00:00,1225058305,reports_raw/600727_鲁北化工/2025/1225058305.pdf,https://static.cninfo.com.cn/finalpage/2026-03-31/1225058305.PDF
600731,湖南海利,湖南海利2025年年度报告,2026-03-31 00:00:00,1225051202,reports_raw/600731_湖南海利/2025/1225051202.pdf,https://static.cninfo.com.cn/finalpage/2026-03-31/1225051202.PDF
600741,华域汽车,华域汽车2025年年度报告,2026-03-31 00:00:00,1225052214,reports_raw/600741_华域汽车/2025/1225052214.pdf,https://static.cninfo.com.cn/finalpage/2026-03-31/1225052214.PDF
600748,上实发展,上实发展2025年年度报告,2026-03-21 00:00:00,1225021961,reports_raw/600748_上实发展/2025/1225021961.pdf,https://static.cninfo.com.cn/finalpage/2026-03-21/1225021961.PDF
600750,华润江中,华润江中2025年年度报告,2026-03-20 00:00:00,1225018212,reports_raw/600750_华润江中/2025/1225018212.pdf,https://static.cninfo.com.cn/finalpage/2026-03-20/1225018212.PDF
600760,中航沈飞,中航沈飞股份有限公司2025年年度报告,2026-03-31 00:00:00,1225055033,reports_raw/600760_中航沈飞/2025/1225055033.pdf,https://static.cninfo.com.cn/finalpage/2026-03-31/1225055033.PDF
600761,安徽合力,安徽合力股份有限公司2025年年度报告,2026-03-31 00:00:00,1225055907,reports_raw/600761_安徽合力/2025/1225055907.pdf,https://static.cninfo.com.cn/finalpage/2026-03-31/1225055907.PDF
600765,中航重机,中航重机2025年年度报告,2026-03-13 00:00:00,1225007287,reports_raw/600765_中航重机/2025/1225007287.pdf,https://static.cninfo.com.cn/finalpage/2026-03-13/1225007287.PDF
600775,南京熊猫,南京熊猫2025年年度报告,2026-03-28 00:00:00,1225048289,reports_raw/600775_南京熊猫/2025/1225048289.pdf,https://static.cninfo.com.cn/finalpage/2026-03-28/1225048289.PDF
600787,中储股份,中储发展股份有限公司2025年年度报告,2026-03-31 00:00:00,1225061950,reports_raw/600787_中储股份/2025/1225061950.pdf,https://static.cninfo.com.cn/finalpage/2026-03-31/1225061950.PDF
600801,华新建材,2025年年度报告,2026-03-27 00:00:00,1225038214,reports_raw/600801_华新建材/2025/1225038214.pdf,https://static.cninfo.com.cn/finalpage/2026-03-27/1225038214.PDF
600803,新奥股份,新奥股份2025年年度报告,2026-03-28 00:00:00,1225041564,reports_raw/600803_新奥股份/2025/1225041564.pdf,https://static.cninfo.com.cn/finalpage/2026-03-28/1225041564.PDF
600805,悦达投资,悦达投资2025年年度报告,2026-03-28 00:00:00,1225048022,reports_raw/600805_悦达投资/2025/1225048022.pdf,https://static.cninfo.com.cn/finalpage/2026-03-28/1225048022.PDF
600808,马钢股份,马鞍山钢铁股份有限公司2025年年度报告,2026-03-26 00:00:00,1225032595,reports_raw/600808_马钢股份/2025/1225032595.pdf,https://static.cninfo.com.cn/finalpage/2026-03-26/1225032595.PDF
600814,杭州解百,杭州解百集团股份有限公司2025年年度报告,2026-03-27 00:00:00,1225035317,reports_raw/600814_杭州解百/2025/1225035317.pdf,https://static.cninfo.com.cn/finalpage/2026-03-27/1225035317.PDF
600862,中航高科,中航高科2025年年度报告,2026-03-14 00:00:00,1225009637,reports_raw/600862_中航高科/2025/1225009637.pdf,https://static.cninfo.com.cn/finalpage/2026-03-14/1225009637.PDF
600973,宝胜股份,宝胜股份：2025年年度报告,2026-03-14 00:00:00,1225010132,reports_raw/600973_宝胜股份/2025/1225010132.pdf,https://static.cninfo.com.cn/finalpage/2026-03-14/1225010132.PDF
600989,宝丰能源,宁夏宝丰能源集团股份有限公司2025年年度报告,2026-03-13 00:00:00,1225006969,reports_raw/600989_宝丰能源/2025/1225006969.pdf,https://static.cninfo.com.cn/finalpage/2026-03-13/1225006969.PDF
601138,工业富联,富士康工业互联网股份有限公司2025年年度报告,2026-03-11 00:00:00,1225004420,reports_raw/601138_工业富联/2025/1225004420.pdf,https://static.cninfo.com.cn/finalpage/2026-03-11/1225004420.PDF
601139,深圳燃气,深圳燃气2025年年度报告,2026-03-31 00:00:00,1225055705,reports_raw/601139_深圳燃气/2025/1225055705.pdf,https://static.cninfo.com.cn/finalpage/2026-03-31/1225055705.PDF
601155,新城控股,新城控股2025年年度报告,2026-03-28 00:00:00,1225047506,reports_raw/601155_新城控股/2025/1225047506.pdf,https://static.cninfo.com.cn/finalpage/2026-03-28/1225047506.PDF
601156,东航物流,东航物流2025年年度报告,2026-03-28 00:00:00,1225048375,reports_raw/601156_东航物流/2025/1225048375.pdf,https://static.cninfo.com.cn/finalpage/2026-03-28/1225048375.PDF
601166,兴业银行,兴业银行2025年年度报告,2026-03-27 00:00:00,1225039240,reports_raw/601166_兴业银行/2025/1225039240.pdf,https://static.cninfo.com.cn/finalpage/2026-03-27/1225039240.PDF
601168,西部矿业,西部矿业2025年年度报告,2026-03-26 00:00:00,1225030831,reports_raw/601168_西部矿业/2025/1225030831.pdf,https://static.cninfo.com.cn/finalpage/2026-03-26/1225030831.PDF
601186,中国铁建,中国铁建2025年年度报告,2026-03-31 00:00:00,1225052234,reports_raw/601186_中国铁建/2025/1225052234.pdf,https://static.cninfo.com.cn/finalpage/2026-03-31/1225052234.PDF
601198,东兴证券,东兴证券股份有限公司2025年年度报告,2026-03-31 00:00:00,1225055968,reports_raw/601198_东兴证券/2025/1225055968.pdf,https://static.cninfo.com.cn/finalpage/2026-03-31/1225055968.PDF
601211,国泰海通,国泰海通证券股份有限公司2025年年度报告,2026-03-28 00:00:00,1225047952,reports_raw/601211_国泰海通/2025/1225047952.pdf,https://static.cninfo.com.cn/finalpage/2026-03-28/1225047952.PDF
601218,吉鑫科技,江苏吉鑫风能科技股份有限公司2025年年度报告,2026-03-31 00:00:00,1225051274,reports_raw/601218_吉鑫科技/2025/1225051274.pdf,https://static.cninfo.com.cn/finalpage/2026-03-31/1225051274.PDF
601226,华电科工,华电科工：2025年年度报告,2026-03-31 00:00:00,1225061319,reports_raw/601226_华电科工/2025/1225061319.pdf,https://static.cninfo.com.cn/finalpage/2026-03-31/1225061319.PDF
601236,红塔证券,红塔证券股份有限公司2025年年度报告,2026-03-28 00:00:00,1225042948,reports_raw/601236_红塔证券/2025/1225042948.pdf,https://static.cninfo.com.cn/finalpage/2026-03-28/1225042948.PDF
601238,广汽集团,广汽集团2025年年度报告,2026-03-28 00:00:00,1225047542,reports_raw/601238_广汽集团/2025/1225047542.pdf,https://static.cninfo.com.cn/finalpage/2026-03-28/1225047542.PDF
601279,英利汽车,长春英利汽车工业股份有限公司2025年年度报告,2026-03-31 00:00:00,1225063506,reports_raw/601279_英利汽车/2025/1225063506.pdf,https://static.cninfo.com.cn/finalpage/2026-03-31/1225063506.PDF
601298,青岛港,青岛港国际股份有限公司2025年年度报告,2026-03-28 00:00:00,1225041511,reports_raw/601298_青岛港/2025/1225041511.pdf,https://static.cninfo.com.cn/finalpage/2026-03-28/1225041511.PDF
601318,中国平安,中国平安2025年年度报告,2026-03-27 00:00:00,1225038263,reports_raw/601318_中国平安/2025/1225038263.pdf,https://static.cninfo.com.cn/finalpage/2026-03-27/1225038263.PDF
601319,中国人保,中国人保2025年年度报告,2026-03-27 00:00:00,1225037867,reports_raw/601319_中国人保/2025/1225037867.pdf,https://static.cninfo.com.cn/finalpage/2026-03-27/1225037867.PDF
601326,秦港股份,秦皇岛港股份有限公司2025年年度报告,2026-03-28 00:00:00,1225043811,reports_raw/601326_秦港股份/2025/1225043811.pdf,https://static.cninfo.com.cn/finalpage/2026-03-28/1225043811.PDF
601330,绿色动力,2025年年度报告,2026-03-28 00:00:00,1225043392,reports_raw/601330_绿色动力/2025/1225043392.pdf,https://static.cninfo.com.cn/finalpage/2026-03-28/1225043392.PDF
601333,广深铁路,广深铁路2025年年度报告,2026-03-31 00:00:00,1225055040,reports_raw/601333_广深铁路/2025/1225055040.pdf,https://static.cninfo.com.cn/finalpage/2026-03-31/1225055040.PDF
601336,新华保险,新华保险2025年年度报告,2026-03-28 00:00:00,1225047616,reports_raw/601336_新华保险/2025/1225047616.pdf,https://static.cninfo.com.cn/finalpage/2026-03-28/1225047616.PDF
601368,绿城水务,广西绿城水务集团股份有限公司2025年年度报告（上传版）,2026-03-27 00:00:00,1225035156,reports_raw/601368_绿城水务/2025/1225035156.pdf,https://static.cninfo.com.cn/finalpage/2026-03-27/1225035156.PDF
601375,中原证券,中原证券股份有限公司2025年年度报告,2026-03-28 00:00:00,1225048091,reports_raw/601375_中原证券/2025/1225048091.pdf,https://static.cninfo.com.cn/finalpage/2026-03-28/1225048091.PDF
601377,兴业证券,兴业证券2025年年度报告,2026-03-28 00:00:00,1225046462,reports_raw/601377_兴业证券/2025/1225046462.pdf,https://static.cninfo.com.cn/finalpage/2026-03-28/1225046462.PDF
601390,中国中铁,中国中铁2025年年度报告,2026-03-31 00:00:00,1225056528,reports_raw/601390_中国中铁/2025/1225056528.pdf,https://static.cninfo.com.cn/finalpage/2026-03-31/1225056528.PDF
601456,国联民生,国联民生证券股份有限公司2025年年度报告,2026-03-28 00:00:00,1225046913,reports_raw/601456_国联民生/2025/1225046913.pdf,https://static.cninfo.com.cn/finalpage/2026-03-28/1225046913.PDF
601519,大智慧,2025年年度报告,2026-03-21 00:00:00,1225021771,reports_raw/601519_大智慧/2025/1225021771.pdf,https://static.cninfo.com.cn/finalpage/2026-03-21/1225021771.PDF
601528,瑞丰银行,浙江绍兴瑞丰农村商业银行股份有限公司2025年年度报告,2026-03-27 00:00:00,1225036756,reports_raw/601528_瑞丰银行/2025/1225036756.pdf,https://static.cninfo.com.cn/finalpage/2026-03-27/1225036756.PDF
601588,北辰实业,北辰实业2025年年度报告,2026-03-28 00:00:00,1225047716,reports_raw/601588_北辰实业/2025/1225047716.pdf,https://static.cninfo.com.cn/finalpage/2026-03-28/1225047716.PDF
601598,中国外运,2025年年度报告,2026-03-31 00:00:00,1225062693,reports_raw/601598_中国外运/2025/1225062693.pdf,https://static.cninfo.com.cn/finalpage/2026-03-31/1225062693.PDF
601599,浙文影业,2025年年度报告,2026-03-31 00:00:00,1225050994,reports_raw/601599_浙文影业/2025/1225050994.pdf,https://static.cninfo.com.cn/finalpage/2026-03-31/1225050994.PDF
601600,中国铝业,中国铝业2025年年度报告（全文）,2026-03-28 00:00:00,1225048106,reports_raw/601600_中国铝业/2025/1225048106.pdf,https://static.cninfo.com.cn/finalpage/2026-03-28/1225048106.PDF
601601,中国太保,中国太保2025年年度报告,2026-03-27 00:00:00,1225035569,reports_raw/601601_中国太保/2025/1225035569.pdf,https://static.cninfo.com.cn/finalpage/2026-03-27/1225035569.PDF
601607,上海医药,上海医药集团股份有限公司2025年年度报告,2026-03-31 00:00:00,1225063837,reports_raw/601607_上海医药/2025/1225063837.pdf,https://static.cninfo.com.cn/finalpage/2026-03-31/1225063837.PDF
601608,中信重工,中信重工2025年年度报告,2026-03-14 00:00:00,1225009909,reports_raw/601608_中信重工/2025/1225009909.pdf,https://static.cninfo.com.cn/finalpage/2026-03-14/1225009909.PDF
601618,中国中冶,中国中冶2025年年度报告,2026-03-31 00:00:00,1225064610,reports_raw/601618_中国中冶/2025/1225064610.pdf,https://static.cninfo.com.cn/finalpage/2026-03-31/1225064610.PDF
601619,嘉泽新能,嘉泽新能源股份有限公司2025年年度报告,2026-03-28 00:00:00,1225047583,reports_raw/601619_嘉泽新能/2025/1225047583.pdf,https://static.cninfo.com.cn/finalpage/2026-03-28/1225047583.PDF
601628,中国人寿,中国人寿2025年年度报告,2026-03-26 00:00:00,1225030448,reports_raw/601628_中国人寿/2025/1225030448.pdf,https://static.cninfo.com.cn/finalpage/2026-03-26/1225030448.PDF
601633,长城汽车,长城汽车股份有限公司2025年年度报告,2026-03-28 00:00:00,1225047452,reports_raw/601633_长城汽车/2025/1225047452.pdf,https://static.cninfo.com.cn/finalpage/2026-03-28/1225047452.PDF
601658,邮储银行,中国邮政储蓄银行股份有限公司2025年年度报告,2026-03-28 00:00:00,1225046860,reports_raw/601658_邮储银行/2025/1225046860.pdf,https://static.cninfo.com.cn/finalpage/2026-03-28/1225046860.PDF
601688,华泰证券,华泰证券股份有限公司2025年年度报告,2026-03-31 00:00:00,1225050753,reports_raw/601688_华泰证券/2025/1225050753.pdf,https://static.cninfo.com.cn/finalpage/2026-03-31/1225050753.PDF
601689,拓普集团,拓普集团2025年年度报告,2026-03-24 00:00:00,1225026446,reports_raw/601689_拓普集团/2025/1225026446.pdf,https://static.cninfo.com.cn/finalpage/2026-03-24/1225026446.PDF
601702,华峰铝业,上海华峰铝业股份有限公司2025年年度报告,2026-03-26 00:00:00,1225030684,reports_raw/601702_华峰铝业/2025/1225030684.pdf,https://static.cninfo.com.cn/finalpage/2026-03-26/1225030684.PDF
601717,中创智领,中创智领（郑州）工业技术集团股份有限公司2025年年度报告,2026-03-31 00:00:00,1225060498,reports_raw/601717_中创智领/2025/1225060498.pdf,https://static.cninfo.com.cn/finalpage/2026-03-31/1225060498.PDF
601727,上海电气,上海电气2025年年度报告,2026-03-31 00:00:00,1225052328,reports_raw/601727_上海电气/2025/1225052328.pdf,https://static.cninfo.com.cn/finalpage/2026-03-31/1225052328.PDF
601728,中国电信,中国电信股份有限公司2025年年度报告,2026-03-25 00:00:00,1225027302,reports_raw/601728_中国电信/2025/1225027302.pdf,https://static.cninfo.com.cn/finalpage/2026-03-25/1225027302.PDF
601766,中国中车,中国中车2025年年度报告,2026-03-28 00:00:00,1225047457,reports_raw/601766_中国中车/2025/1225047457.pdf,https://static.cninfo.com.cn/finalpage/2026-03-28/1225047457.PDF
601788,光大证券,光大证券股份有限公司2025年年度报告,2026-03-27 00:00:00,1225035238,reports_raw/601788_光大证券/2025/1225035238.pdf,https://static.cninfo.com.cn/finalpage/2026-03-27/1225035238.PDF
601799,星宇股份,星宇股份2025年年度报告,2026-03-20 00:00:00,1225018561,reports_raw/601799_星宇股份/2025/1225018561.pdf,https://static.cninfo.com.cn/finalpage/2026-03-20/1225018561.PDF
601800,中国交建,中国交建2025年年度报告,2026-03-31 00:00:00,1225062556,reports_raw/601800_中国交建/2025/1225062556.pdf,https://static.cninfo.com.cn/finalpage/2026-03-31/1225062556.PDF
601808,中海油服,中海油服2025年年度报告,2026-03-25 00:00:00,1225028515,reports_raw/601808_中海油服/2025/1225028515.pdf,https://static.cninfo.com.cn/finalpage/2026-03-25/1225028515.PDF
601811,新华文轩,新华文轩2025年年度报告,2026-03-27 00:00:00,1225038033,reports_raw/601811_新华文轩/2025/1225038033.pdf,https://static.cninfo.com.cn/finalpage/2026-03-27/1225038033.PDF
601818,光大银行,中国光大银行股份有限公司2025年年度报告,2026-03-31 00:00:00,1225068417,reports_raw/601818_光大银行/2025/1225068417.pdf,https://static.cninfo.com.cn/finalpage/2026-03-31/1225068417.PDF
601827,三峰环境,2025年年度报告,2026-03-31 00:00:00,1225054792,reports_raw/601827_三峰环境/2025/1225054792.pdf,https://static.cninfo.com.cn/finalpage/2026-03-31/1225054792.PDF
601828,美凯龙,2025年年度报告,2026-03-31 00:00:00,1225063155,reports_raw/601828_美凯龙/2025/1225063155.pdf,https://static.cninfo.com.cn/finalpage/2026-03-31/1225063155.PDF
601865,福莱特,福莱特玻璃集团股份有限公司2025年年度报告,2026-03-27 00:00:00,1225035597,reports_raw/601865_福莱特/2025/1225035597.pdf,https://static.cninfo.com.cn/finalpage/2026-03-27/1225035597.PDF
601866,中远海发,中远海发2025年年度报告,2026-03-31 00:00:00,1225060271,reports_raw/601866_中远海发/2025/1225060271.pdf,https://static.cninfo.com.cn/finalpage/2026-03-31/1225060271.PDF
601868,中国能建,中国能源建设股份有限公司2025年年度报告,2026-03-28 00:00:00,1225047990,reports_raw/601868_中国能建/2025/1225047990.pdf,https://static.cninfo.com.cn/finalpage/2026-03-28/1225047990.PDF
601869,长飞光纤,长飞光纤光缆股份有限公司2025年年度报告,2026-03-28 00:00:00,1225048080,reports_raw/601869_长飞光纤/2025/1225048080.pdf,https://static.cninfo.com.cn/finalpage/2026-03-28/1225048080.PDF
601872,招商轮船,招商轮船2025年年度报告,2026-03-27 00:00:00,1225037458,reports_raw/601872_招商轮船/2025/1225037458.pdf,https://static.cninfo.com.cn/finalpage/2026-03-27/1225037458.PDF
601880,辽港股份,辽宁港口股份有限公司2025年年度报告全文,2026-03-27 00:00:00,1225035316,reports_raw/601880_辽港股份/2025/1225035316.pdf,https://static.cninfo.com.cn/finalpage/2026-03-27/1225035316.PDF
601882,海天精工,宁波海天精工股份有限公司2025年年度报告,2026-03-24 00:00:00,1225024525,reports_raw/601882_海天精工/2025/1225024525.pdf,https://static.cninfo.com.cn/finalpage/2026-03-24/1225024525.PDF
601886,江河集团,江河集团2025年年度报告全文,2026-03-20 00:00:00,1225019215,reports_raw/601886_江河集团/2025/1225019215.pdf,https://static.cninfo.com.cn/finalpage/2026-03-20/1225019215.PDF
601888,中国中免,中国旅游集团中免股份有限公司2025年年度报告,2026-03-31 00:00:00,1225063442,reports_raw/601888_中国中免/2025/1225063442.pdf,https://static.cninfo.com.cn/finalpage/2026-03-31/1225063442.PDF
601898,中煤能源,中国中煤能源股份有限公司2025年年度报告,2026-03-28 00:00:00,1225047161,reports_raw/601898_中煤能源/2025/1225047161.pdf,https://static.cninfo.com.cn/finalpage/2026-03-28/1225047161.PDF
601899,紫金矿业,紫金矿业集团股份有限公司2025年年度报告,2026-03-21 00:00:00,1225023658,reports_raw/601899_紫金矿业/2025/1225023658.pdf,https://static.cninfo.com.cn/finalpage/2026-03-21/1225023658.PDF
601901,方正证券,2025年年度报告,2026-03-31 00:00:00,1225052922,reports_raw/601901_方正证券/2025/1225052922.pdf,https://static.cninfo.com.cn/finalpage/2026-03-31/1225052922.PDF
601918,新集能源,新集能源2025年年度报告全文,2026-03-28 00:00:00,1225040764,reports_raw/601918_新集能源/2025/1225040764.pdf,https://static.cninfo.com.cn/finalpage/2026-03-28/1225040764.PDF
601919,中远海控,中远海控2025年年度报告,2026-03-20 00:00:00,1225019947,reports_raw/601919_中远海控/2025/1225019947.pdf,https://static.cninfo.com.cn/finalpage/2026-03-20/1225019947.PDF
601921,浙版传媒,浙江出版传媒股份有限公司2025年年度报告,2026-03-31 00:00:00,1225057743,reports_raw/601921_浙版传媒/2025/1225057743.pdf,https://static.cninfo.com.cn/finalpage/2026-03-31/1225057743.PDF
601969,海南矿业,海南矿业股份有限公司2025年年度报告,2026-03-25 00:00:00,1225027875,reports_raw/601969_海南矿业/2025/1225027875.pdf,https://static.cninfo.com.cn/finalpage/2026-03-25/1225027875.PDF
601975,招商南油,招商南油2025年年度报告,2026-03-31 00:00:00,1225059757,reports_raw/601975_招商南油/2025/1225059757.pdf,https://static.cninfo.com.cn/finalpage/2026-03-31/1225059757.PDF
601988,中国银行,H股公告-2025年年度报告,2026-03-31 00:00:00,1225058594,reports_raw/601988_中国银行/2025/1225058594.pdf,https://static.cninfo.com.cn/finalpage/2026-03-31/1225058594.PDF
601991,大唐发电,大唐发电2025年年度报告,2026-03-28 00:00:00,1225046476,reports_raw/601991_大唐发电/2025/1225046476.pdf,https://static.cninfo.com.cn/finalpage/2026-03-28/1225046476.PDF
601992,金隅集团,北京金隅集团股份有限公司2025年年度报告,2026-03-31 00:00:00,1225059795,reports_raw/601992_金隅集团/2025/1225059795.pdf,https://static.cninfo.com.cn/finalpage/2026-03-31/1225059795.PDF
601995,中金公司,中金公司2025年年度报告,2026-03-31 00:00:00,1225061991,reports_raw/601995_中金公司/2025/1225061991.pdf,https://static.cninfo.com.cn/finalpage/2026-03-31/1225061991.PDF
601996,丰林集团,广西丰林木业集团股份有限公司2025年年度报告,2026-03-28 00:00:00,1225047892,reports_raw/601996_丰林集团/2025/1225047892.pdf,https://static.cninfo.com.cn/finalpage/2026-03-28/1225047892.PDF
601998,中信银行,中信银行股份有限公司2025年年度报告,2026-03-21 00:00:00,1225022321,reports_raw/601998_中信银行/2025/1225022321.pdf,https://static.cninfo.com.cn/finalpage/2026-03-21/1225022321.PDF
603010,万盛股份,浙江万盛股份有限公司2025年年度报告,2026-03-24 00:00:00,1225025123,reports_raw/603010_万盛股份/2025/1225025123.pdf,https://static.cninfo.com.cn/finalpage/2026-03-24/1225025123.PDF
603013,亚普股份,亚普汽车部件股份有限公司2025年年度报告,2026-03-28 00:00:00,1225041185,reports_raw/603013_亚普股份/2025/1225041185.pdf,https://static.cninfo.com.cn/finalpage/2026-03-28/1225041185.PDF
603014,威高血净,山东威高血液净化制品股份有限公司2025年年度报告,2026-03-28 00:00:00,1225042936,reports_raw/603014_威高血净/2025/1225042936.pdf,https://static.cninfo.com.cn/finalpage/2026-03-28/1225042936.PDF
603025,大豪科技,北京大豪科技股份有限公司2025年年度报告,2026-03-25 00:00:00,1225028952,reports_raw/603025_大豪科技/2025/1225028952.pdf,https://static.cninfo.com.cn/finalpage/2026-03-25/1225028952.PDF
603026,石大胜华,石大胜华2025年年度报告,2026-03-31 00:00:00,1225062219,reports_raw/603026_石大胜华/2025/1225062219.pdf,https://static.cninfo.com.cn/finalpage/2026-03-31/1225062219.PDF
603029,天鹅股份,山东天鹅棉业机械股份有限公司2025年年度报告,2026-03-31 00:00:00,1225055059,reports_raw/603029_天鹅股份/2025/1225055059.pdf,https://static.cninfo.com.cn/finalpage/2026-03-31/1225055059.PDF
603031,安孚科技,安徽安孚电池科技股份有限公司2025年年度报告,2026-03-10 00:00:00,1225002593,reports_raw/603031_安孚科技/2025/1225002593.pdf,https://static.cninfo.com.cn/finalpage/2026-03-10/1225002593.PDF
603037,凯众股份,2025年年度报告,2026-03-31 00:00:00,1225053856,reports_raw/603037_凯众股份/2025/1225053856.pdf,https://static.cninfo.com.cn/finalpage/2026-03-31/1225053856.PDF
603039,泛微网络,泛微网络2025年年度报告,2026-03-31 00:00:00,1225058585,reports_raw/603039_泛微网络/2025/1225058585.pdf,https://static.cninfo.com.cn/finalpage/2026-03-31/1225058585.PDF
603043,广州酒家,广州酒家：2025年年度报告,2026-03-27 00:00:00,1225038504,reports_raw/603043_广州酒家/2025/1225038504.pdf,https://static.cninfo.com.cn/finalpage/2026-03-27/1225038504.PDF
603048,浙江黎明,2025年年度报告,2026-03-21 00:00:00,1225022841,reports_raw/603048_浙江黎明/2025/1225022841.pdf,https://static.cninfo.com.cn/finalpage/2026-03-21/1225022841.PDF
603050,科林电气,2025年年度报告,2026-03-28 00:00:00,1225040730,reports_raw/603050_科林电气/2025/1225040730.pdf,https://static.cninfo.com.cn/finalpage/2026-03-28/1225040730.PDF
603061,金海通,2025年年度报告,2026-03-11 00:00:00,1225004246,reports_raw/603061_金海通/2025/1225004246.pdf,https://static.cninfo.com.cn/finalpage/2026-03-11/1225004246.PDF
603062,麦加芯彩,2025年年度报告,2026-03-31 00:00:00,1225056541,reports_raw/603062_麦加芯彩/2025/1225056541.pdf,https://static.cninfo.com.cn/finalpage/2026-03-31/1225056541.PDF
603063,禾望电气,深圳市禾望电气股份有限公司2025年年度报告,2026-03-26 00:00:00,1225032683,reports_raw/603063_禾望电气/2025/1225032683.pdf,https://static.cninfo.com.cn/finalpage/2026-03-26/1225032683.PDF
603083,剑桥科技,2025年年度报告,2026-03-31 00:00:00,1225053610,reports_raw/603083_剑桥科技/2025/1225053610.pdf,https://static.cninfo.com.cn/finalpage/2026-03-31/1225053610.PDF
603093,南华期货,南华期货股份有限公司2025年年度报告,2026-03-28 00:00:00,1225046774,reports_raw/603093_南华期货/2025/1225046774.pdf,https://static.cninfo.com.cn/finalpage/2026-03-28/1225046774.PDF
603099,长白山,长白山旅游股份有限公司2025年年度报告,2026-03-27 00:00:00,1225034756,reports_raw/603099_长白山/2025/1225034756.pdf,https://static.cninfo.com.cn/finalpage/2026-03-27/1225034756.PDF
603109,神驰机电,2025年年度报告,2026-03-31 00:00:00,1225052992,reports_raw/603109_神驰机电/2025/1225052992.pdf,https://static.cninfo.com.cn/finalpage/2026-03-31/1225052992.PDF
603122,合富中国,合富中国2025年年度报告,2026-03-14 00:00:00,1225010346,reports_raw/603122_合富中国/2025/1225010346.pdf,https://static.cninfo.com.cn/finalpage/2026-03-14/1225010346.PDF
603123,翠微股份,翠微股份2025年年度报告,2026-03-28 00:00:00,1225042491,reports_raw/603123_翠微股份/2025/1225042491.pdf,https://static.cninfo.com.cn/finalpage/2026-03-28/1225042491.PDF
603126,中材节能,中材节能股份有限公司2025年年度报告,2026-03-31 00:00:00,1225062563,reports_raw/603126_中材节能/2025/1225062563.pdf,https://static.cninfo.com.cn/finalpage/2026-03-31/1225062563.PDF
603127,昭衍新药,昭衍新药2025年年度报告,2026-03-31 00:00:00,1225054470,reports_raw/603127_昭衍新药/2025/1225054470.pdf,https://static.cninfo.com.cn/finalpage/2026-03-31/1225054470.PDF
603130,云中马,浙江云中马股份有限公司2025年年度报告,2026-03-20 00:00:00,1225019337,reports_raw/603130_云中马/2025/1225019337.pdf,https://static.cninfo.com.cn/finalpage/2026-03-20/1225019337.PDF
603132,金徽股份,金徽股份2025年年度报告,2026-03-27 00:00:00,1225033911,reports_raw/603132_金徽股份/2025/1225033911.pdf,https://static.cninfo.com.cn/finalpage/2026-03-27/1225033911.PDF
603160,汇顶科技,2025年年度报告,2026-03-27 00:00:00,1225035507,reports_raw/603160_汇顶科技/2025/1225035507.pdf,https://static.cninfo.com.cn/finalpage/2026-03-27/1225035507.PDF
603162,海通发展,福建海通发展股份有限公司2025年年度报告,2026-03-20 00:00:00,1225018155,reports_raw/603162_海通发展/2025/1225018155.pdf,https://static.cninfo.com.cn/finalpage/2026-03-20/1225018155.PDF
603163,圣晖集成,圣晖集成2025年年度报告,2026-03-28 00:00:00,1225048509,reports_raw/603163_圣晖集成/2025/1225048509.pdf,https://static.cninfo.com.cn/finalpage/2026-03-28/1225048509.PDF
603166,福达股份,福达股份2025年年度报告,2026-03-26 00:00:00,1225030461,reports_raw/603166_福达股份/2025/1225030461.pdf,https://static.cninfo.com.cn/finalpage/2026-03-26/1225030461.PDF
603175,超颖电子,2025年年度报告,2026-03-31 00:00:00,1225051751,reports_raw/603175_超颖电子/2025/1225051751.pdf,https://static.cninfo.com.cn/finalpage/2026-03-31/1225051751.PDF
603179,新泉股份,江苏新泉汽车饰件股份有限公司2025年年度报告,2026-03-20 00:00:00,1225017741,reports_raw/603179_新泉股份/2025/1225017741.pdf,https://static.cninfo.com.cn/finalpage/2026-03-20/1225017741.PDF
603186,华正新材,浙江华正新材料股份有限公司2025年年度报告,2026-03-24 00:00:00,1225026426,reports_raw/603186_华正新材/2025/1225026426.pdf,https://static.cninfo.com.cn/finalpage/2026-03-24/1225026426.PDF
603196,璞源材料,2025年年度报告,2026-03-31 00:00:00,1225056256,reports_raw/603196_璞源材料/2025/1225056256.pdf,https://static.cninfo.com.cn/finalpage/2026-03-31/1225056256.PDF
603199,九华旅游,九华旅游2025年年度报告,2026-03-26 00:00:00,1225030775,reports_raw/603199_九华旅游/2025/1225030775.pdf,https://static.cninfo.com.cn/finalpage/2026-03-26/1225030775.PDF
603219,富佳股份,宁波富佳实业股份有限公司2025年年度报告,2026-03-21 00:00:00,1225022399,reports_raw/603219_富佳股份/2025/1225022399.pdf,https://static.cninfo.com.cn/finalpage/2026-03-21/1225022399.PDF
603227,雪峰科技,新疆雪峰科技（集团）股份有限公司2025年年度报告,2026-03-20 00:00:00,1225020019,reports_raw/603227_雪峰科技/2025/1225020019.pdf,https://static.cninfo.com.cn/finalpage/2026-03-20/1225020019.PDF
603228,景旺电子,深圳市景旺电子股份有限公司2025年年度报告,2026-03-28 00:00:00,1225046569,reports_raw/603228_景旺电子/2025/1225046569.pdf,https://static.cninfo.com.cn/finalpage/2026-03-28/1225046569.PDF
603259,药明康德,2025年年度报告,2026-03-24 00:00:00,1225025225,reports_raw/603259_药明康德/2025/1225025225.pdf,https://static.cninfo.com.cn/finalpage/2026-03-24/1225025225.PDF
603267,鸿远电子,鸿远电子2025年年度报告,2026-03-28 00:00:00,1225046338,reports_raw/603267_鸿远电子/2025/1225046338.pdf,https://static.cninfo.com.cn/finalpage/2026-03-28/1225046338.PDF
603268,*ST松发,2025年年度报告,2026-03-10 00:00:00,1225002333,reports_raw/603268_ST松发/2025/1225002333.pdf,https://static.cninfo.com.cn/finalpage/2026-03-10/1225002333.PDF
603270,金帝股份,山东金帝精密机械科技股份有限公司2025年年度报告,2026-03-31 00:00:00,1225056104,reports_raw/603270_金帝股份/2025/1225056104.pdf,https://static.cninfo.com.cn/finalpage/2026-03-31/1225056104.PDF
603271,永杰新材,永杰新材2025年年度报告,2026-03-31 00:00:00,1225057307,reports_raw/603271_永杰新材/2025/1225057307.pdf,https://static.cninfo.com.cn/finalpage/2026-03-31/1225057307.PDF
603286,日盈电子,2025年年度报告,2026-03-28 00:00:00,1225041008,reports_raw/603286_日盈电子/2025/1225041008.pdf,https://static.cninfo.com.cn/finalpage/2026-03-28/1225041008.PDF
603288,海天味业,海天味业2025年年度报告,2026-03-27 00:00:00,1225038237,reports_raw/603288_海天味业/2025/1225038237.pdf,https://static.cninfo.com.cn/finalpage/2026-03-27/1225038237.PDF
603296,华勤技术,华勤技术2025年年度报告,2026-03-24 00:00:00,1225025934,reports_raw/603296_华勤技术/2025/1225025934.pdf,https://static.cninfo.com.cn/finalpage/2026-03-24/1225025934.PDF
603303,得邦照明,横店集团得邦照明股份有限公司2025年年度报告,2026-03-21 00:00:00,1225022874,reports_raw/603303_得邦照明/2025/1225022874.pdf,https://static.cninfo.com.cn/finalpage/2026-03-21/1225022874.PDF
603312,西典新能,2025年年度报告,2026-03-28 00:00:00,1225043326,reports_raw/603312_西典新能/2025/1225043326.pdf,https://static.cninfo.com.cn/finalpage/2026-03-28/1225043326.PDF
603316,诚邦股份,诚邦生态环境股份有限公司2025年年度报告,2026-03-07 00:00:00,1225000542,reports_raw/603316_诚邦股份/2025/1225000542.pdf,https://static.cninfo.com.cn/finalpage/2026-03-07/1225000542.PDF
603317,天味食品,2025年年度报告,2026-03-12 00:00:00,1225005744,reports_raw/603317_天味食品/2025/1225005744.pdf,https://static.cninfo.com.cn/finalpage/2026-03-12/1225005744.PDF
603326,我乐家居,2025年年度报告,2026-03-31 00:00:00,1225062920,reports_raw/603326_我乐家居/2025/1225062920.pdf,https://static.cninfo.com.cn/finalpage/2026-03-31/1225062920.PDF
603328,依顿电子,2025年年度报告,2026-03-31 00:00:00,1225052329,reports_raw/603328_依顿电子/2025/1225052329.pdf,https://static.cninfo.com.cn/finalpage/2026-03-31/1225052329.PDF
603333,尚纬股份,尚纬股份有限公司2025年年度报告,2026-03-17 00:00:00,1225012758,reports_raw/603333_尚纬股份/2025/1225012758.pdf,https://static.cninfo.com.cn/finalpage/2026-03-17/1225012758.PDF
603341,龙旗科技,2025年年度报告,2026-03-31 00:00:00,1225059835,reports_raw/603341_龙旗科技/2025/1225059835.pdf,https://static.cninfo.com.cn/finalpage/2026-03-31/1225059835.PDF
603345,安井食品,安井食品2025年年度报告,2026-03-31 00:00:00,1225063456,reports_raw/603345_安井食品/2025/1225063456.pdf,https://static.cninfo.com.cn/finalpage/2026-03-31/1225063456.PDF
603357,设计总院,2025年年度报告,2026-03-28 00:00:00,1225047094,reports_raw/603357_设计总院/2025/1225047094.pdf,https://static.cninfo.com.cn/finalpage/2026-03-28/1225047094.PDF
603429,集友股份,集友股份2025年年度报告,2026-03-21 00:00:00,1225022164,reports_raw/603429_集友股份/2025/1225022164.pdf,https://static.cninfo.com.cn/finalpage/2026-03-21/1225022164.PDF
603444,吉比特,厦门吉比特网络技术股份有限公司2025年年度报告,2026-03-27 00:00:00,1225034641,reports_raw/603444_吉比特/2025/1225034641.pdf,https://static.cninfo.com.cn/finalpage/2026-03-27/1225034641.PDF
603501,豪威集团,2025年年度报告,2026-03-31 00:00:00,1225055056,reports_raw/603501_豪威集团/2025/1225055056.pdf,https://static.cninfo.com.cn/finalpage/2026-03-31/1225055056.PDF
603577,汇金通,汇金通2025年年度报告,2026-03-28 00:00:00,1225039948,reports_raw/603577_汇金通/2025/1225039948.pdf,https://static.cninfo.com.cn/finalpage/2026-03-28/1225039948.PDF
603588,高能环境,高能环境2025年年度报告,2026-03-13 00:00:00,1225007228,reports_raw/603588_高能环境/2025/1225007228.pdf,https://static.cninfo.com.cn/finalpage/2026-03-13/1225007228.PDF
603596,伯特利,伯特利2025年年度报告,2026-03-28 00:00:00,1225048434,reports_raw/603596_伯特利/2025/1225048434.pdf,https://static.cninfo.com.cn/finalpage/2026-03-28/1225048434.PDF
603606,东方电缆,东方电缆2025年年度报告,2026-03-28 00:00:00,1225047125,reports_raw/603606_东方电缆/2025/1225047125.pdf,https://static.cninfo.com.cn/finalpage/2026-03-28/1225047125.PDF
603611,诺力股份,诺力股份2025年年度报告,2026-03-26 00:00:00,1225030863,reports_raw/603611_诺力股份/2025/1225030863.pdf,https://static.cninfo.com.cn/finalpage/2026-03-26/1225030863.PDF
603656,泰禾智能,泰禾智能2025年年度报告,2026-03-28 00:00:00,1225043304,reports_raw/603656_泰禾智能/2025/1225043304.pdf,https://static.cninfo.com.cn/finalpage/2026-03-28/1225043304.PDF
603659,璞泰来,上海璞泰来新能源科技集团股份有限公司2025年年度报告,2026-03-06 00:00:00,1224998510,reports_raw/603659_璞泰来/2025/1224998510.pdf,https://static.cninfo.com.cn/finalpage/2026-03-06/1224998510.PDF
603677,奇精机械,2025年年度报告,2026-03-27 00:00:00,1225036094,reports_raw/603677_奇精机械/2025/1225036094.pdf,https://static.cninfo.com.cn/finalpage/2026-03-27/1225036094.PDF
603678,火炬电子,火炬电子2025年年度报告,2026-03-31 00:00:00,1225055912,reports_raw/603678_火炬电子/2025/1225055912.pdf,https://static.cninfo.com.cn/finalpage/2026-03-31/1225055912.PDF
603688,石英股份,江苏太平洋石英股份有限公司2025年年度报告,2026-03-28 00:00:00,1225041817,reports_raw/603688_石英股份/2025/1225041817.pdf,https://static.cninfo.com.cn/finalpage/2026-03-28/1225041817.PDF
603697,有友食品,有友食品2025年年度报告,2026-03-28 00:00:00,1225046868,reports_raw/603697_有友食品/2025/1225046868.pdf,https://static.cninfo.com.cn/finalpage/2026-03-28/1225046868.PDF
603698,航天工程,航天工程公司2025年年度报告,2026-03-31 00:00:00,1225057813,reports_raw/603698_航天工程/2025/1225057813.pdf,https://static.cninfo.com.cn/finalpage/2026-03-31/1225057813.PDF
603727,博迈科,博迈科海洋工程股份有限公司2025年年度报告,2026-03-21 00:00:00,1225021629,reports_raw/603727_博迈科/2025/1225021629.pdf,https://static.cninfo.com.cn/finalpage/2026-03-21/1225021629.PDF
603758,秦安股份,秦安股份2025年年度报告,2026-03-28 00:00:00,1225047393,reports_raw/603758_秦安股份/2025/1225047393.pdf,https://static.cninfo.com.cn/finalpage/2026-03-28/1225047393.PDF
603860,中公高科,中公高科2025年年度报告,2026-03-25 00:00:00,1225029622,reports_raw/603860_中公高科/2025/1225029622.pdf,https://static.cninfo.com.cn/finalpage/2026-03-25/1225029622.PDF
603909,建发合诚,建发合诚2025年年度报告,2026-03-21 00:00:00,1225021025,reports_raw/603909_建发合诚/2025/1225021025.pdf,https://static.cninfo.com.cn/finalpage/2026-03-21/1225021025.PDF
603912,佳力图,603912：佳力图2025年年度报告,2026-03-24 00:00:00,1225026036,reports_raw/603912_佳力图/2025/1225026036.pdf,https://static.cninfo.com.cn/finalpage/2026-03-24/1225026036.PDF
603919,金徽酒,金徽酒股份有限公司2025年年度报告,2026-03-21 00:00:00,1225023550,reports_raw/603919_金徽酒/2025/1225023550.pdf,https://static.cninfo.com.cn/finalpage/2026-03-21/1225023550.PDF
603929,亚翔集成,公司2025年年度报告全文,2026-03-13 00:00:00,1225006698,reports_raw/603929_亚翔集成/2025/1225006698.pdf,https://static.cninfo.com.cn/finalpage/2026-03-13/1225006698.PDF
603950,长源东谷,襄阳长源东谷实业股份有限公司2025年年度报告,2026-03-31 00:00:00,1225051128,reports_raw/603950_长源东谷/2025/1225051128.pdf,https://static.cninfo.com.cn/finalpage/2026-03-31/1225051128.PDF
603967,中创物流,中创物流股份有限公司2025年年度报告,2026-03-27 00:00:00,1225034960,reports_raw/603967_中创物流/2025/1225034960.pdf,https://static.cninfo.com.cn/finalpage/2026-03-27/1225034960.PDF
603985,恒润股份,江阴市恒润重工股份有限公司2025年年度报告,2026-03-26 00:00:00,1225031374,reports_raw/603985_恒润股份/2025/1225031374.pdf,https://static.cninfo.com.cn/finalpage/2026-03-26/1225031374.PDF
603986,兆易创新,兆易创新2025年年度报告,2026-03-31 00:00:00,1225061352,reports_raw/603986_兆易创新/2025/1225061352.pdf,https://static.cninfo.com.cn/finalpage/2026-03-31/1225061352.PDF
603990,麦迪科技,苏州麦迪斯顿医疗科技股份有限公司2025年年度报告,2026-03-18 00:00:00,1225015427,reports_raw/603990_麦迪科技/2025/1225015427.pdf,https://static.cninfo.com.cn/finalpage/2026-03-18/1225015427.PDF
603992,松霖科技,2025年年度报告,2026-03-31 00:00:00,1225064312,reports_raw/603992_松霖科技/2025/1225064312.pdf,https://static.cninfo.com.cn/finalpage/2026-03-31/1225064312.PDF
603993,洛阳钼业,洛阳钼业2025年年度报告,2026-03-28 00:00:00,1225046687,reports_raw/603993_洛阳钼业/2025/1225046687.pdf,https://static.cninfo.com.cn/finalpage/2026-03-28/1225046687.PDF
603997,继峰股份,继峰股份2025年年度报告,2026-03-28 00:00:00,1225047423,reports_raw/603997_继峰股份/2025/1225047423.pdf,https://static.cninfo.com.cn/finalpage/2026-03-28/1225047423.PDF
603999,读者传媒,读者出版传媒股份有限公司2025年年度报告,2026-03-27 00:00:00,1225036968,reports_raw/603999_读者传媒/2025/1225036968.pdf,https://static.cninfo.com.cn/finalpage/2026-03-27/1225036968.PDF
605028,世茂能源,宁波世茂能源股份有限公司2025年年度报告,2026-03-18 00:00:00,1225015215,reports_raw/605028_世茂能源/2025/1225015215.pdf,https://static.cninfo.com.cn/finalpage/2026-03-18/1225015215.PDF
605060,联德股份,联德股份2025年年度报告,2026-03-31 00:00:00,1225050734,reports_raw/605060_联德股份/2025/1225050734.pdf,https://static.cninfo.com.cn/finalpage/2026-03-31/1225050734.PDF
605111,新洁能,2025年年度报告,2026-03-27 00:00:00,1225037196,reports_raw/605111_新洁能/2025/1225037196.pdf,https://static.cninfo.com.cn/finalpage/2026-03-27/1225037196.PDF
605123,派克新材,派克新材2025年年度报告,2026-03-18 00:00:00,1225014158,reports_raw/605123_派克新材/2025/1225014158.pdf,https://static.cninfo.com.cn/finalpage/2026-03-18/1225014158.PDF
605136,丽人丽妆,上海丽人丽妆化妆品股份有限公司2025年年度报告,2026-03-28 00:00:00,1225048934,reports_raw/605136_丽人丽妆/2025/1225048934.pdf,https://static.cninfo.com.cn/finalpage/2026-03-28/1225048934.PDF
605155,西大门,2025年年度报告,2026-03-20 00:00:00,1225019447,reports_raw/605155_西大门/2025/1225019447.pdf,https://static.cninfo.com.cn/finalpage/2026-03-20/1225019447.PDF
605183,确成股份,2025年年度报告,2026-03-28 00:00:00,1225041841,reports_raw/605183_确成股份/2025/1225041841.pdf,https://static.cninfo.com.cn/finalpage/2026-03-28/1225041841.PDF
605198,安德利,安德利：2025年年度报告,2026-03-28 00:00:00,1225042437,reports_raw/605198_安德利/2025/1225042437.pdf,https://static.cninfo.com.cn/finalpage/2026-03-28/1225042437.PDF
605228,神通科技,2025年年度报告,2026-03-31 00:00:00,1225058933,reports_raw/605228_神通科技/2025/1225058933.pdf,https://static.cninfo.com.cn/finalpage/2026-03-31/1225058933.PDF
605299,舒华体育,舒华体育股份有限公司2025年年度报告,2026-03-11 00:00:00,1225004328,reports_raw/605299_舒华体育/2025/1225004328.pdf,https://static.cninfo.com.cn/finalpage/2026-03-11/1225004328.PDF
605339,南侨食品,南侨食品集团（上海）股份有限公司2025年年度报告,2026-03-10 00:00:00,1225002057,reports_raw/605339_南侨食品/2025/1225002057.pdf,https://static.cninfo.com.cn/finalpage/2026-03-10/1225002057.PDF
605499,东鹏饮料,东鹏饮料（集团）股份有限公司2025年年度报告,2026-03-31 00:00:00,1225063447,reports_raw/605499_东鹏饮料/2025/1225063447.pdf,https://static.cninfo.com.cn/finalpage/2026-03-31/1225063447.PDF
605507,国邦医药,国邦医药2025年年度报告,2026-03-28 00:00:00,1225040251,reports_raw/605507_国邦医药/2025/1225040251.pdf,https://static.cninfo.com.cn/finalpage/2026-03-28/1225040251.PDF
605588,冠石科技,2025年年度报告,2026-03-24 00:00:00,1225025311,reports_raw/605588_冠石科技/2025/1225025311.pdf,https://static.cninfo.com.cn/finalpage/2026-03-24/1225025311.PDF
688008,澜起科技,澜起科技2025年年度报告,2026-03-31 00:00:00,1225057736,reports_raw/688008_澜起科技/2025/1225057736.pdf,https://static.cninfo.com.cn/finalpage/2026-03-31/1225057736.PDF
688009,中国通号,2025年年度报告,2026-03-25 00:00:00,1225029523,reports_raw/688009_中国通号/2025/1225029523.pdf,https://static.cninfo.com.cn/finalpage/2026-03-25/1225029523.PDF
688012,中微公司,2025年年度报告,2026-03-31 00:00:00,1225062431,reports_raw/688012_中微公司/2025/1225062431.pdf,https://static.cninfo.com.cn/finalpage/2026-03-31/1225062431.PDF
688016,心脉医疗,心脉医疗：2025年年度报告,2026-03-31 00:00:00,1225063811,reports_raw/688016_心脉医疗/2025/1225063811.pdf,https://static.cninfo.com.cn/finalpage/2026-03-31/1225063811.PDF
688018,乐鑫科技,乐鑫科技2025年年度报告,2026-03-21 00:00:00,1225022455,reports_raw/688018_乐鑫科技/2025/1225022455.pdf,https://static.cninfo.com.cn/finalpage/2026-03-21/1225022455.PDF
688023,安恒信息,2025年年度报告,2026-03-26 00:00:00,1225031730,reports_raw/688023_安恒信息/2025/1225031730.pdf,https://static.cninfo.com.cn/finalpage/2026-03-26/1225031730.PDF
688025,杰普特,深圳市杰普特光电股份有限公司2025年年度报告,2026-03-28 00:00:00,1225048090,reports_raw/688025_杰普特/2025/1225048090.pdf,https://static.cninfo.com.cn/finalpage/2026-03-28/1225048090.PDF
688027,国盾量子,2025年年度报告（XBRL版本）,2026-03-25 00:00:00,1225028050,reports_raw/688027_国盾量子/2025/1225028050.pdf,https://static.cninfo.com.cn/finalpage/2026-03-25/1225028050.PDF
688030,山石网科,2025年年度报告,2026-03-28 00:00:00,1225047617,reports_raw/688030_山石网科/2025/1225047617.pdf,https://static.cninfo.com.cn/finalpage/2026-03-28/1225047617.PDF
688031,星环科技,2025年年度报告,2026-03-25 00:00:00,1225028771,reports_raw/688031_星环科技/2025/1225028771.pdf,https://static.cninfo.com.cn/finalpage/2026-03-25/1225028771.PDF
688036,传音控股,传音控股2025年年度报告,2026-03-28 00:00:00,1225047544,reports_raw/688036_传音控股/2025/1225047544.pdf,https://static.cninfo.com.cn/finalpage/2026-03-28/1225047544.PDF
688045,必易微,必易微2025年年度报告,2026-03-14 00:00:00,1225009277,reports_raw/688045_必易微/2025/1225009277.pdf,https://static.cninfo.com.cn/finalpage/2026-03-14/1225009277.PDF
688049,炬芯科技,2025年年度报告,2026-03-30 00:00:00,1225049465,reports_raw/688049_炬芯科技/2025/1225049465.pdf,https://static.cninfo.com.cn/finalpage/2026-03-30/1225049465.PDF
688052,纳芯微,2025年年度报告,2026-03-31 00:00:00,1225059424,reports_raw/688052_纳芯微/2025/1225059424.pdf,https://static.cninfo.com.cn/finalpage/2026-03-31/1225059424.PDF
688062,迈威生物,迈威生物2025年年度报告,2026-03-25 00:00:00,1225029241,reports_raw/688062_迈威生物/2025/1225029241.pdf,https://static.cninfo.com.cn/finalpage/2026-03-25/1225029241.PDF
688077,大地熊,大地熊2025年年度报告,2026-03-28 00:00:00,1225046624,reports_raw/688077_大地熊/2025/1225046624.pdf,https://static.cninfo.com.cn/finalpage/2026-03-28/1225046624.PDF
688079,美迪凯,杭州美迪凯光电科技股份有限公司2025年年度报告,2026-03-31 00:00:00,1225064433,reports_raw/688079_美迪凯/2025/1225064433.pdf,https://static.cninfo.com.cn/finalpage/2026-03-31/1225064433.PDF
688099,晶晨股份,晶晨股份2025年年度报告,2026-03-31 00:00:00,1225058928,reports_raw/688099_晶晨股份/2025/1225058928.pdf,https://static.cninfo.com.cn/finalpage/2026-03-31/1225058928.PDF
688106,金宏气体,金宏气体：2025年年度报告,2026-03-28 00:00:00,1225047235,reports_raw/688106_金宏气体/2025/1225047235.pdf,https://static.cninfo.com.cn/finalpage/2026-03-28/1225047235.PDF
688107,安路科技,安路科技2025年年度报告,2026-03-31 00:00:00,1225059258,reports_raw/688107_安路科技/2025/1225059258.pdf,https://static.cninfo.com.cn/finalpage/2026-03-31/1225059258.PDF
688108,赛诺医疗,赛诺医疗科学技术股份有限公司2025年年度报告,2026-03-26 00:00:00,1225032423,reports_raw/688108_赛诺医疗/2025/1225032423.pdf,https://static.cninfo.com.cn/finalpage/2026-03-26/1225032423.PDF
688111,金山办公,金山办公2025年年度报告,2026-03-26 00:00:00,1225032227,reports_raw/688111_金山办公/2025/1225032227.pdf,https://static.cninfo.com.cn/finalpage/2026-03-26/1225032227.PDF
688112,鼎阳科技,鼎阳科技2025年年度报告,2026-03-25 00:00:00,1225028414,reports_raw/688112_鼎阳科技/2025/1225028414.pdf,https://static.cninfo.com.cn/finalpage/2026-03-25/1225028414.PDF
688123,聚辰股份,聚辰股份2025年年度报告,2026-03-21 00:00:00,1225021661,reports_raw/688123_聚辰股份/2025/1225021661.pdf,https://static.cninfo.com.cn/finalpage/2026-03-21/1225021661.PDF
688127,蓝特光学,2025年年度报告,2026-03-17 00:00:00,1225013060,reports_raw/688127_蓝特光学/2025/1225013060.pdf,https://static.cninfo.com.cn/finalpage/2026-03-17/1225013060.PDF
688139,海尔生物,海尔生物2025年年度报告,2026-03-28 00:00:00,1225047839,reports_raw/688139_海尔生物/2025/1225047839.pdf,https://static.cninfo.com.cn/finalpage/2026-03-28/1225047839.PDF
688141,杰华特,2025年年度报告,2026-03-31 00:00:00,1225064247,reports_raw/688141_杰华特/2025/1225064247.pdf,https://static.cninfo.com.cn/finalpage/2026-03-31/1225064247.PDF
688161,威高骨科,山东威高骨科材料股份有限公司2025年年度报告,2026-03-28 00:00:00,1225047100,reports_raw/688161_威高骨科/2025/1225047100.pdf,https://static.cninfo.com.cn/finalpage/2026-03-28/1225047100.PDF
688166,博瑞医药,2025年年度报告,2026-03-20 00:00:00,1225019750,reports_raw/688166_博瑞医药/2025/1225019750.pdf,https://static.cninfo.com.cn/finalpage/2026-03-20/1225019750.PDF
688180,君实生物,君实生物2025年年度报告,2026-03-14 00:00:00,1225009180,reports_raw/688180_君实生物/2025/1225009180.pdf,https://static.cninfo.com.cn/finalpage/2026-03-14/1225009180.PDF
688185,康希诺,2025年年度报告,2026-03-31 00:00:00,1225063927,reports_raw/688185_康希诺/2025/1225063927.pdf,https://static.cninfo.com.cn/finalpage/2026-03-31/1225063927.PDF
688187,时代电气,株洲中车时代股份有限公司2025年年度报告,2026-03-28 00:00:00,1225041946,reports_raw/688187_时代电气/2025/1225041946.pdf,https://static.cninfo.com.cn/finalpage/2026-03-28/1225041946.PDF
688190,云路股份,2025年年度报告,2026-03-31 00:00:00,1225058703,reports_raw/688190_云路股份/2025/1225058703.pdf,https://static.cninfo.com.cn/finalpage/2026-03-31/1225058703.PDF
688192,迪哲医药,迪哲医药：2025年年度报告,2026-03-31 00:00:00,1225059129,reports_raw/688192_迪哲医药/2025/1225059129.pdf,https://static.cninfo.com.cn/finalpage/2026-03-31/1225059129.PDF
688208,道通科技,道通科技2025年年度报告,2026-03-21 00:00:00,1225023004,reports_raw/688208_道通科技/2025/1225023004.pdf,https://static.cninfo.com.cn/finalpage/2026-03-21/1225023004.PDF
688213,思特威,2025年年度报告,2026-03-28 00:00:00,1225047323,reports_raw/688213_思特威/2025/1225047323.pdf,https://static.cninfo.com.cn/finalpage/2026-03-28/1225047323.PDF
688220,翱捷科技,2025年年度报告,2026-03-31 00:00:00,1225059680,reports_raw/688220_翱捷科技/2025/1225059680.pdf,https://static.cninfo.com.cn/finalpage/2026-03-31/1225059680.PDF
688233,神工股份,锦州神工半导体股份有限公司2025年年度报告,2026-03-21 00:00:00,1225023708,reports_raw/688233_神工股份/2025/1225023708.pdf,https://static.cninfo.com.cn/finalpage/2026-03-21/1225023708.PDF
688234,天岳先进,山东天岳先进科技股份有限公司2025年年度报告,2026-03-28 00:00:00,1225049103,reports_raw/688234_天岳先进/2025/1225049103.pdf,https://static.cninfo.com.cn/finalpage/2026-03-28/1225049103.PDF
688236,春立医疗,2025年年度报告,2026-03-31 00:00:00,1225064542,reports_raw/688236_春立医疗/2025/1225064542.pdf,https://static.cninfo.com.cn/finalpage/2026-03-31/1225064542.PDF
688248,南网科技,南网科技：2025年年度报告,2026-03-31 00:00:00,1225059243,reports_raw/688248_南网科技/2025/1225059243.pdf,https://static.cninfo.com.cn/finalpage/2026-03-31/1225059243.PDF
688249,晶合集成,晶合集成2025年年度报告,2026-03-27 00:00:00,1225037053,reports_raw/688249_晶合集成/2025/1225037053.pdf,https://static.cninfo.com.cn/finalpage/2026-03-27/1225037053.PDF
688256,寒武纪,2025年年度报告,2026-03-13 00:00:00,1225007336,reports_raw/688256_寒武纪/2025/1225007336.pdf,https://static.cninfo.com.cn/finalpage/2026-03-13/1225007336.PDF
688266,泽璟制药,泽璟制药2025年年度报告,2026-03-28 00:00:00,1225048187,reports_raw/688266_泽璟制药/2025/1225048187.pdf,https://static.cninfo.com.cn/finalpage/2026-03-28/1225048187.PDF
688278,特宝生物,特宝生物：2025年年度报告,2026-03-27 00:00:00,1225038165,reports_raw/688278_特宝生物/2025/1225038165.pdf,https://static.cninfo.com.cn/finalpage/2026-03-27/1225038165.PDF
688279,峰岹科技,2025年年度报告,2026-03-28 00:00:00,1225048468,reports_raw/688279_峰岹科技/2025/1225048468.pdf,https://static.cninfo.com.cn/finalpage/2026-03-28/1225048468.PDF
688282,理工导航,北京理工导航控制科技股份有限公司2025年年度报告,2026-03-31 00:00:00,1225060539,reports_raw/688282_理工导航/2025/1225060539.pdf,https://static.cninfo.com.cn/finalpage/2026-03-31/1225060539.PDF
688285,高铁电气,高铁电气：2025年年度报告,2026-03-26 00:00:00,1225031969,reports_raw/688285_高铁电气/2025/1225031969.pdf,https://static.cninfo.com.cn/finalpage/2026-03-26/1225031969.PDF
688291,金橙子,2025年年度报告,2026-03-31 00:00:00,1225056954,reports_raw/688291_金橙子/2025/1225056954.pdf,https://static.cninfo.com.cn/finalpage/2026-03-31/1225056954.PDF
688295,中复神鹰,2025年年度报告,2026-03-26 00:00:00,1225032175,reports_raw/688295_中复神鹰/2025/1225032175.pdf,https://static.cninfo.com.cn/finalpage/2026-03-26/1225032175.PDF
688297,中无人机,中无人机2025年年度报告,2026-03-17 00:00:00,1225012993,reports_raw/688297_中无人机/2025/1225012993.pdf,https://static.cninfo.com.cn/finalpage/2026-03-17/1225012993.PDF
688301,奕瑞科技,奕瑞科技2025年年度报告,2026-03-31 00:00:00,1225063674,reports_raw/688301_奕瑞科技/2025/1225063674.pdf,https://static.cninfo.com.cn/finalpage/2026-03-31/1225063674.PDF
688307,中润光学,2025年年度报告,2026-03-28 00:00:00,1225047612,reports_raw/688307_中润光学/2025/1225047612.pdf,https://static.cninfo.com.cn/finalpage/2026-03-28/1225047612.PDF
688314,康拓医疗,西安康拓医疗技术股份有限公司2025年年度报告,2026-03-31 00:00:00,1225055004,reports_raw/688314_康拓医疗/2025/1225055004.pdf,https://static.cninfo.com.cn/finalpage/2026-03-31/1225055004.PDF
688318,财富趋势,2025年年度报告,2026-03-31 00:00:00,1225061353,reports_raw/688318_财富趋势/2025/1225061353.pdf,https://static.cninfo.com.cn/finalpage/2026-03-31/1225061353.PDF
688319,欧林生物,成都欧林生物科技股份有限公司2025年年度报告,2026-03-31 00:00:00,1225064011,reports_raw/688319_欧林生物/2025/1225064011.pdf,https://static.cninfo.com.cn/finalpage/2026-03-31/1225064011.PDF
688321,微芯生物,2025年年度报告,2026-03-31 00:00:00,1225062955,reports_raw/688321_微芯生物/2025/1225062955.pdf,https://static.cninfo.com.cn/finalpage/2026-03-31/1225062955.PDF
688331,荣昌生物,荣昌生物2025年年度报告,2026-03-28 00:00:00,1225047293,reports_raw/688331_荣昌生物/2025/1225047293.pdf,https://static.cninfo.com.cn/finalpage/2026-03-28/1225047293.PDF
688336,三生国健,三生国健：2025年年度报告,2026-03-31 00:00:00,1225062013,reports_raw/688336_三生国健/2025/1225062013.pdf,https://static.cninfo.com.cn/finalpage/2026-03-31/1225062013.PDF
688337,普源精电,普源精电科技股份有限公司2025年年度报告,2026-03-26 00:00:00,1225031855,reports_raw/688337_普源精电/2025/1225031855.pdf,https://static.cninfo.com.cn/finalpage/2026-03-26/1225031855.PDF
688345,博力威,广东博力威科技股份有限公司2025年年度报告,2026-03-10 00:00:00,1225002394,reports_raw/688345_博力威/2025/1225002394.pdf,https://static.cninfo.com.cn/finalpage/2026-03-10/1225002394.PDF
688347,华虹公司,2025年年度报告,2026-03-27 00:00:00,1225039291,reports_raw/688347_华虹公司/2025/1225039291.pdf,https://static.cninfo.com.cn/finalpage/2026-03-27/1225039291.PDF
688351,微电生理,2025年年度报告,2026-03-31 00:00:00,1225052884,reports_raw/688351_微电生理/2025/1225052884.pdf,https://static.cninfo.com.cn/finalpage/2026-03-31/1225052884.PDF
688353,华盛锂电,江苏华盛锂电材料股份有限公司2025年年度报告,2026-03-31 00:00:00,1225053046,reports_raw/688353_华盛锂电/2025/1225053046.pdf,https://static.cninfo.com.cn/finalpage/2026-03-31/1225053046.PDF
688366,昊海生科,上海昊海生物科技股份有限公司2025年年度报告,2026-03-21 00:00:00,1225022296,reports_raw/688366_昊海生科/2025/1225022296.pdf,https://static.cninfo.com.cn/finalpage/2026-03-21/1225022296.PDF
688373,盟科药业,上海盟科药业股份有限公司2025年年度报告,2026-03-28 00:00:00,1225042763,reports_raw/688373_盟科药业/2025/1225042763.pdf,https://static.cninfo.com.cn/finalpage/2026-03-28/1225042763.PDF
688380,中微半导,2025年年度报告,2026-03-20 00:00:00,1225018914,reports_raw/688380_中微半导/2025/1225018914.pdf,https://static.cninfo.com.cn/finalpage/2026-03-20/1225018914.PDF
688385,复旦微电,2025年年度报告,2026-03-28 00:00:00,1225048638,reports_raw/688385_复旦微电/2025/1225048638.pdf,https://static.cninfo.com.cn/finalpage/2026-03-28/1225048638.PDF
688392,骄成超声,2025年年度报告,2026-03-31 00:00:00,1225063065,reports_raw/688392_骄成超声/2025/1225063065.pdf,https://static.cninfo.com.cn/finalpage/2026-03-31/1225063065.PDF
688403,汇成股份,2025年年度报告,2026-03-20 00:00:00,1225019963,reports_raw/688403_汇成股份/2025/1225019963.pdf,https://static.cninfo.com.cn/finalpage/2026-03-20/1225019963.PDF
688419,耐科装备,安徽耐科装备科技股份有限公司2025年年度报告,2026-03-21 00:00:00,1225022014,reports_raw/688419_耐科装备/2025/1225022014.pdf,https://static.cninfo.com.cn/finalpage/2026-03-21/1225022014.PDF
688425,铁建重工,中国铁建重工集团股份有限公司2025年年度报告,2026-03-21 00:00:00,1225021863,reports_raw/688425_铁建重工/2025/1225021863.pdf,https://static.cninfo.com.cn/finalpage/2026-03-21/1225021863.PDF
688428,诺诚健华,诺诚健华医药有限公司2025年年度报告,2026-03-26 00:00:00,1225032283,reports_raw/688428_诺诚健华/2025/1225032283.pdf,https://static.cninfo.com.cn/finalpage/2026-03-26/1225032283.PDF
688432,有研硅,有研硅2025年年度报告,2026-03-27 00:00:00,1225037327,reports_raw/688432_有研硅/2025/1225037327.pdf,https://static.cninfo.com.cn/finalpage/2026-03-27/1225037327.PDF
688433,华曙高科,2025年年度报告,2026-03-28 00:00:00,1225043860,reports_raw/688433_华曙高科/2025/1225043860.pdf,https://static.cninfo.com.cn/finalpage/2026-03-28/1225043860.PDF
688488,艾迪药业,艾迪药业2025年年度报告,2026-03-31 00:00:00,1225062501,reports_raw/688488_艾迪药业/2025/1225062501.pdf,https://static.cninfo.com.cn/finalpage/2026-03-31/1225062501.PDF
688489,三未信安,2025年年度报告,2026-03-31 00:00:00,1225055943,reports_raw/688489_三未信安/2025/1225055943.pdf,https://static.cninfo.com.cn/finalpage/2026-03-31/1225055943.PDF
688498,源杰科技,陕西源杰半导体科技股份有限公司2025年年度报告,2026-03-25 00:00:00,1225028582,reports_raw/688498_源杰科技/2025/1225028582.pdf,https://static.cninfo.com.cn/finalpage/2026-03-25/1225028582.PDF
688503,聚和材料,2025年年度报告,2026-03-31 00:00:00,1225060850,reports_raw/688503_聚和材料/2025/1225060850.pdf,https://static.cninfo.com.cn/finalpage/2026-03-31/1225060850.PDF
688505,复旦张江,复旦张江2025年年度报告,2026-03-31 00:00:00,1225062926,reports_raw/688505_复旦张江/2025/1225062926.pdf,https://static.cninfo.com.cn/finalpage/2026-03-31/1225062926.PDF
688508,芯朋微,2025年年度报告,2026-03-14 00:00:00,1225010022,reports_raw/688508_芯朋微/2025/1225010022.pdf,https://static.cninfo.com.cn/finalpage/2026-03-14/1225010022.PDF
688519,南亚新材,2025年年度报告,2026-03-26 00:00:00,1225031388,reports_raw/688519_南亚新材/2025/1225031388.pdf,https://static.cninfo.com.cn/finalpage/2026-03-26/1225031388.PDF
688521,芯原股份,2025年年度报告,2026-03-31 00:00:00,1225060349,reports_raw/688521_芯原股份/2025/1225060349.pdf,https://static.cninfo.com.cn/finalpage/2026-03-31/1225060349.PDF
688525,佰维存储,2025年年度报告,2026-03-20 00:00:00,1225020225,reports_raw/688525_佰维存储/2025/1225020225.pdf,https://static.cninfo.com.cn/finalpage/2026-03-20/1225020225.PDF
688535,华海诚科,江苏华海诚科新材料股份有限公司2025年年度报告,2026-03-18 00:00:00,1225014871,reports_raw/688535_华海诚科/2025/1225014871.pdf,https://static.cninfo.com.cn/finalpage/2026-03-18/1225014871.PDF
688536,思瑞浦,2025年年度报告,2026-03-31 00:00:00,1225060234,reports_raw/688536_思瑞浦/2025/1225060234.pdf,https://static.cninfo.com.cn/finalpage/2026-03-31/1225060234.PDF
688543,国科军工,江西国科军工集团股份有限公司2025年年度报告,2026-03-31 00:00:00,1225055483,reports_raw/688543_国科军工/2025/1225055483.pdf,https://static.cninfo.com.cn/finalpage/2026-03-31/1225055483.PDF
688545,兴福电子,湖北兴福电子材料股份有限公司2025年年度报告,2026-03-31 00:00:00,1225059665,reports_raw/688545_兴福电子/2025/1225059665.pdf,https://static.cninfo.com.cn/finalpage/2026-03-31/1225059665.PDF
688556,高测股份,2025年年度报告,2026-03-31 00:00:00,1225063026,reports_raw/688556_高测股份/2025/1225063026.pdf,https://static.cninfo.com.cn/finalpage/2026-03-31/1225063026.PDF
688562,航天软件,北京神舟航天软件技术股份有限公司2025年年度报告,2026-03-31 00:00:00,1225059252,reports_raw/688562_航天软件/2025/1225059252.pdf,https://static.cninfo.com.cn/finalpage/2026-03-31/1225059252.PDF
688569,铁科轨道,铁科轨道2025年年度报告,2026-03-28 00:00:00,1225041453,reports_raw/688569_铁科轨道/2025/1225041453.pdf,https://static.cninfo.com.cn/finalpage/2026-03-28/1225041453.PDF
688570,天玛智控,天玛智控2025年年度报告,2026-03-27 00:00:00,1225033609,reports_raw/688570_天玛智控/2025/1225033609.pdf,https://static.cninfo.com.cn/finalpage/2026-03-27/1225033609.PDF
688582,芯动联科,2025年年度报告,2026-03-24 00:00:00,1225025950,reports_raw/688582_芯动联科/2025/1225025950.pdf,https://static.cninfo.com.cn/finalpage/2026-03-24/1225025950.PDF
688584,上海合晶,上海合晶2025年年度报告,2026-03-14 00:00:00,1225010324,reports_raw/688584_上海合晶/2025/1225010324.pdf,https://static.cninfo.com.cn/finalpage/2026-03-14/1225010324.PDF
688585,上纬新材,2025年年度报告,2026-03-31 00:00:00,1225063383,reports_raw/688585_上纬新材/2025/1225063383.pdf,https://static.cninfo.com.cn/finalpage/2026-03-31/1225063383.PDF
688586,江航装备,江航装备2025年年度报告,2026-03-17 00:00:00,1225012152,reports_raw/688586_江航装备/2025/1225012152.pdf,https://static.cninfo.com.cn/finalpage/2026-03-17/1225012152.PDF
688589,力合微,2025年年度报告,2026-03-27 00:00:00,1225037136,reports_raw/688589_力合微/2025/1225037136.pdf,https://static.cninfo.com.cn/finalpage/2026-03-27/1225037136.PDF
688595,芯海科技,芯海科技2025年年度报告,2026-03-31 00:00:00,1225064570,reports_raw/688595_芯海科技/2025/1225064570.pdf,https://static.cninfo.com.cn/finalpage/2026-03-31/1225064570.PDF
688608,恒玄科技,2025年年度报告,2026-03-27 00:00:00,1225037702,reports_raw/688608_恒玄科技/2025/1225037702.pdf,https://static.cninfo.com.cn/finalpage/2026-03-27/1225037702.PDF
688610,埃科光电,2025年年度报告,2026-03-31 00:00:00,1225059687,reports_raw/688610_埃科光电/2025/1225059687.pdf,https://static.cninfo.com.cn/finalpage/2026-03-31/1225059687.PDF
688615,合合信息,上海合合信息科技股份有限公司2025年年度报告,2026-03-17 00:00:00,1225013125,reports_raw/688615_合合信息/2025/1225013125.pdf,https://static.cninfo.com.cn/finalpage/2026-03-17/1225013125.PDF
688617,惠泰医疗,2025年年度报告,2026-03-25 00:00:00,1225029311,reports_raw/688617_惠泰医疗/2025/1225029311.pdf,https://static.cninfo.com.cn/finalpage/2026-03-25/1225029311.PDF
688630,芯碁微装,2025年年度报告,2026-03-14 00:00:00,1225007990,reports_raw/688630_芯碁微装/2025/1225007990.pdf,https://static.cninfo.com.cn/finalpage/2026-03-14/1225007990.PDF
688636,智明达,成都智明达电子股份有限公司2025年年度报告,2026-03-26 00:00:00,1225031432,reports_raw/688636_智明达/2025/1225031432.pdf,https://static.cninfo.com.cn/finalpage/2026-03-26/1225031432.PDF
688639,华恒生物,安徽华恒生物科技股份有限公司2025年年度报告,2026-03-18 00:00:00,1225015010,reports_raw/688639_华恒生物/2025/1225015010.pdf,https://static.cninfo.com.cn/finalpage/2026-03-18/1225015010.PDF
688652,京仪装备,北京京仪自动化装备技术股份有限公司2025年年度报告,2026-03-31 00:00:00,1225056304,reports_raw/688652_京仪装备/2025/1225056304.pdf,https://static.cninfo.com.cn/finalpage/2026-03-31/1225056304.PDF
688655,迅捷兴,2025年年度报告,2026-03-28 00:00:00,1225048380,reports_raw/688655_迅捷兴/2025/1225048380.pdf,https://static.cninfo.com.cn/finalpage/2026-03-28/1225048380.PDF
688656,浩欧博,江苏浩欧博生物医药股份有限公司2025年年度报告,2026-03-18 00:00:00,1225014818,reports_raw/688656_浩欧博/2025/1225014818.pdf,https://static.cninfo.com.cn/finalpage/2026-03-18/1225014818.PDF
688657,浩辰软件,苏州浩辰软件股份有限公司2025年年度报告,2026-03-28 00:00:00,1225046847,reports_raw/688657_浩辰软件/2025/1225046847.pdf,https://static.cninfo.com.cn/finalpage/2026-03-28/1225046847.PDF
688658,悦康药业,2025年年度报告,2026-03-21 00:00:00,1225022426,reports_raw/688658_悦康药业/2025/1225022426.pdf,https://static.cninfo.com.cn/finalpage/2026-03-21/1225022426.PDF
688660,电气风电,上海电气风电集团股份有限公司2025年年度报告,2026-03-28 00:00:00,1225048671,reports_raw/688660_电气风电/2025/1225048671.pdf,https://static.cninfo.com.cn/finalpage/2026-03-28/1225048671.PDF
688661,和林微纳,2025年年度报告,2026-03-31 00:00:00,1225060336,reports_raw/688661_和林微纳/2025/1225060336.pdf,https://static.cninfo.com.cn/finalpage/2026-03-31/1225060336.PDF
688668,鼎通科技,2025年年度报告,2026-03-31 00:00:00,1225054475,reports_raw/688668_鼎通科技/2025/1225054475.pdf,https://static.cninfo.com.cn/finalpage/2026-03-31/1225054475.PDF
688676,金盘科技,2025年年度报告,2026-03-21 00:00:00,1225021733,reports_raw/688676_金盘科技/2025/1225021733.pdf,https://static.cninfo.com.cn/finalpage/2026-03-21/1225021733.PDF
688678,福立旺,2025年年度报告,2026-03-18 00:00:00,1225015377,reports_raw/688678_福立旺/2025/1225015377.pdf,https://static.cninfo.com.cn/finalpage/2026-03-18/1225015377.PDF
688696,极米科技,2025年年度报告全文,2026-03-31 00:00:00,1225055991,reports_raw/688696_极米科技/2025/1225055991.pdf,https://static.cninfo.com.cn/finalpage/2026-03-31/1225055991.PDF
688722,同益中,同益中2025年年度报告,2026-03-31 00:00:00,1225061525,reports_raw/688722_同益中/2025/1225061525.pdf,https://static.cninfo.com.cn/finalpage/2026-03-31/1225061525.PDF
688737,中自科技,中自科技股份有限公司2025年年度报告,2026-03-28 00:00:00,1225047796,reports_raw/688737_中自科技/2025/1225047796.pdf,https://static.cninfo.com.cn/finalpage/2026-03-28/1225047796.PDF
688766,普冉股份,普冉半导体（上海）股份有限公司2025年年度报告,2026-03-21 00:00:00,1225023836,reports_raw/688766_普冉股份/2025/1225023836.pdf,https://static.cninfo.com.cn/finalpage/2026-03-21/1225023836.PDF
688772,珠海冠宇,2025年年度报告,2026-03-31 00:00:00,1225052082,reports_raw/688772_珠海冠宇/2025/1225052082.pdf,https://static.cninfo.com.cn/finalpage/2026-03-31/1225052082.PDF
688796,百奥赛图,百奥赛图（北京）医药科技股份有限公司2025年年度报告,2026-03-27 00:00:00,1225035053,reports_raw/688796_百奥赛图/2025/1225035053.pdf,https://static.cninfo.com.cn/finalpage/2026-03-27/1225035053.PDF
688802,沐曦股份,2025年年度报告,2026-03-27 00:00:00,1225036092,reports_raw/688802_沐曦股份/2025/1225036092.pdf,https://static.cninfo.com.cn/finalpage/2026-03-27/1225036092.PDF
688819,天能股份,天能电池集团股份有限公司2025年年度报告,2026-03-28 00:00:00,1225042972,reports_raw/688819_天能股份/2025/1225042972.pdf,https://static.cninfo.com.cn/finalpage/2026-03-28/1225042972.PDF
688981,中芯国际,中芯国际2025年年度报告,2026-03-27 00:00:00,1225037057,reports_raw/688981_中芯国际/2025/1225037057.pdf,https://static.cninfo.com.cn/finalpage/2026-03-27/1225037057.PDF
689009,九号公司,九号有限公司2025年年度报告,2026-03-31 00:00:00,1225063705,reports_raw/689009_九号公司/2025/1225063705.pdf,https://static.cninfo.com.cn/finalpage/2026-03-31/1225063705.PDF
900929,锦旅Ｂ股,锦旅B股2025年年度报告,2026-03-27 00:00:00,1225033788,reports_raw/900929_锦旅Ｂ股/2025/1225033788.pdf,https://static.cninfo.com.cn/finalpage/2026-03-27/1225033788.PDF
920001,纬达光电,2025年年度报告,2026-03-27 00:00:00,1225045712,reports_raw/920001_纬达光电/2025/1225045712.pdf,https://static.cninfo.com.cn/finalpage/2026-03-27/1225045712.PDF
920022,世昌股份,2025年年度报告,2026-03-26 00:00:00,1225036979,reports_raw/920022_世昌股份/2025/1225036979.pdf,https://static.cninfo.com.cn/finalpage/2026-03-26/1225036979.PDF
920033,康普化学,2025年年度报告,2026-03-26 00:00:00,1225034390,reports_raw/920033_康普化学/2025/1225034390.pdf,https://static.cninfo.com.cn/finalpage/2026-03-26/1225034390.PDF
920035,精创电气,2025年年度报告,2026-03-30 00:00:00,1225056815,reports_raw/920035_精创电气/2025/1225056815.pdf,https://static.cninfo.com.cn/finalpage/2026-03-30/1225056815.PDF
920036,觅睿科技,2025年年度报告,2026-03-31 00:00:00,1225068753,reports_raw/920036_觅睿科技/2025/1225068753.pdf,https://static.cninfo.com.cn/finalpage/2026-03-31/1225068753.PDF
920037,广信科技,2025年年度报告,2026-03-30 00:00:00,1225061743,reports_raw/920037_广信科技/2025/1225061743.pdf,https://static.cninfo.com.cn/finalpage/2026-03-30/1225061743.PDF
920060,万源通,2025年年度报告,2026-03-09 00:00:00,1225002490,reports_raw/920060_万源通/2025/1225002490.pdf,https://static.cninfo.com.cn/finalpage/2026-03-09/1225002490.PDF
920068,天工股份,2025年年度报告,2026-03-30 00:00:00,1225061053,reports_raw/920068_天工股份/2025/1225061053.pdf,https://static.cninfo.com.cn/finalpage/2026-03-30/1225061053.PDF
920116,星图测控,2025年年度报告,2026-03-20 00:00:00,1225023247,reports_raw/920116_星图测控/2025/1225023247.pdf,https://static.cninfo.com.cn/finalpage/2026-03-20/1225023247.PDF
920139,华岭股份,2025年年度报告,2026-03-27 00:00:00,1225043280,reports_raw/920139_华岭股份/2025/1225043280.pdf,https://static.cninfo.com.cn/finalpage/2026-03-27/1225043280.PDF
920163,方大新材,2025年年度报告,2026-03-30 00:00:00,1225055810,reports_raw/920163_方大新材/2025/1225055810.pdf,https://static.cninfo.com.cn/finalpage/2026-03-30/1225055810.PDF
920190,雷神科技,2025年年度报告,2026-03-31 00:00:00,1225067053,reports_raw/920190_雷神科技/2025/1225067053.pdf,https://static.cninfo.com.cn/finalpage/2026-03-31/1225067053.PDF
920225,利通科技,2025年年度报告,2026-03-30 00:00:00,1225058334,reports_raw/920225_利通科技/2025/1225058334.pdf,https://static.cninfo.com.cn/finalpage/2026-03-30/1225058334.PDF
920247,华密新材,2025年年度报告,2026-03-27 00:00:00,1225043008,reports_raw/920247_华密新材/2025/1225043008.pdf,https://static.cninfo.com.cn/finalpage/2026-03-27/1225043008.PDF
920270,天铭科技,2025年年度报告,2026-03-27 00:00:00,1225043111,reports_raw/920270_天铭科技/2025/1225043111.pdf,https://static.cninfo.com.cn/finalpage/2026-03-27/1225043111.PDF
920271,邦德股份,2025年年度报告,2026-03-31 00:00:00,1225067071,reports_raw/920271_邦德股份/2025/1225067071.pdf,https://static.cninfo.com.cn/finalpage/2026-03-31/1225067071.PDF
920273,一致魔芋,2025年年度报告,2026-03-26 00:00:00,1225035792,reports_raw/920273_一致魔芋/2025/1225035792.pdf,https://static.cninfo.com.cn/finalpage/2026-03-26/1225035792.PDF
920274,宏裕包材,2025年年度报告,2026-03-30 00:00:00,1225056162,reports_raw/920274_宏裕包材/2025/1225056162.pdf,https://static.cninfo.com.cn/finalpage/2026-03-30/1225056162.PDF
920394,民士达,2025年年度报告,2026-03-19 00:00:00,1225019059,reports_raw/920394_民士达/2025/1225019059.pdf,https://static.cninfo.com.cn/finalpage/2026-03-19/1225019059.PDF
920415,恒拓开源,2025年年度报告,2026-03-30 00:00:00,1225061776,reports_raw/920415_恒拓开源/2025/1225061776.pdf,https://static.cninfo.com.cn/finalpage/2026-03-30/1225061776.PDF
920445,龙竹科技,2025年年度报告,2026-03-27 00:00:00,1225045788,reports_raw/920445_龙竹科技/2025/1225045788.pdf,https://static.cninfo.com.cn/finalpage/2026-03-27/1225045788.PDF
920455,汇隆活塞,2025年年度报告,2026-03-31 00:00:00,1225068392,reports_raw/920455_汇隆活塞/2025/1225068392.pdf,https://static.cninfo.com.cn/finalpage/2026-03-31/1225068392.PDF
920476,海能技术,2025年年度报告,2026-03-16 00:00:00,1225012031,reports_raw/920476_海能技术/2025/1225012031.pdf,https://static.cninfo.com.cn/finalpage/2026-03-16/1225012031.PDF
920491,奥迪威,2025年年度报告,2026-03-25 00:00:00,1225032017,reports_raw/920491_奥迪威/2025/1225032017.pdf,https://static.cninfo.com.cn/finalpage/2026-03-25/1225032017.PDF
920504,博迅生物,2025年年度报告,2026-03-30 00:00:00,1225054953,reports_raw/920504_博迅生物/2025/1225054953.pdf,https://static.cninfo.com.cn/finalpage/2026-03-30/1225054953.PDF
920505,九菱科技,2025年年度报告,2026-03-31 00:00:00,1225068178,reports_raw/920505_九菱科技/2025/1225068178.pdf,https://static.cninfo.com.cn/finalpage/2026-03-31/1225068178.PDF
920553,凯腾精工,2025年年度报告,2026-03-30 00:00:00,1225060132,reports_raw/920553_凯腾精工/2025/1225060132.pdf,https://static.cninfo.com.cn/finalpage/2026-03-30/1225060132.PDF
920571,国航远洋,2025年年度报告,2026-03-30 00:00:00,1225060772,reports_raw/920571_国航远洋/2025/1225060772.pdf,https://static.cninfo.com.cn/finalpage/2026-03-30/1225060772.PDF
920579,机科股份,2025年年度报告,2026-03-31 00:00:00,1225067518,reports_raw/920579_机科股份/2025/1225067518.pdf,https://static.cninfo.com.cn/finalpage/2026-03-31/1225067518.PDF
920580,科创新材,2025年年度报告,2026-03-20 00:00:00,1225022769,reports_raw/920580_科创新材/2025/1225022769.pdf,https://static.cninfo.com.cn/finalpage/2026-03-20/1225022769.PDF
920640,富士达,2025年年度报告,2026-03-27 00:00:00,1225045678,reports_raw/920640_富士达/2025/1225045678.pdf,https://static.cninfo.com.cn/finalpage/2026-03-27/1225045678.PDF
920663,明阳科技,2025年年度报告,2026-03-31 00:00:00,1225068563,reports_raw/920663_明阳科技/2025/1225068563.pdf,https://static.cninfo.com.cn/finalpage/2026-03-31/1225068563.PDF
920670,数字人,2025年年度报告,2026-03-13 00:00:00,1225008594,reports_raw/920670_数字人/2025/1225008594.pdf,https://static.cninfo.com.cn/finalpage/2026-03-13/1225008594.PDF
920675,秉扬科技,2025年年度报告,2026-03-30 00:00:00,1225061208,reports_raw/920675_秉扬科技/2025/1225061208.pdf,https://static.cninfo.com.cn/finalpage/2026-03-30/1225061208.PDF
920682,球冠电缆,2025年年度报告,2026-03-31 00:00:00,1225067838,reports_raw/920682_球冠电缆/2025/1225067838.pdf,https://static.cninfo.com.cn/finalpage/2026-03-31/1225067838.PDF
920694,中裕科技,2025年年度报告,2026-03-30 00:00:00,1225063317,reports_raw/920694_中裕科技/2025/1225063317.pdf,https://static.cninfo.com.cn/finalpage/2026-03-30/1225063317.PDF
920779,武汉蓝电,2025年年度报告,2026-03-20 00:00:00,1225022527,reports_raw/920779_武汉蓝电/2025/1225022527.pdf,https://static.cninfo.com.cn/finalpage/2026-03-20/1225022527.PDF
920790,联迪信息,2025年年度报告,2026-03-20 00:00:00,1225022940,reports_raw/920790_联迪信息/2025/1225022940.pdf,https://static.cninfo.com.cn/finalpage/2026-03-20/1225022940.PDF
920837,华原股份,2025年年度报告,2026-03-31 00:00:00,1225066983,reports_raw/920837_华原股份/2025/1225066983.pdf,https://static.cninfo.com.cn/finalpage/2026-03-31/1225066983.PDF
920879,基康技术,2025年年度报告,2026-03-26 00:00:00,1225037161,reports_raw/920879_基康技术/2025/1225037161.pdf,https://static.cninfo.com.cn/finalpage/2026-03-26/1225037161.PDF
920971,天马新材,2025年年度报告,2026-03-31 00:00:00,1225067030,reports_raw/920971_天马新材/2025/1225067030.pdf,https://static.cninfo.com.cn/finalpage/2026-03-31/1225067030.PDF
920981,晶赛科技,2025年年度报告,2026-03-19 00:00:00,1225020022,reports_raw/920981_晶赛科技/2025/1225020022.pdf,https://static.cninfo.com.cn/finalpage/2026-03-19/1225020022.PDF
920992,中科美菱,2025年年度报告,2026-03-26 00:00:00,1225035437,reports_raw/920992_中科美菱/2025/1225035437.pdf,https://static.cninfo.com.cn/finalpage/2026-03-26/1225035437.PDF
