sec_code,sec_name,announcement_title,announcement_time,announcement_id,local_path,source_url
000001,平安银行,2024年年度报告,2025-03-15 00:00:00,1222806505,reports_raw/companies/000_sz_main/000001_平安银行/2024/1222806505.pdf,https://static.cninfo.com.cn/finalpage/2025-03-15/1222806505.PDF
000002,万科A,2024年年度报告,2025-04-01 00:00:00,1222974139,reports_raw/companies/000_sz_main/000002_万科A/2024/1222974139.pdf,https://static.cninfo.com.cn/finalpage/2025-04-01/1222974139.PDF
000004,国华网安,2024年年度报告,2025-04-29 00:00:00,1223381901,reports_raw/companies/000_sz_main/000004_国华网安/2024/1223381901.pdf,https://static.cninfo.com.cn/finalpage/2025-04-29/1223381901.PDF
000008,神州高铁,2024年年度报告,2025-04-19 00:00:00,1223150123,reports_raw/companies/000_sz_main/000008_神州高铁/2024/1223150123.pdf,https://static.cninfo.com.cn/finalpage/2025-04-19/1223150123.PDF
000009,中国宝安,2024年年度报告,2025-04-16 00:00:00,1223101050,reports_raw/companies/000_sz_main/000009_中国宝安/2024/1223101050.pdf,https://static.cninfo.com.cn/finalpage/2025-04-16/1223101050.PDF
000010,美丽生态,2024年年度报告,2025-04-29 00:00:00,1223368921,reports_raw/companies/000_sz_main/000010_美丽生态/2024/1223368921.pdf,https://static.cninfo.com.cn/finalpage/2025-04-29/1223368921.PDF
000011,深物业A,2024年年度报告,2025-03-29 00:00:00,1222946147,reports_raw/companies/000_sz_main/000011_深物业A/2024/1222946147.pdf,https://static.cninfo.com.cn/finalpage/2025-03-29/1222946147.PDF
000012,南  玻Ａ,2024年年度报告,2025-04-28 00:00:00,1223303879,reports_raw/companies/000_sz_main/000012_南_玻Ａ/2024/1223303879.pdf,https://static.cninfo.com.cn/finalpage/2025-04-28/1223303879.PDF
000014,沙河股份,2024年年度报告,2025-03-29 00:00:00,1222943281,reports_raw/companies/000_sz_main/000014_沙河股份/2024/1222943281.pdf,https://static.cninfo.com.cn/finalpage/2025-03-29/1222943281.PDF
000016,深康佳Ａ,2024年年度报告,2025-04-15 00:00:00,1223095858,reports_raw/companies/000_sz_main/000016_深康佳Ａ/2024/1223095858.pdf,https://static.cninfo.com.cn/finalpage/2025-04-15/1223095858.PDF
000019,深粮控股,2024年年度报告,2025-04-29 00:00:00,1223375162,reports_raw/companies/000_sz_main/000019_深粮控股/2024/1223375162.pdf,https://static.cninfo.com.cn/finalpage/2025-04-29/1223375162.PDF
000025,特  力Ａ,2024年年度报告,2025-03-28 00:00:00,1222927703,reports_raw/companies/000_sz_main/000025_特_力Ａ/2024/1222927703.pdf,https://static.cninfo.com.cn/finalpage/2025-03-28/1222927703.PDF
000026,飞亚达,2024年年度报告,2025-03-14 00:00:00,1222788741,reports_raw/companies/000_sz_main/000026_飞亚达/2024/1222788741.pdf,https://static.cninfo.com.cn/finalpage/2025-03-14/1222788741.PDF
000027,深圳能源,2024年年度报告,2025-04-18 00:00:00,1223126126,reports_raw/companies/000_sz_main/000027_深圳能源/2024/1223126126.pdf,https://static.cninfo.com.cn/finalpage/2025-04-18/1223126126.PDF
000028,国药一致,2024年年度报告,2025-04-08 00:00:00,1223019869,reports_raw/companies/000_sz_main/000028_国药一致/2024/1223019869.pdf,https://static.cninfo.com.cn/finalpage/2025-04-08/1223019869.PDF
000029,深深房Ａ,2024年年度报告,2025-03-22 00:00:00,1222870093,reports_raw/companies/000_sz_main/000029_深深房Ａ/2024/1222870093.pdf,https://static.cninfo.com.cn/finalpage/2025-03-22/1222870093.PDF
000030,富奥股份,2024年年度报告,2025-04-18 00:00:00,1223124906,reports_raw/companies/000_sz_main/000030_富奥股份/2024/1223124906.pdf,https://static.cninfo.com.cn/finalpage/2025-04-18/1223124906.PDF
000031,大悦城,2024年年度报告,2025-04-19 00:00:00,1223153545,reports_raw/companies/000_sz_main/000031_大悦城/2024/1223153545.pdf,https://static.cninfo.com.cn/finalpage/2025-04-19/1223153545.PDF
000034,神州数码,2024年年度报告,2025-03-29 00:00:00,1222950126,reports_raw/companies/000_sz_main/000034_神州数码/2024/1222950126.pdf,https://static.cninfo.com.cn/finalpage/2025-03-29/1222950126.PDF
000035,中国天楹,2024年年度报告,2025-04-29 00:00:00,1223370947,reports_raw/companies/000_sz_main/000035_中国天楹/2024/1223370947.pdf,https://static.cninfo.com.cn/finalpage/2025-04-29/1223370947.PDF
000036,华联控股,2024年年度报告,2025-04-29 00:00:00,1223363605,reports_raw/companies/000_sz_main/000036_华联控股/2024/1223363605.pdf,https://static.cninfo.com.cn/finalpage/2025-04-29/1223363605.PDF
000039,中集集团,2024年年度报告,2025-03-28 00:00:00,1222938612,reports_raw/companies/000_sz_main/000039_中集集团/2024/1222938612.pdf,https://static.cninfo.com.cn/finalpage/2025-03-28/1222938612.pdf
000042,中洲控股,2024年年度报告（更新后）,2025-05-15 00:00:00,1223544393,reports_raw/companies/000_sz_main/000042_中洲控股/2024/1223544393.pdf,https://static.cninfo.com.cn/finalpage/2025-05-15/1223544393.PDF
000045,深纺织Ａ,2024年年度报告,2025-03-28 00:00:00,1222922190,reports_raw/companies/000_sz_main/000045_深纺织Ａ/2024/1222922190.pdf,https://static.cninfo.com.cn/finalpage/2025-03-28/1222922190.PDF
000048,京基智农,2024年年度报告,2025-03-31 00:00:00,1222944754,reports_raw/companies/000_sz_main/000048_京基智农/2024/1222944754.pdf,https://static.cninfo.com.cn/finalpage/2025-03-31/1222944754.PDF
000050,深天马Ａ,2024年年度报告,2025-03-15 00:00:00,1222806950,reports_raw/companies/000_sz_main/000050_深天马Ａ/2024/1222806950.pdf,https://static.cninfo.com.cn/finalpage/2025-03-15/1222806950.PDF
000058,深 赛 格,2024年年度报告,2025-03-28 00:00:00,1222923589,reports_raw/companies/000_sz_main/000058_深_赛_格/2024/1222923589.pdf,https://static.cninfo.com.cn/finalpage/2025-03-28/1222923589.PDF
000059,华锦股份,2024年年度报告,2025-04-16 00:00:00,1223099352,reports_raw/companies/000_sz_main/000059_华锦股份/2024/1223099352.pdf,https://static.cninfo.com.cn/finalpage/2025-04-16/1223099352.PDF
000060,中金岭南,2024年年度报告,2025-04-15 00:00:00,1223094665,reports_raw/companies/000_sz_main/000060_中金岭南/2024/1223094665.pdf,https://static.cninfo.com.cn/finalpage/2025-04-15/1223094665.PDF
000061,农 产 品,2024年年度报告,2025-04-29 00:00:00,1223376199,reports_raw/companies/000_sz_main/000061_农_产_品/2024/1223376199.pdf,https://static.cninfo.com.cn/finalpage/2025-04-29/1223376199.PDF
000062,深圳华强,2024年年度报告,2025-03-14 00:00:00,1222788222,reports_raw/companies/000_sz_main/000062_深圳华强/2024/1222788222.pdf,https://static.cninfo.com.cn/finalpage/2025-03-14/1222788222.PDF
000063,中兴通讯,2024年年度报告,2025-03-01 00:00:00,1222675749,reports_raw/companies/000_sz_main/000063_中兴通讯/2024/1222675749.pdf,https://static.cninfo.com.cn/finalpage/2025-03-01/1222675749.PDF
000065,北方国际,2024年年度报告,2025-04-01 00:00:00,1222975365,reports_raw/companies/000_sz_main/000065_北方国际/2024/1222975365.pdf,https://static.cninfo.com.cn/finalpage/2025-04-01/1222975365.PDF
000066,中国长城,2024年年度报告,2025-04-28 00:00:00,1223304243,reports_raw/companies/000_sz_main/000066_中国长城/2024/1223304243.pdf,https://static.cninfo.com.cn/finalpage/2025-04-28/1223304243.PDF
000068,华控赛格,2024年年度报告,2025-03-15 00:00:00,1222807544,reports_raw/companies/000_sz_main/000068_华控赛格/2024/1222807544.pdf,https://static.cninfo.com.cn/finalpage/2025-03-15/1222807544.PDF
000069,华侨城Ａ,2024年年度报告,2025-03-29 00:00:00,1222949848,reports_raw/companies/000_sz_main/000069_华侨城Ａ/2024/1222949848.pdf,https://static.cninfo.com.cn/finalpage/2025-03-29/1222949848.PDF
000078,海王生物,2024年年度报告,2025-04-29 00:00:00,1223363821,reports_raw/companies/000_sz_main/000078_海王生物/2024/1223363821.pdf,https://static.cninfo.com.cn/finalpage/2025-04-29/1223363821.PDF
000096,广聚能源,2024年年度报告,2025-04-29 00:00:00,1223376370,reports_raw/companies/000_sz_main/000096_广聚能源/2024/1223376370.pdf,https://static.cninfo.com.cn/finalpage/2025-04-29/1223376370.PDF
000099,中信海直,2024年年度报告,2025-03-18 00:00:00,1222821612,reports_raw/companies/000_sz_main/000099_中信海直/2024/1222821612.pdf,https://static.cninfo.com.cn/finalpage/2025-03-18/1222821612.PDF
000100,TCL科技,2024年年度报告（英文版）,2025-05-20 00:00:00,1223588694,reports_raw/companies/000_sz_main/000100_TCL科技/2024/1223588694.pdf,https://static.cninfo.com.cn/finalpage/2025-05-20/1223588694.PDF
000153,丰原药业,2024年年度报告,2025-04-11 00:00:00,1223056025,reports_raw/companies/000_sz_main/000153_丰原药业/2024/1223056025.pdf,https://static.cninfo.com.cn/finalpage/2025-04-11/1223056025.PDF
000155,川能动力,2024年年度报告,2025-04-28 00:00:00,1223329921,reports_raw/companies/000_sz_main/000155_川能动力/2024/1223329921.pdf,https://static.cninfo.com.cn/finalpage/2025-04-28/1223329921.PDF
000156,华数传媒,2024年年度报告,2025-03-20 00:00:00,1222845993,reports_raw/companies/000_sz_main/000156_华数传媒/2024/1222845993.pdf,https://static.cninfo.com.cn/finalpage/2025-03-20/1222845993.PDF
000157,中联重科,2024年年度报告,2025-03-25 00:00:00,1222882571,reports_raw/companies/000_sz_main/000157_中联重科/2024/1222882571.pdf,https://static.cninfo.com.cn/finalpage/2025-03-25/1222882571.PDF
000158,常山北明,2024年年度报告,2025-04-29 00:00:00,1223380478,reports_raw/companies/000_sz_main/000158_常山北明/2024/1223380478.pdf,https://static.cninfo.com.cn/finalpage/2025-04-29/1223380478.PDF
000159,国际实业,2024年年度报告,2025-03-28 00:00:00,1222926795,reports_raw/companies/000_sz_main/000159_国际实业/2024/1222926795.pdf,https://static.cninfo.com.cn/finalpage/2025-03-28/1222926795.PDF
000166,申万宏源,2024年年度报告,2025-03-29 00:00:00,1222948663,reports_raw/companies/000_sz_main/000166_申万宏源/2024/1222948663.pdf,https://static.cninfo.com.cn/finalpage/2025-03-29/1222948663.PDF
000301,东方盛虹,2024年年度报告,2025-04-29 00:00:00,1223385370,reports_raw/companies/000_sz_main/000301_东方盛虹/2024/1223385370.pdf,https://static.cninfo.com.cn/finalpage/2025-04-29/1223385370.PDF
000333,美的集团,2024年年度报告,2025-03-29 00:00:00,1222951181,reports_raw/companies/000_sz_main/000333_美的集团/2024/1222951181.pdf,https://static.cninfo.com.cn/finalpage/2025-03-29/1222951181.PDF
000338,潍柴动力,2024年年度报告,2025-03-28 00:00:00,1222927979,reports_raw/companies/000_sz_main/000338_潍柴动力/2024/1222927979.pdf,https://static.cninfo.com.cn/finalpage/2025-03-28/1222927979.PDF
000400,许继电气,2024年年度报告,2025-04-11 00:00:00,1223055724,reports_raw/companies/000_sz_main/000400_许继电气/2024/1223055724.pdf,https://static.cninfo.com.cn/finalpage/2025-04-11/1223055724.PDF
000401,冀东水泥,2024年年度报告,2025-03-28 00:00:00,1222928055,reports_raw/companies/000_sz_main/000401_冀东水泥/2024/1222928055.pdf,https://static.cninfo.com.cn/finalpage/2025-03-28/1222928055.PDF
000402,金 融 街,2024年年度报告,2025-04-29 00:00:00,1223369949,reports_raw/companies/000_sz_main/000402_金_融_街/2024/1223369949.pdf,https://static.cninfo.com.cn/finalpage/2025-04-29/1223369949.PDF
000404,长虹华意,2024年年度报告,2025-04-19 00:00:00,1223154247,reports_raw/companies/000_sz_main/000404_长虹华意/2024/1223154247.pdf,https://static.cninfo.com.cn/finalpage/2025-04-19/1223154247.PDF
000407,胜利股份,2024年年度报告,2025-03-22 00:00:00,1222867698,reports_raw/companies/000_sz_main/000407_胜利股份/2024/1222867698.pdf,https://static.cninfo.com.cn/finalpage/2025-03-22/1222867698.PDF
000408,藏格矿业,2024年年度报告,2025-03-29 00:00:00,1222951087,reports_raw/companies/000_sz_main/000408_藏格矿业/2024/1222951087.pdf,https://static.cninfo.com.cn/finalpage/2025-03-29/1222951087.PDF
000409,云鼎科技,2024年年度报告,2025-04-09 00:00:00,1223030738,reports_raw/companies/000_sz_main/000409_云鼎科技/2024/1223030738.pdf,https://static.cninfo.com.cn/finalpage/2025-04-09/1223030738.PDF
000415,渤海租赁,2024年年度报告,2025-04-03 00:00:00,1222991576,reports_raw/companies/000_sz_main/000415_渤海租赁/2024/1222991576.pdf,https://static.cninfo.com.cn/finalpage/2025-04-03/1222991576.PDF
000422,湖北宜化,2024年年度报告,2025-04-03 00:00:00,1222991648,reports_raw/companies/000_sz_main/000422_湖北宜化/2024/1222991648.pdf,https://static.cninfo.com.cn/finalpage/2025-04-03/1222991648.PDF
000423,东阿阿胶,2024年年度报告,2025-03-18 00:00:00,1222822269,reports_raw/companies/000_sz_main/000423_东阿阿胶/2024/1222822269.pdf,https://static.cninfo.com.cn/finalpage/2025-03-18/1222822269.PDF
000425,徐工机械,2024年年度报告,2025-04-29 00:00:00,1223367769,reports_raw/companies/000_sz_main/000425_徐工机械/2024/1223367769.pdf,https://static.cninfo.com.cn/finalpage/2025-04-29/1223367769.PDF
000426,兴业银锡,2024年年度报告,2025-04-28 00:00:00,1223317584,reports_raw/companies/000_sz_main/000426_兴业银锡/2024/1223317584.pdf,https://static.cninfo.com.cn/finalpage/2025-04-28/1223317584.PDF
000429,粤高速Ａ,2024年年度报告,2025-03-04 00:00:00,1222693905,reports_raw/companies/000_sz_main/000429_粤高速Ａ/2024/1222693905.pdf,https://static.cninfo.com.cn/finalpage/2025-03-04/1222693905.PDF
000430,张家界,2024年年度报告,2025-04-16 00:00:00,1223102184,reports_raw/companies/000_sz_main/000430_张家界/2024/1223102184.pdf,https://static.cninfo.com.cn/finalpage/2025-04-16/1223102184.PDF
000488,ST晨鸣,2024年年度报告,2025-04-01 00:00:00,1222975719,reports_raw/companies/000_sz_main/000488_ST晨鸣/2024/1222975719.pdf,https://static.cninfo.com.cn/finalpage/2025-04-01/1222975719.PDF
000498,山东路桥,2024年年度报告,2025-04-15 00:00:00,1223096801,reports_raw/companies/000_sz_main/000498_山东路桥/2024/1223096801.pdf,https://static.cninfo.com.cn/finalpage/2025-04-15/1223096801.pdf
000501,武商集团,2024年年度报告,2025-03-29 00:00:00,1222948771,reports_raw/companies/000_sz_main/000501_武商集团/2024/1222948771.pdf,https://static.cninfo.com.cn/finalpage/2025-03-29/1222948771.PDF
000504,南华生物,2024年年度报告,2025-04-29 00:00:00,1223713860,reports_raw/companies/000_sz_main/000504_南华生物/2024/1223713860.pdf,https://static.cninfo.com.cn/finalpage/2025-04-29/1223713860.pdf
000505,京粮控股,2024年年度报告,2025-03-29 00:00:00,1222943403,reports_raw/companies/000_sz_main/000505_京粮控股/2024/1222943403.pdf,https://static.cninfo.com.cn/finalpage/2025-03-29/1222943403.PDF
000506,*ST中润,2024年年度报告,2025-04-29 00:00:00,1223379415,reports_raw/companies/000_sz_main/000506_ST中润/2024/1223379415.pdf,https://static.cninfo.com.cn/finalpage/2025-04-29/1223379415.PDF
000507,珠海港,2024年年度报告,2025-04-28 00:00:00,1223314710,reports_raw/companies/000_sz_main/000507_珠海港/2024/1223314710.pdf,https://static.cninfo.com.cn/finalpage/2025-04-28/1223314710.PDF
000509,华塑控股,2024年年度报告,2025-04-28 00:00:00,1223313718,reports_raw/companies/000_sz_main/000509_华塑控股/2024/1223313718.pdf,https://static.cninfo.com.cn/finalpage/2025-04-28/1223313718.PDF
000510,新金路,2024年年度报告,2025-04-29 00:00:00,1223356634,reports_raw/companies/000_sz_main/000510_新金路/2024/1223356634.pdf,https://static.cninfo.com.cn/finalpage/2025-04-29/1223356634.PDF
000513,丽珠集团,2024年年度报告,2025-03-27 00:00:00,1222910377,reports_raw/companies/000_sz_main/000513_丽珠集团/2024/1222910377.pdf,https://static.cninfo.com.cn/finalpage/2025-03-27/1222910377.PDF
000517,荣安地产,2024年年度报告,2025-04-29 00:00:00,1223370405,reports_raw/companies/000_sz_main/000517_荣安地产/2024/1223370405.pdf,https://static.cninfo.com.cn/finalpage/2025-04-29/1223370405.PDF
000518,四环生物,2024年年度报告,2025-04-29 00:00:00,1223383970,reports_raw/companies/000_sz_main/000518_四环生物/2024/1223383970.pdf,https://static.cninfo.com.cn/finalpage/2025-04-29/1223383970.PDF
000520,凤凰航运,2024年年度报告,2025-04-29 00:00:00,1223380037,reports_raw/companies/000_sz_main/000520_凤凰航运/2024/1223380037.pdf,https://static.cninfo.com.cn/finalpage/2025-04-29/1223380037.PDF
000521,长虹美菱,2024年年度报告,2025-04-03 00:00:00,1222990971,reports_raw/companies/000_sz_main/000521_长虹美菱/2024/1222990971.pdf,https://static.cninfo.com.cn/finalpage/2025-04-03/1222990971.PDF
000523,红棉股份,2024年年度报告,2025-04-01 00:00:00,1222972962,reports_raw/companies/000_sz_main/000523_红棉股份/2024/1222972962.pdf,https://static.cninfo.com.cn/finalpage/2025-04-01/1222972962.PDF
000524,岭南控股,2024年年度报告,2025-03-29 00:00:00,1222947116,reports_raw/companies/000_sz_main/000524_岭南控股/2024/1222947116.pdf,https://static.cninfo.com.cn/finalpage/2025-03-29/1222947116.PDF
000525,ST红太阳,2024年年度报告,2025-04-26 00:00:00,1223329284,reports_raw/companies/000_sz_main/000525_ST红太阳/2024/1223329284.pdf,https://static.cninfo.com.cn/finalpage/2025-04-26/1223329284.PDF
000526,学大教育,2024年年度报告,2025-04-26 00:00:00,1223328711,reports_raw/companies/000_sz_main/000526_学大教育/2024/1223328711.pdf,https://static.cninfo.com.cn/finalpage/2025-04-26/1223328711.PDF
000528,柳    工,2024年年度报告,2025-03-29 00:00:00,1222950803,reports_raw/companies/000_sz_main/000528_柳_工/2024/1222950803.pdf,https://static.cninfo.com.cn/finalpage/2025-03-29/1222950803.PDF
000529,广弘控股,2024年年度报告,2025-04-28 00:00:00,1223311389,reports_raw/companies/000_sz_main/000529_广弘控股/2024/1223311389.pdf,https://static.cninfo.com.cn/finalpage/2025-04-28/1223311389.PDF
000531,穗恒运Ａ,2024年年度报告,2025-04-09 00:00:00,1223032665,reports_raw/companies/000_sz_main/000531_穗恒运Ａ/2024/1223032665.pdf,https://static.cninfo.com.cn/finalpage/2025-04-09/1223032665.PDF
000532,华金资本,2024年年度报告,2025-03-27 00:00:00,1222911896,reports_raw/companies/000_sz_main/000532_华金资本/2024/1222911896.pdf,https://static.cninfo.com.cn/finalpage/2025-03-27/1222911896.PDF
000533,顺钠股份,2024年年度报告,2025-04-16 00:00:00,1223100386,reports_raw/companies/000_sz_main/000533_顺钠股份/2024/1223100386.pdf,https://static.cninfo.com.cn/finalpage/2025-04-16/1223100386.PDF
000534,万泽股份,2024年年度报告,2025-03-07 00:00:00,1222733484,reports_raw/companies/000_sz_main/000534_万泽股份/2024/1222733484.pdf,https://static.cninfo.com.cn/finalpage/2025-03-07/1222733484.PDF
000536,华映科技,2024年年度报告,2025-04-15 00:00:00,1223095618,reports_raw/companies/000_sz_main/000536_华映科技/2024/1223095618.pdf,https://static.cninfo.com.cn/finalpage/2025-04-15/1223095618.PDF
000537,中绿电,2024年年度报告,2025-04-29 00:00:00,1223370179,reports_raw/companies/000_sz_main/000537_中绿电/2024/1223370179.pdf,https://static.cninfo.com.cn/finalpage/2025-04-29/1223370179.PDF
000538,云南白药,2024年年度报告,2025-04-01 00:00:00,1222975584,reports_raw/companies/000_sz_main/000538_云南白药/2024/1222975584.pdf,https://static.cninfo.com.cn/finalpage/2025-04-01/1222975584.PDF
000539,粤电力Ａ,2024年年度报告,2025-03-29 00:00:00,1222950454,reports_raw/companies/000_sz_main/000539_粤电力Ａ/2024/1222950454.pdf,https://static.cninfo.com.cn/finalpage/2025-03-29/1222950454.PDF
000544,中原环保,2024年年度报告,2025-03-22 00:00:00,1222870764,reports_raw/companies/000_sz_main/000544_中原环保/2024/1222870764.pdf,https://static.cninfo.com.cn/finalpage/2025-03-22/1222870764.PDF
000545,金浦钛业,2024年年度报告,2025-04-29 00:00:00,1223373589,reports_raw/companies/000_sz_main/000545_金浦钛业/2024/1223373589.pdf,https://static.cninfo.com.cn/finalpage/2025-04-29/1223373589.PDF
000547,航天发展,2024年年度报告,2025-04-19 00:00:00,1223156667,reports_raw/companies/000_sz_main/000547_航天发展/2024/1223156667.pdf,https://static.cninfo.com.cn/finalpage/2025-04-19/1223156667.PDF
000548,湖南投资,2024年年度报告,2025-04-03 00:00:00,1222991736,reports_raw/companies/000_sz_main/000548_湖南投资/2024/1222991736.pdf,https://static.cninfo.com.cn/finalpage/2025-04-03/1222991736.PDF
000550,江铃汽车,2024年年度报告,2025-03-29 00:00:00,1222949820,reports_raw/companies/000_sz_main/000550_江铃汽车/2024/1222949820.pdf,https://static.cninfo.com.cn/finalpage/2025-03-29/1222949820.PDF
000551,创元科技,2024年年度报告,2025-04-08 00:00:00,1223020627,reports_raw/companies/000_sz_main/000551_创元科技/2024/1223020627.pdf,https://static.cninfo.com.cn/finalpage/2025-04-08/1223020627.PDF
000552,甘肃能化,2024年年度报告,2025-04-29 00:00:00,1223371134,reports_raw/companies/000_sz_main/000552_甘肃能化/2024/1223371134.pdf,https://static.cninfo.com.cn/finalpage/2025-04-29/1223371134.PDF
000553,安道麦A,2024年年度报告,2025-03-14 00:00:00,1222789218,reports_raw/companies/000_sz_main/000553_安道麦A/2024/1222789218.pdf,https://static.cninfo.com.cn/finalpage/2025-03-14/1222789218.PDF
000555,神州信息,2024年年度报告,2025-03-29 00:00:00,1222949593,reports_raw/companies/000_sz_main/000555_神州信息/2024/1222949593.pdf,https://static.cninfo.com.cn/finalpage/2025-03-29/1222949593.PDF
000559,万向钱潮,2024年年度报告,2025-04-26 00:00:00,1223322381,reports_raw/companies/000_sz_main/000559_万向钱潮/2024/1223322381.pdf,https://static.cninfo.com.cn/finalpage/2025-04-26/1223322381.PDF
000560,我爱我家,2024年年度报告,2025-04-10 00:00:00,1223044956,reports_raw/companies/000_sz_main/000560_我爱我家/2024/1223044956.pdf,https://static.cninfo.com.cn/finalpage/2025-04-10/1223044956.PDF
000561,烽火电子,2024年年度报告,2025-04-26 00:00:00,1223329320,reports_raw/companies/000_sz_main/000561_烽火电子/2024/1223329320.pdf,https://static.cninfo.com.cn/finalpage/2025-04-26/1223329320.PDF
000563,陕国投Ａ,2024年年度报告,2025-03-18 00:00:00,1222822535,reports_raw/companies/000_sz_main/000563_陕国投Ａ/2024/1222822535.pdf,https://static.cninfo.com.cn/finalpage/2025-03-18/1222822535.PDF
000564,供销大集,2024年年度报告,2025-04-29 00:00:00,1223396530,reports_raw/companies/000_sz_main/000564_供销大集/2024/1223396530.pdf,https://static.cninfo.com.cn/finalpage/2025-04-29/1223396530.pdf
000566,海南海药,2024年年度报告,2025-04-12 00:00:00,1223072357,reports_raw/companies/000_sz_main/000566_海南海药/2024/1223072357.pdf,https://static.cninfo.com.cn/finalpage/2025-04-12/1223072357.PDF
000567,海德股份,2024年年度报告,2025-04-29 00:00:00,1223390187,reports_raw/companies/000_sz_main/000567_海德股份/2024/1223390187.pdf,https://static.cninfo.com.cn/finalpage/2025-04-29/1223390187.PDF
000568,泸州老窖,2024年年度报告（英文版）,2025-05-14 00:00:00,1223535052,reports_raw/companies/000_sz_main/000568_泸州老窖/2024/1223535052.pdf,https://static.cninfo.com.cn/finalpage/2025-05-14/1223535052.PDF
000571,新大洲A,2024年年度报告,2025-04-29 00:00:00,1223363943,reports_raw/companies/000_sz_main/000571_新大洲A/2024/1223363943.pdf,https://static.cninfo.com.cn/finalpage/2025-04-29/1223363943.pdf
000573,粤宏远Ａ,2024年年度报告,2025-04-19 00:00:00,1223151948,reports_raw/companies/000_sz_main/000573_粤宏远Ａ/2024/1223151948.pdf,https://static.cninfo.com.cn/finalpage/2025-04-19/1223151948.PDF
000576,甘化科工,2024年年度报告,2025-04-19 00:00:00,1223144139,reports_raw/companies/000_sz_main/000576_甘化科工/2024/1223144139.pdf,https://static.cninfo.com.cn/finalpage/2025-04-19/1223144139.PDF
000581,威孚高科,2024年年度报告,2025-04-18 00:00:00,1223125324,reports_raw/companies/000_sz_main/000581_威孚高科/2024/1223125324.pdf,https://static.cninfo.com.cn/finalpage/2025-04-18/1223125324.PDF
000586,汇源通信,2024年年度报告,2025-03-27 00:00:00,1222911056,reports_raw/companies/000_sz_main/000586_汇源通信/2024/1222911056.pdf,https://static.cninfo.com.cn/finalpage/2025-03-27/1222911056.PDF
000589,贵州轮胎,2024年年度报告,2025-04-26 00:00:00,1223318753,reports_raw/companies/000_sz_main/000589_贵州轮胎/2024/1223318753.pdf,https://static.cninfo.com.cn/finalpage/2025-04-26/1223318753.PDF
000590,启迪药业,2024年年度报告,2025-03-28 00:00:00,1222926038,reports_raw/companies/000_sz_main/000590_启迪药业/2024/1222926038.pdf,https://static.cninfo.com.cn/finalpage/2025-03-28/1222926038.PDF
000595,宝塔实业,2024年年度报告,2025-04-26 00:00:00,1223324646,reports_raw/companies/000_sz_main/000595_宝塔实业/2024/1223324646.pdf,https://static.cninfo.com.cn/finalpage/2025-04-26/1223324646.PDF
000596,古井贡酒,2024年年度报告,2025-04-28 00:00:00,1223320623,reports_raw/companies/000_sz_main/000596_古井贡酒/2024/1223320623.pdf,https://static.cninfo.com.cn/finalpage/2025-04-28/1223320623.PDF
000597,东北制药,2024年年度报告,2025-04-03 00:00:00,1222993531,reports_raw/companies/000_sz_main/000597_东北制药/2024/1222993531.pdf,https://static.cninfo.com.cn/finalpage/2025-04-03/1222993531.PDF
000598,兴蓉环境,2024年年度报告,2025-04-18 00:00:00,1223128111,reports_raw/companies/000_sz_main/000598_兴蓉环境/2024/1223128111.pdf,https://static.cninfo.com.cn/finalpage/2025-04-18/1223128111.PDF
000599,青岛双星,2024年年度报告,2025-03-28 00:00:00,1222925060,reports_raw/companies/000_sz_main/000599_青岛双星/2024/1222925060.pdf,https://static.cninfo.com.cn/finalpage/2025-03-28/1222925060.PDF
000601,韶能股份,2024年年度报告,2025-04-28 00:00:00,1223317129,reports_raw/companies/000_sz_main/000601_韶能股份/2024/1223317129.pdf,https://static.cninfo.com.cn/finalpage/2025-04-28/1223317129.PDF
000603,盛达资源,2024年年度报告,2025-04-29 00:00:00,1223382697,reports_raw/companies/000_sz_main/000603_盛达资源/2024/1223382697.pdf,https://static.cninfo.com.cn/finalpage/2025-04-29/1223382697.PDF
000607,华媒控股,2024年年度报告,2025-04-19 00:00:00,1223143119,reports_raw/companies/000_sz_main/000607_华媒控股/2024/1223143119.pdf,https://static.cninfo.com.cn/finalpage/2025-04-19/1223143119.PDF
000608,阳光股份,2024年年度报告,2025-04-19 00:00:00,1223158035,reports_raw/companies/000_sz_main/000608_阳光股份/2024/1223158035.pdf,https://static.cninfo.com.cn/finalpage/2025-04-19/1223158035.PDF
000610,西安旅游,2024年年度报告,2025-04-19 00:00:00,1223154031,reports_raw/companies/000_sz_main/000610_西安旅游/2024/1223154031.pdf,https://static.cninfo.com.cn/finalpage/2025-04-19/1223154031.PDF
000612,焦作万方,2024年年度报告,2025-03-29 00:00:00,1222940732,reports_raw/companies/000_sz_main/000612_焦作万方/2024/1222940732.pdf,https://static.cninfo.com.cn/finalpage/2025-03-29/1222940732.PDF
000615,ST美谷,2024年年度报告,2025-04-29 00:00:00,1223388291,reports_raw/companies/000_sz_main/000615_ST美谷/2024/1223388291.pdf,https://static.cninfo.com.cn/finalpage/2025-04-29/1223388291.PDF
000617,中油资本,2024年年度报告,2025-04-03 00:00:00,1222990674,reports_raw/companies/000_sz_main/000617_中油资本/2024/1222990674.pdf,https://static.cninfo.com.cn/finalpage/2025-04-03/1222990674.PDF
000619,海螺新材,2024年年度报告,2025-03-29 00:00:00,1222944549,reports_raw/companies/000_sz_main/000619_海螺新材/2024/1222944549.pdf,https://static.cninfo.com.cn/finalpage/2025-03-29/1222944549.PDF
000620,新华联,2024年年度报告,2025-04-29 00:00:00,1223382679,reports_raw/companies/000_sz_main/000620_新华联/2024/1223382679.pdf,https://static.cninfo.com.cn/finalpage/2025-04-29/1223382679.PDF
000625,长安汽车,2024年年度报告,2025-04-11 00:00:00,1223057073,reports_raw/companies/000_sz_main/000625_长安汽车/2024/1223057073.pdf,https://static.cninfo.com.cn/finalpage/2025-04-11/1223057073.PDF
000629,钒钛股份,2024年年度报告（更正后）,2025-05-17 00:00:00,1223570795,reports_raw/companies/000_sz_main/000629_钒钛股份/2024/1223570795.pdf,https://static.cninfo.com.cn/finalpage/2025-05-17/1223570795.PDF
000631,顺发恒业,2024年年度报告,2025-04-19 00:00:00,1223150968,reports_raw/companies/000_sz_main/000631_顺发恒业/2024/1223150968.pdf,https://static.cninfo.com.cn/finalpage/2025-04-19/1223150968.PDF
000632,三木集团,2024年年度报告,2025-04-29 00:00:00,1223358311,reports_raw/companies/000_sz_main/000632_三木集团/2024/1223358311.pdf,https://static.cninfo.com.cn/finalpage/2025-04-29/1223358311.PDF
000633,合金投资,2024年年度报告,2025-04-08 00:00:00,1223020906,reports_raw/companies/000_sz_main/000633_合金投资/2024/1223020906.pdf,https://static.cninfo.com.cn/finalpage/2025-04-08/1223020906.PDF
000636,风华高科,2024年年度报告,2025-04-15 00:00:00,1223096284,reports_raw/companies/000_sz_main/000636_风华高科/2024/1223096284.pdf,https://static.cninfo.com.cn/finalpage/2025-04-15/1223096284.PDF
000637,茂化实华,2024年年度报告,2025-04-29 00:00:00,1223369814,reports_raw/companies/000_sz_main/000637_茂化实华/2024/1223369814.pdf,https://static.cninfo.com.cn/finalpage/2025-04-29/1223369814.PDF
000638,万方发展,2024年年度报告,2025-04-29 00:00:00,1223383301,reports_raw/companies/000_sz_main/000638_万方发展/2024/1223383301.pdf,https://static.cninfo.com.cn/finalpage/2025-04-29/1223383301.PDF
000639,西王食品,2024年年度报告,2025-04-03 00:00:00,1222990378,reports_raw/companies/000_sz_main/000639_西王食品/2024/1222990378.pdf,https://static.cninfo.com.cn/finalpage/2025-04-03/1222990378.PDF
000651,格力电器,2024年年度报告（英文版）,2025-06-11 00:00:00,1223836182,reports_raw/companies/000_sz_main/000651_格力电器/2024/1223836182.pdf,https://static.cninfo.com.cn/finalpage/2025-06-11/1223836182.PDF
000655,金岭矿业,2024年年度报告,2025-03-29 00:00:00,1222944885,reports_raw/companies/000_sz_main/000655_金岭矿业/2024/1222944885.pdf,https://static.cninfo.com.cn/finalpage/2025-03-29/1222944885.PDF
000656,*ST金科,2024年年度报告,2025-04-29 00:00:00,1223384368,reports_raw/companies/000_sz_main/000656_ST金科/2024/1223384368.pdf,https://static.cninfo.com.cn/finalpage/2025-04-29/1223384368.PDF
000659,珠海中富,2024年年度报告,2025-04-11 00:00:00,1223055797,reports_raw/companies/000_sz_main/000659_珠海中富/2024/1223055797.pdf,https://static.cninfo.com.cn/finalpage/2025-04-11/1223055797.PDF
000663,永安林业,2024年年度报告,2025-03-31 00:00:00,1222949362,reports_raw/companies/000_sz_main/000663_永安林业/2024/1222949362.pdf,https://static.cninfo.com.cn/finalpage/2025-03-31/1222949362.PDF
000665,湖北广电,2024年年度报告,2025-04-29 00:00:00,1223360869,reports_raw/companies/000_sz_main/000665_湖北广电/2024/1223360869.pdf,https://static.cninfo.com.cn/finalpage/2025-04-29/1223360869.PDF
000668,荣丰控股,2024年年度报告,2025-04-29 00:00:00,1223381579,reports_raw/companies/000_sz_main/000668_荣丰控股/2024/1223381579.pdf,https://static.cninfo.com.cn/finalpage/2025-04-29/1223381579.PDF
000669,ST金鸿,2024年年度报告,2025-04-29 00:00:00,1223391751,reports_raw/companies/000_sz_main/000669_ST金鸿/2024/1223391751.pdf,https://static.cninfo.com.cn/finalpage/2025-04-29/1223391751.PDF
000670,盈方微,2024年年度报告（更正后）,2025-07-19 00:00:00,1224216255,reports_raw/companies/000_sz_main/000670_盈方微/2024/1224216255.pdf,https://static.cninfo.com.cn/finalpage/2025-07-19/1224216255.PDF
000676,智度股份,2024年年度报告,2025-04-29 00:00:00,1223379237,reports_raw/companies/000_sz_main/000676_智度股份/2024/1223379237.pdf,https://static.cninfo.com.cn/finalpage/2025-04-29/1223379237.PDF
000677,恒天海龙,2024年年度报告,2025-04-18 00:00:00,1223122978,reports_raw/companies/000_sz_main/000677_恒天海龙/2024/1223122978.pdf,https://static.cninfo.com.cn/finalpage/2025-04-18/1223122978.PDF
000678,襄阳轴承,2024年年度报告,2025-04-26 00:00:00,1223328155,reports_raw/companies/000_sz_main/000678_襄阳轴承/2024/1223328155.pdf,https://static.cninfo.com.cn/finalpage/2025-04-26/1223328155.PDF
000679,大连友谊,2024年年度报告,2025-04-26 00:00:00,1223327895,reports_raw/companies/000_sz_main/000679_大连友谊/2024/1223327895.pdf,https://static.cninfo.com.cn/finalpage/2025-04-26/1223327895.PDF
000688,国城矿业,2024年年度报告,2025-03-22 00:00:00,1222870296,reports_raw/companies/000_sz_main/000688_国城矿业/2024/1222870296.pdf,https://static.cninfo.com.cn/finalpage/2025-03-22/1222870296.PDF
000690,宝新能源,2024年年度报告,2025-04-29 00:00:00,1223370875,reports_raw/companies/000_sz_main/000690_宝新能源/2024/1223370875.pdf,https://static.cninfo.com.cn/finalpage/2025-04-29/1223370875.PDF
000691,亚太实业,2024年年度报告,2025-04-29 00:00:00,1223375086,reports_raw/companies/000_sz_main/000691_亚太实业/2024/1223375086.pdf,https://static.cninfo.com.cn/finalpage/2025-04-29/1223375086.PDF
000692,惠天热电,2024年年度报告全文（修订后）,2025-06-14 00:00:00,1223879619,reports_raw/companies/000_sz_main/000692_惠天热电/2024/1223879619.pdf,https://static.cninfo.com.cn/finalpage/2025-06-14/1223879619.PDF
000695,滨海能源,2024年年度报告,2025-04-19 00:00:00,1223147267,reports_raw/companies/000_sz_main/000695_滨海能源/2024/1223147267.pdf,https://static.cninfo.com.cn/finalpage/2025-04-19/1223147267.PDF
000697,炼石航空,2024年年度报告,2025-04-18 00:00:00,1223127697,reports_raw/companies/000_sz_main/000697_炼石航空/2024/1223127697.pdf,https://static.cninfo.com.cn/finalpage/2025-04-18/1223127697.PDF
000700,模塑科技,2024年年度报告,2025-04-29 00:00:00,1223369521,reports_raw/companies/000_sz_main/000700_模塑科技/2024/1223369521.pdf,https://static.cninfo.com.cn/finalpage/2025-04-29/1223369521.PDF
000701,厦门信达,2024年年度报告,2025-04-19 00:00:00,1223149222,reports_raw/companies/000_sz_main/000701_厦门信达/2024/1223149222.pdf,https://static.cninfo.com.cn/finalpage/2025-04-19/1223149222.PDF
000702,正虹科技,2024年年度报告,2025-04-03 00:00:00,1222990485,reports_raw/companies/000_sz_main/000702_正虹科技/2024/1222990485.pdf,https://static.cninfo.com.cn/finalpage/2025-04-03/1222990485.PDF
000705,浙江震元,2024年年度报告,2025-04-29 00:00:00,1223372978,reports_raw/companies/000_sz_main/000705_浙江震元/2024/1223372978.pdf,https://static.cninfo.com.cn/finalpage/2025-04-29/1223372978.PDF
000707,双环科技,2024年年度报告,2025-04-29 00:00:00,1223373790,reports_raw/companies/000_sz_main/000707_双环科技/2024/1223373790.pdf,https://static.cninfo.com.cn/finalpage/2025-04-29/1223373790.pdf
000708,中信特钢,2024年年度报告,2025-03-20 00:00:00,1222847166,reports_raw/companies/000_sz_main/000708_中信特钢/2024/1222847166.pdf,https://static.cninfo.com.cn/finalpage/2025-03-20/1222847166.PDF
000711,*ST京蓝,2024年年度报告,2025-04-16 00:00:00,1223101719,reports_raw/companies/000_sz_main/000711_ST京蓝/2024/1223101719.pdf,https://static.cninfo.com.cn/finalpage/2025-04-16/1223101719.PDF
000712,锦龙股份,2024年年度报告,2025-04-28 00:00:00,1223300783,reports_raw/companies/000_sz_main/000712_锦龙股份/2024/1223300783.pdf,https://static.cninfo.com.cn/finalpage/2025-04-28/1223300783.PDF
000713,丰乐种业,2024年年度报告,2025-03-12 00:00:00,1222768962,reports_raw/companies/000_sz_main/000713_丰乐种业/2024/1222768962.pdf,https://static.cninfo.com.cn/finalpage/2025-03-12/1222768962.PDF
000715,中兴商业,2024年年度报告,2025-03-29 00:00:00,1222946999,reports_raw/companies/000_sz_main/000715_中兴商业/2024/1222946999.pdf,https://static.cninfo.com.cn/finalpage/2025-03-29/1222946999.PDF
000718,苏宁环球,2024年年度报告,2025-04-15 00:00:00,1223096531,reports_raw/companies/000_sz_main/000718_苏宁环球/2024/1223096531.pdf,https://static.cninfo.com.cn/finalpage/2025-04-15/1223096531.PDF
000719,中原传媒,2024年年度报告,2025-04-18 00:00:00,1223122201,reports_raw/companies/000_sz_main/000719_中原传媒/2024/1223122201.pdf,https://static.cninfo.com.cn/finalpage/2025-04-18/1223122201.PDF
000720,新能泰山,2024年年度报告,2025-04-28 00:00:00,1223332224,reports_raw/companies/000_sz_main/000720_新能泰山/2024/1223332224.pdf,https://static.cninfo.com.cn/finalpage/2025-04-28/1223332224.PDF
000721,西安饮食,2024年年度报告,2025-04-19 00:00:00,1223149748,reports_raw/companies/000_sz_main/000721_西安饮食/2024/1223149748.pdf,https://static.cninfo.com.cn/finalpage/2025-04-19/1223149748.PDF
000722,湖南发展,2024年年度报告,2025-04-10 00:00:00,1223044857,reports_raw/companies/000_sz_main/000722_湖南发展/2024/1223044857.pdf,https://static.cninfo.com.cn/finalpage/2025-04-10/1223044857.PDF
000723,美锦能源,2024年年度报告,2025-04-26 00:00:00,1223322016,reports_raw/companies/000_sz_main/000723_美锦能源/2024/1223322016.pdf,https://static.cninfo.com.cn/finalpage/2025-04-26/1223322016.PDF
000726,鲁  泰Ａ,2024年年度报告,2025-04-10 00:00:00,1223044453,reports_raw/companies/000_sz_main/000726_鲁_泰Ａ/2024/1223044453.pdf,https://static.cninfo.com.cn/finalpage/2025-04-10/1223044453.PDF
000727,冠捷科技,2024年年度报告,2025-04-29 00:00:00,1223369635,reports_raw/companies/000_sz_main/000727_冠捷科技/2024/1223369635.pdf,https://static.cninfo.com.cn/finalpage/2025-04-29/1223369635.PDF
000728,国元证券,2024年年度报告,2025-04-15 00:00:00,1223096099,reports_raw/companies/000_sz_main/000728_国元证券/2024/1223096099.pdf,https://static.cninfo.com.cn/finalpage/2025-04-15/1223096099.PDF
000735,罗 牛 山,2024年年度报告,2025-04-19 00:00:00,1223142745,reports_raw/companies/000_sz_main/000735_罗_牛_山/2024/1223142745.pdf,https://static.cninfo.com.cn/finalpage/2025-04-19/1223142745.PDF
000736,中交地产,2024年年度报告,2025-04-15 00:00:00,1223096939,reports_raw/companies/000_sz_main/000736_中交地产/2024/1223096939.pdf,https://static.cninfo.com.cn/finalpage/2025-04-15/1223096939.PDF
000738,航发控制,2024年年度报告,2025-03-29 00:00:00,1222949964,reports_raw/companies/000_sz_main/000738_航发控制/2024/1222949964.pdf,https://static.cninfo.com.cn/finalpage/2025-03-29/1222949964.PDF
000739,普洛药业,2024年年度报告,2025-03-11 00:00:00,1222760371,reports_raw/companies/000_sz_main/000739_普洛药业/2024/1222760371.pdf,https://static.cninfo.com.cn/finalpage/2025-03-11/1222760371.PDF
000750,国海证券,2024年年度报告,2025-03-29 00:00:00,1222948083,reports_raw/companies/000_sz_main/000750_国海证券/2024/1222948083.pdf,https://static.cninfo.com.cn/finalpage/2025-03-29/1222948083.PDF
000753,漳州发展,2024年年度报告,2025-04-19 00:00:00,1223149278,reports_raw/companies/000_sz_main/000753_漳州发展/2024/1223149278.pdf,https://static.cninfo.com.cn/finalpage/2025-04-19/1223149278.PDF
000756,新华制药,2024年年度报告,2025-03-31 00:00:00,1222945480,reports_raw/companies/000_sz_main/000756_新华制药/2024/1222945480.pdf,https://static.cninfo.com.cn/finalpage/2025-03-31/1222945480.pdf
000759,中百集团,2024年年度报告,2025-04-26 00:00:00,1223327789,reports_raw/companies/000_sz_main/000759_中百集团/2024/1223327789.pdf,https://static.cninfo.com.cn/finalpage/2025-04-26/1223327789.PDF
000761,本钢板材,2024年年度报告,2025-04-04 00:00:00,1223005830,reports_raw/companies/000_sz_main/000761_本钢板材/2024/1223005830.pdf,https://static.cninfo.com.cn/finalpage/2025-04-04/1223005830.PDF
000762,西藏矿业,2024年年度报告,2025-04-02 00:00:00,1222982209,reports_raw/companies/000_sz_main/000762_西藏矿业/2024/1222982209.pdf,https://static.cninfo.com.cn/finalpage/2025-04-02/1222982209.PDF
000766,通化金马,2024年年度报告,2025-04-18 00:00:00,1223122279,reports_raw/companies/000_sz_main/000766_通化金马/2024/1223122279.pdf,https://static.cninfo.com.cn/finalpage/2025-04-18/1223122279.PDF
000768,中航西飞,2024年年度报告,2025-04-01 00:00:00,1222975145,reports_raw/companies/000_sz_main/000768_中航西飞/2024/1222975145.pdf,https://static.cninfo.com.cn/finalpage/2025-04-01/1222975145.pdf
000776,广发证券,2024年年度报告,2025-03-29 00:00:00,1222949775,reports_raw/companies/000_sz_main/000776_广发证券/2024/1222949775.pdf,https://static.cninfo.com.cn/finalpage/2025-03-29/1222949775.PDF
000777,中核科技,2024年年度报告,2025-04-16 00:00:00,1223103041,reports_raw/companies/000_sz_main/000777_中核科技/2024/1223103041.pdf,https://static.cninfo.com.cn/finalpage/2025-04-16/1223103041.PDF
000778,新兴铸管,2024年年度报告,2025-04-11 00:00:00,1223058153,reports_raw/companies/000_sz_main/000778_新兴铸管/2024/1223058153.pdf,https://static.cninfo.com.cn/finalpage/2025-04-11/1223058153.pdf
000782,恒申新材,2024年年度报告,2025-03-28 00:00:00,1222923309,reports_raw/companies/000_sz_main/000782_恒申新材/2024/1222923309.pdf,https://static.cninfo.com.cn/finalpage/2025-03-28/1222923309.PDF
000783,长江证券,2024年年度报告,2025-04-29 00:00:00,1223376019,reports_raw/companies/000_sz_main/000783_长江证券/2024/1223376019.pdf,https://static.cninfo.com.cn/finalpage/2025-04-29/1223376019.PDF
000785,居然智家,2024年年度报告,2025-04-30 00:00:00,1223418039,reports_raw/companies/000_sz_main/000785_居然智家/2024/1223418039.pdf,https://static.cninfo.com.cn/finalpage/2025-04-30/1223418039.PDF
000786,北新建材,2024年年度报告,2025-03-27 00:00:00,1222913498,reports_raw/companies/000_sz_main/000786_北新建材/2024/1222913498.pdf,https://static.cninfo.com.cn/finalpage/2025-03-27/1222913498.PDF
000790,华神科技,2024年年度报告,2025-04-29 00:00:00,1223372751,reports_raw/companies/000_sz_main/000790_华神科技/2024/1223372751.pdf,https://static.cninfo.com.cn/finalpage/2025-04-29/1223372751.PDF
000791,甘肃能源,2024年年度报告,2025-03-29 00:00:00,1222939342,reports_raw/companies/000_sz_main/000791_甘肃能源/2024/1222939342.pdf,https://static.cninfo.com.cn/finalpage/2025-03-29/1222939342.PDF
000792,盐湖股份,2024年年度报告,2025-03-29 00:00:00,1222951154,reports_raw/companies/000_sz_main/000792_盐湖股份/2024/1222951154.pdf,https://static.cninfo.com.cn/finalpage/2025-03-29/1222951154.PDF
000793,ST华闻,2024年年度报告,2025-04-26 00:00:00,1223324693,reports_raw/companies/000_sz_main/000793_ST华闻/2024/1223324693.pdf,https://static.cninfo.com.cn/finalpage/2025-04-26/1223324693.PDF
000795,英洛华,2024年年度报告,2025-03-08 00:00:00,1222745052,reports_raw/companies/000_sz_main/000795_英洛华/2024/1222745052.pdf,https://static.cninfo.com.cn/finalpage/2025-03-08/1222745052.PDF
000797,中国武夷,2024年年度报告,2025-04-19 00:00:00,1223149048,reports_raw/companies/000_sz_main/000797_中国武夷/2024/1223149048.pdf,https://static.cninfo.com.cn/finalpage/2025-04-19/1223149048.PDF
000798,中水渔业,2024年年度报告,2025-04-19 00:00:00,1223155364,reports_raw/companies/000_sz_main/000798_中水渔业/2024/1223155364.pdf,https://static.cninfo.com.cn/finalpage/2025-04-19/1223155364.PDF
000799,酒鬼酒,2024年年度报告,2025-04-29 00:00:00,1223367569,reports_raw/companies/000_sz_main/000799_酒鬼酒/2024/1223367569.pdf,https://static.cninfo.com.cn/finalpage/2025-04-29/1223367569.PDF
000800,一汽解放,2024年年度报告（英文版）,2025-04-30 00:00:00,1223407248,reports_raw/companies/000_sz_main/000800_一汽解放/2024/1223407248.pdf,https://static.cninfo.com.cn/finalpage/2025-04-30/1223407248.PDF
000801,四川九洲,2024年年度报告,2025-03-29 00:00:00,1222941702,reports_raw/companies/000_sz_main/000801_四川九洲/2024/1222941702.pdf,https://static.cninfo.com.cn/finalpage/2025-03-29/1222941702.PDF
000802,北京文化,2024年年度报告,2025-04-19 00:00:00,1223147225,reports_raw/companies/000_sz_main/000802_北京文化/2024/1223147225.pdf,https://static.cninfo.com.cn/finalpage/2025-04-19/1223147225.PDF
000807,云铝股份,2024年年度报告,2025-03-27 00:00:00,1222911954,reports_raw/companies/000_sz_main/000807_云铝股份/2024/1222911954.pdf,https://static.cninfo.com.cn/finalpage/2025-03-27/1222911954.PDF
000809,*ST和展,2024年年度报告,2025-04-03 00:00:00,1222993934,reports_raw/companies/000_sz_main/000809_ST和展/2024/1222993934.pdf,https://static.cninfo.com.cn/finalpage/2025-04-03/1222993934.PDF
000810,创维数字,2024年年度报告,2025-03-25 00:00:00,1222882481,reports_raw/companies/000_sz_main/000810_创维数字/2024/1222882481.pdf,https://static.cninfo.com.cn/finalpage/2025-03-25/1222882481.PDF
000811,冰轮环境,2024年年度报告,2025-04-17 00:00:00,1223110835,reports_raw/companies/000_sz_main/000811_冰轮环境/2024/1223110835.pdf,https://static.cninfo.com.cn/finalpage/2025-04-17/1223110835.PDF
000813,德展健康,2024年年度报告,2025-04-29 00:00:00,1223388684,reports_raw/companies/000_sz_main/000813_德展健康/2024/1223388684.pdf,https://static.cninfo.com.cn/finalpage/2025-04-29/1223388684.PDF
000815,美利云,2024年年度报告,2025-03-14 00:00:00,1222789610,reports_raw/companies/000_sz_main/000815_美利云/2024/1222789610.pdf,https://static.cninfo.com.cn/finalpage/2025-03-14/1222789610.PDF
000816,智慧农业,2024年年度报告,2025-03-28 00:00:00,1222929568,reports_raw/companies/000_sz_main/000816_智慧农业/2024/1222929568.pdf,https://static.cninfo.com.cn/finalpage/2025-03-28/1222929568.PDF
000819,岳阳兴长,2024年年度报告,2025-04-01 00:00:00,1222972547,reports_raw/companies/000_sz_main/000819_岳阳兴长/2024/1222972547.pdf,https://static.cninfo.com.cn/finalpage/2025-04-01/1222972547.PDF
000820,神雾节能,2024年年度报告,2025-04-29 00:00:00,1223385090,reports_raw/companies/000_sz_main/000820_神雾节能/2024/1223385090.pdf,https://static.cninfo.com.cn/finalpage/2025-04-29/1223385090.PDF
000822,山东海化,2024年年度报告,2025-03-22 00:00:00,1222867296,reports_raw/companies/000_sz_main/000822_山东海化/2024/1222867296.pdf,https://static.cninfo.com.cn/finalpage/2025-03-22/1222867296.PDF
000823,超声电子,2024年年度报告,2025-03-20 00:00:00,1222845103,reports_raw/companies/000_sz_main/000823_超声电子/2024/1222845103.pdf,https://static.cninfo.com.cn/finalpage/2025-03-20/1222845103.PDF
000825,太钢不锈,2024年年度报告,2025-04-28 00:00:00,1223315831,reports_raw/companies/000_sz_main/000825_太钢不锈/2024/1223315831.pdf,https://static.cninfo.com.cn/finalpage/2025-04-28/1223315831.PDF
000826,启迪环境,2024年年度报告,2025-04-29 00:00:00,1223383631,reports_raw/companies/000_sz_main/000826_启迪环境/2024/1223383631.pdf,https://static.cninfo.com.cn/finalpage/2025-04-29/1223383631.PDF
000828,东莞控股,2024年年度报告,2025-04-08 00:00:00,1223022496,reports_raw/companies/000_sz_main/000828_东莞控股/2024/1223022496.pdf,https://static.cninfo.com.cn/finalpage/2025-04-08/1223022496.pdf
000829,天音控股,2024年年度报告,2025-04-29 00:00:00,1223374662,reports_raw/companies/000_sz_main/000829_天音控股/2024/1223374662.pdf,https://static.cninfo.com.cn/finalpage/2025-04-29/1223374662.PDF
000831,中国稀土,2024年年度报告,2025-04-28 00:00:00,1223322883,reports_raw/companies/000_sz_main/000831_中国稀土/2024/1223322883.pdf,https://static.cninfo.com.cn/finalpage/2025-04-28/1223322883.PDF
000833,粤桂股份,2024年年度报告,2025-03-28 00:00:00,1222925474,reports_raw/companies/000_sz_main/000833_粤桂股份/2024/1222925474.pdf,https://static.cninfo.com.cn/finalpage/2025-03-28/1222925474.PDF
000837,秦川机床,2024年年度报告,2025-04-15 00:00:00,1223095829,reports_raw/companies/000_sz_main/000837_秦川机床/2024/1223095829.pdf,https://static.cninfo.com.cn/finalpage/2025-04-15/1223095829.PDF
000839,中信国安,2024年年度报告,2025-04-29 00:00:00,1223377668,reports_raw/companies/000_sz_main/000839_中信国安/2024/1223377668.pdf,https://static.cninfo.com.cn/finalpage/2025-04-29/1223377668.PDF
000850,华茂股份,2024年年度报告,2025-04-07 00:00:00,1223003618,reports_raw/companies/000_sz_main/000850_华茂股份/2024/1223003618.pdf,https://static.cninfo.com.cn/finalpage/2025-04-07/1223003618.PDF
000851,ST高鸿,2024年年度报告,2025-04-29 00:00:00,1223388951,reports_raw/companies/000_sz_main/000851_ST高鸿/2024/1223388951.pdf,https://static.cninfo.com.cn/finalpage/2025-04-29/1223388951.PDF
000856,冀东装备,2024年年度报告,2025-03-27 00:00:00,1222912384,reports_raw/companies/000_sz_main/000856_冀东装备/2024/1222912384.pdf,https://static.cninfo.com.cn/finalpage/2025-03-27/1222912384.PDF
000859,国风新材,2024年年度报告,2025-03-15 00:00:00,1222807279,reports_raw/companies/000_sz_main/000859_国风新材/2024/1222807279.pdf,https://static.cninfo.com.cn/finalpage/2025-03-15/1222807279.PDF
000862,银星能源,2024年年度报告,2025-03-25 00:00:00,1222881354,reports_raw/companies/000_sz_main/000862_银星能源/2024/1222881354.pdf,https://static.cninfo.com.cn/finalpage/2025-03-25/1222881354.PDF
000868,安凯客车,2024年年度报告,2025-03-25 00:00:00,1222880140,reports_raw/companies/000_sz_main/000868_安凯客车/2024/1222880140.pdf,https://static.cninfo.com.cn/finalpage/2025-03-25/1222880140.PDF
000869,张  裕Ａ,2024年年度报告,2025-04-18 00:00:00,1223125984,reports_raw/companies/000_sz_main/000869_张_裕Ａ/2024/1223125984.pdf,https://static.cninfo.com.cn/finalpage/2025-04-18/1223125984.PDF
000875,吉电股份,2024年年度报告,2025-04-29 00:00:00,1223370787,reports_raw/companies/000_sz_main/000875_吉电股份/2024/1223370787.pdf,https://static.cninfo.com.cn/finalpage/2025-04-29/1223370787.PDF
000877,天山股份,2024年年度报告,2025-03-27 00:00:00,1222912332,reports_raw/companies/000_sz_main/000877_天山股份/2024/1222912332.pdf,https://static.cninfo.com.cn/finalpage/2025-03-27/1222912332.PDF
000878,云南铜业,2024年年度报告,2025-03-26 00:00:00,1222895541,reports_raw/companies/000_sz_main/000878_云南铜业/2024/1222895541.pdf,https://static.cninfo.com.cn/finalpage/2025-03-26/1222895541.PDF
000880,潍柴重机,2024年年度报告,2025-03-28 00:00:00,1222928101,reports_raw/companies/000_sz_main/000880_潍柴重机/2024/1222928101.pdf,https://static.cninfo.com.cn/finalpage/2025-03-28/1222928101.PDF
000881,中广核技,2024年年度报告,2025-04-29 00:00:00,1223363488,reports_raw/companies/000_sz_main/000881_中广核技/2024/1223363488.pdf,https://static.cninfo.com.cn/finalpage/2025-04-29/1223363488.PDF
000882,华联股份,2024年年度报告,2025-04-28 00:00:00,1223322263,reports_raw/companies/000_sz_main/000882_华联股份/2024/1223322263.pdf,https://static.cninfo.com.cn/finalpage/2025-04-28/1223322263.PDF
000886,海南高速,2024年年度报告,2025-04-29 00:00:00,1223365114,reports_raw/companies/000_sz_main/000886_海南高速/2024/1223365114.pdf,https://static.cninfo.com.cn/finalpage/2025-04-29/1223365114.pdf
000887,中鼎股份,2024年年度报告,2025-04-29 00:00:00,1223369489,reports_raw/companies/000_sz_main/000887_中鼎股份/2024/1223369489.pdf,https://static.cninfo.com.cn/finalpage/2025-04-29/1223369489.PDF
000889,ST中嘉,2024年年度报告,2025-04-15 00:00:00,1223096506,reports_raw/companies/000_sz_main/000889_ST中嘉/2024/1223096506.pdf,https://static.cninfo.com.cn/finalpage/2025-04-15/1223096506.PDF
000890,法尔胜,2024年年度报告,2025-04-28 00:00:00,1223317715,reports_raw/companies/000_sz_main/000890_法尔胜/2024/1223317715.pdf,https://static.cninfo.com.cn/finalpage/2025-04-28/1223317715.PDF
000892,欢瑞世纪,2024年年度报告,2025-04-10 00:00:00,1223046511,reports_raw/companies/000_sz_main/000892_欢瑞世纪/2024/1223046511.pdf,https://static.cninfo.com.cn/finalpage/2025-04-10/1223046511.PDF
000895,双汇发展,2024年年度报告,2025-03-26 00:00:00,1222894646,reports_raw/companies/000_sz_main/000895_双汇发展/2024/1222894646.pdf,https://static.cninfo.com.cn/finalpage/2025-03-26/1222894646.PDF
000897,津滨发展,2024年年度报告,2025-04-29 00:00:00,1223361063,reports_raw/companies/000_sz_main/000897_津滨发展/2024/1223361063.pdf,https://static.cninfo.com.cn/finalpage/2025-04-29/1223361063.PDF
000898,鞍钢股份,2024年年度报告,2025-03-31 00:00:00,1222950832,reports_raw/companies/000_sz_main/000898_鞍钢股份/2024/1222950832.pdf,https://static.cninfo.com.cn/finalpage/2025-03-31/1222950832.PDF
000899,赣能股份,2024年年度报告,2025-04-16 00:00:00,1223101800,reports_raw/companies/000_sz_main/000899_赣能股份/2024/1223101800.pdf,https://static.cninfo.com.cn/finalpage/2025-04-16/1223101800.PDF
000900,现代投资,2024年年度报告,2025-04-03 00:00:00,1222992391,reports_raw/companies/000_sz_main/000900_现代投资/2024/1222992391.pdf,https://static.cninfo.com.cn/finalpage/2025-04-03/1222992391.PDF
000901,航天科技,2024年年度报告,2025-03-31 00:00:00,1222938944,reports_raw/companies/000_sz_main/000901_航天科技/2024/1222938944.pdf,https://static.cninfo.com.cn/finalpage/2025-03-31/1222938944.PDF
000902,新洋丰,2024年年度报告,2025-04-18 00:00:00,1223120800,reports_raw/companies/000_sz_main/000902_新洋丰/2024/1223120800.pdf,https://static.cninfo.com.cn/finalpage/2025-04-18/1223120800.PDF
000903,云内动力,2024年年度报告,2025-04-30 00:00:00,1223415269,reports_raw/companies/000_sz_main/000903_云内动力/2024/1223415269.pdf,https://static.cninfo.com.cn/finalpage/2025-04-30/1223415269.PDF
000905,厦门港务,2024年年度报告,2025-03-27 00:00:00,1222912502,reports_raw/companies/000_sz_main/000905_厦门港务/2024/1222912502.pdf,https://static.cninfo.com.cn/finalpage/2025-03-27/1222912502.PDF
000908,*ST景峰,2024年年度报告,2025-04-29 00:00:00,1223382404,reports_raw/companies/000_sz_main/000908_ST景峰/2024/1223382404.pdf,https://static.cninfo.com.cn/finalpage/2025-04-29/1223382404.PDF
000909,ST数源,2024年年度报告,2025-04-19 00:00:00,1223154999,reports_raw/companies/000_sz_main/000909_ST数源/2024/1223154999.pdf,https://static.cninfo.com.cn/finalpage/2025-04-19/1223154999.PDF
000910,大亚圣象,2024年年度报告,2025-03-28 00:00:00,1222924717,reports_raw/companies/000_sz_main/000910_大亚圣象/2024/1222924717.pdf,https://static.cninfo.com.cn/finalpage/2025-03-28/1222924717.PDF
000912,泸天化,2024年年度报告,2025-04-26 00:00:00,1223322706,reports_raw/companies/000_sz_main/000912_泸天化/2024/1223322706.pdf,https://static.cninfo.com.cn/finalpage/2025-04-26/1223322706.PDF
000915,华特达因,2024年年度报告,2025-03-21 00:00:00,1222855467,reports_raw/companies/000_sz_main/000915_华特达因/2024/1222855467.pdf,https://static.cninfo.com.cn/finalpage/2025-03-21/1222855467.PDF
000917,电广传媒,2024年年度报告,2025-04-26 00:00:00,1223329341,reports_raw/companies/000_sz_main/000917_电广传媒/2024/1223329341.pdf,https://static.cninfo.com.cn/finalpage/2025-04-26/1223329341.PDF
000919,金陵药业,2024年年度报告,2025-03-29 00:00:00,1222946979,reports_raw/companies/000_sz_main/000919_金陵药业/2024/1222946979.pdf,https://static.cninfo.com.cn/finalpage/2025-03-29/1222946979.PDF
000920,沃顿科技,2024年年度报告,2025-03-28 00:00:00,1222926680,reports_raw/companies/000_sz_main/000920_沃顿科技/2024/1222926680.pdf,https://static.cninfo.com.cn/finalpage/2025-03-28/1222926680.PDF
000921,海信家电,2024年年度报告,2025-03-29 00:00:00,1222945858,reports_raw/companies/000_sz_main/000921_海信家电/2024/1222945858.pdf,https://static.cninfo.com.cn/finalpage/2025-03-29/1222945858.pdf
000922,佳电股份,2024年年度报告,2025-03-31 00:00:00,1222982315,reports_raw/companies/000_sz_main/000922_佳电股份/2024/1222982315.pdf,https://static.cninfo.com.cn/finalpage/2025-03-31/1222982315.pdf
000926,福星股份,2024年年度报告,2025-04-29 00:00:00,1223380389,reports_raw/companies/000_sz_main/000926_福星股份/2024/1223380389.pdf,https://static.cninfo.com.cn/finalpage/2025-04-29/1223380389.PDF
000927,中国铁物,2024年年度报告,2025-03-29 00:00:00,1222946336,reports_raw/companies/000_sz_main/000927_中国铁物/2024/1222946336.pdf,https://static.cninfo.com.cn/finalpage/2025-03-29/1222946336.PDF
000929,兰州黄河,2024年年度报告,2025-04-29 00:00:00,1223382381,reports_raw/companies/000_sz_main/000929_兰州黄河/2024/1223382381.pdf,https://static.cninfo.com.cn/finalpage/2025-04-29/1223382381.PDF
000931,中 关 村,2024年年度报告,2025-04-18 00:00:00,1223123176,reports_raw/companies/000_sz_main/000931_中_关_村/2024/1223123176.pdf,https://static.cninfo.com.cn/finalpage/2025-04-18/1223123176.PDF
000932,华菱钢铁,2024年年度报告,2025-03-22 00:00:00,1222868522,reports_raw/companies/000_sz_main/000932_华菱钢铁/2024/1222868522.pdf,https://static.cninfo.com.cn/finalpage/2025-03-22/1222868522.PDF
000933,神火股份,2024年年度报告,2025-03-25 00:00:00,1222881387,reports_raw/companies/000_sz_main/000933_神火股份/2024/1222881387.pdf,https://static.cninfo.com.cn/finalpage/2025-03-25/1222881387.PDF
000935,四川双马,2024年年度报告,2025-04-29 00:00:00,1223369402,reports_raw/companies/000_sz_main/000935_四川双马/2024/1223369402.pdf,https://static.cninfo.com.cn/finalpage/2025-04-29/1223369402.PDF
000936,华西股份,2024年年度报告,2025-04-29 00:00:00,1223365073,reports_raw/companies/000_sz_main/000936_华西股份/2024/1223365073.pdf,https://static.cninfo.com.cn/finalpage/2025-04-29/1223365073.PDF
000938,紫光股份,2024年年度报告,2025-04-29 00:00:00,1223369453,reports_raw/companies/000_sz_main/000938_紫光股份/2024/1223369453.pdf,https://static.cninfo.com.cn/finalpage/2025-04-29/1223369453.PDF
000948,南天信息,2024年年度报告,2025-04-29 00:00:00,1223376651,reports_raw/companies/000_sz_main/000948_南天信息/2024/1223376651.pdf,https://static.cninfo.com.cn/finalpage/2025-04-29/1223376651.PDF
000949,新乡化纤,2024年年度报告,2025-03-28 00:00:00,1222923128,reports_raw/companies/000_sz_main/000949_新乡化纤/2024/1222923128.pdf,https://static.cninfo.com.cn/finalpage/2025-03-28/1222923128.PDF
000951,中国重汽,2024年年度报告,2025-03-28 00:00:00,1222930065,reports_raw/companies/000_sz_main/000951_中国重汽/2024/1222930065.pdf,https://static.cninfo.com.cn/finalpage/2025-03-28/1222930065.PDF
000952,广济药业,2024年年度报告,2025-04-28 00:00:00,1223312652,reports_raw/companies/000_sz_main/000952_广济药业/2024/1223312652.pdf,https://static.cninfo.com.cn/finalpage/2025-04-28/1223312652.PDF
000953,河化股份,2024年年度报告,2025-04-26 00:00:00,1223324895,reports_raw/companies/000_sz_main/000953_河化股份/2024/1223324895.pdf,https://static.cninfo.com.cn/finalpage/2025-04-26/1223324895.PDF
000955,欣龙控股,2024年年度报告,2025-04-03 00:00:00,1222990434,reports_raw/companies/000_sz_main/000955_欣龙控股/2024/1222990434.pdf,https://static.cninfo.com.cn/finalpage/2025-04-03/1222990434.PDF
000959,首钢股份,2024年年度报告（英文版）,2025-04-18 00:00:00,1223126185,reports_raw/companies/000_sz_main/000959_首钢股份/2024/1223126185.pdf,https://static.cninfo.com.cn/finalpage/2025-04-18/1223126185.PDF
000960,锡业股份,2024年年度报告,2025-04-03 00:00:00,1222993523,reports_raw/companies/000_sz_main/000960_锡业股份/2024/1222993523.pdf,https://static.cninfo.com.cn/finalpage/2025-04-03/1222993523.PDF
000962,东方钽业,2024年年度报告,2025-04-15 00:00:00,1223094589,reports_raw/companies/000_sz_main/000962_东方钽业/2024/1223094589.pdf,https://static.cninfo.com.cn/finalpage/2025-04-15/1223094589.PDF
000963,华东医药,2024年年度报告（英文版）,2025-07-09 00:00:00,1224102505,reports_raw/companies/000_sz_main/000963_华东医药/2024/1224102505.pdf,https://static.cninfo.com.cn/finalpage/2025-07-09/1224102505.PDF
000965,天保基建,2024年年度报告,2025-03-29 00:00:00,1222947586,reports_raw/companies/000_sz_main/000965_天保基建/2024/1222947586.pdf,https://static.cninfo.com.cn/finalpage/2025-03-29/1222947586.PDF
000966,长源电力,2024年年度报告,2025-04-26 00:00:00,1223317553,reports_raw/companies/000_sz_main/000966_长源电力/2024/1223317553.pdf,https://static.cninfo.com.cn/finalpage/2025-04-26/1223317553.PDF
000967,盈峰环境,2024年年度报告（英文版）,2025-05-30 00:00:00,1223717930,reports_raw/companies/000_sz_main/000967_盈峰环境/2024/1223717930.pdf,https://static.cninfo.com.cn/finalpage/2025-05-30/1223717930.PDF
000969,安泰科技,2024年年度报告,2025-03-28 00:00:00,1222927246,reports_raw/companies/000_sz_main/000969_安泰科技/2024/1222927246.pdf,https://static.cninfo.com.cn/finalpage/2025-03-28/1222927246.PDF
000970,中科三环,2024年年度报告,2025-03-13 00:00:00,1222778486,reports_raw/companies/000_sz_main/000970_中科三环/2024/1222778486.pdf,https://static.cninfo.com.cn/finalpage/2025-03-13/1222778486.PDF
000972,中基健康,2024年年度报告,2025-03-29 00:00:00,1222946001,reports_raw/companies/000_sz_main/000972_中基健康/2024/1222946001.pdf,https://static.cninfo.com.cn/finalpage/2025-03-29/1222946001.PDF
000973,佛塑科技,2024年年度报告,2025-03-29 00:00:00,1222942341,reports_raw/companies/000_sz_main/000973_佛塑科技/2024/1222942341.pdf,https://static.cninfo.com.cn/finalpage/2025-03-29/1222942341.PDF
000975,山金国际,2024年年度报告,2025-03-18 00:00:00,1222822661,reports_raw/companies/000_sz_main/000975_山金国际/2024/1222822661.pdf,https://static.cninfo.com.cn/finalpage/2025-03-18/1222822661.PDF
000977,浪潮信息,2024年年度报告,2025-03-29 00:00:00,1222950880,reports_raw/companies/000_sz_main/000977_浪潮信息/2024/1222950880.pdf,https://static.cninfo.com.cn/finalpage/2025-03-29/1222950880.PDF
000978,桂林旅游,2024年年度报告,2025-04-12 00:00:00,1223070689,reports_raw/companies/000_sz_main/000978_桂林旅游/2024/1223070689.pdf,https://static.cninfo.com.cn/finalpage/2025-04-12/1223070689.PDF
000980,众泰汽车,2024年年度报告,2025-04-28 00:00:00,1223328235,reports_raw/companies/000_sz_main/000980_众泰汽车/2024/1223328235.pdf,https://static.cninfo.com.cn/finalpage/2025-04-28/1223328235.pdf
000983,山西焦煤,2024年年度报告,2025-04-29 00:00:00,1223374712,reports_raw/companies/000_sz_main/000983_山西焦煤/2024/1223374712.pdf,https://static.cninfo.com.cn/finalpage/2025-04-29/1223374712.PDF
000987,越秀资本,2024年年度报告,2025-04-03 00:00:00,1222992196,reports_raw/companies/000_sz_main/000987_越秀资本/2024/1222992196.pdf,https://static.cninfo.com.cn/finalpage/2025-04-03/1222992196.PDF
000988,华工科技,2024年年度报告,2025-04-12 00:00:00,1223072198,reports_raw/companies/000_sz_main/000988_华工科技/2024/1223072198.pdf,https://static.cninfo.com.cn/finalpage/2025-04-12/1223072198.PDF
000989,ST九芝,2024年年度报告,2025-03-28 00:00:00,1222929471,reports_raw/companies/000_sz_main/000989_ST九芝/2024/1222929471.pdf,https://static.cninfo.com.cn/finalpage/2025-03-28/1222929471.PDF
000990,诚志股份,2024年年度报告,2025-03-27 00:00:00,1222911855,reports_raw/companies/000_sz_main/000990_诚志股份/2024/1222911855.pdf,https://static.cninfo.com.cn/finalpage/2025-03-27/1222911855.PDF
000993,闽东电力,2024年年度报告,2025-03-28 00:00:00,1222924374,reports_raw/companies/000_sz_main/000993_闽东电力/2024/1222924374.pdf,https://static.cninfo.com.cn/finalpage/2025-03-28/1222924374.PDF
000995,皇台酒业,2024年年度报告,2025-04-29 00:00:00,1223374302,reports_raw/companies/000_sz_main/000995_皇台酒业/2024/1223374302.pdf,https://static.cninfo.com.cn/finalpage/2025-04-29/1223374302.PDF
000998,隆平高科,2024年年度报告,2025-04-26 00:00:00,1223320882,reports_raw/companies/000_sz_main/000998_隆平高科/2024/1223320882.pdf,https://static.cninfo.com.cn/finalpage/2025-04-26/1223320882.PDF
000999,华润三九,2024年年度报告,2025-03-13 00:00:00,1222778310,reports_raw/companies/000_sz_main/000999_华润三九/2024/1222778310.pdf,https://static.cninfo.com.cn/finalpage/2025-03-13/1222778310.PDF
001202,炬申股份,2024年年度报告,2025-04-18 00:00:00,1223127106,reports_raw/companies/001_sz_main/001202_炬申股份/2024/1223127106.pdf,https://static.cninfo.com.cn/finalpage/2025-04-18/1223127106.PDF
001203,大中矿业,2024年年度报告,2025-04-19 00:00:00,1223152067,reports_raw/companies/001_sz_main/001203_大中矿业/2024/1223152067.pdf,https://static.cninfo.com.cn/finalpage/2025-04-19/1223152067.PDF
001207,联科科技,2024年年度报告,2025-02-28 00:00:00,1222663605,reports_raw/companies/001_sz_main/001207_联科科技/2024/1222663605.pdf,https://static.cninfo.com.cn/finalpage/2025-02-28/1222663605.PDF
001208,华菱线缆,2024年年度报告,2025-03-29 00:00:00,1222944006,reports_raw/companies/001_sz_main/001208_华菱线缆/2024/1222944006.pdf,https://static.cninfo.com.cn/finalpage/2025-03-29/1222944006.PDF
001210,金房能源,2024年年度报告,2025-04-26 00:00:00,1223322565,reports_raw/companies/001_sz_main/001210_金房能源/2024/1223322565.pdf,https://static.cninfo.com.cn/finalpage/2025-04-26/1223322565.PDF
001213,中铁特货,2024年年度报告,2025-04-29 00:00:00,1223359952,reports_raw/companies/001_sz_main/001213_中铁特货/2024/1223359952.pdf,https://static.cninfo.com.cn/finalpage/2025-04-29/1223359952.PDF
001215,千味央厨,2024年年度报告,2025-04-26 00:00:00,1223329187,reports_raw/companies/001_sz_main/001215_千味央厨/2024/1223329187.pdf,https://static.cninfo.com.cn/finalpage/2025-04-26/1223329187.PDF
001216,华瓷股份,2024年年度报告,2025-04-03 00:00:00,1222990722,reports_raw/companies/001_sz_main/001216_华瓷股份/2024/1222990722.pdf,https://static.cninfo.com.cn/finalpage/2025-04-03/1222990722.PDF
001217,华尔泰,2024年年度报告,2025-04-18 00:00:00,1223122125,reports_raw/companies/001_sz_main/001217_华尔泰/2024/1223122125.pdf,https://static.cninfo.com.cn/finalpage/2025-04-18/1223122125.PDF
001219,青岛食品,2024年年度报告,2025-04-17 00:00:00,1223111454,reports_raw/companies/001_sz_main/001219_青岛食品/2024/1223111454.pdf,https://static.cninfo.com.cn/finalpage/2025-04-17/1223111454.PDF
001227,兰州银行,2024年年度报告,2025-04-28 00:00:00,1223317422,reports_raw/companies/001_sz_main/001227_兰州银行/2024/1223317422.pdf,https://static.cninfo.com.cn/finalpage/2025-04-28/1223317422.PDF
001231,农心科技,2024年年度报告,2025-04-28 00:00:00,1223304136,reports_raw/companies/001_sz_main/001231_农心科技/2024/1223304136.pdf,https://static.cninfo.com.cn/finalpage/2025-04-28/1223304136.PDF
001236,弘业期货,2024年年度报告,2025-03-29 00:00:00,1222945586,reports_raw/companies/001_sz_main/001236_弘业期货/2024/1222945586.pdf,https://static.cninfo.com.cn/finalpage/2025-03-29/1222945586.PDF
001238,浙江正特,2024年年度报告,2025-04-29 00:00:00,1223356742,reports_raw/companies/001_sz_main/001238_浙江正特/2024/1223356742.pdf,https://static.cninfo.com.cn/finalpage/2025-04-29/1223356742.PDF
001255,博菲电气,2024年年度报告,2025-04-28 00:00:00,1223319263,reports_raw/companies/001_sz_main/001255_博菲电气/2024/1223319263.pdf,https://static.cninfo.com.cn/finalpage/2025-04-28/1223319263.PDF
001256,炜冈科技,2024年年度报告,2025-04-29 00:00:00,1223366211,reports_raw/companies/001_sz_main/001256_炜冈科技/2024/1223366211.pdf,https://static.cninfo.com.cn/finalpage/2025-04-29/1223366211.PDF
001258,立新能源,2024年年度报告,2025-03-27 00:00:00,1222912562,reports_raw/companies/001_sz_main/001258_立新能源/2024/1222912562.pdf,https://static.cninfo.com.cn/finalpage/2025-03-27/1222912562.PDF
001266,宏英智能,2024年年度报告,2025-04-29 00:00:00,1223367964,reports_raw/companies/001_sz_main/001266_宏英智能/2024/1223367964.pdf,https://static.cninfo.com.cn/finalpage/2025-04-29/1223367964.PDF
001269,欧晶科技,2024年年度报告,2025-04-28 00:00:00,1223319535,reports_raw/companies/001_sz_main/001269_欧晶科技/2024/1223319535.pdf,https://static.cninfo.com.cn/finalpage/2025-04-28/1223319535.PDF
001277,速达股份,2024年年度报告,2025-03-29 00:00:00,1222968029,reports_raw/companies/001_sz_main/001277_速达股份/2024/1222968029.pdf,https://static.cninfo.com.cn/finalpage/2025-03-29/1222968029.pdf
001278,一彬科技,2024年年度报告,2025-04-15 00:00:00,1223093563,reports_raw/companies/001_sz_main/001278_一彬科技/2024/1223093563.pdf,https://static.cninfo.com.cn/finalpage/2025-04-15/1223093563.PDF
001283,豪鹏科技,2024年年度报告,2025-04-28 00:00:00,1223314498,reports_raw/companies/001_sz_main/001283_豪鹏科技/2024/1223314498.pdf,https://static.cninfo.com.cn/finalpage/2025-04-28/1223314498.PDF
001286,陕西能源,2024年年度报告,2025-04-18 00:00:00,1223129393,reports_raw/companies/001_sz_main/001286_陕西能源/2024/1223129393.pdf,https://static.cninfo.com.cn/finalpage/2025-04-18/1223129393.PDF
001287,中电港,2024年年度报告,2025-04-29 00:00:00,1223357955,reports_raw/companies/001_sz_main/001287_中电港/2024/1223357955.pdf,https://static.cninfo.com.cn/finalpage/2025-04-29/1223357955.PDF
001288,运机集团,2024年年度报告（更正后）,2025-06-14 00:00:00,1223879712,reports_raw/companies/001_sz_main/001288_运机集团/2024/1223879712.pdf,https://static.cninfo.com.cn/finalpage/2025-06-14/1223879712.PDF
001289,龙源电力,2024年年度报告,2025-03-29 00:00:00,1222950727,reports_raw/companies/001_sz_main/001289_龙源电力/2024/1222950727.pdf,https://static.cninfo.com.cn/finalpage/2025-03-29/1222950727.PDF
001299,美能能源,2024年年度报告,2025-03-27 00:00:00,1222909761,reports_raw/companies/001_sz_main/001299_美能能源/2024/1222909761.pdf,https://static.cninfo.com.cn/finalpage/2025-03-27/1222909761.PDF
001300,三柏硕,2024年年度报告,2025-04-28 00:00:00,1223312203,reports_raw/companies/001_sz_main/001300_三柏硕/2024/1223312203.pdf,https://static.cninfo.com.cn/finalpage/2025-04-28/1223312203.PDF
001301,尚太科技,2024年年度报告,2025-03-15 00:00:00,1222806021,reports_raw/companies/001_sz_main/001301_尚太科技/2024/1222806021.pdf,https://static.cninfo.com.cn/finalpage/2025-03-15/1222806021.PDF
001308,康冠科技,2024年年度报告,2025-03-31 00:00:00,1222947279,reports_raw/companies/001_sz_main/001308_康冠科技/2024/1222947279.pdf,https://static.cninfo.com.cn/finalpage/2025-03-31/1222947279.PDF
001311,多利科技,2024年年度报告,2025-04-10 00:00:00,1223041956,reports_raw/companies/001_sz_main/001311_多利科技/2024/1223041956.pdf,https://static.cninfo.com.cn/finalpage/2025-04-10/1223041956.PDF
001313,粤海饲料,2024年年度报告,2025-04-29 00:00:00,1223377287,reports_raw/companies/001_sz_main/001313_粤海饲料/2024/1223377287.pdf,https://static.cninfo.com.cn/finalpage/2025-04-29/1223377287.PDF
001316,润贝航科,2024年年度报告,2025-04-18 00:00:00,1223129714,reports_raw/companies/001_sz_main/001316_润贝航科/2024/1223129714.pdf,https://static.cninfo.com.cn/finalpage/2025-04-18/1223129714.PDF
001317,三羊马,2024年年度报告,2025-04-28 00:00:00,1223322062,reports_raw/companies/001_sz_main/001317_三羊马/2024/1223322062.pdf,https://static.cninfo.com.cn/finalpage/2025-04-28/1223322062.PDF
001318,阳光乳业,2024年年度报告,2025-04-18 00:00:00,1223120391,reports_raw/companies/001_sz_main/001318_阳光乳业/2024/1223120391.pdf,https://static.cninfo.com.cn/finalpage/2025-04-18/1223120391.PDF
001324,长青科技,2024年年度报告,2025-04-09 00:00:00,1223031811,reports_raw/companies/001_sz_main/001324_长青科技/2024/1223031811.pdf,https://static.cninfo.com.cn/finalpage/2025-04-09/1223031811.PDF
001330,博纳影业,2024年年度报告,2025-04-29 00:00:00,1223382511,reports_raw/companies/001_sz_main/001330_博纳影业/2024/1223382511.pdf,https://static.cninfo.com.cn/finalpage/2025-04-29/1223382511.PDF
001332,锡装股份,2024年年度报告,2025-04-09 00:00:00,1223029492,reports_raw/companies/001_sz_main/001332_锡装股份/2024/1223029492.pdf,https://static.cninfo.com.cn/finalpage/2025-04-09/1223029492.PDF
001333,光华股份,2024年年度报告,2025-03-28 00:00:00,1222921813,reports_raw/companies/001_sz_main/001333_光华股份/2024/1222921813.pdf,https://static.cninfo.com.cn/finalpage/2025-03-28/1222921813.PDF
001337,四川黄金,2024年年度报告,2025-04-11 00:00:00,1223055257,reports_raw/companies/001_sz_main/001337_四川黄金/2024/1223055257.pdf,https://static.cninfo.com.cn/finalpage/2025-04-11/1223055257.PDF
001338,永顺泰,2024年年度报告,2025-04-10 00:00:00,1223042190,reports_raw/companies/001_sz_main/001338_永顺泰/2024/1223042190.pdf,https://static.cninfo.com.cn/finalpage/2025-04-10/1223042190.PDF
001358,兴欣新材,2024年年度报告,2025-03-27 00:00:00,1222910408,reports_raw/companies/001_sz_main/001358_兴欣新材/2024/1222910408.pdf,https://static.cninfo.com.cn/finalpage/2025-03-27/1222910408.PDF
001359,平安电工,2024年年度报告,2025-04-18 00:00:00,1223122871,reports_raw/companies/001_sz_main/001359_平安电工/2024/1223122871.pdf,https://static.cninfo.com.cn/finalpage/2025-04-18/1223122871.PDF
001366,播恩集团,2024年年度报告,2025-04-28 00:00:00,1223313513,reports_raw/companies/001_sz_main/001366_播恩集团/2024/1223313513.pdf,https://static.cninfo.com.cn/finalpage/2025-04-28/1223313513.PDF
001367,海森药业,2024年年度报告,2025-03-28 00:00:00,1222928998,reports_raw/companies/001_sz_main/001367_海森药业/2024/1222928998.pdf,https://static.cninfo.com.cn/finalpage/2025-03-28/1222928998.PDF
001368,通达创智,2024年年度报告,2025-03-27 00:00:00,1222911680,reports_raw/companies/001_sz_main/001368_通达创智/2024/1222911680.pdf,https://static.cninfo.com.cn/finalpage/2025-03-27/1222911680.PDF
001376,百通能源,2024年年度报告,2025-03-11 00:00:00,1222758737,reports_raw/companies/001_sz_main/001376_百通能源/2024/1222758737.pdf,https://static.cninfo.com.cn/finalpage/2025-03-11/1222758737.PDF
001378,德冠新材,2024年年度报告,2025-04-19 00:00:00,1223147676,reports_raw/companies/001_sz_main/001378_德冠新材/2024/1223147676.pdf,https://static.cninfo.com.cn/finalpage/2025-04-19/1223147676.PDF
001380,华纬科技,2024年年度报告,2025-04-10 00:00:00,1223045300,reports_raw/companies/001_sz_main/001380_华纬科技/2024/1223045300.pdf,https://static.cninfo.com.cn/finalpage/2025-04-10/1223045300.PDF
001389,广合科技,2024年年度报告,2025-04-01 00:00:00,1222975342,reports_raw/companies/001_sz_main/001389_广合科技/2024/1222975342.pdf,https://static.cninfo.com.cn/finalpage/2025-04-01/1222975342.PDF
001391,国货航,2024年年度报告,2025-04-09 00:00:00,1223032292,reports_raw/companies/001_sz_main/001391_国货航/2024/1223032292.pdf,https://static.cninfo.com.cn/finalpage/2025-04-09/1223032292.PDF
001872,招商港口,2024年年度报告,2025-04-03 00:00:00,1222992017,reports_raw/companies/001_sz_main/001872_招商港口/2024/1222992017.pdf,https://static.cninfo.com.cn/finalpage/2025-04-03/1222992017.PDF
001896,豫能控股,2024年年度报告,2025-04-12 00:00:00,1223071112,reports_raw/companies/001_sz_main/001896_豫能控股/2024/1223071112.pdf,https://static.cninfo.com.cn/finalpage/2025-04-12/1223071112.PDF
001914,招商积余,2024年年度报告,2025-03-17 00:00:00,1222816005,reports_raw/companies/001_sz_main/001914_招商积余/2024/1222816005.pdf,https://static.cninfo.com.cn/finalpage/2025-03-17/1222816005.pdf
001965,招商公路,2024年年度报告,2025-04-03 00:00:00,1222992481,reports_raw/companies/001_sz_main/001965_招商公路/2024/1222992481.pdf,https://static.cninfo.com.cn/finalpage/2025-04-03/1222992481.PDF
001979,招商蛇口,2024年年度报告,2025-03-18 00:00:00,1222823028,reports_raw/companies/001_sz_main/001979_招商蛇口/2024/1222823028.pdf,https://static.cninfo.com.cn/finalpage/2025-03-18/1222823028.PDF
002001,新 和 成,2024年年度报告（英文版）,2025-04-19 00:00:00,1223145625,reports_raw/companies/002_sz_main/002001_新_和_成/2024/1223145625.pdf,https://static.cninfo.com.cn/finalpage/2025-04-19/1223145625.PDF
002003,伟星股份,2024年年度报告,2025-03-29 00:00:00,1222942665,reports_raw/companies/002_sz_main/002003_伟星股份/2024/1222942665.pdf,https://static.cninfo.com.cn/finalpage/2025-03-29/1222942665.PDF
002005,ST德豪,2024年年度报告,2025-04-29 00:00:00,1223379226,reports_raw/companies/002_sz_main/002005_ST德豪/2024/1223379226.pdf,https://static.cninfo.com.cn/finalpage/2025-04-29/1223379226.PDF
002006,精工科技,2024年年度报告,2025-04-19 00:00:00,1223144957,reports_raw/companies/002_sz_main/002006_精工科技/2024/1223144957.pdf,https://static.cninfo.com.cn/finalpage/2025-04-19/1223144957.PDF
002007,华兰生物,2024年年度报告,2025-03-29 00:00:00,1222940864,reports_raw/companies/002_sz_main/002007_华兰生物/2024/1222940864.pdf,https://static.cninfo.com.cn/finalpage/2025-03-29/1222940864.PDF
002011,盾安环境,2024年年度报告,2025-04-18 00:00:00,1223129034,reports_raw/companies/002_sz_main/002011_盾安环境/2024/1223129034.pdf,https://static.cninfo.com.cn/finalpage/2025-04-18/1223129034.PDF
002012,凯恩股份,2024年年度报告,2025-03-25 00:00:00,1222882745,reports_raw/companies/002_sz_main/002012_凯恩股份/2024/1222882745.pdf,https://static.cninfo.com.cn/finalpage/2025-03-25/1222882745.PDF
002014,永新股份,2024年年度报告,2025-03-21 00:00:00,1222857419,reports_raw/companies/002_sz_main/002014_永新股份/2024/1222857419.pdf,https://static.cninfo.com.cn/finalpage/2025-03-21/1222857419.PDF
002015,协鑫能科,2024年年度报告,2025-04-29 00:00:00,1223382347,reports_raw/companies/002_sz_main/002015_协鑫能科/2024/1223382347.pdf,https://static.cninfo.com.cn/finalpage/2025-04-29/1223382347.PDF
002019,亿帆医药,2024年年度报告,2025-04-28 00:00:00,1223311284,reports_raw/companies/002_sz_main/002019_亿帆医药/2024/1223311284.pdf,https://static.cninfo.com.cn/finalpage/2025-04-28/1223311284.PDF
002020,京新药业,2024年年度报告,2025-04-03 00:00:00,1222991061,reports_raw/companies/002_sz_main/002020_京新药业/2024/1222991061.pdf,https://static.cninfo.com.cn/finalpage/2025-04-03/1222991061.PDF
002022,科华生物,2024年年度报告,2025-04-28 00:00:00,1223302312,reports_raw/companies/002_sz_main/002022_科华生物/2024/1223302312.pdf,https://static.cninfo.com.cn/finalpage/2025-04-28/1223302312.PDF
002024,ST易购,2024年年度报告,2025-03-29 00:00:00,1222950703,reports_raw/companies/002_sz_main/002024_ST易购/2024/1222950703.pdf,https://static.cninfo.com.cn/finalpage/2025-03-29/1222950703.PDF
002025,航天电器,2024年年度报告,2025-04-01 00:00:00,1222974273,reports_raw/companies/002_sz_main/002025_航天电器/2024/1222974273.pdf,https://static.cninfo.com.cn/finalpage/2025-04-01/1222974273.PDF
002027,分众传媒,2024年年度报告,2025-04-29 00:00:00,1223365040,reports_raw/companies/002_sz_main/002027_分众传媒/2024/1223365040.pdf,https://static.cninfo.com.cn/finalpage/2025-04-29/1223365040.PDF
002028,思源电气,2024年年度报告,2025-04-19 00:00:00,1223145398,reports_raw/companies/002_sz_main/002028_思源电气/2024/1223145398.pdf,https://static.cninfo.com.cn/finalpage/2025-04-19/1223145398.PDF
002029,七 匹 狼,2024年年度报告,2025-04-03 00:00:00,1222989624,reports_raw/companies/002_sz_main/002029_七_匹_狼/2024/1222989624.pdf,https://static.cninfo.com.cn/finalpage/2025-04-03/1222989624.PDF
002030,达安基因,2024年年度报告,2025-03-29 00:00:00,1222949597,reports_raw/companies/002_sz_main/002030_达安基因/2024/1222949597.pdf,https://static.cninfo.com.cn/finalpage/2025-03-29/1222949597.PDF
002032,苏 泊 尔,2024年年度报告,2025-03-28 00:00:00,1222928386,reports_raw/companies/002_sz_main/002032_苏_泊_尔/2024/1222928386.pdf,https://static.cninfo.com.cn/finalpage/2025-03-28/1222928386.PDF
002033,丽江股份,2024年年度报告,2025-03-18 00:00:00,1222822293,reports_raw/companies/002_sz_main/002033_丽江股份/2024/1222822293.pdf,https://static.cninfo.com.cn/finalpage/2025-03-18/1222822293.PDF
002034,旺能环境,2024年年度报告,2025-04-18 00:00:00,1223125438,reports_raw/companies/002_sz_main/002034_旺能环境/2024/1223125438.pdf,https://static.cninfo.com.cn/finalpage/2025-04-18/1223125438.PDF
002035,华帝股份,2024年年度报告,2025-04-29 00:00:00,1223372821,reports_raw/companies/002_sz_main/002035_华帝股份/2024/1223372821.pdf,https://static.cninfo.com.cn/finalpage/2025-04-29/1223372821.PDF
002039,黔源电力,2024年年度报告,2025-04-17 00:00:00,1223121706,reports_raw/companies/002_sz_main/002039_黔源电力/2024/1223121706.pdf,https://static.cninfo.com.cn/finalpage/2025-04-17/1223121706.pdf
002040,南 京 港,2024年年度报告,2025-04-26 00:00:00,1223317875,reports_raw/companies/002_sz_main/002040_南_京_港/2024/1223317875.pdf,https://static.cninfo.com.cn/finalpage/2025-04-26/1223317875.PDF
002042,华孚时尚,2024年年度报告,2025-04-26 00:00:00,1223324935,reports_raw/companies/002_sz_main/002042_华孚时尚/2024/1223324935.pdf,https://static.cninfo.com.cn/finalpage/2025-04-26/1223324935.PDF
002044,美年健康,2024年年度报告,2025-04-17 00:00:00,1223113463,reports_raw/companies/002_sz_main/002044_美年健康/2024/1223113463.pdf,https://static.cninfo.com.cn/finalpage/2025-04-17/1223113463.PDF
002045,国光电器,2024年年度报告,2025-04-29 00:00:00,1223377142,reports_raw/companies/002_sz_main/002045_国光电器/2024/1223377142.pdf,https://static.cninfo.com.cn/finalpage/2025-04-29/1223377142.PDF
002046,国机精工,2024年年度报告,2025-04-12 00:00:00,1223070565,reports_raw/companies/002_sz_main/002046_国机精工/2024/1223070565.pdf,https://static.cninfo.com.cn/finalpage/2025-04-12/1223070565.PDF
002050,三花智控,2024年年度报告,2025-03-27 00:00:00,1222913178,reports_raw/companies/002_sz_main/002050_三花智控/2024/1222913178.pdf,https://static.cninfo.com.cn/finalpage/2025-03-27/1222913178.PDF
002053,云南能投,2024年年度报告,2025-03-28 00:00:00,1222925703,reports_raw/companies/002_sz_main/002053_云南能投/2024/1222925703.pdf,https://static.cninfo.com.cn/finalpage/2025-03-28/1222925703.PDF
002054,德美化工,2024年年度报告,2025-03-29 00:00:00,1222943251,reports_raw/companies/002_sz_main/002054_德美化工/2024/1222943251.pdf,https://static.cninfo.com.cn/finalpage/2025-03-29/1222943251.PDF
002055,得润电子,2024年年度报告,2025-04-29 00:00:00,1223388590,reports_raw/companies/002_sz_main/002055_得润电子/2024/1223388590.pdf,https://static.cninfo.com.cn/finalpage/2025-04-29/1223388590.PDF
002056,横店东磁,2024年年度报告,2025-03-12 00:00:00,1222769090,reports_raw/companies/002_sz_main/002056_横店东磁/2024/1222769090.pdf,https://static.cninfo.com.cn/finalpage/2025-03-12/1222769090.PDF
002058,威尔泰,2024年年度报告,2025-04-29 00:00:00,1223370915,reports_raw/companies/002_sz_main/002058_威尔泰/2024/1223370915.pdf,https://static.cninfo.com.cn/finalpage/2025-04-29/1223370915.PDF
002059,云南旅游,2024年年度报告,2025-03-29 00:00:00,1222949066,reports_raw/companies/002_sz_main/002059_云南旅游/2024/1222949066.pdf,https://static.cninfo.com.cn/finalpage/2025-03-29/1222949066.PDF
002060,广东建工,2024年年度报告,2025-04-12 00:00:00,1223072078,reports_raw/companies/002_sz_main/002060_广东建工/2024/1223072078.pdf,https://static.cninfo.com.cn/finalpage/2025-04-12/1223072078.PDF
002061,浙江交科,2024年年度报告,2025-04-28 00:00:00,1223323059,reports_raw/companies/002_sz_main/002061_浙江交科/2024/1223323059.pdf,https://static.cninfo.com.cn/finalpage/2025-04-28/1223323059.PDF
002063,远光软件,2024年年度报告,2025-03-29 00:00:00,1222945905,reports_raw/companies/002_sz_main/002063_远光软件/2024/1222945905.pdf,https://static.cninfo.com.cn/finalpage/2025-03-29/1222945905.PDF
002064,华峰化学,2024年年度报告,2025-03-29 00:00:00,1222945531,reports_raw/companies/002_sz_main/002064_华峰化学/2024/1222945531.pdf,https://static.cninfo.com.cn/finalpage/2025-03-29/1222945531.PDF
002065,东华软件,2024年年度报告,2025-04-11 00:00:00,1223055612,reports_raw/companies/002_sz_main/002065_东华软件/2024/1223055612.pdf,https://static.cninfo.com.cn/finalpage/2025-04-11/1223055612.PDF
002066,瑞泰科技,2024年年度报告,2025-04-10 00:00:00,1223045957,reports_raw/companies/002_sz_main/002066_瑞泰科技/2024/1223045957.pdf,https://static.cninfo.com.cn/finalpage/2025-04-10/1223045957.PDF
002067,景兴纸业,2024年年度报告,2025-04-29 00:00:00,1223360454,reports_raw/companies/002_sz_main/002067_景兴纸业/2024/1223360454.pdf,https://static.cninfo.com.cn/finalpage/2025-04-29/1223360454.PDF
002075,沙钢股份,2024年年度报告,2025-04-09 00:00:00,1223031976,reports_raw/companies/002_sz_main/002075_沙钢股份/2024/1223031976.pdf,https://static.cninfo.com.cn/finalpage/2025-04-09/1223031976.PDF
002076,星光股份,2024年年度报告,2025-04-28 00:00:00,1223329024,reports_raw/companies/002_sz_main/002076_星光股份/2024/1223329024.pdf,https://static.cninfo.com.cn/finalpage/2025-04-28/1223329024.PDF
002078,太阳纸业,2024年年度报告,2025-04-10 00:00:00,1223045478,reports_raw/companies/002_sz_main/002078_太阳纸业/2024/1223045478.pdf,https://static.cninfo.com.cn/finalpage/2025-04-10/1223045478.PDF
002079,苏州固锝,2024年年度报告,2025-04-15 00:00:00,1223093465,reports_raw/companies/002_sz_main/002079_苏州固锝/2024/1223093465.pdf,https://static.cninfo.com.cn/finalpage/2025-04-15/1223093465.PDF
002080,中材科技,2024年年度报告,2025-03-20 00:00:00,1222847712,reports_raw/companies/002_sz_main/002080_中材科技/2024/1222847712.pdf,https://static.cninfo.com.cn/finalpage/2025-03-20/1222847712.PDF
002081,金 螳 螂,2024年年度报告,2025-04-29 00:00:00,1223371327,reports_raw/companies/002_sz_main/002081_金_螳_螂/2024/1223371327.pdf,https://static.cninfo.com.cn/finalpage/2025-04-29/1223371327.PDF
002082,万邦德,2024年年度报告,2025-04-29 00:00:00,1223368340,reports_raw/companies/002_sz_main/002082_万邦德/2024/1223368340.pdf,https://static.cninfo.com.cn/finalpage/2025-04-29/1223368340.PDF
002083,孚日股份,2024年年度报告,2025-04-08 00:00:00,1223019036,reports_raw/companies/002_sz_main/002083_孚日股份/2024/1223019036.pdf,https://static.cninfo.com.cn/finalpage/2025-04-08/1223019036.pdf
002084,海鸥住工,2024年年度报告,2025-04-29 00:00:00,1223360237,reports_raw/companies/002_sz_main/002084_海鸥住工/2024/1223360237.pdf,https://static.cninfo.com.cn/finalpage/2025-04-29/1223360237.PDF
002085,万丰奥威,2024年年度报告,2025-04-29 00:00:00,1223381130,reports_raw/companies/002_sz_main/002085_万丰奥威/2024/1223381130.pdf,https://static.cninfo.com.cn/finalpage/2025-04-29/1223381130.PDF
002086,东方海洋,2024年年度报告,2025-04-28 00:00:00,1223315696,reports_raw/companies/002_sz_main/002086_东方海洋/2024/1223315696.pdf,https://static.cninfo.com.cn/finalpage/2025-04-28/1223315696.PDF
002088,鲁阳节能,2024年年度报告,2025-04-28 00:00:00,1223311916,reports_raw/companies/002_sz_main/002088_鲁阳节能/2024/1223311916.pdf,https://static.cninfo.com.cn/finalpage/2025-04-28/1223311916.PDF
002090,金智科技,2024年年度报告,2025-04-11 00:00:00,1223056393,reports_raw/companies/002_sz_main/002090_金智科技/2024/1223056393.pdf,https://static.cninfo.com.cn/finalpage/2025-04-11/1223056393.PDF
002092,ST中泰,2024年年度报告,2025-03-15 00:00:00,1222807894,reports_raw/companies/002_sz_main/002092_ST中泰/2024/1222807894.pdf,https://static.cninfo.com.cn/finalpage/2025-03-15/1222807894.PDF
002094,青岛金王,2024年年度报告,2025-04-19 00:00:00,1223213000,reports_raw/companies/002_sz_main/002094_青岛金王/2024/1223213000.pdf,https://static.cninfo.com.cn/finalpage/2025-04-19/1223213000.pdf
002095,生 意 宝,2024年年度报告,2025-04-29 00:00:00,1223379350,reports_raw/companies/002_sz_main/002095_生_意_宝/2024/1223379350.pdf,https://static.cninfo.com.cn/finalpage/2025-04-29/1223379350.PDF
002096,易普力,2024年年度报告,2025-03-29 00:00:00,1222949204,reports_raw/companies/002_sz_main/002096_易普力/2024/1222949204.pdf,https://static.cninfo.com.cn/finalpage/2025-03-29/1222949204.PDF
002098,浔兴股份,2024年年度报告,2025-04-26 00:00:00,1223318592,reports_raw/companies/002_sz_main/002098_浔兴股份/2024/1223318592.pdf,https://static.cninfo.com.cn/finalpage/2025-04-26/1223318592.PDF
002099,海翔药业,2024年年度报告,2025-04-29 00:00:00,1223361082,reports_raw/companies/002_sz_main/002099_海翔药业/2024/1223361082.pdf,https://static.cninfo.com.cn/finalpage/2025-04-29/1223361082.PDF
002100,天康生物,2024年年度报告,2025-04-29 00:00:00,1223364379,reports_raw/companies/002_sz_main/002100_天康生物/2024/1223364379.pdf,https://static.cninfo.com.cn/finalpage/2025-04-29/1223364379.PDF
002101,广东鸿图,2024年年度报告,2025-04-29 00:00:00,1223381032,reports_raw/companies/002_sz_main/002101_广东鸿图/2024/1223381032.pdf,https://static.cninfo.com.cn/finalpage/2025-04-29/1223381032.PDF
002102,能特科技,2024年年度报告,2025-04-26 00:00:00,1223330036,reports_raw/companies/002_sz_main/002102_能特科技/2024/1223330036.pdf,https://static.cninfo.com.cn/finalpage/2025-04-26/1223330036.PDF
002103,广博股份,2024年年度报告,2025-04-12 00:00:00,1223067265,reports_raw/companies/002_sz_main/002103_广博股份/2024/1223067265.pdf,https://static.cninfo.com.cn/finalpage/2025-04-12/1223067265.PDF
002104,恒宝股份,2024年年度报告,2025-04-28 00:00:00,1223321018,reports_raw/companies/002_sz_main/002104_恒宝股份/2024/1223321018.pdf,https://static.cninfo.com.cn/finalpage/2025-04-28/1223321018.PDF
002106,莱宝高科,2024年年度报告,2025-03-29 00:00:00,1222951264,reports_raw/companies/002_sz_main/002106_莱宝高科/2024/1222951264.pdf,https://static.cninfo.com.cn/finalpage/2025-03-29/1222951264.pdf
002107,沃华医药,2024年年度报告,2025-04-26 00:00:00,1223319765,reports_raw/companies/002_sz_main/002107_沃华医药/2024/1223319765.pdf,https://static.cninfo.com.cn/finalpage/2025-04-26/1223319765.PDF
002114,罗平锌电,2024年年度报告,2025-03-28 00:00:00,1222929400,reports_raw/companies/002_sz_main/002114_罗平锌电/2024/1222929400.pdf,https://static.cninfo.com.cn/finalpage/2025-03-28/1222929400.PDF
002115,三维通信,2024年年度报告,2025-04-28 00:00:00,1223324479,reports_raw/companies/002_sz_main/002115_三维通信/2024/1223324479.pdf,https://static.cninfo.com.cn/finalpage/2025-04-28/1223324479.PDF
002119,康强电子,2024年年度报告,2025-03-25 00:00:00,1222882092,reports_raw/companies/002_sz_main/002119_康强电子/2024/1222882092.pdf,https://static.cninfo.com.cn/finalpage/2025-03-25/1222882092.PDF
002120,韵达股份,2024年年度报告,2025-04-28 00:00:00,1223319201,reports_raw/companies/002_sz_main/002120_韵达股份/2024/1223319201.pdf,https://static.cninfo.com.cn/finalpage/2025-04-28/1223319201.PDF
002121,科陆电子,2024年年度报告,2025-03-22 00:00:00,1222870935,reports_raw/companies/002_sz_main/002121_科陆电子/2024/1222870935.pdf,https://static.cninfo.com.cn/finalpage/2025-03-22/1222870935.PDF
002124,ST天邦,2024年年度报告,2025-03-31 00:00:00,1222947625,reports_raw/companies/002_sz_main/002124_ST天邦/2024/1222947625.pdf,https://static.cninfo.com.cn/finalpage/2025-03-31/1222947625.PDF
002126,银轮股份,2024年年度报告,2025-04-19 00:00:00,1223155253,reports_raw/companies/002_sz_main/002126_银轮股份/2024/1223155253.pdf,https://static.cninfo.com.cn/finalpage/2025-04-19/1223155253.PDF
002129,TCL中环,2024年年度报告,2025-04-26 00:00:00,1223330188,reports_raw/companies/002_sz_main/002129_TCL中环/2024/1223330188.pdf,https://static.cninfo.com.cn/finalpage/2025-04-26/1223330188.PDF
002130,沃尔核材,2024年年度报告,2025-04-26 00:00:00,1223320624,reports_raw/companies/002_sz_main/002130_沃尔核材/2024/1223320624.pdf,https://static.cninfo.com.cn/finalpage/2025-04-26/1223320624.PDF
002131,利欧股份,2024年年度报告,2025-04-29 00:00:00,1223362227,reports_raw/companies/002_sz_main/002131_利欧股份/2024/1223362227.pdf,https://static.cninfo.com.cn/finalpage/2025-04-29/1223362227.PDF
002136,安 纳 达,2024年年度报告,2025-03-22 00:00:00,1222867972,reports_raw/companies/002_sz_main/002136_安_纳_达/2024/1222867972.pdf,https://static.cninfo.com.cn/finalpage/2025-03-22/1222867972.PDF
002138,顺络电子,2024年年度报告,2025-02-28 00:00:00,1222663234,reports_raw/companies/002_sz_main/002138_顺络电子/2024/1222663234.pdf,https://static.cninfo.com.cn/finalpage/2025-02-28/1222663234.pdf
002139,拓邦股份,2024年年度报告,2025-03-28 00:00:00,1222928170,reports_raw/companies/002_sz_main/002139_拓邦股份/2024/1222928170.pdf,https://static.cninfo.com.cn/finalpage/2025-03-28/1222928170.pdf
002140,东华科技,2024年年度报告,2025-03-31 00:00:00,1222946422,reports_raw/companies/002_sz_main/002140_东华科技/2024/1222946422.pdf,https://static.cninfo.com.cn/finalpage/2025-03-31/1222946422.PDF
002141,*ST贤丰,2024年年度报告,2025-04-29 00:00:00,1223379959,reports_raw/companies/002_sz_main/002141_ST贤丰/2024/1223379959.pdf,https://static.cninfo.com.cn/finalpage/2025-04-29/1223379959.PDF
002142,宁波银行,2024年年度报告,2025-04-10 00:00:00,1223045151,reports_raw/companies/002_sz_main/002142_宁波银行/2024/1223045151.pdf,https://static.cninfo.com.cn/finalpage/2025-04-10/1223045151.PDF
002145,中核钛白,2024年年度报告,2025-03-11 00:00:00,1222758543,reports_raw/companies/002_sz_main/002145_中核钛白/2024/1222758543.pdf,https://static.cninfo.com.cn/finalpage/2025-03-11/1222758543.PDF
002146,荣盛发展,2024年年度报告,2025-04-28 00:00:00,1223327098,reports_raw/companies/002_sz_main/002146_荣盛发展/2024/1223327098.pdf,https://static.cninfo.com.cn/finalpage/2025-04-28/1223327098.PDF
002148,北纬科技,2024年年度报告,2025-03-21 00:00:00,1222857480,reports_raw/companies/002_sz_main/002148_北纬科技/2024/1222857480.pdf,https://static.cninfo.com.cn/finalpage/2025-03-21/1222857480.PDF
002149,西部材料,2024年年度报告,2025-04-29 00:00:00,1223374793,reports_raw/companies/002_sz_main/002149_西部材料/2024/1223374793.pdf,https://static.cninfo.com.cn/finalpage/2025-04-29/1223374793.PDF
002151,北斗星通,2024年年度报告,2025-03-27 00:00:00,1222912456,reports_raw/companies/002_sz_main/002151_北斗星通/2024/1222912456.pdf,https://static.cninfo.com.cn/finalpage/2025-03-27/1222912456.PDF
002152,广电运通,2024年年度报告,2025-03-29 00:00:00,1222947660,reports_raw/companies/002_sz_main/002152_广电运通/2024/1222947660.pdf,https://static.cninfo.com.cn/finalpage/2025-03-29/1222947660.PDF
002153,石基信息,2024年年度报告,2025-04-29 00:00:00,1223378868,reports_raw/companies/002_sz_main/002153_石基信息/2024/1223378868.pdf,https://static.cninfo.com.cn/finalpage/2025-04-29/1223378868.PDF
002154,报 喜 鸟,2024年年度报告,2025-04-19 00:00:00,1223144950,reports_raw/companies/002_sz_main/002154_报_喜_鸟/2024/1223144950.pdf,https://static.cninfo.com.cn/finalpage/2025-04-19/1223144950.PDF
002155,湖南黄金,2024年年度报告,2025-04-11 00:00:00,1223058050,reports_raw/companies/002_sz_main/002155_湖南黄金/2024/1223058050.pdf,https://static.cninfo.com.cn/finalpage/2025-04-11/1223058050.PDF
002156,通富微电,2024年年度报告,2025-04-12 00:00:00,1223070267,reports_raw/companies/002_sz_main/002156_通富微电/2024/1223070267.pdf,https://static.cninfo.com.cn/finalpage/2025-04-12/1223070267.PDF
002159,三特索道,2024年年度报告,2025-04-09 00:00:00,1223029826,reports_raw/companies/002_sz_main/002159_三特索道/2024/1223029826.pdf,https://static.cninfo.com.cn/finalpage/2025-04-09/1223029826.PDF
002160,常铝股份,2024年年度报告,2025-04-18 00:00:00,1223122166,reports_raw/companies/002_sz_main/002160_常铝股份/2024/1223122166.pdf,https://static.cninfo.com.cn/finalpage/2025-04-18/1223122166.PDF
002161,远 望 谷,2024年年度报告,2025-04-28 00:00:00,1223321324,reports_raw/companies/002_sz_main/002161_远_望_谷/2024/1223321324.pdf,https://static.cninfo.com.cn/finalpage/2025-04-28/1223321324.PDF
002162,悦心健康,2024年年度报告,2025-02-28 00:00:00,1222661912,reports_raw/companies/002_sz_main/002162_悦心健康/2024/1222661912.pdf,https://static.cninfo.com.cn/finalpage/2025-02-28/1222661912.PDF
002164,宁波东力,2024年年度报告,2025-04-29 00:00:00,1223356802,reports_raw/companies/002_sz_main/002164_宁波东力/2024/1223356802.pdf,https://static.cninfo.com.cn/finalpage/2025-04-29/1223356802.PDF
002166,莱茵生物,2024年年度报告,2025-03-28 00:00:00,1222926075,reports_raw/companies/002_sz_main/002166_莱茵生物/2024/1222926075.pdf,https://static.cninfo.com.cn/finalpage/2025-03-28/1222926075.PDF
002167,东方锆业,2024年年度报告,2025-04-16 00:00:00,1223101744,reports_raw/companies/002_sz_main/002167_东方锆业/2024/1223101744.pdf,https://static.cninfo.com.cn/finalpage/2025-04-16/1223101744.PDF
002168,ST惠程,2024年年度报告,2025-04-29 00:00:00,1223389209,reports_raw/companies/002_sz_main/002168_ST惠程/2024/1223389209.pdf,https://static.cninfo.com.cn/finalpage/2025-04-29/1223389209.PDF
002170,芭田股份,2024年年度报告,2025-04-15 00:00:00,1223091811,reports_raw/companies/002_sz_main/002170_芭田股份/2024/1223091811.pdf,https://static.cninfo.com.cn/finalpage/2025-04-15/1223091811.PDF
002171,楚江新材,2024年年度报告,2025-03-18 00:00:00,1222820786,reports_raw/companies/002_sz_main/002171_楚江新材/2024/1222820786.pdf,https://static.cninfo.com.cn/finalpage/2025-03-18/1222820786.PDF
002172,澳洋健康,2024年年度报告,2025-04-15 00:00:00,1223094135,reports_raw/companies/002_sz_main/002172_澳洋健康/2024/1223094135.pdf,https://static.cninfo.com.cn/finalpage/2025-04-15/1223094135.PDF
002173,创新医疗,2024年年度报告,2025-04-12 00:00:00,1223068858,reports_raw/companies/002_sz_main/002173_创新医疗/2024/1223068858.pdf,https://static.cninfo.com.cn/finalpage/2025-04-12/1223068858.PDF
002174,游族网络,2024年年度报告,2025-04-26 00:00:00,1223316981,reports_raw/companies/002_sz_main/002174_游族网络/2024/1223316981.pdf,https://static.cninfo.com.cn/finalpage/2025-04-26/1223316981.PDF
002175,东方智造,2024年年度报告,2025-04-29 00:00:00,1223360295,reports_raw/companies/002_sz_main/002175_东方智造/2024/1223360295.pdf,https://static.cninfo.com.cn/finalpage/2025-04-29/1223360295.PDF
002176,江特电机,2024年年度报告,2025-04-29 00:00:00,1223377375,reports_raw/companies/002_sz_main/002176_江特电机/2024/1223377375.pdf,https://static.cninfo.com.cn/finalpage/2025-04-29/1223377375.PDF
002179,中航光电,2024年年度报告,2025-03-29 00:00:00,1222943981,reports_raw/companies/002_sz_main/002179_中航光电/2024/1222943981.pdf,https://static.cninfo.com.cn/finalpage/2025-03-29/1222943981.PDF
002180,纳思达,2024年年度报告,2025-04-12 00:00:00,1223072032,reports_raw/companies/002_sz_main/002180_纳思达/2024/1223072032.pdf,https://static.cninfo.com.cn/finalpage/2025-04-12/1223072032.PDF
002181,粤 传 媒,2024年年度报告,2025-04-04 00:00:00,1223005934,reports_raw/companies/002_sz_main/002181_粤_传_媒/2024/1223005934.pdf,https://static.cninfo.com.cn/finalpage/2025-04-04/1223005934.PDF
002183,怡 亚 通,2024年年度报告,2025-04-10 00:00:00,1223044798,reports_raw/companies/002_sz_main/002183_怡_亚_通/2024/1223044798.pdf,https://static.cninfo.com.cn/finalpage/2025-04-10/1223044798.PDF
002184,海得控制,2024年年度报告,2025-04-28 00:00:00,1223324076,reports_raw/companies/002_sz_main/002184_海得控制/2024/1223324076.pdf,https://static.cninfo.com.cn/finalpage/2025-04-28/1223324076.PDF
002185,华天科技,2024年年度报告,2025-04-01 00:00:00,1222975804,reports_raw/companies/002_sz_main/002185_华天科技/2024/1222975804.pdf,https://static.cninfo.com.cn/finalpage/2025-04-01/1222975804.PDF
002186,全 聚 德,2024年年度报告,2025-04-15 00:00:00,1223096137,reports_raw/companies/002_sz_main/002186_全_聚_德/2024/1223096137.pdf,https://static.cninfo.com.cn/finalpage/2025-04-15/1223096137.PDF
002187,广百股份,2024年年度报告,2025-03-29 00:00:00,1222941839,reports_raw/companies/002_sz_main/002187_广百股份/2024/1222941839.pdf,https://static.cninfo.com.cn/finalpage/2025-03-29/1222941839.PDF
002190,成飞集成,2024年年度报告,2025-03-15 00:00:00,1222805253,reports_raw/companies/002_sz_main/002190_成飞集成/2024/1222805253.pdf,https://static.cninfo.com.cn/finalpage/2025-03-15/1222805253.pdf
002191,劲嘉股份,2024年年度报告,2025-04-29 00:00:00,1223360621,reports_raw/companies/002_sz_main/002191_劲嘉股份/2024/1223360621.pdf,https://static.cninfo.com.cn/finalpage/2025-04-29/1223360621.PDF
002193,如意集团,2024年年度报告,2025-04-29 00:00:00,1223384899,reports_raw/companies/002_sz_main/002193_如意集团/2024/1223384899.pdf,https://static.cninfo.com.cn/finalpage/2025-04-29/1223384899.PDF
002194,武汉凡谷,2024年年度报告,2025-03-29 00:00:00,1222943393,reports_raw/companies/002_sz_main/002194_武汉凡谷/2024/1222943393.pdf,https://static.cninfo.com.cn/finalpage/2025-03-29/1222943393.PDF
002196,方正电机,2024年年度报告,2025-04-16 00:00:00,1223102059,reports_raw/companies/002_sz_main/002196_方正电机/2024/1223102059.pdf,https://static.cninfo.com.cn/finalpage/2025-04-16/1223102059.PDF
002197,ST证通,2024年年度报告,2025-04-29 00:00:00,1223382640,reports_raw/companies/002_sz_main/002197_ST证通/2024/1223382640.pdf,https://static.cninfo.com.cn/finalpage/2025-04-29/1223382640.PDF
002198,嘉应制药,2024年年度报告,2025-04-26 00:00:00,1223330807,reports_raw/companies/002_sz_main/002198_嘉应制药/2024/1223330807.pdf,https://static.cninfo.com.cn/finalpage/2025-04-26/1223330807.PDF
002199,东晶电子,2024年年度报告,2025-03-25 00:00:00,1222883079,reports_raw/companies/002_sz_main/002199_东晶电子/2024/1222883079.pdf,https://static.cninfo.com.cn/finalpage/2025-03-25/1222883079.PDF
002200,ST交投,2024年年度报告,2025-04-17 00:00:00,1223114015,reports_raw/companies/002_sz_main/002200_ST交投/2024/1223114015.pdf,https://static.cninfo.com.cn/finalpage/2025-04-17/1223114015.pdf
002202,金风科技,2024年年度报告,2025-03-29 00:00:00,1222951109,reports_raw/companies/002_sz_main/002202_金风科技/2024/1222951109.pdf,https://static.cninfo.com.cn/finalpage/2025-03-29/1222951109.pdf
002203,海亮股份,2024年年度报告,2025-04-26 00:00:00,1223321870,reports_raw/companies/002_sz_main/002203_海亮股份/2024/1223321870.pdf,https://static.cninfo.com.cn/finalpage/2025-04-26/1223321870.PDF
002204,大连重工,2024年年度报告,2025-04-17 00:00:00,1223109566,reports_raw/companies/002_sz_main/002204_大连重工/2024/1223109566.pdf,https://static.cninfo.com.cn/finalpage/2025-04-17/1223109566.PDF
002205,国统股份,2024年年度报告,2025-04-29 00:00:00,1223379173,reports_raw/companies/002_sz_main/002205_国统股份/2024/1223379173.pdf,https://static.cninfo.com.cn/finalpage/2025-04-29/1223379173.PDF
002206,海 利 得,2024年年度报告,2025-04-03 00:00:00,1222991687,reports_raw/companies/002_sz_main/002206_海_利_得/2024/1222991687.pdf,https://static.cninfo.com.cn/finalpage/2025-04-03/1222991687.PDF
002207,准油股份,2024年年度报告,2025-04-16 00:00:00,1223100521,reports_raw/companies/002_sz_main/002207_准油股份/2024/1223100521.pdf,https://static.cninfo.com.cn/finalpage/2025-04-16/1223100521.PDF
002208,合肥城建,2024年年度报告,2025-04-10 00:00:00,1223045443,reports_raw/companies/002_sz_main/002208_合肥城建/2024/1223045443.pdf,https://static.cninfo.com.cn/finalpage/2025-04-10/1223045443.PDF
002209,达 意 隆,2024年年度报告,2025-04-10 00:00:00,1223044223,reports_raw/companies/002_sz_main/002209_达_意_隆/2024/1223044223.pdf,https://static.cninfo.com.cn/finalpage/2025-04-10/1223044223.PDF
002212,天融信,2024年年度报告,2025-04-19 00:00:00,1223143764,reports_raw/companies/002_sz_main/002212_天融信/2024/1223143764.pdf,https://static.cninfo.com.cn/finalpage/2025-04-19/1223143764.PDF
002214,大立科技,2024年年度报告,2025-04-26 00:00:00,1223329054,reports_raw/companies/002_sz_main/002214_大立科技/2024/1223329054.pdf,https://static.cninfo.com.cn/finalpage/2025-04-26/1223329054.PDF
002217,*ST合泰,2024年年度报告,2025-04-29 00:00:00,1223387003,reports_raw/companies/002_sz_main/002217_ST合泰/2024/1223387003.pdf,https://static.cninfo.com.cn/finalpage/2025-04-29/1223387003.PDF
002219,新里程,2024年年度报告,2025-04-29 00:00:00,1223382797,reports_raw/companies/002_sz_main/002219_新里程/2024/1223382797.pdf,https://static.cninfo.com.cn/finalpage/2025-04-29/1223382797.PDF
002222,福晶科技,2024年年度报告,2025-04-29 00:00:00,1223360523,reports_raw/companies/002_sz_main/002222_福晶科技/2024/1223360523.pdf,https://static.cninfo.com.cn/finalpage/2025-04-29/1223360523.PDF
002223,鱼跃医疗,2024年年度报告,2025-04-26 00:00:00,1223316577,reports_raw/companies/002_sz_main/002223_鱼跃医疗/2024/1223316577.pdf,https://static.cninfo.com.cn/finalpage/2025-04-26/1223316577.PDF
002224,三 力 士,2024年年度报告,2025-04-29 00:00:00,1223380357,reports_raw/companies/002_sz_main/002224_三_力_士/2024/1223380357.pdf,https://static.cninfo.com.cn/finalpage/2025-04-29/1223380357.PDF
002225,濮耐股份,2024年年度报告,2025-04-18 00:00:00,1223123481,reports_raw/companies/002_sz_main/002225_濮耐股份/2024/1223123481.pdf,https://static.cninfo.com.cn/finalpage/2025-04-18/1223123481.PDF
002226,江南化工,2024年年度报告,2025-04-17 00:00:00,1223110433,reports_raw/companies/002_sz_main/002226_江南化工/2024/1223110433.pdf,https://static.cninfo.com.cn/finalpage/2025-04-17/1223110433.PDF
002227,奥 特 迅,2024年年度报告,2025-04-30 00:00:00,1223414049,reports_raw/companies/002_sz_main/002227_奥_特_迅/2024/1223414049.pdf,https://static.cninfo.com.cn/finalpage/2025-04-30/1223414049.PDF
002228,合兴包装,2024年年度报告,2025-04-26 00:00:00,1223318784,reports_raw/companies/002_sz_main/002228_合兴包装/2024/1223318784.pdf,https://static.cninfo.com.cn/finalpage/2025-04-26/1223318784.PDF
002230,科大讯飞,2024年年度报告（英文简版）,2025-06-17 00:00:00,1223886874,reports_raw/companies/002_sz_main/002230_科大讯飞/2024/1223886874.pdf,https://static.cninfo.com.cn/finalpage/2025-06-17/1223886874.PDF
002231,奥维通信,2024年年度报告,2025-04-29 00:00:00,1223382140,reports_raw/companies/002_sz_main/002231_奥维通信/2024/1223382140.pdf,https://static.cninfo.com.cn/finalpage/2025-04-29/1223382140.PDF
002232,启明信息,2024年年度报告,2025-04-19 00:00:00,1223151810,reports_raw/companies/002_sz_main/002232_启明信息/2024/1223151810.pdf,https://static.cninfo.com.cn/finalpage/2025-04-19/1223151810.PDF
002233,塔牌集团,2024年年度报告,2025-03-18 00:00:00,1222822951,reports_raw/companies/002_sz_main/002233_塔牌集团/2024/1222822951.pdf,https://static.cninfo.com.cn/finalpage/2025-03-18/1222822951.PDF
002234,民和股份,2024年年度报告,2025-03-29 00:00:00,1222943285,reports_raw/companies/002_sz_main/002234_民和股份/2024/1222943285.pdf,https://static.cninfo.com.cn/finalpage/2025-03-29/1222943285.PDF
002235,安妮股份,2024年年度报告,2025-04-29 00:00:00,1223376306,reports_raw/companies/002_sz_main/002235_安妮股份/2024/1223376306.pdf,https://static.cninfo.com.cn/finalpage/2025-04-29/1223376306.PDF
002236,大华股份,2024年年度报告,2025-03-29 00:00:00,1222950079,reports_raw/companies/002_sz_main/002236_大华股份/2024/1222950079.pdf,https://static.cninfo.com.cn/finalpage/2025-03-29/1222950079.PDF
002237,恒邦股份,2024年年度报告,2025-03-27 00:00:00,1222911333,reports_raw/companies/002_sz_main/002237_恒邦股份/2024/1222911333.pdf,https://static.cninfo.com.cn/finalpage/2025-03-27/1222911333.PDF
002238,天威视讯,2024年年度报告,2025-04-19 00:00:00,1223151025,reports_raw/companies/002_sz_main/002238_天威视讯/2024/1223151025.pdf,https://static.cninfo.com.cn/finalpage/2025-04-19/1223151025.PDF
002239,奥特佳,2024年年度报告,2025-04-19 00:00:00,1223155045,reports_raw/companies/002_sz_main/002239_奥特佳/2024/1223155045.pdf,https://static.cninfo.com.cn/finalpage/2025-04-19/1223155045.PDF
002240,盛新锂能,2024年年度报告,2025-03-22 00:00:00,1222870698,reports_raw/companies/002_sz_main/002240_盛新锂能/2024/1222870698.pdf,https://static.cninfo.com.cn/finalpage/2025-03-22/1222870698.PDF
002241,歌尔股份,2024年年度报告（英文版）,2025-05-15 00:00:00,1223544550,reports_raw/companies/002_sz_main/002241_歌尔股份/2024/1223544550.pdf,https://static.cninfo.com.cn/finalpage/2025-05-15/1223544550.PDF
002242,九阳股份,2024年年度报告,2025-03-28 00:00:00,1222924414,reports_raw/companies/002_sz_main/002242_九阳股份/2024/1222924414.pdf,https://static.cninfo.com.cn/finalpage/2025-03-28/1222924414.PDF
002243,力合科创,2024年年度报告,2025-03-27 00:00:00,1222909669,reports_raw/companies/002_sz_main/002243_力合科创/2024/1222909669.pdf,https://static.cninfo.com.cn/finalpage/2025-03-27/1222909669.PDF
002245,蔚蓝锂芯,2024年年度报告,2025-03-11 00:00:00,1222760043,reports_raw/companies/002_sz_main/002245_蔚蓝锂芯/2024/1222760043.pdf,https://static.cninfo.com.cn/finalpage/2025-03-11/1222760043.PDF
002247,聚力文化,2024年年度报告,2025-04-16 00:00:00,1223101270,reports_raw/companies/002_sz_main/002247_聚力文化/2024/1223101270.pdf,https://static.cninfo.com.cn/finalpage/2025-04-16/1223101270.PDF
002249,大洋电机,2024年年度报告,2025-04-26 00:00:00,1223322208,reports_raw/companies/002_sz_main/002249_大洋电机/2024/1223322208.pdf,https://static.cninfo.com.cn/finalpage/2025-04-26/1223322208.PDF
002251,ST步步高,2024年年度报告,2025-03-28 00:00:00,1222929721,reports_raw/companies/002_sz_main/002251_ST步步高/2024/1222929721.pdf,https://static.cninfo.com.cn/finalpage/2025-03-28/1222929721.PDF
002252,上海莱士,2024年年度报告,2025-04-18 00:00:00,1223128663,reports_raw/companies/002_sz_main/002252_上海莱士/2024/1223128663.pdf,https://static.cninfo.com.cn/finalpage/2025-04-18/1223128663.PDF
002253,川大智胜,2024年年度报告,2025-04-28 00:00:00,1223327542,reports_raw/companies/002_sz_main/002253_川大智胜/2024/1223327542.pdf,https://static.cninfo.com.cn/finalpage/2025-04-28/1223327542.PDF
002254,泰和新材,2024年年度报告,2025-04-19 00:00:00,1223152382,reports_raw/companies/002_sz_main/002254_泰和新材/2024/1223152382.pdf,https://static.cninfo.com.cn/finalpage/2025-04-19/1223152382.PDF
002255,海陆重工,2024年年度报告,2025-03-20 00:00:00,1222845503,reports_raw/companies/002_sz_main/002255_海陆重工/2024/1222845503.pdf,https://static.cninfo.com.cn/finalpage/2025-03-20/1222845503.PDF
002256,兆新股份,2024年年度报告,2025-04-18 00:00:00,1223127383,reports_raw/companies/002_sz_main/002256_兆新股份/2024/1223127383.pdf,https://static.cninfo.com.cn/finalpage/2025-04-18/1223127383.PDF
002258,利尔化学,2024年年度报告,2025-03-28 00:00:00,1222921204,reports_raw/companies/002_sz_main/002258_利尔化学/2024/1222921204.pdf,https://static.cninfo.com.cn/finalpage/2025-03-28/1222921204.PDF
002259,ST升达,2024年年度报告,2025-04-26 00:00:00,1223324233,reports_raw/companies/002_sz_main/002259_ST升达/2024/1223324233.pdf,https://static.cninfo.com.cn/finalpage/2025-04-26/1223324233.PDF
002262,恩华药业,2024年年度报告,2025-03-29 00:00:00,1222941350,reports_raw/companies/002_sz_main/002262_恩华药业/2024/1222941350.pdf,https://static.cninfo.com.cn/finalpage/2025-03-29/1222941350.PDF
002264,新 华 都,2024年年度报告,2025-03-29 00:00:00,1222942624,reports_raw/companies/002_sz_main/002264_新_华_都/2024/1222942624.pdf,https://static.cninfo.com.cn/finalpage/2025-03-29/1222942624.PDF
002267,陕天然气,2024年年度报告,2025-04-29 00:00:00,1223371445,reports_raw/companies/002_sz_main/002267_陕天然气/2024/1223371445.pdf,https://static.cninfo.com.cn/finalpage/2025-04-29/1223371445.PDF
002268,电科网安,2024年年度报告,2025-04-29 00:00:00,1223379935,reports_raw/companies/002_sz_main/002268_电科网安/2024/1223379935.pdf,https://static.cninfo.com.cn/finalpage/2025-04-29/1223379935.PDF
002269,美邦服饰,2024年年度报告,2025-04-29 00:00:00,1223379027,reports_raw/companies/002_sz_main/002269_美邦服饰/2024/1223379027.pdf,https://static.cninfo.com.cn/finalpage/2025-04-29/1223379027.PDF
002270,华明装备,2024年年度报告,2025-04-11 00:00:00,1223055875,reports_raw/companies/002_sz_main/002270_华明装备/2024/1223055875.pdf,https://static.cninfo.com.cn/finalpage/2025-04-11/1223055875.PDF
002271,东方雨虹,2024年年度报告,2025-02-28 00:00:00,1222663514,reports_raw/companies/002_sz_main/002271_东方雨虹/2024/1222663514.pdf,https://static.cninfo.com.cn/finalpage/2025-02-28/1222663514.PDF
002273,水晶光电,2024年年度报告,2025-04-10 00:00:00,1223043452,reports_raw/companies/002_sz_main/002273_水晶光电/2024/1223043452.pdf,https://static.cninfo.com.cn/finalpage/2025-04-10/1223043452.PDF
002276,万马股份,2024年年度报告,2025-04-19 00:00:00,1223152940,reports_raw/companies/002_sz_main/002276_万马股份/2024/1223152940.pdf,https://static.cninfo.com.cn/finalpage/2025-04-19/1223152940.PDF
002277,友阿股份,2024年年度报告,2025-04-29 00:00:00,1223361354,reports_raw/companies/002_sz_main/002277_友阿股份/2024/1223361354.pdf,https://static.cninfo.com.cn/finalpage/2025-04-29/1223361354.PDF
002278,神开股份,2024年年度报告,2025-04-26 00:00:00,1223321929,reports_raw/companies/002_sz_main/002278_神开股份/2024/1223321929.pdf,https://static.cninfo.com.cn/finalpage/2025-04-26/1223321929.PDF
002282,博深股份,2024年年度报告,2025-03-18 00:00:00,1222822755,reports_raw/companies/002_sz_main/002282_博深股份/2024/1222822755.pdf,https://static.cninfo.com.cn/finalpage/2025-03-18/1222822755.PDF
002283,天润工业,2024年年度报告,2025-03-28 00:00:00,1222940333,reports_raw/companies/002_sz_main/002283_天润工业/2024/1222940333.pdf,https://static.cninfo.com.cn/finalpage/2025-03-28/1222940333.pdf
002284,亚太股份,2024年年度报告,2025-03-29 00:00:00,1222940048,reports_raw/companies/002_sz_main/002284_亚太股份/2024/1222940048.pdf,https://static.cninfo.com.cn/finalpage/2025-03-29/1222940048.PDF
002289,ST宇顺,2024年年度报告,2025-04-30 00:00:00,1223421863,reports_raw/companies/002_sz_main/002289_ST宇顺/2024/1223421863.pdf,https://static.cninfo.com.cn/finalpage/2025-04-30/1223421863.PDF
002290,禾盛新材,2024年年度报告,2025-03-28 00:00:00,1222922630,reports_raw/companies/002_sz_main/002290_禾盛新材/2024/1222922630.pdf,https://static.cninfo.com.cn/finalpage/2025-03-28/1222922630.PDF
002291,遥望科技,2024年年度报告,2025-04-29 00:00:00,1223373627,reports_raw/companies/002_sz_main/002291_遥望科技/2024/1223373627.pdf,https://static.cninfo.com.cn/finalpage/2025-04-29/1223373627.PDF
002292,奥飞娱乐,2024年年度报告,2025-04-29 00:00:00,1223375869,reports_raw/companies/002_sz_main/002292_奥飞娱乐/2024/1223375869.pdf,https://static.cninfo.com.cn/finalpage/2025-04-29/1223375869.PDF
002294,信立泰,2024年年度报告,2025-03-29 00:00:00,1222946959,reports_raw/companies/002_sz_main/002294_信立泰/2024/1222946959.pdf,https://static.cninfo.com.cn/finalpage/2025-03-29/1222946959.PDF
002295,精艺股份,2024年年度报告,2025-04-26 00:00:00,1223332933,reports_raw/companies/002_sz_main/002295_精艺股份/2024/1223332933.pdf,https://static.cninfo.com.cn/finalpage/2025-04-26/1223332933.PDF
002297,博云新材,2024年年度报告,2025-04-09 00:00:00,1223030397,reports_raw/companies/002_sz_main/002297_博云新材/2024/1223030397.pdf,https://static.cninfo.com.cn/finalpage/2025-04-09/1223030397.PDF
002299,圣农发展,2024年年度报告,2025-04-12 00:00:00,1223071100,reports_raw/companies/002_sz_main/002299_圣农发展/2024/1223071100.pdf,https://static.cninfo.com.cn/finalpage/2025-04-12/1223071100.PDF
002300,太阳电缆,2024年年度报告,2025-04-17 00:00:00,1223112807,reports_raw/companies/002_sz_main/002300_太阳电缆/2024/1223112807.pdf,https://static.cninfo.com.cn/finalpage/2025-04-17/1223112807.PDF
002302,西部建设,2024年年度报告,2025-04-03 00:00:00,1222993581,reports_raw/companies/002_sz_main/002302_西部建设/2024/1222993581.pdf,https://static.cninfo.com.cn/finalpage/2025-04-03/1222993581.PDF
002303,美盈森,2024年年度报告,2025-04-15 00:00:00,1223093193,reports_raw/companies/002_sz_main/002303_美盈森/2024/1223093193.pdf,https://static.cninfo.com.cn/finalpage/2025-04-15/1223093193.PDF
002304,洋河股份,2024年年度报告（英文版）,2025-06-03 00:00:00,1223732768,reports_raw/companies/002_sz_main/002304_洋河股份/2024/1223732768.pdf,https://static.cninfo.com.cn/finalpage/2025-06-03/1223732768.PDF
002305,南国置业,2024年年度报告,2025-04-29 00:00:00,1223381730,reports_raw/companies/002_sz_main/002305_南国置业/2024/1223381730.pdf,https://static.cninfo.com.cn/finalpage/2025-04-29/1223381730.PDF
002306,中科云网,2024年年度报告,2025-04-15 00:00:00,1223097499,reports_raw/companies/002_sz_main/002306_中科云网/2024/1223097499.pdf,https://static.cninfo.com.cn/finalpage/2025-04-15/1223097499.PDF
002310,*ST东园,2024年年度报告,2025-04-29 00:00:00,1223383574,reports_raw/companies/002_sz_main/002310_ST东园/2024/1223383574.pdf,https://static.cninfo.com.cn/finalpage/2025-04-29/1223383574.PDF
002311,海大集团,2024年年度报告（英文版）,2025-06-24 00:00:00,1223956037,reports_raw/companies/002_sz_main/002311_海大集团/2024/1223956037.pdf,https://static.cninfo.com.cn/finalpage/2025-06-24/1223956037.PDF
002313,日海智能,2024年年度报告,2025-03-21 00:00:00,1222857937,reports_raw/companies/002_sz_main/002313_日海智能/2024/1222857937.pdf,https://static.cninfo.com.cn/finalpage/2025-03-21/1222857937.PDF
002314,南山控股,2024年年度报告,2025-04-28 00:00:00,1223301868,reports_raw/companies/002_sz_main/002314_南山控股/2024/1223301868.pdf,https://static.cninfo.com.cn/finalpage/2025-04-28/1223301868.PDF
002316,ST亚联,2024年年度报告,2025-04-29 00:00:00,1223381526,reports_raw/companies/002_sz_main/002316_ST亚联/2024/1223381526.pdf,https://static.cninfo.com.cn/finalpage/2025-04-29/1223381526.PDF
002317,众生药业,2024年年度报告,2025-04-26 00:00:00,1223321642,reports_raw/companies/002_sz_main/002317_众生药业/2024/1223321642.pdf,https://static.cninfo.com.cn/finalpage/2025-04-26/1223321642.PDF
002318,久立特材,2024年年度报告,2025-03-25 00:00:00,1222882137,reports_raw/companies/002_sz_main/002318_久立特材/2024/1222882137.pdf,https://static.cninfo.com.cn/finalpage/2025-03-25/1222882137.PDF
002319,乐通股份,2024年年度报告,2025-04-28 00:00:00,1223317195,reports_raw/companies/002_sz_main/002319_乐通股份/2024/1223317195.pdf,https://static.cninfo.com.cn/finalpage/2025-04-28/1223317195.PDF
002320,海峡股份,2024年年度报告,2025-03-29 00:00:00,1222942739,reports_raw/companies/002_sz_main/002320_海峡股份/2024/1222942739.pdf,https://static.cninfo.com.cn/finalpage/2025-03-29/1222942739.PDF
002321,华英农业,2024年年度报告,2025-04-19 00:00:00,1223152260,reports_raw/companies/002_sz_main/002321_华英农业/2024/1223152260.pdf,https://static.cninfo.com.cn/finalpage/2025-04-19/1223152260.PDF
002322,理工能科,2024年年度报告,2025-04-10 00:00:00,1223045628,reports_raw/companies/002_sz_main/002322_理工能科/2024/1223045628.pdf,https://static.cninfo.com.cn/finalpage/2025-04-10/1223045628.PDF
002323,雅博股份,2024年年度报告,2025-04-29 00:00:00,1223368077,reports_raw/companies/002_sz_main/002323_雅博股份/2024/1223368077.pdf,https://static.cninfo.com.cn/finalpage/2025-04-29/1223368077.PDF
002324,普利特,2024年年度报告,2025-04-19 00:00:00,1223153726,reports_raw/companies/002_sz_main/002324_普利特/2024/1223153726.pdf,https://static.cninfo.com.cn/finalpage/2025-04-19/1223153726.PDF
002326,永太科技,2024年年度报告,2025-04-28 00:00:00,1223311878,reports_raw/companies/002_sz_main/002326_永太科技/2024/1223311878.pdf,https://static.cninfo.com.cn/finalpage/2025-04-28/1223311878.PDF
002328,新朋股份,2024年年度报告,2025-04-26 00:00:00,1223328910,reports_raw/companies/002_sz_main/002328_新朋股份/2024/1223328910.pdf,https://static.cninfo.com.cn/finalpage/2025-04-26/1223328910.pdf
002330,得利斯,2024年年度报告,2025-04-16 00:00:00,1223101858,reports_raw/companies/002_sz_main/002330_得利斯/2024/1223101858.pdf,https://static.cninfo.com.cn/finalpage/2025-04-16/1223101858.PDF
002331,皖通科技,2024年年度报告,2025-04-28 00:00:00,1223302258,reports_raw/companies/002_sz_main/002331_皖通科技/2024/1223302258.pdf,https://static.cninfo.com.cn/finalpage/2025-04-28/1223302258.PDF
002333,罗普斯金,2024年年度报告,2025-04-07 00:00:00,1223003982,reports_raw/companies/002_sz_main/002333_罗普斯金/2024/1223003982.pdf,https://static.cninfo.com.cn/finalpage/2025-04-07/1223003982.PDF
002334,英威腾,2024年年度报告,2025-04-08 00:00:00,1223021960,reports_raw/companies/002_sz_main/002334_英威腾/2024/1223021960.pdf,https://static.cninfo.com.cn/finalpage/2025-04-08/1223021960.PDF
002335,科华数据,2024年年度报告,2025-04-26 00:00:00,1223324436,reports_raw/companies/002_sz_main/002335_科华数据/2024/1223324436.pdf,https://static.cninfo.com.cn/finalpage/2025-04-26/1223324436.PDF
002336,*ST人乐,2024年年度报告,2025-04-30 00:00:00,1223419916,reports_raw/companies/002_sz_main/002336_ST人乐/2024/1223419916.pdf,https://static.cninfo.com.cn/finalpage/2025-04-30/1223419916.PDF
002340,格林美,2024年年度报告,2025-04-26 00:00:00,1223332818,reports_raw/companies/002_sz_main/002340_格林美/2024/1223332818.pdf,https://static.cninfo.com.cn/finalpage/2025-04-26/1223332818.PDF
002343,慈文传媒,2024年年度报告,2025-04-10 00:00:00,1223041935,reports_raw/companies/002_sz_main/002343_慈文传媒/2024/1223041935.pdf,https://static.cninfo.com.cn/finalpage/2025-04-10/1223041935.PDF
002344,海宁皮城,2024年年度报告,2025-04-10 00:00:00,1223046192,reports_raw/companies/002_sz_main/002344_海宁皮城/2024/1223046192.pdf,https://static.cninfo.com.cn/finalpage/2025-04-10/1223046192.PDF
002345,潮宏基,2024年年度报告,2025-04-29 00:00:00,1223379131,reports_raw/companies/002_sz_main/002345_潮宏基/2024/1223379131.pdf,https://static.cninfo.com.cn/finalpage/2025-04-29/1223379131.PDF
002348,高乐股份,2024年年度报告,2025-04-28 00:00:00,1223309999,reports_raw/companies/002_sz_main/002348_高乐股份/2024/1223309999.pdf,https://static.cninfo.com.cn/finalpage/2025-04-28/1223309999.pdf
002349,精华制药,2024年年度报告,2025-04-15 00:00:00,1223094609,reports_raw/companies/002_sz_main/002349_精华制药/2024/1223094609.pdf,https://static.cninfo.com.cn/finalpage/2025-04-15/1223094609.PDF
002351,漫步者,2024年年度报告,2025-03-29 00:00:00,1222946707,reports_raw/companies/002_sz_main/002351_漫步者/2024/1222946707.pdf,https://static.cninfo.com.cn/finalpage/2025-03-29/1222946707.PDF
002352,顺丰控股,2024年年度报告,2025-03-29 00:00:00,1222943385,reports_raw/companies/002_sz_main/002352_顺丰控股/2024/1222943385.pdf,https://static.cninfo.com.cn/finalpage/2025-03-29/1222943385.PDF
002353,杰瑞股份,2024年年度报告,2025-04-10 00:00:00,1223043290,reports_raw/companies/002_sz_main/002353_杰瑞股份/2024/1223043290.pdf,https://static.cninfo.com.cn/finalpage/2025-04-10/1223043290.PDF
002354,天娱数科,2024年年度报告,2025-04-18 00:00:00,1223128415,reports_raw/companies/002_sz_main/002354_天娱数科/2024/1223128415.pdf,https://static.cninfo.com.cn/finalpage/2025-04-18/1223128415.PDF
002356,赫美集团,2024年年度报告,2025-04-29 00:00:00,1223365489,reports_raw/companies/002_sz_main/002356_赫美集团/2024/1223365489.pdf,https://static.cninfo.com.cn/finalpage/2025-04-29/1223365489.PDF
002360,同德化工,2024年年度报告,2025-04-28 00:00:00,1223328968,reports_raw/companies/002_sz_main/002360_同德化工/2024/1223328968.pdf,https://static.cninfo.com.cn/finalpage/2025-04-28/1223328968.PDF
002362,汉王科技,2024年年度报告,2025-03-29 00:00:00,1222951220,reports_raw/companies/002_sz_main/002362_汉王科技/2024/1222951220.pdf,https://static.cninfo.com.cn/finalpage/2025-03-29/1222951220.PDF
002365,永安药业,2024年年度报告,2025-04-10 00:00:00,1223042723,reports_raw/companies/002_sz_main/002365_永安药业/2024/1223042723.pdf,https://static.cninfo.com.cn/finalpage/2025-04-10/1223042723.PDF
002367,康力电梯,2024年年度报告,2025-03-28 00:00:00,1222925323,reports_raw/companies/002_sz_main/002367_康力电梯/2024/1222925323.pdf,https://static.cninfo.com.cn/finalpage/2025-03-28/1222925323.PDF
002368,太极股份,2024年年度报告,2025-04-02 00:00:00,1222981389,reports_raw/companies/002_sz_main/002368_太极股份/2024/1222981389.pdf,https://static.cninfo.com.cn/finalpage/2025-04-02/1222981389.PDF
002372,伟星新材,2024年年度报告,2025-04-16 00:00:00,1223102793,reports_raw/companies/002_sz_main/002372_伟星新材/2024/1223102793.pdf,https://static.cninfo.com.cn/finalpage/2025-04-16/1223102793.PDF
002373,千方科技,2024年年度报告,2025-04-19 00:00:00,1223150393,reports_raw/companies/002_sz_main/002373_千方科技/2024/1223150393.pdf,https://static.cninfo.com.cn/finalpage/2025-04-19/1223150393.PDF
002375,亚厦股份,2024年年度报告,2025-04-29 00:00:00,1223370650,reports_raw/companies/002_sz_main/002375_亚厦股份/2024/1223370650.pdf,https://static.cninfo.com.cn/finalpage/2025-04-29/1223370650.PDF
002379,宏创控股,2024年年度报告,2025-03-14 00:00:00,1222787907,reports_raw/companies/002_sz_main/002379_宏创控股/2024/1222787907.pdf,https://static.cninfo.com.cn/finalpage/2025-03-14/1222787907.PDF
002381,双箭股份,2024年年度报告,2025-04-03 00:00:00,1222990818,reports_raw/companies/002_sz_main/002381_双箭股份/2024/1222990818.pdf,https://static.cninfo.com.cn/finalpage/2025-04-03/1222990818.PDF
002382,蓝帆医疗,2024年年度报告,2025-04-29 00:00:00,1223379052,reports_raw/companies/002_sz_main/002382_蓝帆医疗/2024/1223379052.pdf,https://static.cninfo.com.cn/finalpage/2025-04-29/1223379052.PDF
002383,合众思壮,2024年年度报告,2025-04-18 00:00:00,1223123771,reports_raw/companies/002_sz_main/002383_合众思壮/2024/1223123771.pdf,https://static.cninfo.com.cn/finalpage/2025-04-18/1223123771.PDF
002384,东山精密,2024年年度报告（英文版）,2025-05-27 00:00:00,1223681675,reports_raw/companies/002_sz_main/002384_东山精密/2024/1223681675.pdf,https://static.cninfo.com.cn/finalpage/2025-05-27/1223681675.PDF
002387,维信诺,2024年年度报告,2025-03-21 00:00:00,1222857284,reports_raw/companies/002_sz_main/002387_维信诺/2024/1222857284.pdf,https://static.cninfo.com.cn/finalpage/2025-03-21/1222857284.PDF
002388,ST新亚,2024年年度报告,2025-04-29 00:00:00,1223382602,reports_raw/companies/002_sz_main/002388_ST新亚/2024/1223382602.pdf,https://static.cninfo.com.cn/finalpage/2025-04-29/1223382602.PDF
002389,航天彩虹,2024年年度报告,2025-03-29 00:00:00,1222945992,reports_raw/companies/002_sz_main/002389_航天彩虹/2024/1222945992.pdf,https://static.cninfo.com.cn/finalpage/2025-03-29/1222945992.PDF
002390,信邦制药,2024年年度报告,2025-04-15 00:00:00,1223091721,reports_raw/companies/002_sz_main/002390_信邦制药/2024/1223091721.pdf,https://static.cninfo.com.cn/finalpage/2025-04-15/1223091721.PDF
002391,长青股份,2024年年度报告,2025-04-18 00:00:00,1223124406,reports_raw/companies/002_sz_main/002391_长青股份/2024/1223124406.pdf,https://static.cninfo.com.cn/finalpage/2025-04-18/1223124406.PDF
002392,北京利尔,2024年年度报告,2025-04-29 00:00:00,1223373513,reports_raw/companies/002_sz_main/002392_北京利尔/2024/1223373513.pdf,https://static.cninfo.com.cn/finalpage/2025-04-29/1223373513.PDF
002393,力生制药,2024年年度报告,2025-03-21 00:00:00,1222857661,reports_raw/companies/002_sz_main/002393_力生制药/2024/1222857661.pdf,https://static.cninfo.com.cn/finalpage/2025-03-21/1222857661.PDF
002395,双象股份,2024年年度报告,2025-04-15 00:00:00,1223091574,reports_raw/companies/002_sz_main/002395_双象股份/2024/1223091574.pdf,https://static.cninfo.com.cn/finalpage/2025-04-15/1223091574.PDF
002396,星网锐捷,2024年年度报告,2025-04-03 00:00:00,1222990992,reports_raw/companies/002_sz_main/002396_星网锐捷/2024/1222990992.pdf,https://static.cninfo.com.cn/finalpage/2025-04-03/1222990992.PDF
002397,梦洁股份,2024年年度报告,2025-04-28 00:00:00,1223323980,reports_raw/companies/002_sz_main/002397_梦洁股份/2024/1223323980.pdf,https://static.cninfo.com.cn/finalpage/2025-04-28/1223323980.PDF
002399,海普瑞,2024年年度报告,2025-03-29 00:00:00,1222940103,reports_raw/companies/002_sz_main/002399_海普瑞/2024/1222940103.pdf,https://static.cninfo.com.cn/finalpage/2025-03-29/1222940103.PDF
002400,省广集团,2024年年度报告,2025-03-28 00:00:00,1222923971,reports_raw/companies/002_sz_main/002400_省广集团/2024/1222923971.pdf,https://static.cninfo.com.cn/finalpage/2025-03-28/1222923971.PDF
002401,中远海科,2024年年度报告,2025-03-29 00:00:00,1222948102,reports_raw/companies/002_sz_main/002401_中远海科/2024/1222948102.pdf,https://static.cninfo.com.cn/finalpage/2025-03-29/1222948102.PDF
002403,爱仕达,爱仕达股份有限公司2024年年度报告（更新后）,2025-08-28 00:00:00,1224597362,reports_raw/companies/002_sz_main/002403_爱仕达/2024/1224597362.pdf,https://static.cninfo.com.cn/finalpage/2025-08-28/1224597362.PDF
002404,嘉欣丝绸,2024年年度报告,2025-03-28 00:00:00,1222924844,reports_raw/companies/002_sz_main/002404_嘉欣丝绸/2024/1222924844.pdf,https://static.cninfo.com.cn/finalpage/2025-03-28/1222924844.PDF
002405,四维图新,2024年年度报告,2025-04-26 00:00:00,1223327120,reports_raw/companies/002_sz_main/002405_四维图新/2024/1223327120.pdf,https://static.cninfo.com.cn/finalpage/2025-04-26/1223327120.PDF
002406,远东传动,2024年年度报告,2025-04-09 00:00:00,1223029695,reports_raw/companies/002_sz_main/002406_远东传动/2024/1223029695.pdf,https://static.cninfo.com.cn/finalpage/2025-04-09/1223029695.PDF
002408,齐翔腾达,2024年年度报告,2025-04-10 00:00:00,1223043814,reports_raw/companies/002_sz_main/002408_齐翔腾达/2024/1223043814.pdf,https://static.cninfo.com.cn/finalpage/2025-04-10/1223043814.PDF
002409,雅克科技,2024年年度报告,2025-04-28 00:00:00,1223314774,reports_raw/companies/002_sz_main/002409_雅克科技/2024/1223314774.pdf,https://static.cninfo.com.cn/finalpage/2025-04-28/1223314774.PDF
002410,广联达,2024年年度报告,2025-03-25 00:00:00,1222881520,reports_raw/companies/002_sz_main/002410_广联达/2024/1222881520.pdf,https://static.cninfo.com.cn/finalpage/2025-03-25/1222881520.PDF
002413,雷科防务,2024年年度报告,2025-04-19 00:00:00,1223149241,reports_raw/companies/002_sz_main/002413_雷科防务/2024/1223149241.pdf,https://static.cninfo.com.cn/finalpage/2025-04-19/1223149241.PDF
002415,海康威视,2024年年度报告,2025-04-19 00:00:00,1223153152,reports_raw/companies/002_sz_main/002415_海康威视/2024/1223153152.pdf,https://static.cninfo.com.cn/finalpage/2025-04-19/1223153152.PDF
002419,天虹股份,2024年年度报告,2025-03-15 00:00:00,1222805489,reports_raw/companies/002_sz_main/002419_天虹股份/2024/1222805489.pdf,https://static.cninfo.com.cn/finalpage/2025-03-15/1222805489.PDF
002420,毅昌科技,2024年年度报告,2025-03-22 00:00:00,1222868940,reports_raw/companies/002_sz_main/002420_毅昌科技/2024/1222868940.pdf,https://static.cninfo.com.cn/finalpage/2025-03-22/1222868940.PDF
002424,ST百灵,2024年年度报告,2025-04-29 00:00:00,1223391356,reports_raw/companies/002_sz_main/002424_ST百灵/2024/1223391356.pdf,https://static.cninfo.com.cn/finalpage/2025-04-29/1223391356.PDF
002425,ST凯文,2024年年度报告,2025-04-28 00:00:00,1223326442,reports_raw/companies/002_sz_main/002425_ST凯文/2024/1223326442.pdf,https://static.cninfo.com.cn/finalpage/2025-04-28/1223326442.PDF
002427,尤夫股份,2024年年度报告,2025-04-28 00:00:00,1223301083,reports_raw/companies/002_sz_main/002427_尤夫股份/2024/1223301083.pdf,https://static.cninfo.com.cn/finalpage/2025-04-28/1223301083.PDF
002428,云南锗业,2024年年度报告,2025-03-28 00:00:00,1222926437,reports_raw/companies/002_sz_main/002428_云南锗业/2024/1222926437.pdf,https://static.cninfo.com.cn/finalpage/2025-03-28/1222926437.PDF
002429,兆驰股份,2024年年度报告,2025-04-17 00:00:00,1223113522,reports_raw/companies/002_sz_main/002429_兆驰股份/2024/1223113522.pdf,https://static.cninfo.com.cn/finalpage/2025-04-17/1223113522.PDF
002430,杭氧股份,2024年年度报告,2025-03-28 00:00:00,1222926766,reports_raw/companies/002_sz_main/002430_杭氧股份/2024/1222926766.pdf,https://static.cninfo.com.cn/finalpage/2025-03-28/1222926766.PDF
002431,棕榈股份,2024年年度报告,2025-04-26 00:00:00,1223316907,reports_raw/companies/002_sz_main/002431_棕榈股份/2024/1223316907.pdf,https://static.cninfo.com.cn/finalpage/2025-04-26/1223316907.PDF
002432,九安医疗,2024年年度报告,2025-04-29 00:00:00,1223375273,reports_raw/companies/002_sz_main/002432_九安医疗/2024/1223375273.pdf,https://static.cninfo.com.cn/finalpage/2025-04-29/1223375273.PDF
002438,江苏神通,2024年年度报告,2025-04-15 00:00:00,1223093730,reports_raw/companies/002_sz_main/002438_江苏神通/2024/1223093730.pdf,https://static.cninfo.com.cn/finalpage/2025-04-15/1223093730.PDF
002439,启明星辰,2024年年度报告,2025-04-15 00:00:00,1223095781,reports_raw/companies/002_sz_main/002439_启明星辰/2024/1223095781.pdf,https://static.cninfo.com.cn/finalpage/2025-04-15/1223095781.PDF
002440,闰土股份,2024年年度报告,2025-04-29 00:00:00,1223360784,reports_raw/companies/002_sz_main/002440_闰土股份/2024/1223360784.pdf,https://static.cninfo.com.cn/finalpage/2025-04-29/1223360784.PDF
002442,龙星科技,2024年年度报告,2025-04-02 00:00:00,1222984494,reports_raw/companies/002_sz_main/002442_龙星科技/2024/1222984494.pdf,https://static.cninfo.com.cn/finalpage/2025-04-02/1222984494.PDF
002445,中南文化,2024年年度报告,2025-04-19 00:00:00,1223149467,reports_raw/companies/002_sz_main/002445_中南文化/2024/1223149467.pdf,https://static.cninfo.com.cn/finalpage/2025-04-19/1223149467.PDF
002449,国星光电,2024年年度报告,2025-04-19 00:00:00,1223149662,reports_raw/companies/002_sz_main/002449_国星光电/2024/1223149662.pdf,https://static.cninfo.com.cn/finalpage/2025-04-19/1223149662.PDF
002451,摩恩电气,2024年年度报告,2025-03-25 00:00:00,1222881688,reports_raw/companies/002_sz_main/002451_摩恩电气/2024/1222881688.pdf,https://static.cninfo.com.cn/finalpage/2025-03-25/1222881688.PDF
002453,华软科技,2024年年度报告,2025-04-29 00:00:00,1223385449,reports_raw/companies/002_sz_main/002453_华软科技/2024/1223385449.pdf,https://static.cninfo.com.cn/finalpage/2025-04-29/1223385449.PDF
002454,松芝股份,2024年年度报告,2025-04-26 00:00:00,1223326567,reports_raw/companies/002_sz_main/002454_松芝股份/2024/1223326567.pdf,https://static.cninfo.com.cn/finalpage/2025-04-26/1223326567.PDF
002455,百川股份,2024年年度报告,2025-03-20 00:00:00,1222844761,reports_raw/companies/002_sz_main/002455_百川股份/2024/1222844761.pdf,https://static.cninfo.com.cn/finalpage/2025-03-20/1222844761.PDF
002456,欧菲光,2024年年度报告,2025-04-02 00:00:00,1222985151,reports_raw/companies/002_sz_main/002456_欧菲光/2024/1222985151.pdf,https://static.cninfo.com.cn/finalpage/2025-04-02/1222985151.PDF
002458,益生股份,2024年年度报告,2025-03-28 00:00:00,1222921697,reports_raw/companies/002_sz_main/002458_益生股份/2024/1222921697.pdf,https://static.cninfo.com.cn/finalpage/2025-03-28/1222921697.PDF
002459,晶澳科技,2024年年度报告英文版（2024 Annual Report）,2025-06-27 00:00:00,1223999280,reports_raw/companies/002_sz_main/002459_晶澳科技/2024/1223999280.pdf,https://static.cninfo.com.cn/finalpage/2025-06-27/1223999280.PDF
002460,赣锋锂业,2024年年度报告,2025-03-29 00:00:00,1222949700,reports_raw/companies/002_sz_main/002460_赣锋锂业/2024/1222949700.pdf,https://static.cninfo.com.cn/finalpage/2025-03-29/1222949700.PDF
002461,珠江啤酒,2024年年度报告,2025-03-28 00:00:00,1222921587,reports_raw/companies/002_sz_main/002461_珠江啤酒/2024/1222921587.pdf,https://static.cninfo.com.cn/finalpage/2025-03-28/1222921587.PDF
002462,嘉事堂,2024年年度报告,2025-04-26 00:00:00,1223324542,reports_raw/companies/002_sz_main/002462_嘉事堂/2024/1223324542.pdf,https://static.cninfo.com.cn/finalpage/2025-04-26/1223324542.PDF
002463,沪电股份,2024年年度报告全文（更正后）,2025-11-28 00:00:00,1224831828,reports_raw/companies/002_sz_main/002463_沪电股份/2024/1224831828.pdf,https://static.cninfo.com.cn/finalpage/2025-11-28/1224831828.PDF
002465,海格通信,2024年年度报告,2025-03-29 00:00:00,1222948690,reports_raw/companies/002_sz_main/002465_海格通信/2024/1222948690.pdf,https://static.cninfo.com.cn/finalpage/2025-03-29/1222948690.PDF
002466,天齐锂业,2024年年度报告,2025-03-27 00:00:00,1222913103,reports_raw/companies/002_sz_main/002466_天齐锂业/2024/1222913103.pdf,https://static.cninfo.com.cn/finalpage/2025-03-27/1222913103.PDF
002467,二六三,2024年年度报告,2025-03-31 00:00:00,1222942905,reports_raw/companies/002_sz_main/002467_二六三/2024/1222942905.pdf,https://static.cninfo.com.cn/finalpage/2025-03-31/1222942905.PDF
002469,三维化学,2024年年度报告,2025-03-27 00:00:00,1222909580,reports_raw/companies/002_sz_main/002469_三维化学/2024/1222909580.pdf,https://static.cninfo.com.cn/finalpage/2025-03-27/1222909580.PDF
002470,金正大,2024年年度报告,2025-04-26 00:00:00,1223317551,reports_raw/companies/002_sz_main/002470_金正大/2024/1223317551.pdf,https://static.cninfo.com.cn/finalpage/2025-04-26/1223317551.PDF
002471,中超控股,2024年年度报告,2025-04-15 00:00:00,1223094007,reports_raw/companies/002_sz_main/002471_中超控股/2024/1223094007.pdf,https://static.cninfo.com.cn/finalpage/2025-04-15/1223094007.PDF
002474,榕基软件,2024年年度报告,2025-04-18 00:00:00,1223122698,reports_raw/companies/002_sz_main/002474_榕基软件/2024/1223122698.pdf,https://static.cninfo.com.cn/finalpage/2025-04-18/1223122698.PDF
002475,立讯精密,2024年年度报告（英文版）,2025-06-10 00:00:00,1223825742,reports_raw/companies/002_sz_main/002475_立讯精密/2024/1223825742.pdf,https://static.cninfo.com.cn/finalpage/2025-06-10/1223825742.PDF
002478,常宝股份,2024年年度报告,2025-03-28 00:00:00,1222928418,reports_raw/companies/002_sz_main/002478_常宝股份/2024/1222928418.pdf,https://static.cninfo.com.cn/finalpage/2025-03-28/1222928418.PDF
002479,富春环保,2024年年度报告,2025-04-15 00:00:00,1223096114,reports_raw/companies/002_sz_main/002479_富春环保/2024/1223096114.pdf,https://static.cninfo.com.cn/finalpage/2025-04-15/1223096114.PDF
002481,双塔食品,2024年年度报告,2025-04-29 00:00:00,1223357032,reports_raw/companies/002_sz_main/002481_双塔食品/2024/1223357032.pdf,https://static.cninfo.com.cn/finalpage/2025-04-29/1223357032.PDF
002483,润邦股份,2024年年度报告,2025-04-29 00:00:00,1223363625,reports_raw/companies/002_sz_main/002483_润邦股份/2024/1223363625.pdf,https://static.cninfo.com.cn/finalpage/2025-04-29/1223363625.PDF
002484,江海股份,2024年年度报告,2025-04-08 00:00:00,1223021356,reports_raw/companies/002_sz_main/002484_江海股份/2024/1223021356.pdf,https://static.cninfo.com.cn/finalpage/2025-04-08/1223021356.PDF
002485,ST雪发,2024年年度报告,2025-04-29 00:00:00,1223372874,reports_raw/companies/002_sz_main/002485_ST雪发/2024/1223372874.pdf,https://static.cninfo.com.cn/finalpage/2025-04-29/1223372874.PDF
002486,嘉麟杰,2024年年度报告,2025-04-29 00:00:00,1223378287,reports_raw/companies/002_sz_main/002486_嘉麟杰/2024/1223378287.pdf,https://static.cninfo.com.cn/finalpage/2025-04-29/1223378287.PDF
002487,大金重工,2024年年度报告,2025-04-12 00:00:00,1223067849,reports_raw/companies/002_sz_main/002487_大金重工/2024/1223067849.pdf,https://static.cninfo.com.cn/finalpage/2025-04-12/1223067849.PDF
002488,金固股份,2024年年度报告,2025-04-26 00:00:00,1223318639,reports_raw/companies/002_sz_main/002488_金固股份/2024/1223318639.pdf,https://static.cninfo.com.cn/finalpage/2025-04-26/1223318639.PDF
002490,ST墨龙,2024年年度报告,2025-03-29 00:00:00,1222946943,reports_raw/companies/002_sz_main/002490_ST墨龙/2024/1222946943.pdf,https://static.cninfo.com.cn/finalpage/2025-03-29/1222946943.PDF
002491,通鼎互联,2024年年度报告,2025-04-26 00:00:00,1223324678,reports_raw/companies/002_sz_main/002491_通鼎互联/2024/1223324678.pdf,https://static.cninfo.com.cn/finalpage/2025-04-26/1223324678.PDF
002492,恒基达鑫,2024年年度报告,2025-04-19 00:00:00,1223155398,reports_raw/companies/002_sz_main/002492_恒基达鑫/2024/1223155398.pdf,https://static.cninfo.com.cn/finalpage/2025-04-19/1223155398.PDF
002494,华斯股份,2024年年度报告,2025-04-16 00:00:00,1223099481,reports_raw/companies/002_sz_main/002494_华斯股份/2024/1223099481.pdf,https://static.cninfo.com.cn/finalpage/2025-04-16/1223099481.PDF
002497,雅化集团,2024年年度报告,2025-04-29 00:00:00,1223380034,reports_raw/companies/002_sz_main/002497_雅化集团/2024/1223380034.pdf,https://static.cninfo.com.cn/finalpage/2025-04-29/1223380034.PDF
002498,汉缆股份,2024年年度报告,2025-04-28 00:00:00,1223303992,reports_raw/companies/002_sz_main/002498_汉缆股份/2024/1223303992.pdf,https://static.cninfo.com.cn/finalpage/2025-04-28/1223303992.pdf
002500,山西证券,2024年年度报告,2025-04-26 00:00:00,1223320856,reports_raw/companies/002_sz_main/002500_山西证券/2024/1223320856.pdf,https://static.cninfo.com.cn/finalpage/2025-04-26/1223320856.PDF
002501,利源股份,2024年年度报告,2025-04-29 00:00:00,1223389029,reports_raw/companies/002_sz_main/002501_利源股份/2024/1223389029.pdf,https://static.cninfo.com.cn/finalpage/2025-04-29/1223389029.pdf
002506,协鑫集成,2024年年度报告,2025-04-29 00:00:00,1223373197,reports_raw/companies/002_sz_main/002506_协鑫集成/2024/1223373197.pdf,https://static.cninfo.com.cn/finalpage/2025-04-29/1223373197.PDF
002507,涪陵榨菜,2024年年度报告,2025-03-29 00:00:00,1222941660,reports_raw/companies/002_sz_main/002507_涪陵榨菜/2024/1222941660.pdf,https://static.cninfo.com.cn/finalpage/2025-03-29/1222941660.PDF
002508,老板电器,2024年年度报告（英文版）,2025-05-20 00:00:00,1223588624,reports_raw/companies/002_sz_main/002508_老板电器/2024/1223588624.pdf,https://static.cninfo.com.cn/finalpage/2025-05-20/1223588624.PDF
002510,天汽模,2024年年度报告,2025-04-29 00:00:00,1223360963,reports_raw/companies/002_sz_main/002510_天汽模/2024/1223360963.pdf,https://static.cninfo.com.cn/finalpage/2025-04-29/1223360963.PDF
002512,达华智能,2024年年度报告,2025-04-26 00:00:00,1223321574,reports_raw/companies/002_sz_main/002512_达华智能/2024/1223321574.pdf,https://static.cninfo.com.cn/finalpage/2025-04-26/1223321574.PDF
002513,蓝丰生化,2024年年度报告,2025-04-29 00:00:00,1223380116,reports_raw/companies/002_sz_main/002513_蓝丰生化/2024/1223380116.pdf,https://static.cninfo.com.cn/finalpage/2025-04-29/1223380116.PDF
002514,宝馨科技,2024年年度报告,2025-04-29 00:00:00,1223370804,reports_raw/companies/002_sz_main/002514_宝馨科技/2024/1223370804.pdf,https://static.cninfo.com.cn/finalpage/2025-04-29/1223370804.PDF
002516,旷达科技,2024年年度报告,2025-03-22 00:00:00,1222865525,reports_raw/companies/002_sz_main/002516_旷达科技/2024/1222865525.pdf,https://static.cninfo.com.cn/finalpage/2025-03-22/1222865525.PDF
002521,齐峰新材,2024年年度报告,2025-04-12 00:00:00,1223069087,reports_raw/companies/002_sz_main/002521_齐峰新材/2024/1223069087.pdf,https://static.cninfo.com.cn/finalpage/2025-04-12/1223069087.PDF
002522,浙江众成,2024年年度报告,2025-04-19 00:00:00,1223145502,reports_raw/companies/002_sz_main/002522_浙江众成/2024/1223145502.pdf,https://static.cninfo.com.cn/finalpage/2025-04-19/1223145502.PDF
002527,新时达,2024年年度报告,2025-04-26 00:00:00,1223322671,reports_raw/companies/002_sz_main/002527_新时达/2024/1223322671.pdf,https://static.cninfo.com.cn/finalpage/2025-04-26/1223322671.PDF
002528,ST英飞拓,2024年年度报告,2025-04-30 00:00:00,1223414557,reports_raw/companies/002_sz_main/002528_ST英飞拓/2024/1223414557.pdf,https://static.cninfo.com.cn/finalpage/2025-04-30/1223414557.PDF
002529,海源复材,2024年年度报告,2025-04-28 00:00:00,1223330204,reports_raw/companies/002_sz_main/002529_海源复材/2024/1223330204.pdf,https://static.cninfo.com.cn/finalpage/2025-04-28/1223330204.PDF
002530,金财互联,2024年年度报告,2025-04-28 00:00:00,1223325596,reports_raw/companies/002_sz_main/002530_金财互联/2024/1223325596.pdf,https://static.cninfo.com.cn/finalpage/2025-04-28/1223325596.PDF
002532,天山铝业,2024年年度报告,2025-04-18 00:00:00,1223122101,reports_raw/companies/002_sz_main/002532_天山铝业/2024/1223122101.pdf,https://static.cninfo.com.cn/finalpage/2025-04-18/1223122101.PDF
002533,金杯电工,2024年年度报告,2025-03-29 00:00:00,1222946482,reports_raw/companies/002_sz_main/002533_金杯电工/2024/1222946482.pdf,https://static.cninfo.com.cn/finalpage/2025-03-29/1222946482.PDF
002534,西子洁能,2024年年度报告,2025-03-31 00:00:00,1222947929,reports_raw/companies/002_sz_main/002534_西子洁能/2024/1222947929.pdf,https://static.cninfo.com.cn/finalpage/2025-03-31/1222947929.PDF
002535,林州重机,2024年年度报告,2025-04-09 00:00:00,1223029362,reports_raw/companies/002_sz_main/002535_林州重机/2024/1223029362.pdf,https://static.cninfo.com.cn/finalpage/2025-04-09/1223029362.PDF
002536,飞龙股份,2024年年度报告,2025-03-20 00:00:00,1222846981,reports_raw/companies/002_sz_main/002536_飞龙股份/2024/1222846981.pdf,https://static.cninfo.com.cn/finalpage/2025-03-20/1222846981.PDF
002537,海联金汇,2024年年度报告,2025-04-26 00:00:00,1223332866,reports_raw/companies/002_sz_main/002537_海联金汇/2024/1223332866.pdf,https://static.cninfo.com.cn/finalpage/2025-04-26/1223332866.PDF
002538,司尔特,安徽省司尔特肥业股份有限公司2024年年度报告,2025-05-21 00:00:00,1223606780,reports_raw/companies/002_sz_main/002538_司尔特/2024/1223606780.pdf,https://static.cninfo.com.cn/finalpage/2025-05-21/1223606780.PDF
002539,云图控股,2024年年度报告,2025-03-22 00:00:00,1222868053,reports_raw/companies/002_sz_main/002539_云图控股/2024/1222868053.pdf,https://static.cninfo.com.cn/finalpage/2025-03-22/1222868053.PDF
002541,鸿路钢构,2024年年度报告,2025-04-18 00:00:00,1223127330,reports_raw/companies/002_sz_main/002541_鸿路钢构/2024/1223127330.pdf,https://static.cninfo.com.cn/finalpage/2025-04-18/1223127330.PDF
002542,中化岩土,2024年年度报告,2025-04-29 00:00:00,1223386176,reports_raw/companies/002_sz_main/002542_中化岩土/2024/1223386176.pdf,https://static.cninfo.com.cn/finalpage/2025-04-29/1223386176.PDF
002543,万和电气,2024年年度报告,2025-04-26 00:00:00,1223317619,reports_raw/companies/002_sz_main/002543_万和电气/2024/1223317619.pdf,https://static.cninfo.com.cn/finalpage/2025-04-26/1223317619.PDF
002545,东方铁塔,2024年年度报告,2025-04-28 00:00:00,1223302874,reports_raw/companies/002_sz_main/002545_东方铁塔/2024/1223302874.pdf,https://static.cninfo.com.cn/finalpage/2025-04-28/1223302874.PDF
002546,新联电子,2024年年度报告,2025-03-29 00:00:00,1222942443,reports_raw/companies/002_sz_main/002546_新联电子/2024/1222942443.pdf,https://static.cninfo.com.cn/finalpage/2025-03-29/1222942443.PDF
002548,金新农,2024年年度报告,2025-04-15 00:00:00,1223093006,reports_raw/companies/002_sz_main/002548_金新农/2024/1223093006.pdf,https://static.cninfo.com.cn/finalpage/2025-04-15/1223093006.PDF
002550,千红制药,2024年年度报告,2025-04-19 00:00:00,1223142459,reports_raw/companies/002_sz_main/002550_千红制药/2024/1223142459.pdf,https://static.cninfo.com.cn/finalpage/2025-04-19/1223142459.PDF
002551,尚荣医疗,2024年年度报告,2025-04-29 00:00:00,1223365196,reports_raw/companies/002_sz_main/002551_尚荣医疗/2024/1223365196.pdf,https://static.cninfo.com.cn/finalpage/2025-04-29/1223365196.PDF
002552,宝鼎科技,2024年年度报告,2025-03-29 00:00:00,1222950189,reports_raw/companies/002_sz_main/002552_宝鼎科技/2024/1222950189.pdf,https://static.cninfo.com.cn/finalpage/2025-03-29/1222950189.PDF
002554,惠博普,2024年年度报告,2025-04-29 00:00:00,1223360796,reports_raw/companies/002_sz_main/002554_惠博普/2024/1223360796.pdf,https://static.cninfo.com.cn/finalpage/2025-04-29/1223360796.PDF
002555,三七互娱,2024年年度报告,2025-04-19 00:00:00,1223144140,reports_raw/companies/002_sz_main/002555_三七互娱/2024/1223144140.pdf,https://static.cninfo.com.cn/finalpage/2025-04-19/1223144140.PDF
002556,辉隆股份,2024年年度报告,2025-04-17 00:00:00,1223111192,reports_raw/companies/002_sz_main/002556_辉隆股份/2024/1223111192.pdf,https://static.cninfo.com.cn/finalpage/2025-04-17/1223111192.PDF
002559,亚威股份,2024年年度报告,2025-04-28 00:00:00,1223303808,reports_raw/companies/002_sz_main/002559_亚威股份/2024/1223303808.pdf,https://static.cninfo.com.cn/finalpage/2025-04-28/1223303808.PDF
002561,徐家汇,2024年年度报告,2025-03-29 00:00:00,1222943525,reports_raw/companies/002_sz_main/002561_徐家汇/2024/1222943525.pdf,https://static.cninfo.com.cn/finalpage/2025-03-29/1222943525.PDF
002565,顺灏股份,2024年年度报告,2025-04-29 00:00:00,1223380524,reports_raw/companies/002_sz_main/002565_顺灏股份/2024/1223380524.pdf,https://static.cninfo.com.cn/finalpage/2025-04-29/1223380524.PDF
002566,益盛药业,2024年年度报告,2025-04-18 00:00:00,1223120990,reports_raw/companies/002_sz_main/002566_益盛药业/2024/1223120990.pdf,https://static.cninfo.com.cn/finalpage/2025-04-18/1223120990.PDF
002567,唐人神,2024年年度报告,2025-04-29 00:00:00,1223377105,reports_raw/companies/002_sz_main/002567_唐人神/2024/1223377105.pdf,https://static.cninfo.com.cn/finalpage/2025-04-29/1223377105.PDF
002568,百润股份,2024年年度报告,2025-04-29 00:00:00,1223367524,reports_raw/companies/002_sz_main/002568_百润股份/2024/1223367524.pdf,https://static.cninfo.com.cn/finalpage/2025-04-29/1223367524.PDF
002570,贝因美,2024年年度报告,2025-04-29 00:00:00,1223388219,reports_raw/companies/002_sz_main/002570_贝因美/2024/1223388219.pdf,https://static.cninfo.com.cn/finalpage/2025-04-29/1223388219.PDF
002571,德力股份,2024年年度报告,2025-04-18 00:00:00,1223123367,reports_raw/companies/002_sz_main/002571_德力股份/2024/1223123367.pdf,https://static.cninfo.com.cn/finalpage/2025-04-18/1223123367.PDF
002572,索菲亚,2024年年度报告,2025-04-29 00:00:00,1223367847,reports_raw/companies/002_sz_main/002572_索菲亚/2024/1223367847.pdf,https://static.cninfo.com.cn/finalpage/2025-04-29/1223367847.PDF
002573,清新环境,2024年年度报告,2025-04-18 00:00:00,1223128039,reports_raw/companies/002_sz_main/002573_清新环境/2024/1223128039.pdf,https://static.cninfo.com.cn/finalpage/2025-04-18/1223128039.PDF
002574,明牌珠宝,2024年年度报告,2025-04-26 00:00:00,1223317285,reports_raw/companies/002_sz_main/002574_明牌珠宝/2024/1223317285.pdf,https://static.cninfo.com.cn/finalpage/2025-04-26/1223317285.PDF
002575,群兴玩具,2024年年度报告,2025-04-29 00:00:00,1223364186,reports_raw/companies/002_sz_main/002575_群兴玩具/2024/1223364186.pdf,https://static.cninfo.com.cn/finalpage/2025-04-29/1223364186.PDF
002577,雷柏科技,2024年年度报告,2025-04-02 00:00:00,1222984304,reports_raw/companies/002_sz_main/002577_雷柏科技/2024/1222984304.pdf,https://static.cninfo.com.cn/finalpage/2025-04-02/1222984304.PDF
002578,闽发铝业,2024年年度报告,2025-04-03 00:00:00,1222991382,reports_raw/companies/002_sz_main/002578_闽发铝业/2024/1222991382.pdf,https://static.cninfo.com.cn/finalpage/2025-04-03/1222991382.PDF
002583,海能达,2024年年度报告,2025-04-29 00:00:00,1223378490,reports_raw/companies/002_sz_main/002583_海能达/2024/1223378490.pdf,https://static.cninfo.com.cn/finalpage/2025-04-29/1223378490.PDF
002584,西陇科学,2024年年度报告,2025-04-26 00:00:00,1223321095,reports_raw/companies/002_sz_main/002584_西陇科学/2024/1223321095.pdf,https://static.cninfo.com.cn/finalpage/2025-04-26/1223321095.PDF
002586,*ST围海,2024年年度报告,2025-04-29 00:00:00,1223362887,reports_raw/companies/002_sz_main/002586_ST围海/2024/1223362887.pdf,https://static.cninfo.com.cn/finalpage/2025-04-29/1223362887.PDF
002587,奥拓电子,2024年年度报告,2025-04-29 00:00:00,1223356550,reports_raw/companies/002_sz_main/002587_奥拓电子/2024/1223356550.pdf,https://static.cninfo.com.cn/finalpage/2025-04-29/1223356550.PDF
002588,史丹利,2024年年度报告,2025-04-18 00:00:00,1223122753,reports_raw/companies/002_sz_main/002588_史丹利/2024/1223122753.pdf,https://static.cninfo.com.cn/finalpage/2025-04-18/1223122753.PDF
002590,万安科技,2024年年度报告,2025-04-11 00:00:00,1223056461,reports_raw/companies/002_sz_main/002590_万安科技/2024/1223056461.pdf,https://static.cninfo.com.cn/finalpage/2025-04-11/1223056461.PDF
002591,恒大高新,2024年年度报告,2025-04-28 00:00:00,1223307146,reports_raw/companies/002_sz_main/002591_恒大高新/2024/1223307146.pdf,https://static.cninfo.com.cn/finalpage/2025-04-28/1223307146.PDF
002592,ST八菱,2024年年度报告,2025-03-27 00:00:00,1222911122,reports_raw/companies/002_sz_main/002592_ST八菱/2024/1222911122.pdf,https://static.cninfo.com.cn/finalpage/2025-03-27/1222911122.PDF
002593,日上集团,2024年年度报告,2025-04-15 00:00:00,1223093551,reports_raw/companies/002_sz_main/002593_日上集团/2024/1223093551.pdf,https://static.cninfo.com.cn/finalpage/2025-04-15/1223093551.PDF
002594,比亚迪,2024年年度报告,2025-03-25 00:00:00,1222881496,reports_raw/companies/002_sz_main/002594_比亚迪/2024/1222881496.pdf,https://static.cninfo.com.cn/finalpage/2025-03-25/1222881496.PDF
002595,豪迈科技,2024年年度报告,2025-03-18 00:00:00,1222823238,reports_raw/companies/002_sz_main/002595_豪迈科技/2024/1222823238.pdf,https://static.cninfo.com.cn/finalpage/2025-03-18/1222823238.PDF
002596,海南瑞泽,2024年年度报告,2025-04-19 00:00:00,1223151570,reports_raw/companies/002_sz_main/002596_海南瑞泽/2024/1223151570.pdf,https://static.cninfo.com.cn/finalpage/2025-04-19/1223151570.PDF
002597,金禾实业,2024年年度报告,2025-04-18 00:00:00,1223125114,reports_raw/companies/002_sz_main/002597_金禾实业/2024/1223125114.pdf,https://static.cninfo.com.cn/finalpage/2025-04-18/1223125114.PDF
002598,山东章鼓,2024年年度报告,2025-04-29 00:00:00,1223373510,reports_raw/companies/002_sz_main/002598_山东章鼓/2024/1223373510.pdf,https://static.cninfo.com.cn/finalpage/2025-04-29/1223373510.PDF
002600,领益智造,2024年年度报告,2025-03-29 00:00:00,1222947139,reports_raw/companies/002_sz_main/002600_领益智造/2024/1222947139.pdf,https://static.cninfo.com.cn/finalpage/2025-03-29/1222947139.PDF
002602,ST华通,2024年年度报告,2025-04-29 00:00:00,1223382771,reports_raw/companies/002_sz_main/002602_ST华通/2024/1223382771.pdf,https://static.cninfo.com.cn/finalpage/2025-04-29/1223382771.PDF
002603,以岭药业,2024年年度报告,2025-04-29 00:00:00,1223376453,reports_raw/companies/002_sz_main/002603_以岭药业/2024/1223376453.pdf,https://static.cninfo.com.cn/finalpage/2025-04-29/1223376453.PDF
002607,中公教育,2024年年度报告,2025-04-26 00:00:00,1223325491,reports_raw/companies/002_sz_main/002607_中公教育/2024/1223325491.pdf,https://static.cninfo.com.cn/finalpage/2025-04-26/1223325491.PDF
002609,捷顺科技,2024年年度报告,2025-04-26 00:00:00,1223318817,reports_raw/companies/002_sz_main/002609_捷顺科技/2024/1223318817.pdf,https://static.cninfo.com.cn/finalpage/2025-04-26/1223318817.PDF
002611,东方精工,2024年年度报告(英文版),2025-03-28 00:00:00,1222923416,reports_raw/companies/002_sz_main/002611_东方精工/2024/1222923416.pdf,https://static.cninfo.com.cn/finalpage/2025-03-28/1222923416.pdf
002612,朗姿股份,2024年年度报告,2025-04-03 00:00:00,1222990298,reports_raw/companies/002_sz_main/002612_朗姿股份/2024/1222990298.pdf,https://static.cninfo.com.cn/finalpage/2025-04-03/1222990298.PDF
002613,北玻股份,2024年年度报告,2025-04-26 00:00:00,1223318276,reports_raw/companies/002_sz_main/002613_北玻股份/2024/1223318276.pdf,https://static.cninfo.com.cn/finalpage/2025-04-26/1223318276.PDF
002614,奥佳华,2024年年度报告,2025-04-29 00:00:00,1223375575,reports_raw/companies/002_sz_main/002614_奥佳华/2024/1223375575.pdf,https://static.cninfo.com.cn/finalpage/2025-04-29/1223375575.PDF
002620,瑞和股份,2024年年度报告,2025-04-29 00:00:00,1223380973,reports_raw/companies/002_sz_main/002620_瑞和股份/2024/1223380973.pdf,https://static.cninfo.com.cn/finalpage/2025-04-29/1223380973.PDF
002622,皓宸医疗,2024年年度报告,2025-04-26 00:00:00,1223331946,reports_raw/companies/002_sz_main/002622_皓宸医疗/2024/1223331946.pdf,https://static.cninfo.com.cn/finalpage/2025-04-26/1223331946.PDF
002623,亚玛顿,2024年年度报告,2025-04-28 00:00:00,1223320112,reports_raw/companies/002_sz_main/002623_亚玛顿/2024/1223320112.pdf,https://static.cninfo.com.cn/finalpage/2025-04-28/1223320112.PDF
002626,金达威,2024年年度报告,2025-04-10 00:00:00,1223042763,reports_raw/companies/002_sz_main/002626_金达威/2024/1223042763.pdf,https://static.cninfo.com.cn/finalpage/2025-04-10/1223042763.PDF
002628,成都路桥,2024年年度报告,2025-04-10 00:00:00,1223045966,reports_raw/companies/002_sz_main/002628_成都路桥/2024/1223045966.pdf,https://static.cninfo.com.cn/finalpage/2025-04-10/1223045966.pdf
002630,华西能源,2024年年度报告,2025-04-29 00:00:00,1223390855,reports_raw/companies/002_sz_main/002630_华西能源/2024/1223390855.pdf,https://static.cninfo.com.cn/finalpage/2025-04-29/1223390855.PDF
002631,德尔未来,2024年年度报告,2025-04-19 00:00:00,1223151446,reports_raw/companies/002_sz_main/002631_德尔未来/2024/1223151446.pdf,https://static.cninfo.com.cn/finalpage/2025-04-19/1223151446.PDF
002633,申科股份,2024年年度报告,2025-04-18 00:00:00,1223130843,reports_raw/companies/002_sz_main/002633_申科股份/2024/1223130843.pdf,https://static.cninfo.com.cn/finalpage/2025-04-18/1223130843.PDF
002634,棒杰股份,2024年年度报告,2025-04-26 00:00:00,1223320330,reports_raw/companies/002_sz_main/002634_棒杰股份/2024/1223320330.pdf,https://static.cninfo.com.cn/finalpage/2025-04-26/1223320330.PDF
002635,安洁科技,2024年年度报告,2025-03-28 00:00:00,1222928147,reports_raw/companies/002_sz_main/002635_安洁科技/2024/1222928147.pdf,https://static.cninfo.com.cn/finalpage/2025-03-28/1222928147.PDF
002636,金安国纪,2024年年度报告,2025-04-29 00:00:00,1223375784,reports_raw/companies/002_sz_main/002636_金安国纪/2024/1223375784.pdf,https://static.cninfo.com.cn/finalpage/2025-04-29/1223375784.PDF
002640,跨境通,2024年年度报告,2025-03-29 00:00:00,1222942844,reports_raw/companies/002_sz_main/002640_跨境通/2024/1222942844.pdf,https://static.cninfo.com.cn/finalpage/2025-03-29/1222942844.PDF
002642,荣联科技,2024年年度报告,2025-04-02 00:00:00,1222985038,reports_raw/companies/002_sz_main/002642_荣联科技/2024/1222985038.pdf,https://static.cninfo.com.cn/finalpage/2025-04-02/1222985038.PDF
002647,*ST仁东,2024年年度报告,2025-04-29 00:00:00,1223385008,reports_raw/companies/002_sz_main/002647_ST仁东/2024/1223385008.pdf,https://static.cninfo.com.cn/finalpage/2025-04-29/1223385008.PDF
002648,卫星化学,2024年年度报告,2025-03-25 00:00:00,1222880198,reports_raw/companies/002_sz_main/002648_卫星化学/2024/1222880198.pdf,https://static.cninfo.com.cn/finalpage/2025-03-25/1222880198.PDF
002650,ST加加,2024年年度报告,2025-04-29 00:00:00,1223379072,reports_raw/companies/002_sz_main/002650_ST加加/2024/1223379072.pdf,https://static.cninfo.com.cn/finalpage/2025-04-29/1223379072.PDF
002652,扬子新材,2024年年度报告,2025-04-09 00:00:00,1223030484,reports_raw/companies/002_sz_main/002652_扬子新材/2024/1223030484.pdf,https://static.cninfo.com.cn/finalpage/2025-04-09/1223030484.PDF
002653,海思科,2024年年度报告,2025-04-12 00:00:00,1223068553,reports_raw/companies/002_sz_main/002653_海思科/2024/1223068553.pdf,https://static.cninfo.com.cn/finalpage/2025-04-12/1223068553.PDF
002655,共达电声,2024年年度报告,2025-04-03 00:00:00,1222992048,reports_raw/companies/002_sz_main/002655_共达电声/2024/1222992048.pdf,https://static.cninfo.com.cn/finalpage/2025-04-03/1222992048.PDF
002656,ST摩登,2024年年度报告,2025-04-28 00:00:00,1223326997,reports_raw/companies/002_sz_main/002656_ST摩登/2024/1223326997.pdf,https://static.cninfo.com.cn/finalpage/2025-04-28/1223326997.PDF
002658,雪迪龙,2024年年度报告,2025-03-28 00:00:00,1222925910,reports_raw/companies/002_sz_main/002658_雪迪龙/2024/1222925910.pdf,https://static.cninfo.com.cn/finalpage/2025-03-28/1222925910.PDF
002660,茂硕电源,2024年年度报告,2025-03-28 00:00:00,1222924084,reports_raw/companies/002_sz_main/002660_茂硕电源/2024/1222924084.pdf,https://static.cninfo.com.cn/finalpage/2025-03-28/1222924084.PDF
002661,克明食品,2024年年度报告,2025-03-22 00:00:00,1222867792,reports_raw/companies/002_sz_main/002661_克明食品/2024/1222867792.pdf,https://static.cninfo.com.cn/finalpage/2025-03-22/1222867792.PDF
002662,京威股份,2024年年度报告,2025-03-29 00:00:00,1222942016,reports_raw/companies/002_sz_main/002662_京威股份/2024/1222942016.pdf,https://static.cninfo.com.cn/finalpage/2025-03-29/1222942016.PDF
002663,普邦股份,2024年年度报告,2025-04-16 00:00:00,1223100602,reports_raw/companies/002_sz_main/002663_普邦股份/2024/1223100602.pdf,https://static.cninfo.com.cn/finalpage/2025-04-16/1223100602.PDF
002664,信质集团,2024年年度报告,2025-04-18 00:00:00,1223126826,reports_raw/companies/002_sz_main/002664_信质集团/2024/1223126826.pdf,https://static.cninfo.com.cn/finalpage/2025-04-18/1223126826.PDF
002667,威领股份,2024年年度报告,2025-04-30 00:00:00,1223412801,reports_raw/companies/002_sz_main/002667_威领股份/2024/1223412801.pdf,https://static.cninfo.com.cn/finalpage/2025-04-30/1223412801.PDF
002668,TCL智家,2024年年度报告,2025-03-08 00:00:00,1222743875,reports_raw/companies/002_sz_main/002668_TCL智家/2024/1222743875.pdf,https://static.cninfo.com.cn/finalpage/2025-03-08/1222743875.PDF
002671,龙泉股份,2024年年度报告,2025-03-29 00:00:00,1222943607,reports_raw/companies/002_sz_main/002671_龙泉股份/2024/1222943607.pdf,https://static.cninfo.com.cn/finalpage/2025-03-29/1222943607.PDF
002672,东江环保,2024年年度报告,2025-03-29 00:00:00,1222950262,reports_raw/companies/002_sz_main/002672_东江环保/2024/1222950262.pdf,https://static.cninfo.com.cn/finalpage/2025-03-29/1222950262.PDF
002674,兴业科技,2024年年度报告,2025-04-26 00:00:00,1223321103,reports_raw/companies/002_sz_main/002674_兴业科技/2024/1223321103.pdf,https://static.cninfo.com.cn/finalpage/2025-04-26/1223321103.PDF
002676,顺威股份,2024年年度报告,2025-04-15 00:00:00,1223092879,reports_raw/companies/002_sz_main/002676_顺威股份/2024/1223092879.pdf,https://static.cninfo.com.cn/finalpage/2025-04-15/1223092879.PDF
002677,浙江美大,2024年年度报告,2025-04-26 00:00:00,1223331935,reports_raw/companies/002_sz_main/002677_浙江美大/2024/1223331935.pdf,https://static.cninfo.com.cn/finalpage/2025-04-26/1223331935.PDF
002678,珠江钢琴,2024年年度报告,2025-03-28 00:00:00,1222928245,reports_raw/companies/002_sz_main/002678_珠江钢琴/2024/1222928245.pdf,https://static.cninfo.com.cn/finalpage/2025-03-28/1222928245.PDF
002683,广东宏大,2024年年度报告,2025-03-28 00:00:00,1222924519,reports_raw/companies/002_sz_main/002683_广东宏大/2024/1222924519.pdf,https://static.cninfo.com.cn/finalpage/2025-03-28/1222924519.PDF
002685,华东重机,2024年年度报告,2025-04-11 00:00:00,1223055101,reports_raw/companies/002_sz_main/002685_华东重机/2024/1223055101.pdf,https://static.cninfo.com.cn/finalpage/2025-04-11/1223055101.PDF
002687,乔治白,2024年年度报告,2025-04-07 00:00:00,1223005762,reports_raw/companies/002_sz_main/002687_乔治白/2024/1223005762.pdf,https://static.cninfo.com.cn/finalpage/2025-04-07/1223005762.PDF
002689,远大智能,2024年年度报告,2025-04-26 00:00:00,1223323609,reports_raw/companies/002_sz_main/002689_远大智能/2024/1223323609.pdf,https://static.cninfo.com.cn/finalpage/2025-04-26/1223323609.PDF
002690,美亚光电,2024年年度报告,2025-03-28 00:00:00,1222922411,reports_raw/companies/002_sz_main/002690_美亚光电/2024/1222922411.pdf,https://static.cninfo.com.cn/finalpage/2025-03-28/1222922411.PDF
002691,冀凯股份,2024年年度报告,2025-04-19 00:00:00,1223151262,reports_raw/companies/002_sz_main/002691_冀凯股份/2024/1223151262.pdf,https://static.cninfo.com.cn/finalpage/2025-04-19/1223151262.PDF
002692,远程股份,2024年年度报告,2025-03-13 00:00:00,1222778187,reports_raw/companies/002_sz_main/002692_远程股份/2024/1222778187.pdf,https://static.cninfo.com.cn/finalpage/2025-03-13/1222778187.PDF
002693,双成药业,2024年年度报告,2025-04-29 00:00:00,1223384561,reports_raw/companies/002_sz_main/002693_双成药业/2024/1223384561.pdf,https://static.cninfo.com.cn/finalpage/2025-04-29/1223384561.PDF
002694,顾地科技,2024年年度报告,2025-04-29 00:00:00,1223382562,reports_raw/companies/002_sz_main/002694_顾地科技/2024/1223382562.pdf,https://static.cninfo.com.cn/finalpage/2025-04-29/1223382562.PDF
002695,煌上煌,2024年年度报告,2025-04-12 00:00:00,1223068321,reports_raw/companies/002_sz_main/002695_煌上煌/2024/1223068321.pdf,https://static.cninfo.com.cn/finalpage/2025-04-12/1223068321.PDF
002697,红旗连锁,2024年年度报告,2025-04-19 00:00:00,1223142268,reports_raw/companies/002_sz_main/002697_红旗连锁/2024/1223142268.pdf,https://static.cninfo.com.cn/finalpage/2025-04-19/1223142268.PDF
002701,奥瑞金,2024年年度报告,2025-04-29 00:00:00,1223368522,reports_raw/companies/002_sz_main/002701_奥瑞金/2024/1223368522.pdf,https://static.cninfo.com.cn/finalpage/2025-04-29/1223368522.PDF
002703,浙江世宝,2024年年度报告,2025-03-31 00:00:00,1222947145,reports_raw/companies/002_sz_main/002703_浙江世宝/2024/1222947145.pdf,https://static.cninfo.com.cn/finalpage/2025-03-31/1222947145.PDF
002705,新宝股份,2024年年度报告,2025-04-29 00:00:00,1223364890,reports_raw/companies/002_sz_main/002705_新宝股份/2024/1223364890.pdf,https://static.cninfo.com.cn/finalpage/2025-04-29/1223364890.PDF
002706,良信股份,2024年年度报告,2025-03-29 00:00:00,1222943174,reports_raw/companies/002_sz_main/002706_良信股份/2024/1222943174.pdf,https://static.cninfo.com.cn/finalpage/2025-03-29/1222943174.PDF
002707,众信旅游,2024年年度报告,2025-04-29 00:00:00,1223361712,reports_raw/companies/002_sz_main/002707_众信旅游/2024/1223361712.pdf,https://static.cninfo.com.cn/finalpage/2025-04-29/1223361712.PDF
002709,天赐材料,2024年年度报告,2025-04-15 00:00:00,1223095035,reports_raw/companies/002_sz_main/002709_天赐材料/2024/1223095035.pdf,https://static.cninfo.com.cn/finalpage/2025-04-15/1223095035.PDF
002712,思美传媒,2024年年度报告,2025-04-19 00:00:00,1223147215,reports_raw/companies/002_sz_main/002712_思美传媒/2024/1223147215.pdf,https://static.cninfo.com.cn/finalpage/2025-04-19/1223147215.PDF
002713,东易日盛,2024年年度报告,2025-04-29 00:00:00,1223389081,reports_raw/companies/002_sz_main/002713_东易日盛/2024/1223389081.pdf,https://static.cninfo.com.cn/finalpage/2025-04-29/1223389081.PDF
002714,牧原股份,2024年年度报告,2025-03-20 00:00:00,1222845025,reports_raw/companies/002_sz_main/002714_牧原股份/2024/1222845025.pdf,https://static.cninfo.com.cn/finalpage/2025-03-20/1222845025.PDF
002715,登云股份,2024年年度报告,2025-03-28 00:00:00,1222927991,reports_raw/companies/002_sz_main/002715_登云股份/2024/1222927991.pdf,https://static.cninfo.com.cn/finalpage/2025-03-28/1222927991.PDF
002716,湖南白银,2024年年度报告,2025-04-10 00:00:00,1223053146,reports_raw/companies/002_sz_main/002716_湖南白银/2024/1223053146.pdf,https://static.cninfo.com.cn/finalpage/2025-04-10/1223053146.pdf
002717,岭南股份,2024年年度报告,2025-04-29 00:00:00,1223389375,reports_raw/companies/002_sz_main/002717_岭南股份/2024/1223389375.pdf,https://static.cninfo.com.cn/finalpage/2025-04-29/1223389375.PDF
002721,ST金一,2024年年度报告,2025-04-29 00:00:00,1223382003,reports_raw/companies/002_sz_main/002721_ST金一/2024/1223382003.pdf,https://static.cninfo.com.cn/finalpage/2025-04-29/1223382003.PDF
002723,小崧股份,2024年年度报告,2025-03-31 00:00:00,1222950000,reports_raw/companies/002_sz_main/002723_小崧股份/2024/1222950000.pdf,https://static.cninfo.com.cn/finalpage/2025-03-31/1222950000.PDF
002724,海洋王,2024年年度报告,2025-04-29 00:00:00,1223373806,reports_raw/companies/002_sz_main/002724_海洋王/2024/1223373806.pdf,https://static.cninfo.com.cn/finalpage/2025-04-29/1223373806.PDF
002727,一心堂,2024年年度报告,2025-04-28 00:00:00,1223303832,reports_raw/companies/002_sz_main/002727_一心堂/2024/1223303832.pdf,https://static.cninfo.com.cn/finalpage/2025-04-28/1223303832.PDF
002732,燕塘乳业,2024年年度报告,2025-03-31 00:00:00,1222939307,reports_raw/companies/002_sz_main/002732_燕塘乳业/2024/1222939307.pdf,https://static.cninfo.com.cn/finalpage/2025-03-31/1222939307.PDF
002733,雄韬股份,2024年年度报告,2025-04-29 00:00:00,1223370636,reports_raw/companies/002_sz_main/002733_雄韬股份/2024/1223370636.pdf,https://static.cninfo.com.cn/finalpage/2025-04-29/1223370636.PDF
002734,利民股份,2024年年度报告,2025-04-18 00:00:00,1223126979,reports_raw/companies/002_sz_main/002734_利民股份/2024/1223126979.pdf,https://static.cninfo.com.cn/finalpage/2025-04-18/1223126979.PDF
002735,王子新材,2024年年度报告,2025-03-29 00:00:00,1222946874,reports_raw/companies/002_sz_main/002735_王子新材/2024/1222946874.pdf,https://static.cninfo.com.cn/finalpage/2025-03-29/1222946874.PDF
002736,国信证券,2024年年度报告,2025-04-19 00:00:00,1223150227,reports_raw/companies/002_sz_main/002736_国信证券/2024/1223150227.pdf,https://static.cninfo.com.cn/finalpage/2025-04-19/1223150227.PDF
002738,中矿资源,中矿资源集团股份有限公司2024年年度报告（更新后）,2025-08-02 00:00:00,1224368196,reports_raw/companies/002_sz_main/002738_中矿资源/2024/1224368196.pdf,https://static.cninfo.com.cn/finalpage/2025-08-02/1224368196.PDF
002739,万达电影,2024年年度报告,2025-04-29 00:00:00,1223382296,reports_raw/companies/002_sz_main/002739_万达电影/2024/1223382296.pdf,https://static.cninfo.com.cn/finalpage/2025-04-29/1223382296.PDF
002742,ST三圣,2024年年度报告,2025-04-26 00:00:00,1223320461,reports_raw/companies/002_sz_main/002742_ST三圣/2024/1223320461.pdf,https://static.cninfo.com.cn/finalpage/2025-04-26/1223320461.PDF
002747,埃斯顿,2024年年度报告,2025-04-29 00:00:00,1223370517,reports_raw/companies/002_sz_main/002747_埃斯顿/2024/1223370517.pdf,https://static.cninfo.com.cn/finalpage/2025-04-29/1223370517.PDF
002748,ST世龙,2024年年度报告,2025-04-26 00:00:00,1223332019,reports_raw/companies/002_sz_main/002748_ST世龙/2024/1223332019.pdf,https://static.cninfo.com.cn/finalpage/2025-04-26/1223332019.PDF
002749,国光股份,2024年年度报告,2025-03-27 00:00:00,1222910731,reports_raw/companies/002_sz_main/002749_国光股份/2024/1222910731.pdf,https://static.cninfo.com.cn/finalpage/2025-03-27/1222910731.PDF
002752,昇兴股份,2024年年度报告,2025-04-29 00:00:00,1223365749,reports_raw/companies/002_sz_main/002752_昇兴股份/2024/1223365749.pdf,https://static.cninfo.com.cn/finalpage/2025-04-29/1223365749.PDF
002753,永东股份,2024年年度报告,2025-04-26 00:00:00,1223318843,reports_raw/companies/002_sz_main/002753_永东股份/2024/1223318843.pdf,https://static.cninfo.com.cn/finalpage/2025-04-26/1223318843.PDF
002755,奥赛康,2024年年度报告,2025-04-28 00:00:00,1223303478,reports_raw/companies/002_sz_main/002755_奥赛康/2024/1223303478.pdf,https://static.cninfo.com.cn/finalpage/2025-04-28/1223303478.PDF
002756,永兴材料,2024年年度报告,2025-03-25 00:00:00,1222881556,reports_raw/companies/002_sz_main/002756_永兴材料/2024/1222881556.pdf,https://static.cninfo.com.cn/finalpage/2025-03-25/1222881556.PDF
002757,南兴股份,2024年年度报告,2025-04-19 00:00:00,1223147381,reports_raw/companies/002_sz_main/002757_南兴股份/2024/1223147381.pdf,https://static.cninfo.com.cn/finalpage/2025-04-19/1223147381.PDF
002758,浙农股份,2024年年度报告,2025-04-26 00:00:00,1223323261,reports_raw/companies/002_sz_main/002758_浙农股份/2024/1223323261.pdf,https://static.cninfo.com.cn/finalpage/2025-04-26/1223323261.PDF
002760,凤形股份,2024年年度报告,2025-03-20 00:00:00,1222846267,reports_raw/companies/002_sz_main/002760_凤形股份/2024/1222846267.pdf,https://static.cninfo.com.cn/finalpage/2025-03-20/1222846267.PDF
002761,浙江建投,2024年年度报告,2025-04-29 00:00:00,1223388002,reports_raw/companies/002_sz_main/002761_浙江建投/2024/1223388002.pdf,https://static.cninfo.com.cn/finalpage/2025-04-29/1223388002.PDF
002765,蓝黛科技,2024年年度报告,2025-03-28 00:00:00,1222923649,reports_raw/companies/002_sz_main/002765_蓝黛科技/2024/1222923649.pdf,https://static.cninfo.com.cn/finalpage/2025-03-28/1222923649.PDF
002766,索菱股份,2024年年度报告,2025-03-20 00:00:00,1222847275,reports_raw/companies/002_sz_main/002766_索菱股份/2024/1222847275.pdf,https://static.cninfo.com.cn/finalpage/2025-03-20/1222847275.PDF
002768,国恩股份,2024年年度报告,2025-04-28 00:00:00,1223319157,reports_raw/companies/002_sz_main/002768_国恩股份/2024/1223319157.pdf,https://static.cninfo.com.cn/finalpage/2025-04-28/1223319157.PDF
002769,普路通,2024年年度报告,2025-04-28 00:00:00,1223326344,reports_raw/companies/002_sz_main/002769_普路通/2024/1223326344.pdf,https://static.cninfo.com.cn/finalpage/2025-04-28/1223326344.PDF
002772,众兴菌业,2024年年度报告,2025-03-22 00:00:00,1222867147,reports_raw/companies/002_sz_main/002772_众兴菌业/2024/1222867147.pdf,https://static.cninfo.com.cn/finalpage/2025-03-22/1222867147.PDF
002773,康弘药业,2024年年度报告,2025-04-26 00:00:00,1223332317,reports_raw/companies/002_sz_main/002773_康弘药业/2024/1223332317.pdf,https://static.cninfo.com.cn/finalpage/2025-04-26/1223332317.PDF
002774,快意电梯,2024年年度报告,2025-03-26 00:00:00,1222893942,reports_raw/companies/002_sz_main/002774_快意电梯/2024/1222893942.pdf,https://static.cninfo.com.cn/finalpage/2025-03-26/1222893942.PDF
002775,文科股份,2024年年度报告,2025-04-26 00:00:00,1223328336,reports_raw/companies/002_sz_main/002775_文科股份/2024/1223328336.pdf,https://static.cninfo.com.cn/finalpage/2025-04-26/1223328336.PDF
002777,久远银海,2024年年度报告,2025-03-24 00:00:00,1222866570,reports_raw/companies/002_sz_main/002777_久远银海/2024/1222866570.pdf,https://static.cninfo.com.cn/finalpage/2025-03-24/1222866570.PDF
002782,可立克,2024年年度报告,2025-04-10 00:00:00,1223045804,reports_raw/companies/002_sz_main/002782_可立克/2024/1223045804.pdf,https://static.cninfo.com.cn/finalpage/2025-04-10/1223045804.PDF
002786,银宝山新,2024年年度报告,2025-04-29 00:00:00,1223382867,reports_raw/companies/002_sz_main/002786_银宝山新/2024/1223382867.pdf,https://static.cninfo.com.cn/finalpage/2025-04-29/1223382867.pdf
002787,华源控股,2024年年度报告,2025-04-02 00:00:00,1222984080,reports_raw/companies/002_sz_main/002787_华源控股/2024/1222984080.pdf,https://static.cninfo.com.cn/finalpage/2025-04-02/1222984080.PDF
002791,坚朗五金,2024年年度报告,2025-03-28 00:00:00,1222927657,reports_raw/companies/002_sz_main/002791_坚朗五金/2024/1222927657.pdf,https://static.cninfo.com.cn/finalpage/2025-03-28/1222927657.PDF
002792,通宇通讯,2024年年度报告,2025-04-26 00:00:00,1223331293,reports_raw/companies/002_sz_main/002792_通宇通讯/2024/1223331293.pdf,https://static.cninfo.com.cn/finalpage/2025-04-26/1223331293.pdf
002795,永和智控,2024年年度报告,2025-04-29 00:00:00,1223383675,reports_raw/companies/002_sz_main/002795_永和智控/2024/1223383675.pdf,https://static.cninfo.com.cn/finalpage/2025-04-29/1223383675.PDF
002798,帝欧家居,2024年年度报告,2025-04-26 00:00:00,1223332843,reports_raw/companies/002_sz_main/002798_帝欧家居/2024/1223332843.pdf,https://static.cninfo.com.cn/finalpage/2025-04-26/1223332843.PDF
002800,天顺股份,2024年年度报告,2025-04-18 00:00:00,1223124522,reports_raw/companies/002_sz_main/002800_天顺股份/2024/1223124522.pdf,https://static.cninfo.com.cn/finalpage/2025-04-18/1223124522.PDF
002801,微光股份,2024年年度报告,2025-03-28 00:00:00,1222922544,reports_raw/companies/002_sz_main/002801_微光股份/2024/1222922544.pdf,https://static.cninfo.com.cn/finalpage/2025-03-28/1222922544.PDF
002802,洪汇新材,2024年年度报告,2025-04-28 00:00:00,1223301576,reports_raw/companies/002_sz_main/002802_洪汇新材/2024/1223301576.pdf,https://static.cninfo.com.cn/finalpage/2025-04-28/1223301576.PDF
002803,吉宏股份,2024年年度报告,2025-04-02 00:00:00,1222983627,reports_raw/companies/002_sz_main/002803_吉宏股份/2024/1222983627.pdf,https://static.cninfo.com.cn/finalpage/2025-04-02/1222983627.PDF
002805,丰元股份,2024年年度报告,2025-04-29 00:00:00,1223364421,reports_raw/companies/002_sz_main/002805_丰元股份/2024/1223364421.pdf,https://static.cninfo.com.cn/finalpage/2025-04-29/1223364421.PDF
002806,华锋股份,2024年年度报告,2025-04-29 00:00:00,1223366389,reports_raw/companies/002_sz_main/002806_华锋股份/2024/1223366389.pdf,https://static.cninfo.com.cn/finalpage/2025-04-29/1223366389.PDF
002807,江阴银行,2024年年度报告,2025-03-29 00:00:00,1222944062,reports_raw/companies/002_sz_main/002807_江阴银行/2024/1222944062.pdf,https://static.cninfo.com.cn/finalpage/2025-03-29/1222944062.PDF
002809,红墙股份,2024年年度报告,2025-04-28 00:00:00,1223308375,reports_raw/companies/002_sz_main/002809_红墙股份/2024/1223308375.pdf,https://static.cninfo.com.cn/finalpage/2025-04-28/1223308375.pdf
002810,山东赫达,2024年年度报告,2025-04-26 00:00:00,1223319309,reports_raw/companies/002_sz_main/002810_山东赫达/2024/1223319309.pdf,https://static.cninfo.com.cn/finalpage/2025-04-26/1223319309.PDF
002813,路畅科技,2024年年度报告,2025-03-25 00:00:00,1222882193,reports_raw/companies/002_sz_main/002813_路畅科技/2024/1222882193.pdf,https://static.cninfo.com.cn/finalpage/2025-03-25/1222882193.PDF
002815,崇达技术,2024年年度报告,2025-04-17 00:00:00,1223109893,reports_raw/companies/002_sz_main/002815_崇达技术/2024/1223109893.pdf,https://static.cninfo.com.cn/finalpage/2025-04-17/1223109893.PDF
002816,和科达,2024年年度报告,2025-04-29 00:00:00,1223379421,reports_raw/companies/002_sz_main/002816_和科达/2024/1223379421.pdf,https://static.cninfo.com.cn/finalpage/2025-04-29/1223379421.PDF
002817,黄山胶囊,2024年年度报告,2025-03-29 00:00:00,1222940308,reports_raw/companies/002_sz_main/002817_黄山胶囊/2024/1222940308.pdf,https://static.cninfo.com.cn/finalpage/2025-03-29/1222940308.PDF
002818,富森美,2024年年度报告,2025-02-28 00:00:00,1222662996,reports_raw/companies/002_sz_main/002818_富森美/2024/1222662996.pdf,https://static.cninfo.com.cn/finalpage/2025-02-28/1222662996.PDF
002819,东方中科,2024年年度报告,2025-04-28 00:00:00,1223328587,reports_raw/companies/002_sz_main/002819_东方中科/2024/1223328587.pdf,https://static.cninfo.com.cn/finalpage/2025-04-28/1223328587.PDF
002820,桂发祥,2024年年度报告,2025-03-29 00:00:00,1222943474,reports_raw/companies/002_sz_main/002820_桂发祥/2024/1222943474.pdf,https://static.cninfo.com.cn/finalpage/2025-03-29/1222943474.PDF
002821,凯莱英,2024年年度报告,2025-03-29 00:00:00,1222941173,reports_raw/companies/002_sz_main/002821_凯莱英/2024/1222941173.pdf,https://static.cninfo.com.cn/finalpage/2025-03-29/1222941173.PDF
002823,凯中精密,2024年年度报告,2025-04-16 00:00:00,1223101339,reports_raw/companies/002_sz_main/002823_凯中精密/2024/1223101339.pdf,https://static.cninfo.com.cn/finalpage/2025-04-16/1223101339.PDF
002827,高争民爆,2024年年度报告,2025-04-10 00:00:00,1223044026,reports_raw/companies/002_sz_main/002827_高争民爆/2024/1223044026.pdf,https://static.cninfo.com.cn/finalpage/2025-04-10/1223044026.PDF
002828,贝肯能源,2024年年度报告,2025-04-18 00:00:00,1223121503,reports_raw/companies/002_sz_main/002828_贝肯能源/2024/1223121503.pdf,https://static.cninfo.com.cn/finalpage/2025-04-18/1223121503.PDF
002829,星网宇达,2024年年度报告,2025-04-28 00:00:00,1223316273,reports_raw/companies/002_sz_main/002829_星网宇达/2024/1223316273.pdf,https://static.cninfo.com.cn/finalpage/2025-04-28/1223316273.PDF
002831,裕同科技,2024年年度报告,2025-04-29 00:00:00,1223358570,reports_raw/companies/002_sz_main/002831_裕同科技/2024/1223358570.pdf,https://static.cninfo.com.cn/finalpage/2025-04-29/1223358570.PDF
002832,比音勒芬,2024年年度报告,2025-04-29 00:00:00,1223374135,reports_raw/companies/002_sz_main/002832_比音勒芬/2024/1223374135.pdf,https://static.cninfo.com.cn/finalpage/2025-04-29/1223374135.PDF
002836,新宏泽,2024年年度报告,2025-04-26 00:00:00,1223332152,reports_raw/companies/002_sz_main/002836_新宏泽/2024/1223332152.pdf,https://static.cninfo.com.cn/finalpage/2025-04-26/1223332152.PDF
002838,道恩股份,2024年年度报告,2025-03-12 00:00:00,1222769023,reports_raw/companies/002_sz_main/002838_道恩股份/2024/1222769023.pdf,https://static.cninfo.com.cn/finalpage/2025-03-12/1222769023.PDF
002839,张家港行,2024年年度报告,2025-03-29 00:00:00,1222945518,reports_raw/companies/002_sz_main/002839_张家港行/2024/1222945518.pdf,https://static.cninfo.com.cn/finalpage/2025-03-29/1222945518.PDF
002842,翔鹭钨业,2024年年度报告,2025-04-29 00:00:00,1223379768,reports_raw/companies/002_sz_main/002842_翔鹭钨业/2024/1223379768.pdf,https://static.cninfo.com.cn/finalpage/2025-04-29/1223379768.PDF
002846,英联股份,2024年年度报告,2025-04-18 00:00:00,1223126245,reports_raw/companies/002_sz_main/002846_英联股份/2024/1223126245.pdf,https://static.cninfo.com.cn/finalpage/2025-04-18/1223126245.PDF
002849,威星智能,2024年年度报告,2025-04-29 00:00:00,1223372435,reports_raw/companies/002_sz_main/002849_威星智能/2024/1223372435.pdf,https://static.cninfo.com.cn/finalpage/2025-04-29/1223372435.PDF
002850,科达利,2024年年度报告,2025-04-18 00:00:00,1223126375,reports_raw/companies/002_sz_main/002850_科达利/2024/1223126375.pdf,https://static.cninfo.com.cn/finalpage/2025-04-18/1223126375.PDF
002851,麦格米特,2024年年度报告,2025-04-29 00:00:00,1223367331,reports_raw/companies/002_sz_main/002851_麦格米特/2024/1223367331.pdf,https://static.cninfo.com.cn/finalpage/2025-04-29/1223367331.PDF
002852,道道全,2024年年度报告,2025-03-19 00:00:00,1222833065,reports_raw/companies/002_sz_main/002852_道道全/2024/1222833065.pdf,https://static.cninfo.com.cn/finalpage/2025-03-19/1222833065.PDF
002853,皮阿诺,2024年年度报告,2025-04-29 00:00:00,1223378924,reports_raw/companies/002_sz_main/002853_皮阿诺/2024/1223378924.pdf,https://static.cninfo.com.cn/finalpage/2025-04-29/1223378924.PDF
002856,美芝股份,2024年年度报告,2025-04-29 00:00:00,1223386265,reports_raw/companies/002_sz_main/002856_美芝股份/2024/1223386265.pdf,https://static.cninfo.com.cn/finalpage/2025-04-29/1223386265.PDF
002857,三晖电气,2024年年度报告,2025-04-16 00:00:00,1223099045,reports_raw/companies/002_sz_main/002857_三晖电气/2024/1223099045.pdf,https://static.cninfo.com.cn/finalpage/2025-04-16/1223099045.PDF
002859,洁美科技,2024年年度报告,2025-04-15 00:00:00,1223095077,reports_raw/companies/002_sz_main/002859_洁美科技/2024/1223095077.pdf,https://static.cninfo.com.cn/finalpage/2025-04-15/1223095077.PDF
002860,星帅尔,2024年年度报告,2025-04-09 00:00:00,1223030932,reports_raw/companies/002_sz_main/002860_星帅尔/2024/1223030932.pdf,https://static.cninfo.com.cn/finalpage/2025-04-09/1223030932.PDF
002862,实丰文化,2024年年度报告,2025-04-15 00:00:00,1223095995,reports_raw/companies/002_sz_main/002862_实丰文化/2024/1223095995.pdf,https://static.cninfo.com.cn/finalpage/2025-04-15/1223095995.PDF
002865,钧达股份,2024年年度报告,2025-03-18 00:00:00,1222822868,reports_raw/companies/002_sz_main/002865_钧达股份/2024/1222822868.pdf,https://static.cninfo.com.cn/finalpage/2025-03-18/1222822868.PDF
002866,传艺科技,2024年年度报告,2025-04-29 00:00:00,1223360319,reports_raw/companies/002_sz_main/002866_传艺科技/2024/1223360319.pdf,https://static.cninfo.com.cn/finalpage/2025-04-29/1223360319.PDF
002867,周大生,2024年年度报告,2025-04-29 00:00:00,1223370726,reports_raw/companies/002_sz_main/002867_周大生/2024/1223370726.pdf,https://static.cninfo.com.cn/finalpage/2025-04-29/1223370726.PDF
002868,绿康生化,2024年年度报告,2025-04-29 00:00:00,1223387263,reports_raw/companies/002_sz_main/002868_绿康生化/2024/1223387263.pdf,https://static.cninfo.com.cn/finalpage/2025-04-29/1223387263.PDF
002870,香山股份,2024年年度报告,2025-03-28 00:00:00,1222925376,reports_raw/companies/002_sz_main/002870_香山股份/2024/1222925376.pdf,https://static.cninfo.com.cn/finalpage/2025-03-28/1222925376.PDF
002872,ST天圣,2024年年度报告,2025-04-29 00:00:00,1223373743,reports_raw/companies/002_sz_main/002872_ST天圣/2024/1223373743.pdf,https://static.cninfo.com.cn/finalpage/2025-04-29/1223373743.PDF
002876,三利谱,2024年年度报告,2025-04-02 00:00:00,1222983888,reports_raw/companies/002_sz_main/002876_三利谱/2024/1222983888.pdf,https://static.cninfo.com.cn/finalpage/2025-04-02/1222983888.PDF
002877,智能自控,2024年年度报告,2025-04-28 00:00:00,1223306082,reports_raw/companies/002_sz_main/002877_智能自控/2024/1223306082.pdf,https://static.cninfo.com.cn/finalpage/2025-04-28/1223306082.PDF
002878,元隆雅图,2024年年度报告,2025-04-29 00:00:00,1223376525,reports_raw/companies/002_sz_main/002878_元隆雅图/2024/1223376525.pdf,https://static.cninfo.com.cn/finalpage/2025-04-29/1223376525.PDF
002879,长缆科技,2024年年度报告,2025-03-18 00:00:00,1222822120,reports_raw/companies/002_sz_main/002879_长缆科技/2024/1222822120.pdf,https://static.cninfo.com.cn/finalpage/2025-03-18/1222822120.PDF
002881,美格智能,2024年年度报告,2025-04-28 00:00:00,1223323479,reports_raw/companies/002_sz_main/002881_美格智能/2024/1223323479.pdf,https://static.cninfo.com.cn/finalpage/2025-04-28/1223323479.PDF
002882,金龙羽,2024年年度报告,2025-04-03 00:00:00,1222990566,reports_raw/companies/002_sz_main/002882_金龙羽/2024/1222990566.pdf,https://static.cninfo.com.cn/finalpage/2025-04-03/1222990566.PDF
002884,凌霄泵业,2024年年度报告,2025-04-11 00:00:00,1223056727,reports_raw/companies/002_sz_main/002884_凌霄泵业/2024/1223056727.pdf,https://static.cninfo.com.cn/finalpage/2025-04-11/1223056727.PDF
002885,京泉华,2024年年度报告,2025-04-26 00:00:00,1223321386,reports_raw/companies/002_sz_main/002885_京泉华/2024/1223321386.pdf,https://static.cninfo.com.cn/finalpage/2025-04-26/1223321386.PDF
002889,东方嘉盛,2024年年度报告,2025-04-26 00:00:00,1223329113,reports_raw/companies/002_sz_main/002889_东方嘉盛/2024/1223329113.pdf,https://static.cninfo.com.cn/finalpage/2025-04-26/1223329113.PDF
002890,弘宇股份,2024年年度报告,2025-04-17 00:00:00,1223109941,reports_raw/companies/002_sz_main/002890_弘宇股份/2024/1223109941.pdf,https://static.cninfo.com.cn/finalpage/2025-04-17/1223109941.PDF
002893,京能热力,2024年年度报告,2025-04-26 00:00:00,1223327390,reports_raw/companies/002_sz_main/002893_京能热力/2024/1223327390.pdf,https://static.cninfo.com.cn/finalpage/2025-04-26/1223327390.PDF
002895,川恒股份,2024年年度报告,2025-04-10 00:00:00,1223043965,reports_raw/companies/002_sz_main/002895_川恒股份/2024/1223043965.pdf,https://static.cninfo.com.cn/finalpage/2025-04-10/1223043965.PDF
002896,中大力德,2024年年度报告,2025-04-18 00:00:00,1223126845,reports_raw/companies/002_sz_main/002896_中大力德/2024/1223126845.pdf,https://static.cninfo.com.cn/finalpage/2025-04-18/1223126845.PDF
002899,英派斯,2024年年度报告,2025-04-28 00:00:00,1223306367,reports_raw/companies/002_sz_main/002899_英派斯/2024/1223306367.pdf,https://static.cninfo.com.cn/finalpage/2025-04-28/1223306367.PDF
002903,宇环数控,2024年年度报告,2025-04-09 00:00:00,1223031728,reports_raw/companies/002_sz_main/002903_宇环数控/2024/1223031728.pdf,https://static.cninfo.com.cn/finalpage/2025-04-09/1223031728.PDF
002905,金逸影视,2024年年度报告,2025-04-15 00:00:00,1223095551,reports_raw/companies/002_sz_main/002905_金逸影视/2024/1223095551.pdf,https://static.cninfo.com.cn/finalpage/2025-04-15/1223095551.PDF
002906,华阳集团,2024年年度报告,2025-03-29 00:00:00,1222945028,reports_raw/companies/002_sz_main/002906_华阳集团/2024/1222945028.pdf,https://static.cninfo.com.cn/finalpage/2025-03-29/1222945028.PDF
002908,德生科技,2024年年度报告,2025-04-26 00:00:00,1223332974,reports_raw/companies/002_sz_main/002908_德生科技/2024/1223332974.pdf,https://static.cninfo.com.cn/finalpage/2025-04-26/1223332974.PDF
002909,集泰股份,2024年年度报告,2025-03-29 00:00:00,1222944863,reports_raw/companies/002_sz_main/002909_集泰股份/2024/1222944863.pdf,https://static.cninfo.com.cn/finalpage/2025-03-29/1222944863.PDF
002911,佛燃能源,2024年年度报告,2025-03-22 00:00:00,1222866341,reports_raw/companies/002_sz_main/002911_佛燃能源/2024/1222866341.pdf,https://static.cninfo.com.cn/finalpage/2025-03-22/1222866341.PDF
002912,中新赛克,2024年年度报告,2025-03-28 00:00:00,1222926924,reports_raw/companies/002_sz_main/002912_中新赛克/2024/1222926924.pdf,https://static.cninfo.com.cn/finalpage/2025-03-28/1222926924.PDF
002916,深南电路,2024年年度报告,2025-03-13 00:00:00,1222778134,reports_raw/companies/002_sz_main/002916_深南电路/2024/1222778134.pdf,https://static.cninfo.com.cn/finalpage/2025-03-13/1222778134.PDF
002917,金奥博,2024年年度报告,2025-04-26 00:00:00,1223321104,reports_raw/companies/002_sz_main/002917_金奥博/2024/1223321104.pdf,https://static.cninfo.com.cn/finalpage/2025-04-26/1223321104.PDF
002918,蒙娜丽莎,2024年年度报告,2025-04-18 00:00:00,1223127298,reports_raw/companies/002_sz_main/002918_蒙娜丽莎/2024/1223127298.pdf,https://static.cninfo.com.cn/finalpage/2025-04-18/1223127298.PDF
002919,名臣健康,2024年年度报告,2025-04-29 00:00:00,1223376513,reports_raw/companies/002_sz_main/002919_名臣健康/2024/1223376513.pdf,https://static.cninfo.com.cn/finalpage/2025-04-29/1223376513.PDF
002920,德赛西威,2024年年度报告,2025-03-15 00:00:00,1222806371,reports_raw/companies/002_sz_main/002920_德赛西威/2024/1222806371.pdf,https://static.cninfo.com.cn/finalpage/2025-03-15/1222806371.PDF
002922,伊戈尔,2024年年度报告,2025-03-29 00:00:00,1222946075,reports_raw/companies/002_sz_main/002922_伊戈尔/2024/1222946075.pdf,https://static.cninfo.com.cn/finalpage/2025-03-29/1222946075.PDF
002923,润都股份,2024年年度报告,2025-04-29 00:00:00,1223381594,reports_raw/companies/002_sz_main/002923_润都股份/2024/1223381594.pdf,https://static.cninfo.com.cn/finalpage/2025-04-29/1223381594.PDF
002929,润建股份,2024年年度报告,2025-04-26 00:00:00,1223329406,reports_raw/companies/002_sz_main/002929_润建股份/2024/1223329406.pdf,https://static.cninfo.com.cn/finalpage/2025-04-26/1223329406.PDF
002930,宏川智慧,2024年年度报告,2025-04-28 00:00:00,1223348255,reports_raw/companies/002_sz_main/002930_宏川智慧/2024/1223348255.pdf,https://static.cninfo.com.cn/finalpage/2025-04-28/1223348255.pdf
002931,锋龙股份,2024年年度报告,2025-04-29 00:00:00,1223375409,reports_raw/companies/002_sz_main/002931_锋龙股份/2024/1223375409.pdf,https://static.cninfo.com.cn/finalpage/2025-04-29/1223375409.PDF
002933,新兴装备,2024年年度报告,2025-03-29 00:00:00,1222944542,reports_raw/companies/002_sz_main/002933_新兴装备/2024/1222944542.pdf,https://static.cninfo.com.cn/finalpage/2025-03-29/1222944542.PDF
002935,天奥电子,2024年年度报告,2025-04-12 00:00:00,1223068984,reports_raw/companies/002_sz_main/002935_天奥电子/2024/1223068984.pdf,https://static.cninfo.com.cn/finalpage/2025-04-12/1223068984.PDF
002936,郑州银行,2024年年度报告,2025-03-28 00:00:00,1222927745,reports_raw/companies/002_sz_main/002936_郑州银行/2024/1222927745.pdf,https://static.cninfo.com.cn/finalpage/2025-03-28/1222927745.PDF
002938,鹏鼎控股,2024年年度报告,2025-04-09 00:00:00,1223032925,reports_raw/companies/002_sz_main/002938_鹏鼎控股/2024/1223032925.pdf,https://static.cninfo.com.cn/finalpage/2025-04-09/1223032925.PDF
002939,长城证券,2024年年度报告,2025-04-29 00:00:00,1223373827,reports_raw/companies/002_sz_main/002939_长城证券/2024/1223373827.pdf,https://static.cninfo.com.cn/finalpage/2025-04-29/1223373827.PDF
002945,华林证券,2024年年度报告,2025-03-29 00:00:00,1222946837,reports_raw/companies/002_sz_main/002945_华林证券/2024/1222946837.pdf,https://static.cninfo.com.cn/finalpage/2025-03-29/1222946837.PDF
002947,恒铭达,2024年年度报告,2025-03-29 00:00:00,1222944803,reports_raw/companies/002_sz_main/002947_恒铭达/2024/1222944803.pdf,https://static.cninfo.com.cn/finalpage/2025-03-29/1222944803.PDF
002948,青岛银行,2024年年度报告,2025-03-27 00:00:00,1222910658,reports_raw/companies/002_sz_main/002948_青岛银行/2024/1222910658.pdf,https://static.cninfo.com.cn/finalpage/2025-03-27/1222910658.PDF
002950,奥美医疗,2024年年度报告,2025-04-26 00:00:00,1223326945,reports_raw/companies/002_sz_main/002950_奥美医疗/2024/1223326945.pdf,https://static.cninfo.com.cn/finalpage/2025-04-26/1223326945.PDF
002951,*ST金时,2024年年度报告,2025-04-28 00:00:00,1223329977,reports_raw/companies/002_sz_main/002951_ST金时/2024/1223329977.pdf,https://static.cninfo.com.cn/finalpage/2025-04-28/1223329977.PDF
002959,小熊电器,2024年年度报告,2025-04-09 00:00:00,1223032188,reports_raw/companies/002_sz_main/002959_小熊电器/2024/1223032188.pdf,https://static.cninfo.com.cn/finalpage/2025-04-09/1223032188.PDF
002960,青鸟消防,2024年年度报告,2025-04-15 00:00:00,1223096573,reports_raw/companies/002_sz_main/002960_青鸟消防/2024/1223096573.pdf,https://static.cninfo.com.cn/finalpage/2025-04-15/1223096573.PDF
002963,豪尔赛,2024年年度报告,2025-04-11 00:00:00,1223055465,reports_raw/companies/002_sz_main/002963_豪尔赛/2024/1223055465.pdf,https://static.cninfo.com.cn/finalpage/2025-04-11/1223055465.PDF
002966,苏州银行,2024年年度报告,2025-04-29 00:00:00,1223374198,reports_raw/companies/002_sz_main/002966_苏州银行/2024/1223374198.pdf,https://static.cninfo.com.cn/finalpage/2025-04-29/1223374198.PDF
002967,广电计量,2024年年度报告,2025-03-28 00:00:00,1222972760,reports_raw/companies/002_sz_main/002967_广电计量/2024/1222972760.pdf,https://static.cninfo.com.cn/finalpage/2025-03-28/1222972760.pdf
002968,新大正,2024年年度报告,2025-04-29 00:00:00,1223373034,reports_raw/companies/002_sz_main/002968_新大正/2024/1223373034.pdf,https://static.cninfo.com.cn/finalpage/2025-04-29/1223373034.PDF
002972,科安达,2024年年度报告,2025-03-28 00:00:00,1222926405,reports_raw/companies/002_sz_main/002972_科安达/2024/1222926405.pdf,https://static.cninfo.com.cn/finalpage/2025-03-28/1222926405.PDF
002973,侨银股份,2024年年度报告,2025-04-29 00:00:00,1223372501,reports_raw/companies/002_sz_main/002973_侨银股份/2024/1223372501.pdf,https://static.cninfo.com.cn/finalpage/2025-04-29/1223372501.PDF
002978,安宁股份,2024年年度报告,2025-03-14 00:00:00,1222789664,reports_raw/companies/002_sz_main/002978_安宁股份/2024/1222789664.pdf,https://static.cninfo.com.cn/finalpage/2025-03-14/1222789664.PDF
002980,华盛昌,2024年年度报告,2025-04-18 00:00:00,1223124792,reports_raw/companies/002_sz_main/002980_华盛昌/2024/1223124792.pdf,https://static.cninfo.com.cn/finalpage/2025-04-18/1223124792.PDF
002981,朝阳科技,2024年年度报告,2025-04-08 00:00:00,1223020876,reports_raw/companies/002_sz_main/002981_朝阳科技/2024/1223020876.pdf,https://static.cninfo.com.cn/finalpage/2025-04-08/1223020876.PDF
002982,湘佳股份,2024年年度报告,2025-04-19 00:00:00,1223142535,reports_raw/companies/002_sz_main/002982_湘佳股份/2024/1223142535.pdf,https://static.cninfo.com.cn/finalpage/2025-04-19/1223142535.PDF
002987,京北方,2024年年度报告,2025-04-12 00:00:00,1223070467,reports_raw/companies/002_sz_main/002987_京北方/2024/1223070467.pdf,https://static.cninfo.com.cn/finalpage/2025-04-12/1223070467.PDF
002988,豪美新材,2024年年度报告,2025-03-29 00:00:00,1222945060,reports_raw/companies/002_sz_main/002988_豪美新材/2024/1222945060.pdf,https://static.cninfo.com.cn/finalpage/2025-03-29/1222945060.PDF
002989,中天精装,2024年年度报告,2025-04-29 00:00:00,1223369014,reports_raw/companies/002_sz_main/002989_中天精装/2024/1223369014.pdf,https://static.cninfo.com.cn/finalpage/2025-04-29/1223369014.PDF
002990,盛视科技,2024年年度报告,2025-04-12 00:00:00,1223070667,reports_raw/companies/002_sz_main/002990_盛视科技/2024/1223070667.pdf,https://static.cninfo.com.cn/finalpage/2025-04-12/1223070667.PDF
002991,甘源食品,2024年年度报告,2025-04-19 00:00:00,1223155852,reports_raw/companies/002_sz_main/002991_甘源食品/2024/1223155852.pdf,https://static.cninfo.com.cn/finalpage/2025-04-19/1223155852.PDF
002992,宝明科技,2024年年度报告,2025-04-29 00:00:00,1223381971,reports_raw/companies/002_sz_main/002992_宝明科技/2024/1223381971.pdf,https://static.cninfo.com.cn/finalpage/2025-04-29/1223381971.PDF
002995,天地在线,2024年年度报告,2025-04-19 00:00:00,1223142648,reports_raw/companies/002_sz_main/002995_天地在线/2024/1223142648.pdf,https://static.cninfo.com.cn/finalpage/2025-04-19/1223142648.PDF
002997,瑞鹄模具,2024年年度报告,2025-03-25 00:00:00,1222881814,reports_raw/companies/002_sz_main/002997_瑞鹄模具/2024/1222881814.pdf,https://static.cninfo.com.cn/finalpage/2025-03-25/1222881814.PDF
003000,劲仔食品,2024年年度报告,2025-03-25 00:00:00,1222881481,reports_raw/companies/003_sz_main/003000_劲仔食品/2024/1222881481.pdf,https://static.cninfo.com.cn/finalpage/2025-03-25/1222881481.PDF
003001,中岩大地,2024年年度报告,2025-04-18 00:00:00,1223128217,reports_raw/companies/003_sz_main/003001_中岩大地/2024/1223128217.pdf,https://static.cninfo.com.cn/finalpage/2025-04-18/1223128217.PDF
003003,天元股份,2024年年度报告,2025-04-29 00:00:00,1223378100,reports_raw/companies/003_sz_main/003003_天元股份/2024/1223378100.pdf,https://static.cninfo.com.cn/finalpage/2025-04-29/1223378100.PDF
003004,声迅股份,2024年年度报告,2025-04-30 00:00:00,1223415634,reports_raw/companies/003_sz_main/003004_声迅股份/2024/1223415634.pdf,https://static.cninfo.com.cn/finalpage/2025-04-30/1223415634.PDF
003005,竞业达,2024年年度报告,2025-04-26 00:00:00,1223320880,reports_raw/companies/003_sz_main/003005_竞业达/2024/1223320880.pdf,https://static.cninfo.com.cn/finalpage/2025-04-26/1223320880.PDF
003006,百亚股份,2024年年度报告,2025-03-22 00:00:00,1222870071,reports_raw/companies/003_sz_main/003006_百亚股份/2024/1222870071.pdf,https://static.cninfo.com.cn/finalpage/2025-03-22/1222870071.PDF
003008,开普检测,2024年年度报告,2025-04-09 00:00:00,1223031265,reports_raw/companies/003_sz_main/003008_开普检测/2024/1223031265.pdf,https://static.cninfo.com.cn/finalpage/2025-04-09/1223031265.PDF
003009,中天火箭,2024年年度报告,2025-03-25 00:00:00,1222881882,reports_raw/companies/003_sz_main/003009_中天火箭/2024/1222881882.pdf,https://static.cninfo.com.cn/finalpage/2025-03-25/1222881882.PDF
003011,海象新材,2024年年度报告,2025-04-29 00:00:00,1223357167,reports_raw/companies/003_sz_main/003011_海象新材/2024/1223357167.pdf,https://static.cninfo.com.cn/finalpage/2025-04-29/1223357167.PDF
003012,东鹏控股,2024年年度报告,2025-04-19 00:00:00,1223150769,reports_raw/companies/003_sz_main/003012_东鹏控股/2024/1223150769.pdf,https://static.cninfo.com.cn/finalpage/2025-04-19/1223150769.PDF
003013,地铁设计,2024年年度报告,2025-04-01 00:00:00,1222973747,reports_raw/companies/003_sz_main/003013_地铁设计/2024/1222973747.pdf,https://static.cninfo.com.cn/finalpage/2025-04-01/1222973747.PDF
003015,日久光电,2024年年度报告,2025-04-15 00:00:00,1223091255,reports_raw/companies/003_sz_main/003015_日久光电/2024/1223091255.pdf,https://static.cninfo.com.cn/finalpage/2025-04-15/1223091255.PDF
003018,金富科技,2024年年度报告,2025-03-29 00:00:00,1222945439,reports_raw/companies/003_sz_main/003018_金富科技/2024/1222945439.pdf,https://static.cninfo.com.cn/finalpage/2025-03-29/1222945439.PDF
003019,宸展光电,2024年年度报告,2025-04-29 00:00:00,1223363829,reports_raw/companies/003_sz_main/003019_宸展光电/2024/1223363829.pdf,https://static.cninfo.com.cn/finalpage/2025-04-29/1223363829.PDF
003021,兆威机电,2024年年度报告,2025-04-29 00:00:00,1223375606,reports_raw/companies/003_sz_main/003021_兆威机电/2024/1223375606.pdf,https://static.cninfo.com.cn/finalpage/2025-04-29/1223375606.PDF
003022,联泓新科,2024年年度报告,2025-03-28 00:00:00,1222928827,reports_raw/companies/003_sz_main/003022_联泓新科/2024/1222928827.pdf,https://static.cninfo.com.cn/finalpage/2025-03-28/1222928827.PDF
003025,思进智能,2024年年度报告,2025-04-26 00:00:00,1223332123,reports_raw/companies/003_sz_main/003025_思进智能/2024/1223332123.pdf,https://static.cninfo.com.cn/finalpage/2025-04-26/1223332123.PDF
003026,中晶科技,2024年年度报告,2025-04-29 00:00:00,1223369982,reports_raw/companies/003_sz_main/003026_中晶科技/2024/1223369982.pdf,https://static.cninfo.com.cn/finalpage/2025-04-29/1223369982.PDF
003028,振邦智能,2024年年度报告,2025-03-28 00:00:00,1222922770,reports_raw/companies/003_sz_main/003028_振邦智能/2024/1222922770.pdf,https://static.cninfo.com.cn/finalpage/2025-03-28/1222922770.PDF
003033,征和工业,2024年年度报告,2025-03-27 00:00:00,1222912011,reports_raw/companies/003_sz_main/003033_征和工业/2024/1222912011.pdf,https://static.cninfo.com.cn/finalpage/2025-03-27/1222912011.PDF
003035,南网能源,2024年年度报告,2025-03-29 00:00:00,1222949541,reports_raw/companies/003_sz_main/003035_南网能源/2024/1222949541.pdf,https://static.cninfo.com.cn/finalpage/2025-03-29/1222949541.PDF
003036,泰坦股份,2024年年度报告,2025-04-18 00:00:00,1223121074,reports_raw/companies/003_sz_main/003036_泰坦股份/2024/1223121074.pdf,https://static.cninfo.com.cn/finalpage/2025-04-18/1223121074.PDF
003037,三和管桩,2024年年度报告,2025-04-29 00:00:00,1223358708,reports_raw/companies/003_sz_main/003037_三和管桩/2024/1223358708.pdf,https://static.cninfo.com.cn/finalpage/2025-04-29/1223358708.PDF
003038,鑫铂股份,2024年年度报告,2025-03-28 00:00:00,1222922288,reports_raw/companies/003_sz_main/003038_鑫铂股份/2024/1222922288.pdf,https://static.cninfo.com.cn/finalpage/2025-03-28/1222922288.PDF
003040,楚天龙,2024年年度报告,2025-04-19 00:00:00,1223143862,reports_raw/companies/003_sz_main/003040_楚天龙/2024/1223143862.pdf,https://static.cninfo.com.cn/finalpage/2025-04-19/1223143862.PDF
003041,真爱美家,2024年年度报告,2025-04-26 00:00:00,1223318415,reports_raw/companies/003_sz_main/003041_真爱美家/2024/1223318415.pdf,https://static.cninfo.com.cn/finalpage/2025-04-26/1223318415.PDF
003043,华亚智能,2024年年度报告,2025-04-29 00:00:00,1223368366,reports_raw/companies/003_sz_main/003043_华亚智能/2024/1223368366.pdf,https://static.cninfo.com.cn/finalpage/2025-04-29/1223368366.PDF
003816,中国广核,2024年年度报告,2025-03-27 00:00:00,1222913141,reports_raw/companies/003_sz_main/003816_中国广核/2024/1222913141.pdf,https://static.cninfo.com.cn/finalpage/2025-03-27/1222913141.pdf
200011,深物业B,2024年年度报告（英文版）,2025-03-29 00:00:00,1222946114,reports_raw/companies/200_sz_b/200011_深物业B/2024/1222946114.pdf,https://static.cninfo.com.cn/finalpage/2025-03-29/1222946114.PDF
200012,南  玻Ｂ,2024年年度报告（英文版）,2025-04-28 00:00:00,1223303957,reports_raw/companies/200_sz_b/200012_南_玻Ｂ/2024/1223303957.pdf,https://static.cninfo.com.cn/finalpage/2025-04-28/1223303957.PDF
200016,深康佳Ｂ,2024年年度报告（英文版）,2025-04-15 00:00:00,1223095842,reports_raw/companies/200_sz_b/200016_深康佳Ｂ/2024/1223095842.pdf,https://static.cninfo.com.cn/finalpage/2025-04-15/1223095842.PDF
200019,深粮B,2024年年度报告（英文版）,2025-04-29 00:00:00,1223375200,reports_raw/companies/200_sz_b/200019_深粮B/2024/1223375200.pdf,https://static.cninfo.com.cn/finalpage/2025-04-29/1223375200.PDF
200025,特  力Ｂ,2024年年度报告（英文版）,2025-03-28 00:00:00,1222927713,reports_raw/companies/200_sz_b/200025_特_力Ｂ/2024/1222927713.pdf,https://static.cninfo.com.cn/finalpage/2025-03-28/1222927713.PDF
200026,飞亚达Ｂ,2024年年度报告（英文版）,2025-03-14 00:00:00,1222788736,reports_raw/companies/200_sz_b/200026_飞亚达Ｂ/2024/1222788736.pdf,https://static.cninfo.com.cn/finalpage/2025-03-14/1222788736.PDF
200029,深深房Ｂ,2024年年度报告（英文版）,2025-03-22 00:00:00,1222870095,reports_raw/companies/200_sz_b/200029_深深房Ｂ/2024/1222870095.pdf,https://static.cninfo.com.cn/finalpage/2025-03-22/1222870095.PDF
200045,深纺织Ｂ,2024年年度报告（英文版）,2025-03-28 00:00:00,1222922187,reports_raw/companies/200_sz_b/200045_深纺织Ｂ/2024/1222922187.pdf,https://static.cninfo.com.cn/finalpage/2025-03-28/1222922187.PDF
200429,粤高速Ｂ,2024年年度报告（英文版）,2025-03-04 00:00:00,1222693889,reports_raw/companies/200_sz_b/200429_粤高速Ｂ/2024/1222693889.pdf,https://static.cninfo.com.cn/finalpage/2025-03-04/1222693889.PDF
200468,宁通信B,2024年年度报告,2025-04-28 00:00:00,1223325138,reports_raw/companies/200_sz_b/200468_宁通信B/2024/1223325138.pdf,https://static.cninfo.com.cn/finalpage/2025-04-28/1223325138.PDF
200488,ST晨鸣B,2024年年度报告（英文版）,2025-04-01 00:00:00,1222975717,reports_raw/companies/200_sz_b/200488_ST晨鸣B/2024/1222975717.pdf,https://static.cninfo.com.cn/finalpage/2025-04-01/1222975717.PDF
200505,京粮B,2024年年度报告（英文版）,2025-03-29 00:00:00,1222943413,reports_raw/companies/200_sz_b/200505_京粮B/2024/1222943413.pdf,https://static.cninfo.com.cn/finalpage/2025-03-29/1222943413.PDF
200512,闽灿坤Ｂ,2024年年度报告,2025-03-11 00:00:00,1222758976,reports_raw/companies/200_sz_b/200512_闽灿坤Ｂ/2024/1222758976.pdf,https://static.cninfo.com.cn/finalpage/2025-03-11/1222758976.PDF
200521,虹美菱B,2024年年度报告（英文版）,2025-04-03 00:00:00,1222990939,reports_raw/companies/200_sz_b/200521_虹美菱B/2024/1222990939.pdf,https://static.cninfo.com.cn/finalpage/2025-04-03/1222990939.PDF
200539,粤电力Ｂ,2024年年度报告（英文版）,2025-03-29 00:00:00,1222950457,reports_raw/companies/200_sz_b/200539_粤电力Ｂ/2024/1222950457.pdf,https://static.cninfo.com.cn/finalpage/2025-03-29/1222950457.PDF
200550,江  铃Ｂ,2024年年度报告（英文版）,2025-03-29 00:00:00,1222949795,reports_raw/companies/200_sz_b/200550_江_铃Ｂ/2024/1222949795.pdf,https://static.cninfo.com.cn/finalpage/2025-03-29/1222949795.PDF
200553,安道麦B,2024年年度报告（英文版）,2025-03-14 00:00:00,1222789205,reports_raw/companies/200_sz_b/200553_安道麦B/2024/1222789205.pdf,https://static.cninfo.com.cn/finalpage/2025-03-14/1222789205.PDF
200581,苏威孚Ｂ,2024年年度报告（英文版）,2025-04-18 00:00:00,1223125280,reports_raw/companies/200_sz_b/200581_苏威孚Ｂ/2024/1223125280.pdf,https://static.cninfo.com.cn/finalpage/2025-04-18/1223125280.PDF
200596,古井贡Ｂ,2024年年度报告（英文版）,2025-04-28 00:00:00,1223320635,reports_raw/companies/200_sz_b/200596_古井贡Ｂ/2024/1223320635.pdf,https://static.cninfo.com.cn/finalpage/2025-04-28/1223320635.PDF
200625,长  安Ｂ,2024年年度报告（英文版）,2025-04-11 00:00:00,1223057068,reports_raw/companies/200_sz_b/200625_长_安Ｂ/2024/1223057068.pdf,https://static.cninfo.com.cn/finalpage/2025-04-11/1223057068.PDF
200706,瓦轴B,2024年年度报告（英文版）,2025-04-29 00:00:00,1223373619,reports_raw/companies/200_sz_b/200706_瓦轴B/2024/1223373619.pdf,https://static.cninfo.com.cn/finalpage/2025-04-29/1223373619.PDF
200726,鲁  泰Ｂ,2024年年度报告（英文版）,2025-04-10 00:00:00,1223044468,reports_raw/companies/200_sz_b/200726_鲁_泰Ｂ/2024/1223044468.pdf,https://static.cninfo.com.cn/finalpage/2025-04-10/1223044468.PDF
200761,本钢板Ｂ,2024年年度报告（英文版）,2025-04-04 00:00:00,1223005822,reports_raw/companies/200_sz_b/200761_本钢板Ｂ/2024/1223005822.pdf,https://static.cninfo.com.cn/finalpage/2025-04-04/1223005822.PDF
200771,杭汽轮Ｂ,2024年年度报告,2025-04-15 00:00:00,1223096394,reports_raw/companies/200_sz_b/200771_杭汽轮Ｂ/2024/1223096394.pdf,https://static.cninfo.com.cn/finalpage/2025-04-15/1223096394.PDF
200869,张  裕Ｂ,2024年年度报告（英文版）,2025-04-18 00:00:00,1223125974,reports_raw/companies/200_sz_b/200869_张_裕Ｂ/2024/1223125974.pdf,https://static.cninfo.com.cn/finalpage/2025-04-18/1223125974.PDF
201872,招港B,2024年年度报告（英文版）,2025-04-03 00:00:00,1222992020,reports_raw/companies/201_sz_b/201872_招港B/2024/1222992020.pdf,https://static.cninfo.com.cn/finalpage/2025-04-03/1222992020.PDF
300003,乐普医疗,2024年年度报告,2025-04-19 00:00:00,1223154451,reports_raw/companies/300_chinext/300003_乐普医疗/2024/1223154451.pdf,https://static.cninfo.com.cn/finalpage/2025-04-19/1223154451.PDF
300005,探路者,2024年年度报告,2025-04-29 00:00:00,1223369793,reports_raw/companies/300_chinext/300005_探路者/2024/1223369793.pdf,https://static.cninfo.com.cn/finalpage/2025-04-29/1223369793.PDF
300006,莱美药业,2024年年度报告,2025-03-22 00:00:00,1222869239,reports_raw/companies/300_chinext/300006_莱美药业/2024/1222869239.pdf,https://static.cninfo.com.cn/finalpage/2025-03-22/1222869239.PDF
300007,汉威科技,2024年年度报告,2025-03-29 00:00:00,1222949297,reports_raw/companies/300_chinext/300007_汉威科技/2024/1222949297.pdf,https://static.cninfo.com.cn/finalpage/2025-03-29/1222949297.PDF
300008,天海防务,2024年年度报告,2025-04-26 00:00:00,1223326063,reports_raw/companies/300_chinext/300008_天海防务/2024/1223326063.pdf,https://static.cninfo.com.cn/finalpage/2025-04-26/1223326063.PDF
300009,安科生物,2024年年度报告,2025-03-28 00:00:00,1222928113,reports_raw/companies/300_chinext/300009_安科生物/2024/1222928113.pdf,https://static.cninfo.com.cn/finalpage/2025-03-28/1222928113.PDF
300010,豆神教育,2024年年度报告,2025-04-29 00:00:00,1223385791,reports_raw/companies/300_chinext/300010_豆神教育/2024/1223385791.pdf,https://static.cninfo.com.cn/finalpage/2025-04-29/1223385791.PDF
300011,鼎汉技术,2024年年度报告,2025-04-29 00:00:00,1223366847,reports_raw/companies/300_chinext/300011_鼎汉技术/2024/1223366847.pdf,https://static.cninfo.com.cn/finalpage/2025-04-29/1223366847.PDF
300012,华测检测,2024年年度报告,2025-04-18 00:00:00,1223121668,reports_raw/companies/300_chinext/300012_华测检测/2024/1223121668.pdf,https://static.cninfo.com.cn/finalpage/2025-04-18/1223121668.PDF
300013,*ST新宁,2024年年度报告,2025-04-16 00:00:00,1223099757,reports_raw/companies/300_chinext/300013_ST新宁/2024/1223099757.pdf,https://static.cninfo.com.cn/finalpage/2025-04-16/1223099757.PDF
300014,亿纬锂能,2024年年度报告,2025-04-18 00:00:00,1223125812,reports_raw/companies/300_chinext/300014_亿纬锂能/2024/1223125812.pdf,https://static.cninfo.com.cn/finalpage/2025-04-18/1223125812.PDF
300016,北陆药业,2024年年度报告,2025-04-18 00:00:00,1223128874,reports_raw/companies/300_chinext/300016_北陆药业/2024/1223128874.pdf,https://static.cninfo.com.cn/finalpage/2025-04-18/1223128874.PDF
300017,网宿科技,2024年年度报告,2025-04-15 00:00:00,1223092214,reports_raw/companies/300_chinext/300017_网宿科技/2024/1223092214.pdf,https://static.cninfo.com.cn/finalpage/2025-04-15/1223092214.PDF
300018,中元股份,2024年年度报告,2025-03-25 00:00:00,1222880850,reports_raw/companies/300_chinext/300018_中元股份/2024/1222880850.pdf,https://static.cninfo.com.cn/finalpage/2025-03-25/1222880850.PDF
300019,硅宝科技,2024年年度报告,2025-03-29 00:00:00,1222949047,reports_raw/companies/300_chinext/300019_硅宝科技/2024/1222949047.pdf,https://static.cninfo.com.cn/finalpage/2025-03-29/1222949047.PDF
300020,*ST银江,2024年年度报告,2025-04-29 00:00:00,1223389632,reports_raw/companies/300_chinext/300020_ST银江/2024/1223389632.pdf,https://static.cninfo.com.cn/finalpage/2025-04-29/1223389632.PDF
300022,吉峰科技,2024年年度报告,2025-04-10 00:00:00,1223044194,reports_raw/companies/300_chinext/300022_吉峰科技/2024/1223044194.pdf,https://static.cninfo.com.cn/finalpage/2025-04-10/1223044194.PDF
300024,机器人,2024年年度报告,2025-04-19 00:00:00,1223152070,reports_raw/companies/300_chinext/300024_机器人/2024/1223152070.pdf,https://static.cninfo.com.cn/finalpage/2025-04-19/1223152070.PDF
300026,红日药业,2024年年度报告,2025-04-28 00:00:00,1223309195,reports_raw/companies/300_chinext/300026_红日药业/2024/1223309195.pdf,https://static.cninfo.com.cn/finalpage/2025-04-28/1223309195.PDF
300027,华谊兄弟,2024年年度报告,2025-04-19 00:00:00,1223150007,reports_raw/companies/300_chinext/300027_华谊兄弟/2024/1223150007.pdf,https://static.cninfo.com.cn/finalpage/2025-04-19/1223150007.PDF
300031,宝通科技,2024年年度报告,2025-04-29 00:00:00,1223376790,reports_raw/companies/300_chinext/300031_宝通科技/2024/1223376790.pdf,https://static.cninfo.com.cn/finalpage/2025-04-29/1223376790.PDF
300032,金龙机电,2024年年度报告,2025-04-29 00:00:00,1223357008,reports_raw/companies/300_chinext/300032_金龙机电/2024/1223357008.pdf,https://static.cninfo.com.cn/finalpage/2025-04-29/1223357008.PDF
300037,新宙邦,2024年年度报告,2025-03-25 00:00:00,1222883113,reports_raw/companies/300_chinext/300037_新宙邦/2024/1222883113.pdf,https://static.cninfo.com.cn/finalpage/2025-03-25/1222883113.PDF
300039,上海凯宝,2024年年度报告,2025-04-16 00:00:00,1223103081,reports_raw/companies/300_chinext/300039_上海凯宝/2024/1223103081.pdf,https://static.cninfo.com.cn/finalpage/2025-04-16/1223103081.PDF
300041,回天新材,2024年年度报告,2025-04-28 00:00:00,1223329631,reports_raw/companies/300_chinext/300041_回天新材/2024/1223329631.pdf,https://static.cninfo.com.cn/finalpage/2025-04-28/1223329631.PDF
300042,朗科科技,2024年年度报告,2025-04-09 00:00:00,1223032461,reports_raw/companies/300_chinext/300042_朗科科技/2024/1223032461.pdf,https://static.cninfo.com.cn/finalpage/2025-04-09/1223032461.PDF
300043,星辉娱乐,2024年年度报告,2025-04-28 00:00:00,1223301193,reports_raw/companies/300_chinext/300043_星辉娱乐/2024/1223301193.pdf,https://static.cninfo.com.cn/finalpage/2025-04-28/1223301193.PDF
300045,华力创通,2024年年度报告,2025-04-18 00:00:00,1223126757,reports_raw/companies/300_chinext/300045_华力创通/2024/1223126757.pdf,https://static.cninfo.com.cn/finalpage/2025-04-18/1223126757.PDF
300046,台基股份,2024年年度报告,2025-04-03 00:00:00,1222991226,reports_raw/companies/300_chinext/300046_台基股份/2024/1222991226.pdf,https://static.cninfo.com.cn/finalpage/2025-04-03/1222991226.PDF
300047,天源迪科,2024年年度报告,2025-03-28 00:00:00,1222927185,reports_raw/companies/300_chinext/300047_天源迪科/2024/1222927185.pdf,https://static.cninfo.com.cn/finalpage/2025-03-28/1222927185.PDF
300048,合康新能,2024年年度报告,2025-03-26 00:00:00,1222962581,reports_raw/companies/300_chinext/300048_合康新能/2024/1222962581.pdf,https://static.cninfo.com.cn/finalpage/2025-03-26/1222962581.pdf
300050,世纪鼎利,2024年年度报告,2025-03-21 00:00:00,1222856041,reports_raw/companies/300_chinext/300050_世纪鼎利/2024/1222856041.pdf,https://static.cninfo.com.cn/finalpage/2025-03-21/1222856041.PDF
300051,琏升科技,2024年年度报告,2025-04-29 00:00:00,1223367730,reports_raw/companies/300_chinext/300051_琏升科技/2024/1223367730.pdf,https://static.cninfo.com.cn/finalpage/2025-04-29/1223367730.PDF
300053,航宇微,2024年年度报告,2025-04-26 00:00:00,1223326227,reports_raw/companies/300_chinext/300053_航宇微/2024/1223326227.pdf,https://static.cninfo.com.cn/finalpage/2025-04-26/1223326227.PDF
300054,鼎龙股份,2024年年度报告,2025-04-29 00:00:00,1223367500,reports_raw/companies/300_chinext/300054_鼎龙股份/2024/1223367500.pdf,https://static.cninfo.com.cn/finalpage/2025-04-29/1223367500.PDF
300055,万邦达,2024年年度报告,2025-04-18 00:00:00,1223823789,reports_raw/companies/300_chinext/300055_万邦达/2024/1223823789.pdf,https://static.cninfo.com.cn/finalpage/2025-04-18/1223823789.pdf
300057,万顺新材,2024年年度报告,2025-04-10 00:00:00,1223041523,reports_raw/companies/300_chinext/300057_万顺新材/2024/1223041523.pdf,https://static.cninfo.com.cn/finalpage/2025-04-10/1223041523.PDF
300059,东方财富,2024年年度报告,2025-03-15 00:00:00,1222806709,reports_raw/companies/300_chinext/300059_东方财富/2024/1222806709.pdf,https://static.cninfo.com.cn/finalpage/2025-03-15/1222806709.PDF
300062,中能电气,2024年年度报告,2025-04-29 00:00:00,1223372963,reports_raw/companies/300_chinext/300062_中能电气/2024/1223372963.pdf,https://static.cninfo.com.cn/finalpage/2025-04-29/1223372963.PDF
300063,天龙集团,2024年年度报告,2025-04-29 00:00:00,1223368451,reports_raw/companies/300_chinext/300063_天龙集团/2024/1223368451.pdf,https://static.cninfo.com.cn/finalpage/2025-04-29/1223368451.PDF
300066,三川智慧,2024年年度报告,2025-04-19 00:00:00,1223146539,reports_raw/companies/300_chinext/300066_三川智慧/2024/1223146539.pdf,https://static.cninfo.com.cn/finalpage/2025-04-19/1223146539.PDF
300067,安诺其,2024年年度报告,2025-04-12 00:00:00,1223071038,reports_raw/companies/300_chinext/300067_安诺其/2024/1223071038.pdf,https://static.cninfo.com.cn/finalpage/2025-04-12/1223071038.PDF
300068,南都电源,2024年年度报告,2025-04-26 00:00:00,1223323678,reports_raw/companies/300_chinext/300068_南都电源/2024/1223323678.pdf,https://static.cninfo.com.cn/finalpage/2025-04-26/1223323678.PDF
300070,碧水源,2024年年度报告,2025-04-11 00:00:00,1223056798,reports_raw/companies/300_chinext/300070_碧水源/2024/1223056798.pdf,https://static.cninfo.com.cn/finalpage/2025-04-11/1223056798.PDF
300073,当升科技,2024年年度报告,2025-04-01 00:00:00,1222973462,reports_raw/companies/300_chinext/300073_当升科技/2024/1222973462.pdf,https://static.cninfo.com.cn/finalpage/2025-04-01/1222973462.PDF
300077,国民技术,2024年年度报告,2025-04-17 00:00:00,1223110736,reports_raw/companies/300_chinext/300077_国民技术/2024/1223110736.pdf,https://static.cninfo.com.cn/finalpage/2025-04-17/1223110736.PDF
300078,思创医惠,2024年年度报告,2025-04-30 00:00:00,1223411893,reports_raw/companies/300_chinext/300078_思创医惠/2024/1223411893.pdf,https://static.cninfo.com.cn/finalpage/2025-04-30/1223411893.PDF
300079,数码视讯,2024年年度报告,2025-04-18 00:00:00,1223124464,reports_raw/companies/300_chinext/300079_数码视讯/2024/1223124464.pdf,https://static.cninfo.com.cn/finalpage/2025-04-18/1223124464.PDF
300080,易成新能,2024年年度报告,2025-03-22 00:00:00,1222869687,reports_raw/companies/300_chinext/300080_易成新能/2024/1222869687.pdf,https://static.cninfo.com.cn/finalpage/2025-03-22/1222869687.PDF
300081,恒信东方,2024年年度报告,2025-04-26 00:00:00,1223317399,reports_raw/companies/300_chinext/300081_恒信东方/2024/1223317399.pdf,https://static.cninfo.com.cn/finalpage/2025-04-26/1223317399.PDF
300084,海默科技,2024年年度报告,2025-04-29 00:00:00,1223380773,reports_raw/companies/300_chinext/300084_海默科技/2024/1223380773.pdf,https://static.cninfo.com.cn/finalpage/2025-04-29/1223380773.PDF
300085,银之杰,2024年年度报告,2025-04-16 00:00:00,1223102021,reports_raw/companies/300_chinext/300085_银之杰/2024/1223102021.pdf,https://static.cninfo.com.cn/finalpage/2025-04-16/1223102021.PDF
300086,康芝药业,2024年年度报告,2025-04-29 00:00:00,1223380608,reports_raw/companies/300_chinext/300086_康芝药业/2024/1223380608.pdf,https://static.cninfo.com.cn/finalpage/2025-04-29/1223380608.PDF
300087,荃银高科,2024年年度报告,2025-04-30 00:00:00,1223414133,reports_raw/companies/300_chinext/300087_荃银高科/2024/1223414133.pdf,https://static.cninfo.com.cn/finalpage/2025-04-30/1223414133.PDF
300092,科新机电,2024年年度报告,2025-03-29 00:00:00,1222945393,reports_raw/companies/300_chinext/300092_科新机电/2024/1222945393.pdf,https://static.cninfo.com.cn/finalpage/2025-03-29/1222945393.PDF
300093,金刚光伏,2024年年度报告,2025-04-29 00:00:00,1223386127,reports_raw/companies/300_chinext/300093_金刚光伏/2024/1223386127.pdf,https://static.cninfo.com.cn/finalpage/2025-04-29/1223386127.PDF
300094,国联水产,2024年年度报告,2025-04-29 00:00:00,1223371217,reports_raw/companies/300_chinext/300094_国联水产/2024/1223371217.pdf,https://static.cninfo.com.cn/finalpage/2025-04-29/1223371217.PDF
300095,华伍股份,2024年年度报告,2025-04-29 00:00:00,1223363318,reports_raw/companies/300_chinext/300095_华伍股份/2024/1223363318.pdf,https://static.cninfo.com.cn/finalpage/2025-04-29/1223363318.PDF
300096,ST易联众,2024年年度报告,2025-04-29 00:00:00,1223387192,reports_raw/companies/300_chinext/300096_ST易联众/2024/1223387192.pdf,https://static.cninfo.com.cn/finalpage/2025-04-29/1223387192.PDF
300098,高新兴,2024年年度报告,2025-04-19 00:00:00,1223152469,reports_raw/companies/300_chinext/300098_高新兴/2024/1223152469.pdf,https://static.cninfo.com.cn/finalpage/2025-04-19/1223152469.PDF
300099,尤洛卡,2024年年度报告,2025-04-29 00:00:00,1223364236,reports_raw/companies/300_chinext/300099_尤洛卡/2024/1223364236.pdf,https://static.cninfo.com.cn/finalpage/2025-04-29/1223364236.PDF
300100,双林股份,2024年年度报告,2025-04-16 00:00:00,1223099836,reports_raw/companies/300_chinext/300100_双林股份/2024/1223099836.pdf,https://static.cninfo.com.cn/finalpage/2025-04-16/1223099836.PDF
300101,振芯科技,2024年年度报告,2025-03-31 00:00:00,1222942307,reports_raw/companies/300_chinext/300101_振芯科技/2024/1222942307.pdf,https://static.cninfo.com.cn/finalpage/2025-03-31/1222942307.PDF
300102,乾照光电,2024年年度报告,2025-03-28 00:00:00,1222923375,reports_raw/companies/300_chinext/300102_乾照光电/2024/1222923375.pdf,https://static.cninfo.com.cn/finalpage/2025-03-28/1222923375.PDF
300103,达刚控股,2024年年度报告,2025-04-19 00:00:00,1223145851,reports_raw/companies/300_chinext/300103_达刚控股/2024/1223145851.pdf,https://static.cninfo.com.cn/finalpage/2025-04-19/1223145851.PDF
300107,建新股份,2024年年度报告,2025-04-19 00:00:00,1223146873,reports_raw/companies/300_chinext/300107_建新股份/2024/1223146873.pdf,https://static.cninfo.com.cn/finalpage/2025-04-19/1223146873.PDF
300108,*ST吉药,2024年年度报告,2025-04-29 00:00:00,1223376415,reports_raw/companies/300_chinext/300108_ST吉药/2024/1223376415.pdf,https://static.cninfo.com.cn/finalpage/2025-04-29/1223376415.PDF
300109,新开源,2024年年度报告,2025-04-19 00:00:00,1223143299,reports_raw/companies/300_chinext/300109_新开源/2024/1223143299.pdf,https://static.cninfo.com.cn/finalpage/2025-04-19/1223143299.PDF
300111,向日葵,2024年年度报告,2025-04-18 00:00:00,1223126190,reports_raw/companies/300_chinext/300111_向日葵/2024/1223126190.pdf,https://static.cninfo.com.cn/finalpage/2025-04-18/1223126190.PDF
300113,顺网科技,2024年年度报告,2025-04-18 00:00:00,1223124352,reports_raw/companies/300_chinext/300113_顺网科技/2024/1223124352.pdf,https://static.cninfo.com.cn/finalpage/2025-04-18/1223124352.PDF
300115,长盈精密,2024年年度报告,2025-04-18 00:00:00,1223124284,reports_raw/companies/300_chinext/300115_长盈精密/2024/1223124284.pdf,https://static.cninfo.com.cn/finalpage/2025-04-18/1223124284.PDF
300117,*ST嘉寓,2024年年度报告,2025-04-19 00:00:00,1223157030,reports_raw/companies/300_chinext/300117_ST嘉寓/2024/1223157030.pdf,https://static.cninfo.com.cn/finalpage/2025-04-19/1223157030.PDF
300119,瑞普生物,2024年年度报告,2025-04-03 00:00:00,1222991837,reports_raw/companies/300_chinext/300119_瑞普生物/2024/1222991837.pdf,https://static.cninfo.com.cn/finalpage/2025-04-03/1222991837.PDF
300121,阳谷华泰,2024年年度报告,2025-03-28 00:00:00,1222925421,reports_raw/companies/300_chinext/300121_阳谷华泰/2024/1222925421.pdf,https://static.cninfo.com.cn/finalpage/2025-03-28/1222925421.PDF
300123,亚光科技,2024年年度报告,2025-04-28 00:00:00,1223326499,reports_raw/companies/300_chinext/300123_亚光科技/2024/1223326499.pdf,https://static.cninfo.com.cn/finalpage/2025-04-28/1223326499.PDF
300124,汇川技术,2024年年度报告,2025-04-29 00:00:00,1223371383,reports_raw/companies/300_chinext/300124_汇川技术/2024/1223371383.pdf,https://static.cninfo.com.cn/finalpage/2025-04-29/1223371383.PDF
300126,锐奇股份,2024年年度报告,2025-04-18 00:00:00,1223124076,reports_raw/companies/300_chinext/300126_锐奇股份/2024/1223124076.pdf,https://static.cninfo.com.cn/finalpage/2025-04-18/1223124076.PDF
300127,银河磁体,2024年年度报告,2025-03-29 00:00:00,1222942864,reports_raw/companies/300_chinext/300127_银河磁体/2024/1222942864.pdf,https://static.cninfo.com.cn/finalpage/2025-03-29/1222942864.PDF
300128,锦富技术,2024年年度报告,2025-04-29 00:00:00,1223398677,reports_raw/companies/300_chinext/300128_锦富技术/2024/1223398677.pdf,https://static.cninfo.com.cn/finalpage/2025-04-29/1223398677.pdf
300129,泰胜风能,2024年年度报告,2025-04-19 00:00:00,1223148035,reports_raw/companies/300_chinext/300129_泰胜风能/2024/1223148035.pdf,https://static.cninfo.com.cn/finalpage/2025-04-19/1223148035.PDF
300130,新国都,2024年年度报告,2025-03-29 00:00:00,1222942156,reports_raw/companies/300_chinext/300130_新国都/2024/1222942156.pdf,https://static.cninfo.com.cn/finalpage/2025-03-29/1222942156.PDF
300132,青松股份,2024年年度报告,2025-04-29 00:00:00,1223357172,reports_raw/companies/300_chinext/300132_青松股份/2024/1223357172.pdf,https://static.cninfo.com.cn/finalpage/2025-04-29/1223357172.PDF
300133,华策影视,2024年年度报告,2025-04-18 00:00:00,1223124392,reports_raw/companies/300_chinext/300133_华策影视/2024/1223124392.pdf,https://static.cninfo.com.cn/finalpage/2025-04-18/1223124392.PDF
300136,信维通信,2024年年度报告,2025-04-29 00:00:00,1223374931,reports_raw/companies/300_chinext/300136_信维通信/2024/1223374931.pdf,https://static.cninfo.com.cn/finalpage/2025-04-29/1223374931.PDF
300138,晨光生物,2024年年度报告,2025-04-08 00:00:00,1223021041,reports_raw/companies/300_chinext/300138_晨光生物/2024/1223021041.pdf,https://static.cninfo.com.cn/finalpage/2025-04-08/1223021041.pdf
300139,晓程科技,2024年年度报告,2025-04-17 00:00:00,1223307934,reports_raw/companies/300_chinext/300139_晓程科技/2024/1223307934.pdf,https://static.cninfo.com.cn/finalpage/2025-04-17/1223307934.pdf
300140,节能环境,2024年年度报告,2025-04-28 00:00:00,1223320036,reports_raw/companies/300_chinext/300140_节能环境/2024/1223320036.pdf,https://static.cninfo.com.cn/finalpage/2025-04-28/1223320036.PDF
300142,沃森生物,2024年年度报告,2025-04-12 00:00:00,1223069232,reports_raw/companies/300_chinext/300142_沃森生物/2024/1223069232.pdf,https://static.cninfo.com.cn/finalpage/2025-04-12/1223069232.PDF
300143,盈康生命,2024年年度报告,2025-03-29 00:00:00,1222947103,reports_raw/companies/300_chinext/300143_盈康生命/2024/1222947103.pdf,https://static.cninfo.com.cn/finalpage/2025-03-29/1222947103.PDF
300145,中金环境,2024年年度报告,2025-04-29 00:00:00,1223375408,reports_raw/companies/300_chinext/300145_中金环境/2024/1223375408.pdf,https://static.cninfo.com.cn/finalpage/2025-04-29/1223375408.PDF
300146,汤臣倍健,2024年年度报告,2025-03-22 00:00:00,1222867896,reports_raw/companies/300_chinext/300146_汤臣倍健/2024/1222867896.pdf,https://static.cninfo.com.cn/finalpage/2025-03-22/1222867896.PDF
300147,ST香雪,2024年年度报告,2025-04-29 00:00:00,1223377569,reports_raw/companies/300_chinext/300147_ST香雪/2024/1223377569.pdf,https://static.cninfo.com.cn/finalpage/2025-04-29/1223377569.PDF
300149,睿智医药,2024年年度报告,2025-04-29 00:00:00,1223375238,reports_raw/companies/300_chinext/300149_睿智医药/2024/1223375238.pdf,https://static.cninfo.com.cn/finalpage/2025-04-29/1223375238.PDF
300152,ST新动力,雄安新动力科技股份有限公司2024年年度报告,2025-06-23 00:00:00,1223953081,reports_raw/companies/300_chinext/300152_ST新动力/2024/1223953081.pdf,https://static.cninfo.com.cn/finalpage/2025-06-23/1223953081.PDF
300157,新锦动力,2024年年度报告,2025-04-26 00:00:00,1223333471,reports_raw/companies/300_chinext/300157_新锦动力/2024/1223333471.pdf,https://static.cninfo.com.cn/finalpage/2025-04-26/1223333471.pdf
300159,新研股份,2024年年度报告,2025-03-19 00:00:00,1222835419,reports_raw/companies/300_chinext/300159_新研股份/2024/1222835419.pdf,https://static.cninfo.com.cn/finalpage/2025-03-19/1222835419.PDF
300160,秀强股份,2024年年度报告,2025-04-17 00:00:00,1223110314,reports_raw/companies/300_chinext/300160_秀强股份/2024/1223110314.pdf,https://static.cninfo.com.cn/finalpage/2025-04-17/1223110314.PDF
300161,华中数控,2024年年度报告,2025-04-29 00:00:00,1223375871,reports_raw/companies/300_chinext/300161_华中数控/2024/1223375871.pdf,https://static.cninfo.com.cn/finalpage/2025-04-29/1223375871.PDF
300162,雷曼光电,2024年年度报告,2025-04-28 00:00:00,1223316029,reports_raw/companies/300_chinext/300162_雷曼光电/2024/1223316029.pdf,https://static.cninfo.com.cn/finalpage/2025-04-28/1223316029.PDF
300163,ST先锋,2024年年度报告,2025-04-29 00:00:00,1223386092,reports_raw/companies/300_chinext/300163_ST先锋/2024/1223386092.pdf,https://static.cninfo.com.cn/finalpage/2025-04-29/1223386092.PDF
300164,通源石油,2024年年度报告,2025-04-11 00:00:00,1223056587,reports_raw/companies/300_chinext/300164_通源石油/2024/1223056587.pdf,https://static.cninfo.com.cn/finalpage/2025-04-11/1223056587.PDF
300165,ST天瑞,2024年年度报告,2025-04-28 00:00:00,1223318717,reports_raw/companies/300_chinext/300165_ST天瑞/2024/1223318717.pdf,https://static.cninfo.com.cn/finalpage/2025-04-28/1223318717.PDF
300167,*ST迪威,2024年年度报告,2025-04-30 00:00:00,1223424213,reports_raw/companies/300_chinext/300167_ST迪威/2024/1223424213.pdf,https://static.cninfo.com.cn/finalpage/2025-04-30/1223424213.PDF
300169,天晟新材,2024年年度报告,2025-04-29 00:00:00,1223375863,reports_raw/companies/300_chinext/300169_天晟新材/2024/1223375863.pdf,https://static.cninfo.com.cn/finalpage/2025-04-29/1223375863.PDF
300172,中电环保,2024年年度报告,2025-04-01 00:00:00,1222973674,reports_raw/companies/300_chinext/300172_中电环保/2024/1222973674.pdf,https://static.cninfo.com.cn/finalpage/2025-04-01/1222973674.PDF
300177,中海达,2024年年度报告,2025-04-16 00:00:00,1223103459,reports_raw/companies/300_chinext/300177_中海达/2024/1223103459.pdf,https://static.cninfo.com.cn/finalpage/2025-04-16/1223103459.PDF
300179,四方达,2024年年度报告,2025-03-28 00:00:00,1222926664,reports_raw/companies/300_chinext/300179_四方达/2024/1222926664.pdf,https://static.cninfo.com.cn/finalpage/2025-03-28/1222926664.PDF
300183,东软载波,2024年年度报告,2025-03-31 00:00:00,1222943793,reports_raw/companies/300_chinext/300183_东软载波/2024/1222943793.pdf,https://static.cninfo.com.cn/finalpage/2025-03-31/1222943793.PDF
300184,力源信息,2024年年度报告,2025-04-19 00:00:00,1223147867,reports_raw/companies/300_chinext/300184_力源信息/2024/1223147867.pdf,https://static.cninfo.com.cn/finalpage/2025-04-19/1223147867.PDF
300185,通裕重工,2024年年度报告,2025-04-29 00:00:00,1223372058,reports_raw/companies/300_chinext/300185_通裕重工/2024/1223372058.pdf,https://static.cninfo.com.cn/finalpage/2025-04-29/1223372058.PDF
300188,国投智能,2024年年度报告,2025-03-31 00:00:00,1222950752,reports_raw/companies/300_chinext/300188_国投智能/2024/1222950752.pdf,https://static.cninfo.com.cn/finalpage/2025-03-31/1222950752.PDF
300189,神农种业,2024年年度报告,2025-04-26 00:00:00,1223326682,reports_raw/companies/300_chinext/300189_神农种业/2024/1223326682.pdf,https://static.cninfo.com.cn/finalpage/2025-04-26/1223326682.PDF
300191,潜能恒信,2024年年度报告,2025-04-02 00:00:00,1222983541,reports_raw/companies/300_chinext/300191_潜能恒信/2024/1222983541.pdf,https://static.cninfo.com.cn/finalpage/2025-04-02/1222983541.PDF
300192,科德教育,2024年年度报告,2025-04-29 00:00:00,1223358099,reports_raw/companies/300_chinext/300192_科德教育/2024/1223358099.pdf,https://static.cninfo.com.cn/finalpage/2025-04-29/1223358099.PDF
300193,佳士科技,2024年年度报告,2025-03-29 00:00:00,1222940752,reports_raw/companies/300_chinext/300193_佳士科技/2024/1222940752.pdf,https://static.cninfo.com.cn/finalpage/2025-03-29/1222940752.PDF
300195,长荣股份,2024年年度报告,2025-04-28 00:00:00,1223316722,reports_raw/companies/300_chinext/300195_长荣股份/2024/1223316722.pdf,https://static.cninfo.com.cn/finalpage/2025-04-28/1223316722.PDF
300196,长海股份,2024年年度报告,2025-04-19 00:00:00,1223146064,reports_raw/companies/300_chinext/300196_长海股份/2024/1223146064.pdf,https://static.cninfo.com.cn/finalpage/2025-04-19/1223146064.PDF
300198,纳川股份,2024年年度报告,2025-04-29 00:00:00,1223373454,reports_raw/companies/300_chinext/300198_纳川股份/2024/1223373454.pdf,https://static.cninfo.com.cn/finalpage/2025-04-29/1223373454.PDF
300200,高盟新材,2024年年度报告,2025-03-28 00:00:00,1222924344,reports_raw/companies/300_chinext/300200_高盟新材/2024/1222924344.pdf,https://static.cninfo.com.cn/finalpage/2025-03-28/1222924344.PDF
300201,海伦哲,2024年年度报告,2025-04-15 00:00:00,1223095290,reports_raw/companies/300_chinext/300201_海伦哲/2024/1223095290.pdf,https://static.cninfo.com.cn/finalpage/2025-04-15/1223095290.PDF
300204,舒泰神,2024年年度报告,2025-03-25 00:00:00,1222879258,reports_raw/companies/300_chinext/300204_舒泰神/2024/1222879258.pdf,https://static.cninfo.com.cn/finalpage/2025-03-25/1222879258.PDF
300205,ST天喻,2024年年度报告,2025-04-29 00:00:00,1223385016,reports_raw/companies/300_chinext/300205_ST天喻/2024/1223385016.pdf,https://static.cninfo.com.cn/finalpage/2025-04-29/1223385016.PDF
300208,*ST中程,2024年年度报告,2025-04-30 21:42:33,1223451944,reports_raw/companies/300_chinext/300208_ST中程/2024/1223451944.pdf,https://static.cninfo.com.cn/finalpage/2025-04-30/1223451944.PDF
300209,*ST有树,2024年年度报告,2025-04-18 00:00:00,1223126766,reports_raw/companies/300_chinext/300209_ST有树/2024/1223126766.pdf,https://static.cninfo.com.cn/finalpage/2025-04-18/1223126766.PDF
300210,森远股份,2024年年度报告,2025-04-02 00:00:00,1222983785,reports_raw/companies/300_chinext/300210_森远股份/2024/1222983785.pdf,https://static.cninfo.com.cn/finalpage/2025-04-02/1222983785.PDF
300211,亿通科技,2024年年度报告,2025-04-30 00:00:00,1223413744,reports_raw/companies/300_chinext/300211_亿通科技/2024/1223413744.pdf,https://static.cninfo.com.cn/finalpage/2025-04-30/1223413744.PDF
300214,日科化学,2024年年度报告,2025-04-18 00:00:00,1223129427,reports_raw/companies/300_chinext/300214_日科化学/2024/1223129427.pdf,https://static.cninfo.com.cn/finalpage/2025-04-18/1223129427.PDF
300218,安利股份,2024年年度报告,2025-04-15 00:00:00,1223096246,reports_raw/companies/300_chinext/300218_安利股份/2024/1223096246.pdf,https://static.cninfo.com.cn/finalpage/2025-04-15/1223096246.PDF
300221,银禧科技,2024年年度报告,2025-04-03 00:00:00,1222992432,reports_raw/companies/300_chinext/300221_银禧科技/2024/1222992432.pdf,https://static.cninfo.com.cn/finalpage/2025-04-03/1222992432.PDF
300222,科大智能,2024年年度报告,2025-04-19 00:00:00,1223147967,reports_raw/companies/300_chinext/300222_科大智能/2024/1223147967.pdf,https://static.cninfo.com.cn/finalpage/2025-04-19/1223147967.PDF
300223,北京君正,2024年年度报告,2025-04-19 00:00:00,1223154348,reports_raw/companies/300_chinext/300223_北京君正/2024/1223154348.pdf,https://static.cninfo.com.cn/finalpage/2025-04-19/1223154348.PDF
300225,金力泰,2024年年度报告,2025-07-02 00:00:00,1224059006,reports_raw/companies/300_chinext/300225_金力泰/2024/1224059006.pdf,https://static.cninfo.com.cn/finalpage/2025-07-02/1224059006.PDF
300226,上海钢联,2024年年度报告,2025-04-03 00:00:00,1222992278,reports_raw/companies/300_chinext/300226_上海钢联/2024/1222992278.pdf,https://static.cninfo.com.cn/finalpage/2025-04-03/1222992278.PDF
300227,光韵达,2024年年度报告,2025-03-25 00:00:00,1222882292,reports_raw/companies/300_chinext/300227_光韵达/2024/1222882292.pdf,https://static.cninfo.com.cn/finalpage/2025-03-25/1222882292.PDF
300228,富瑞特装,2024年年度报告,2025-04-12 00:00:00,1223068709,reports_raw/companies/300_chinext/300228_富瑞特装/2024/1223068709.pdf,https://static.cninfo.com.cn/finalpage/2025-04-12/1223068709.PDF
300229,拓尔思,2024年年度报告,2025-04-18 00:00:00,1223130052,reports_raw/companies/300_chinext/300229_拓尔思/2024/1223130052.pdf,https://static.cninfo.com.cn/finalpage/2025-04-18/1223130052.PDF
300230,永利股份,2024年年度报告,2025-04-28 00:00:00,1223300773,reports_raw/companies/300_chinext/300230_永利股份/2024/1223300773.pdf,https://static.cninfo.com.cn/finalpage/2025-04-28/1223300773.PDF
300233,金城医药,2024年年度报告,2025-03-28 00:00:00,1222923441,reports_raw/companies/300_chinext/300233_金城医药/2024/1222923441.pdf,https://static.cninfo.com.cn/finalpage/2025-03-28/1222923441.PDF
300234,开尔新材,2024年年度报告,2025-04-12 00:00:00,1223069134,reports_raw/companies/300_chinext/300234_开尔新材/2024/1223069134.pdf,https://static.cninfo.com.cn/finalpage/2025-04-12/1223069134.PDF
300236,上海新阳,2024年年度报告,2025-04-18 00:00:00,1223141520,reports_raw/companies/300_chinext/300236_上海新阳/2024/1223141520.pdf,https://static.cninfo.com.cn/finalpage/2025-04-18/1223141520.pdf
300237,ST美晨,山东美晨科技股份有限公司2024年年度报告（更新后）,2025-10-31 00:00:00,1224775277,reports_raw/companies/300_chinext/300237_ST美晨/2024/1224775277.pdf,https://static.cninfo.com.cn/finalpage/2025-10-31/1224775277.PDF
300240,飞力达,2024年年度报告,2025-04-19 00:00:00,1223143890,reports_raw/companies/300_chinext/300240_飞力达/2024/1223143890.pdf,https://static.cninfo.com.cn/finalpage/2025-04-19/1223143890.PDF
300242,佳云科技,2024年年度报告,2025-04-18 00:00:00,1223126548,reports_raw/companies/300_chinext/300242_佳云科技/2024/1223126548.pdf,https://static.cninfo.com.cn/finalpage/2025-04-18/1223126548.PDF
300245,天玑科技,2024年年度报告,2025-04-26 00:00:00,1223348225,reports_raw/companies/300_chinext/300245_天玑科技/2024/1223348225.pdf,https://static.cninfo.com.cn/finalpage/2025-04-26/1223348225.pdf
300253,卫宁健康,2024年年度报告,2025-04-19 00:00:00,1223150539,reports_raw/companies/300_chinext/300253_卫宁健康/2024/1223150539.pdf,https://static.cninfo.com.cn/finalpage/2025-04-19/1223150539.PDF
300254,仟源医药,2024年年度报告,2025-04-15 00:00:00,1223095667,reports_raw/companies/300_chinext/300254_仟源医药/2024/1223095667.pdf,https://static.cninfo.com.cn/finalpage/2025-04-15/1223095667.PDF
300255,常山药业,2024年年度报告,2025-04-29 00:00:00,1223374829,reports_raw/companies/300_chinext/300255_常山药业/2024/1223374829.pdf,https://static.cninfo.com.cn/finalpage/2025-04-29/1223374829.PDF
300258,精锻科技,2024年年度报告,2025-04-19 00:00:00,1223153202,reports_raw/companies/300_chinext/300258_精锻科技/2024/1223153202.pdf,https://static.cninfo.com.cn/finalpage/2025-04-19/1223153202.PDF
300259,新天科技,2024年年度报告,2025-04-19 00:00:00,1223143518,reports_raw/companies/300_chinext/300259_新天科技/2024/1223143518.pdf,https://static.cninfo.com.cn/finalpage/2025-04-19/1223143518.PDF
300260,新莱应材,2024年年度报告,2025-04-29 00:00:00,1223362130,reports_raw/companies/300_chinext/300260_新莱应材/2024/1223362130.pdf,https://static.cninfo.com.cn/finalpage/2025-04-29/1223362130.PDF
300265,通光线缆,2024年年度报告,2025-04-19 00:00:00,1223153747,reports_raw/companies/300_chinext/300265_通光线缆/2024/1223153747.pdf,https://static.cninfo.com.cn/finalpage/2025-04-19/1223153747.PDF
300266,兴源环境,2024年年度报告,2025-04-28 00:00:00,1223322387,reports_raw/companies/300_chinext/300266_兴源环境/2024/1223322387.pdf,https://static.cninfo.com.cn/finalpage/2025-04-28/1223322387.PDF
300268,ST佳沃,2024年年度报告,2025-03-13 00:00:00,1222779084,reports_raw/companies/300_chinext/300268_ST佳沃/2024/1222779084.pdf,https://static.cninfo.com.cn/finalpage/2025-03-13/1222779084.PDF
300269,联建光电,2024年年度报告,2025-04-16 00:00:00,1223100175,reports_raw/companies/300_chinext/300269_联建光电/2024/1223100175.pdf,https://static.cninfo.com.cn/finalpage/2025-04-16/1223100175.PDF
300271,华宇软件,2024年年度报告,2025-04-19 00:00:00,1223152333,reports_raw/companies/300_chinext/300271_华宇软件/2024/1223152333.pdf,https://static.cninfo.com.cn/finalpage/2025-04-19/1223152333.PDF
300272,开能健康,2024年年度报告,2025-04-29 00:00:00,1223356386,reports_raw/companies/300_chinext/300272_开能健康/2024/1223356386.pdf,https://static.cninfo.com.cn/finalpage/2025-04-29/1223356386.PDF
300274,阳光电源,关于2024年年度报告（英文简版）的自愿性披露公告,2025-06-13 18:00:31,1223877852,reports_raw/companies/300_chinext/300274_阳光电源/2024/1223877852.pdf,https://static.cninfo.com.cn/finalpage/2025-06-13/1223877852.PDF
300275,梅安森,2024年年度报告,2025-04-17 00:00:00,1223107572,reports_raw/companies/300_chinext/300275_梅安森/2024/1223107572.pdf,https://static.cninfo.com.cn/finalpage/2025-04-17/1223107572.PDF
300277,海联讯,2024年年度报告,2025-03-28 00:00:00,1222923769,reports_raw/companies/300_chinext/300277_海联讯/2024/1222923769.pdf,https://static.cninfo.com.cn/finalpage/2025-03-28/1222923769.PDF
300278,华昌达,2024年年度报告,2025-04-18 00:00:00,1223122972,reports_raw/companies/300_chinext/300278_华昌达/2024/1223122972.pdf,https://static.cninfo.com.cn/finalpage/2025-04-18/1223122972.PDF
300279,和晶科技,2024年年度报告,2025-04-19 00:00:00,1223150189,reports_raw/companies/300_chinext/300279_和晶科技/2024/1223150189.pdf,https://static.cninfo.com.cn/finalpage/2025-04-19/1223150189.PDF
300281,金明精机,2024年年度报告,2025-03-28 00:00:00,1222925307,reports_raw/companies/300_chinext/300281_金明精机/2024/1222925307.pdf,https://static.cninfo.com.cn/finalpage/2025-03-28/1222925307.PDF
300283,温州宏丰,2024年年度报告,2025-04-18 00:00:00,1223127836,reports_raw/companies/300_chinext/300283_温州宏丰/2024/1223127836.pdf,https://static.cninfo.com.cn/finalpage/2025-04-18/1223127836.PDF
300284,苏交科,2024年年度报告,2025-04-15 00:00:00,1223096868,reports_raw/companies/300_chinext/300284_苏交科/2024/1223096868.pdf,https://static.cninfo.com.cn/finalpage/2025-04-15/1223096868.PDF
300286,安科瑞,2024年年度报告,2025-04-19 00:00:00,1223148625,reports_raw/companies/300_chinext/300286_安科瑞/2024/1223148625.pdf,https://static.cninfo.com.cn/finalpage/2025-04-19/1223148625.PDF
300287,飞利信,2024年年度报告,2025-04-26 00:00:00,1223323159,reports_raw/companies/300_chinext/300287_飞利信/2024/1223323159.pdf,https://static.cninfo.com.cn/finalpage/2025-04-26/1223323159.PDF
300289,利德曼,2024年年度报告,2025-03-28 00:00:00,1222924433,reports_raw/companies/300_chinext/300289_利德曼/2024/1222924433.pdf,https://static.cninfo.com.cn/finalpage/2025-03-28/1222924433.PDF
300294,博雅生物,2024年年度报告,2025-03-19 00:00:00,1222834973,reports_raw/companies/300_chinext/300294_博雅生物/2024/1222834973.pdf,https://static.cninfo.com.cn/finalpage/2025-03-19/1222834973.PDF
300300,ST峡创,2024年年度报告,2025-04-28 00:00:00,1223330125,reports_raw/companies/300_chinext/300300_ST峡创/2024/1223330125.pdf,https://static.cninfo.com.cn/finalpage/2025-04-28/1223330125.PDF
300301,*ST长方,2024年年度报告,2025-03-29 00:00:00,1222950617,reports_raw/companies/300_chinext/300301_ST长方/2024/1222950617.pdf,https://static.cninfo.com.cn/finalpage/2025-03-29/1222950617.PDF
300302,同有科技,2024年年度报告,2025-04-29 00:00:00,1223369591,reports_raw/companies/300_chinext/300302_同有科技/2024/1223369591.pdf,https://static.cninfo.com.cn/finalpage/2025-04-29/1223369591.PDF
300303,聚飞光电,2024年年度报告,2025-04-19 00:00:00,1223155546,reports_raw/companies/300_chinext/300303_聚飞光电/2024/1223155546.pdf,https://static.cninfo.com.cn/finalpage/2025-04-19/1223155546.PDF
300304,云意电气,2024年年度报告,2025-03-21 00:00:00,1222857784,reports_raw/companies/300_chinext/300304_云意电气/2024/1222857784.pdf,https://static.cninfo.com.cn/finalpage/2025-03-21/1222857784.PDF
300305,裕兴股份,2024年年度报告,2025-04-17 00:00:00,1223110880,reports_raw/companies/300_chinext/300305_裕兴股份/2024/1223110880.pdf,https://static.cninfo.com.cn/finalpage/2025-04-17/1223110880.pdf
300306,远方信息,2024年年度报告,2025-04-16 00:00:00,1223099682,reports_raw/companies/300_chinext/300306_远方信息/2024/1223099682.pdf,https://static.cninfo.com.cn/finalpage/2025-04-16/1223099682.PDF
300307,慈星股份,2024年年度报告,2025-04-16 00:00:00,1223100229,reports_raw/companies/300_chinext/300307_慈星股份/2024/1223100229.pdf,https://static.cninfo.com.cn/finalpage/2025-04-16/1223100229.PDF
300310,宜通世纪,2024年年度报告,2025-04-01 00:00:00,1222972461,reports_raw/companies/300_chinext/300310_宜通世纪/2024/1222972461.pdf,https://static.cninfo.com.cn/finalpage/2025-04-01/1222972461.PDF
300311,任子行,2024年年度报告,2025-04-28 00:00:00,1223312301,reports_raw/companies/300_chinext/300311_任子行/2024/1223312301.pdf,https://static.cninfo.com.cn/finalpage/2025-04-28/1223312301.PDF
300313,ST天山,2024年年度报告,2025-04-29 00:00:00,1223376914,reports_raw/companies/300_chinext/300313_ST天山/2024/1223376914.pdf,https://static.cninfo.com.cn/finalpage/2025-04-29/1223376914.PDF
300314,戴维医疗,2024年年度报告,2025-04-09 00:00:00,1223030966,reports_raw/companies/300_chinext/300314_戴维医疗/2024/1223030966.pdf,https://static.cninfo.com.cn/finalpage/2025-04-09/1223030966.PDF
300315,掌趣科技,2024年年度报告,2025-04-29 00:00:00,1223367987,reports_raw/companies/300_chinext/300315_掌趣科技/2024/1223367987.pdf,https://static.cninfo.com.cn/finalpage/2025-04-29/1223367987.PDF
300316,晶盛机电,2024年年度报告,2025-04-19 00:00:00,1223152654,reports_raw/companies/300_chinext/300316_晶盛机电/2024/1223152654.pdf,https://static.cninfo.com.cn/finalpage/2025-04-19/1223152654.PDF
300319,麦捷科技,2024年年度报告,2025-03-28 00:00:00,1222927765,reports_raw/companies/300_chinext/300319_麦捷科技/2024/1222927765.pdf,https://static.cninfo.com.cn/finalpage/2025-03-28/1222927765.PDF
300320,海达股份,2024年年度报告,2025-03-29 00:00:00,1222943541,reports_raw/companies/300_chinext/300320_海达股份/2024/1222943541.pdf,https://static.cninfo.com.cn/finalpage/2025-03-29/1222943541.PDF
300322,硕贝德,2024年年度报告,2025-04-28 00:00:00,1223323523,reports_raw/companies/300_chinext/300322_硕贝德/2024/1223323523.pdf,https://static.cninfo.com.cn/finalpage/2025-04-28/1223323523.PDF
300323,华灿光电,2024年年度报告,2025-03-26 00:00:00,1222896628,reports_raw/companies/300_chinext/300323_华灿光电/2024/1222896628.pdf,https://static.cninfo.com.cn/finalpage/2025-03-26/1222896628.PDF
300324,旋极信息,2024年年度报告,2025-04-19 00:00:00,1223155465,reports_raw/companies/300_chinext/300324_旋极信息/2024/1223155465.pdf,https://static.cninfo.com.cn/finalpage/2025-04-19/1223155465.PDF
300326,ST凯利,上海凯利泰医疗科技股份有限公司2024年年度报告 （更正后）,2025-05-16 20:50:30,1223567388,reports_raw/companies/300_chinext/300326_ST凯利/2024/1223567388.pdf,https://static.cninfo.com.cn/finalpage/2025-05-16/1223567388.PDF
300327,中颖电子,2024年年度报告,2025-03-29 00:00:00,1222946810,reports_raw/companies/300_chinext/300327_中颖电子/2024/1222946810.pdf,https://static.cninfo.com.cn/finalpage/2025-03-29/1222946810.PDF
300329,海伦钢琴,2024年年度报告,2025-04-18 00:00:00,1223126959,reports_raw/companies/300_chinext/300329_海伦钢琴/2024/1223126959.pdf,https://static.cninfo.com.cn/finalpage/2025-04-18/1223126959.PDF
300332,天壕能源,2024年年度报告,2025-04-29 00:00:00,1223360122,reports_raw/companies/300_chinext/300332_天壕能源/2024/1223360122.pdf,https://static.cninfo.com.cn/finalpage/2025-04-29/1223360122.PDF
300335,迪森股份,2024年年度报告,2025-04-10 00:00:00,1223044892,reports_raw/companies/300_chinext/300335_迪森股份/2024/1223044892.pdf,https://static.cninfo.com.cn/finalpage/2025-04-10/1223044892.PDF
300337,银邦股份,2024年年度报告,2025-04-18 00:00:00,1223120427,reports_raw/companies/300_chinext/300337_银邦股份/2024/1223120427.pdf,https://static.cninfo.com.cn/finalpage/2025-04-18/1223120427.PDF
300338,ST开元,开元教育科技集团股份有限公司2024年年度报告（更正后）,2025-06-20 00:00:00,1223933161,reports_raw/companies/300_chinext/300338_ST开元/2024/1223933161.pdf,https://static.cninfo.com.cn/finalpage/2025-06-20/1223933161.PDF
300340,科恒股份,2024年年度报告,2025-04-29 00:00:00,1223389109,reports_raw/companies/300_chinext/300340_科恒股份/2024/1223389109.pdf,https://static.cninfo.com.cn/finalpage/2025-04-29/1223389109.PDF
300342,天银机电,2024年年度报告,2025-04-12 00:00:00,1223068979,reports_raw/companies/300_chinext/300342_天银机电/2024/1223068979.pdf,https://static.cninfo.com.cn/finalpage/2025-04-12/1223068979.PDF
300344,立方数科,2024年年度报告,2025-04-29 00:00:00,1223388098,reports_raw/companies/300_chinext/300344_立方数科/2024/1223388098.pdf,https://static.cninfo.com.cn/finalpage/2025-04-29/1223388098.PDF
300345,华民股份,2024年年度报告,2025-04-26 00:00:00,1223322025,reports_raw/companies/300_chinext/300345_华民股份/2024/1223322025.pdf,https://static.cninfo.com.cn/finalpage/2025-04-26/1223322025.PDF
300346,南大光电,2024年年度报告,2025-04-03 00:00:00,1222992364,reports_raw/companies/300_chinext/300346_南大光电/2024/1222992364.pdf,https://static.cninfo.com.cn/finalpage/2025-04-03/1222992364.PDF
300347,泰格医药,2024年年度报告,2025-03-28 00:00:00,1222923279,reports_raw/companies/300_chinext/300347_泰格医药/2024/1222923279.pdf,https://static.cninfo.com.cn/finalpage/2025-03-28/1222923279.PDF
300348,长亮科技,2024年年度报告,2025-04-18 00:00:00,1223129154,reports_raw/companies/300_chinext/300348_长亮科技/2024/1223129154.pdf,https://static.cninfo.com.cn/finalpage/2025-04-18/1223129154.PDF
300350,华鹏飞,2024年年度报告,2025-04-29 00:00:00,1223388677,reports_raw/companies/300_chinext/300350_华鹏飞/2024/1223388677.pdf,https://static.cninfo.com.cn/finalpage/2025-04-29/1223388677.PDF
300353,东土科技,2024年年度报告,2025-03-04 00:00:00,1222694710,reports_raw/companies/300_chinext/300353_东土科技/2024/1222694710.pdf,https://static.cninfo.com.cn/finalpage/2025-03-04/1222694710.PDF
300354,东华测试,2024年年度报告,2025-04-18 00:00:00,1223128605,reports_raw/companies/300_chinext/300354_东华测试/2024/1223128605.pdf,https://static.cninfo.com.cn/finalpage/2025-04-18/1223128605.PDF
300357,我武生物,2024年年度报告,2025-04-19 00:00:00,1223145501,reports_raw/companies/300_chinext/300357_我武生物/2024/1223145501.pdf,https://static.cninfo.com.cn/finalpage/2025-04-19/1223145501.PDF
300358,楚天科技,2024年年度报告,2025-04-29 00:00:00,1223364460,reports_raw/companies/300_chinext/300358_楚天科技/2024/1223364460.pdf,https://static.cninfo.com.cn/finalpage/2025-04-29/1223364460.PDF
300359,全通教育,2024年年度报告,2025-04-29 00:00:00,1223359715,reports_raw/companies/300_chinext/300359_全通教育/2024/1223359715.pdf,https://static.cninfo.com.cn/finalpage/2025-04-29/1223359715.PDF
300363,博腾股份,2024年年度报告,2025-03-29 00:00:00,1222950027,reports_raw/companies/300_chinext/300363_博腾股份/2024/1222950027.pdf,https://static.cninfo.com.cn/finalpage/2025-03-29/1222950027.PDF
300364,中文在线,2024年年度报告,2025-04-29 00:00:00,1223385316,reports_raw/companies/300_chinext/300364_中文在线/2024/1223385316.pdf,https://static.cninfo.com.cn/finalpage/2025-04-29/1223385316.PDF
300365,恒华科技,2024年年度报告,2025-04-19 00:00:00,1223150886,reports_raw/companies/300_chinext/300365_恒华科技/2024/1223150886.pdf,https://static.cninfo.com.cn/finalpage/2025-04-19/1223150886.PDF
300366,创意信息,2024年年度报告,2025-04-29 00:00:00,1223378468,reports_raw/companies/300_chinext/300366_创意信息/2024/1223378468.pdf,https://static.cninfo.com.cn/finalpage/2025-04-29/1223378468.PDF
300370,安控科技,2024年年度报告,2025-04-18 00:00:00,1223124768,reports_raw/companies/300_chinext/300370_安控科技/2024/1223124768.pdf,https://static.cninfo.com.cn/finalpage/2025-04-18/1223124768.pdf
300371,汇中股份,2024年年度报告,2025-04-18 00:00:00,1223123325,reports_raw/companies/300_chinext/300371_汇中股份/2024/1223123325.pdf,https://static.cninfo.com.cn/finalpage/2025-04-18/1223123325.PDF
300373,扬杰科技,2024年年度报告,2025-03-31 00:00:00,1222949517,reports_raw/companies/300_chinext/300373_扬杰科技/2024/1222949517.pdf,https://static.cninfo.com.cn/finalpage/2025-03-31/1222949517.PDF
300374,中铁装配,2024年年度报告,2025-03-28 00:00:00,1222927337,reports_raw/companies/300_chinext/300374_中铁装配/2024/1222927337.pdf,https://static.cninfo.com.cn/finalpage/2025-03-28/1222927337.PDF
300376,ST易事特,2024年年度报告,2025-04-29 00:00:00,1223371523,reports_raw/companies/300_chinext/300376_ST易事特/2024/1223371523.pdf,https://static.cninfo.com.cn/finalpage/2025-04-29/1223371523.PDF
300377,赢时胜,2024年年度报告,2025-04-29 00:00:00,1223378116,reports_raw/companies/300_chinext/300377_赢时胜/2024/1223378116.pdf,https://static.cninfo.com.cn/finalpage/2025-04-29/1223378116.PDF
300379,东方通,2024年年度报告,2025-04-30 00:00:00,1223423923,reports_raw/companies/300_chinext/300379_东方通/2024/1223423923.pdf,https://static.cninfo.com.cn/finalpage/2025-04-30/1223423923.PDF
300380,安硕信息,2024年年度报告,2025-04-28 00:00:00,1223311795,reports_raw/companies/300_chinext/300380_安硕信息/2024/1223311795.pdf,https://static.cninfo.com.cn/finalpage/2025-04-28/1223311795.PDF
300381,溢多利,2024年年度报告,2025-04-19 00:00:00,1223149453,reports_raw/companies/300_chinext/300381_溢多利/2024/1223149453.pdf,https://static.cninfo.com.cn/finalpage/2025-04-19/1223149453.PDF
300382,斯莱克,2024年年度报告,2025-04-26 00:00:00,1223319986,reports_raw/companies/300_chinext/300382_斯莱克/2024/1223319986.pdf,https://static.cninfo.com.cn/finalpage/2025-04-26/1223319986.PDF
300383,光环新网,2024年年度报告,2025-04-19 00:00:00,1223150812,reports_raw/companies/300_chinext/300383_光环新网/2024/1223150812.pdf,https://static.cninfo.com.cn/finalpage/2025-04-19/1223150812.PDF
300386,飞天诚信,2024年年度报告,2025-04-18 00:00:00,1223121791,reports_raw/companies/300_chinext/300386_飞天诚信/2024/1223121791.pdf,https://static.cninfo.com.cn/finalpage/2025-04-18/1223121791.PDF
300388,节能国祯,2024年年度报告,2025-03-19 00:00:00,1222835545,reports_raw/companies/300_chinext/300388_节能国祯/2024/1222835545.pdf,https://static.cninfo.com.cn/finalpage/2025-03-19/1222835545.PDF
300396,迪瑞医疗,2024年年度报告,2025-03-29 00:00:00,1222944230,reports_raw/companies/300_chinext/300396_迪瑞医疗/2024/1222944230.pdf,https://static.cninfo.com.cn/finalpage/2025-03-29/1222944230.PDF
300399,天利科技,2024年年度报告,2025-04-18 00:00:00,1223128557,reports_raw/companies/300_chinext/300399_天利科技/2024/1223128557.pdf,https://static.cninfo.com.cn/finalpage/2025-04-18/1223128557.PDF
300401,花园生物,2024年年度报告,2025-03-25 00:00:00,1222880975,reports_raw/companies/300_chinext/300401_花园生物/2024/1222880975.pdf,https://static.cninfo.com.cn/finalpage/2025-03-25/1222880975.PDF
300402,宝色股份,2024年年度报告,2025-04-03 00:00:00,1222992157,reports_raw/companies/300_chinext/300402_宝色股份/2024/1222992157.pdf,https://static.cninfo.com.cn/finalpage/2025-04-03/1222992157.PDF
300403,汉宇集团,2024年年度报告,2025-03-25 00:00:00,1222882310,reports_raw/companies/300_chinext/300403_汉宇集团/2024/1222882310.pdf,https://static.cninfo.com.cn/finalpage/2025-03-25/1222882310.PDF
300406,九强生物,2024年年度报告,2025-03-29 00:00:00,1222946051,reports_raw/companies/300_chinext/300406_九强生物/2024/1222946051.pdf,https://static.cninfo.com.cn/finalpage/2025-03-29/1222946051.PDF
300412,迦南科技,2024年年度报告,2025-04-19 00:00:00,1223141736,reports_raw/companies/300_chinext/300412_迦南科技/2024/1223141736.pdf,https://static.cninfo.com.cn/finalpage/2025-04-19/1223141736.PDF
300414,中光防雷,2024年年度报告,2025-04-18 00:00:00,1223122531,reports_raw/companies/300_chinext/300414_中光防雷/2024/1223122531.pdf,https://static.cninfo.com.cn/finalpage/2025-04-18/1223122531.PDF
300416,苏试试验,2024年年度报告,2025-04-10 00:00:00,1223044904,reports_raw/companies/300_chinext/300416_苏试试验/2024/1223044904.pdf,https://static.cninfo.com.cn/finalpage/2025-04-10/1223044904.PDF
300418,昆仑万维,2024年年度报告,2025-04-26 00:00:00,1223323644,reports_raw/companies/300_chinext/300418_昆仑万维/2024/1223323644.pdf,https://static.cninfo.com.cn/finalpage/2025-04-26/1223323644.PDF
300419,ST浩丰,2024年年度报告,2025-04-28 00:00:00,1223328448,reports_raw/companies/300_chinext/300419_ST浩丰/2024/1223328448.pdf,https://static.cninfo.com.cn/finalpage/2025-04-28/1223328448.PDF
300420,五洋自控,2024年年度报告,2025-04-19 00:00:00,1223152526,reports_raw/companies/300_chinext/300420_五洋自控/2024/1223152526.pdf,https://static.cninfo.com.cn/finalpage/2025-04-19/1223152526.PDF
300423,昇辉科技,2024年年度报告,2025-04-28 00:00:00,1223330273,reports_raw/companies/300_chinext/300423_昇辉科技/2024/1223330273.pdf,https://static.cninfo.com.cn/finalpage/2025-04-28/1223330273.PDF
300424,航新科技,2024年年度报告,2025-04-29 00:00:00,1223368795,reports_raw/companies/300_chinext/300424_航新科技/2024/1223368795.pdf,https://static.cninfo.com.cn/finalpage/2025-04-29/1223368795.PDF
300426,唐德影视,2024年年度报告,2025-03-31 00:00:00,1222944027,reports_raw/companies/300_chinext/300426_唐德影视/2024/1222944027.pdf,https://static.cninfo.com.cn/finalpage/2025-03-31/1222944027.PDF
300429,强力新材,2024年年度报告,2025-04-29 00:00:00,1223368966,reports_raw/companies/300_chinext/300429_强力新材/2024/1223368966.pdf,https://static.cninfo.com.cn/finalpage/2025-04-29/1223368966.PDF
300432,富临精工,2024年年度报告,2025-04-29 00:00:00,1223376207,reports_raw/companies/300_chinext/300432_富临精工/2024/1223376207.pdf,https://static.cninfo.com.cn/finalpage/2025-04-29/1223376207.PDF
300433,蓝思科技,2024年年度报告,2025-03-28 00:00:00,1222928897,reports_raw/companies/300_chinext/300433_蓝思科技/2024/1222928897.pdf,https://static.cninfo.com.cn/finalpage/2025-03-28/1222928897.PDF
300435,中泰股份,2024年年度报告,2025-04-18 00:00:00,1223122440,reports_raw/companies/300_chinext/300435_中泰股份/2024/1223122440.pdf,https://static.cninfo.com.cn/finalpage/2025-04-18/1223122440.PDF
300436,广生堂,2024年年度报告,2025-04-18 00:00:00,1223129797,reports_raw/companies/300_chinext/300436_广生堂/2024/1223129797.pdf,https://static.cninfo.com.cn/finalpage/2025-04-18/1223129797.PDF
300437,清水源,2024年年度报告,2025-04-30 00:00:00,1223413107,reports_raw/companies/300_chinext/300437_清水源/2024/1223413107.pdf,https://static.cninfo.com.cn/finalpage/2025-04-30/1223413107.PDF
300439,美康生物,2024年年度报告,2025-04-19 00:00:00,1223141782,reports_raw/companies/300_chinext/300439_美康生物/2024/1223141782.pdf,https://static.cninfo.com.cn/finalpage/2025-04-19/1223141782.PDF
300440,运达科技,2024年年度报告,2025-04-19 00:00:00,1223153671,reports_raw/companies/300_chinext/300440_运达科技/2024/1223153671.pdf,https://static.cninfo.com.cn/finalpage/2025-04-19/1223153671.PDF
300441,鲍斯股份,2024年年度报告,2025-03-29 00:00:00,1222944978,reports_raw/companies/300_chinext/300441_鲍斯股份/2024/1222944978.pdf,https://static.cninfo.com.cn/finalpage/2025-03-29/1222944978.PDF
300443,金雷股份,2024年年度报告,2025-03-28 00:00:00,1222926708,reports_raw/companies/300_chinext/300443_金雷股份/2024/1222926708.pdf,https://static.cninfo.com.cn/finalpage/2025-03-28/1222926708.PDF
300444,双杰电气,2024年年度报告,2025-04-16 00:00:00,1223101502,reports_raw/companies/300_chinext/300444_双杰电气/2024/1223101502.pdf,https://static.cninfo.com.cn/finalpage/2025-04-16/1223101502.PDF
300445,康斯特,2024年年度报告,2025-03-28 00:00:00,1222927045,reports_raw/companies/300_chinext/300445_康斯特/2024/1222927045.pdf,https://static.cninfo.com.cn/finalpage/2025-03-28/1222927045.PDF
300446,航天智造,2024年年度报告,2025-03-29 00:00:00,1222950699,reports_raw/companies/300_chinext/300446_航天智造/2024/1222950699.pdf,https://static.cninfo.com.cn/finalpage/2025-03-29/1222950699.PDF
300450,先导智能,2024年年度报告,2025-04-29 00:00:00,1223386534,reports_raw/companies/300_chinext/300450_先导智能/2024/1223386534.pdf,https://static.cninfo.com.cn/finalpage/2025-04-29/1223386534.PDF
300451,创业慧康,2024年年度报告,2025-04-15 00:00:00,1223093821,reports_raw/companies/300_chinext/300451_创业慧康/2024/1223093821.pdf,https://static.cninfo.com.cn/finalpage/2025-04-15/1223093821.PDF
300453,三鑫医疗,2024年年度报告,2025-03-27 00:00:00,1222911760,reports_raw/companies/300_chinext/300453_三鑫医疗/2024/1222911760.pdf,https://static.cninfo.com.cn/finalpage/2025-03-27/1222911760.PDF
300454,深信服,2024年年度报告,2025-03-29 00:00:00,1222939455,reports_raw/companies/300_chinext/300454_深信服/2024/1222939455.pdf,https://static.cninfo.com.cn/finalpage/2025-03-29/1222939455.PDF
300455,航天智装,2024年年度报告,2025-03-29 00:00:00,1222949123,reports_raw/companies/300_chinext/300455_航天智装/2024/1222949123.pdf,https://static.cninfo.com.cn/finalpage/2025-03-29/1222949123.PDF
300456,赛微电子,2024年年度报告,2025-03-20 00:00:00,1222847674,reports_raw/companies/300_chinext/300456_赛微电子/2024/1222847674.pdf,https://static.cninfo.com.cn/finalpage/2025-03-20/1222847674.PDF
300457,赢合科技,2024年年度报告,2025-03-29 00:00:00,1222950552,reports_raw/companies/300_chinext/300457_赢合科技/2024/1222950552.pdf,https://static.cninfo.com.cn/finalpage/2025-03-29/1222950552.PDF
300458,全志科技,2024年年度报告,2025-03-28 00:00:00,1222928548,reports_raw/companies/300_chinext/300458_全志科技/2024/1222928548.pdf,https://static.cninfo.com.cn/finalpage/2025-03-28/1222928548.PDF
300459,汤姆猫,2024年年度报告,2025-04-29 00:00:00,1223364925,reports_raw/companies/300_chinext/300459_汤姆猫/2024/1223364925.pdf,https://static.cninfo.com.cn/finalpage/2025-04-29/1223364925.PDF
300460,惠伦晶体,2024年年度报告,2025-04-29 00:00:00,1223383179,reports_raw/companies/300_chinext/300460_惠伦晶体/2024/1223383179.pdf,https://static.cninfo.com.cn/finalpage/2025-04-29/1223383179.PDF
300462,华铭智能,2024年年度报告,2025-04-29 00:00:00,1223381496,reports_raw/companies/300_chinext/300462_华铭智能/2024/1223381496.pdf,https://static.cninfo.com.cn/finalpage/2025-04-29/1223381496.PDF
300463,迈克生物,2024年年度报告,2025-04-29 00:00:00,1223360248,reports_raw/companies/300_chinext/300463_迈克生物/2024/1223360248.pdf,https://static.cninfo.com.cn/finalpage/2025-04-29/1223360248.PDF
300465,高伟达,2024年年度报告,2025-03-27 00:00:00,1222911148,reports_raw/companies/300_chinext/300465_高伟达/2024/1222911148.pdf,https://static.cninfo.com.cn/finalpage/2025-03-27/1222911148.PDF
300468,四方精创,2024年年度报告,2025-04-28 00:00:00,1223320536,reports_raw/companies/300_chinext/300468_四方精创/2024/1223320536.pdf,https://static.cninfo.com.cn/finalpage/2025-04-28/1223320536.PDF
300469,信息发展,2024年年度报告,2025-04-29 00:00:00,1223384323,reports_raw/companies/300_chinext/300469_信息发展/2024/1223384323.pdf,https://static.cninfo.com.cn/finalpage/2025-04-29/1223384323.PDF
300470,中密控股,2024年年度报告,2025-04-15 00:00:00,1223092159,reports_raw/companies/300_chinext/300470_中密控股/2024/1223092159.pdf,https://static.cninfo.com.cn/finalpage/2025-04-15/1223092159.PDF
300472,新元科技,2024年年度报告,2025-04-30 00:00:00,1223425321,reports_raw/companies/300_chinext/300472_新元科技/2024/1223425321.pdf,https://static.cninfo.com.cn/finalpage/2025-04-30/1223425321.PDF
300475,香农芯创,2024年年度报告,2025-04-08 00:00:00,1223021778,reports_raw/companies/300_chinext/300475_香农芯创/2024/1223021778.pdf,https://static.cninfo.com.cn/finalpage/2025-04-08/1223021778.PDF
300476,胜宏科技,2024年年度报告,2025-03-29 00:00:00,1222949182,reports_raw/companies/300_chinext/300476_胜宏科技/2024/1222949182.pdf,https://static.cninfo.com.cn/finalpage/2025-03-29/1222949182.PDF
300477,合纵科技,2024年年度报告,2025-04-29 00:00:00,1223389198,reports_raw/companies/300_chinext/300477_合纵科技/2024/1223389198.pdf,https://static.cninfo.com.cn/finalpage/2025-04-29/1223389198.PDF
300479,神思电子,2024年年度报告,2025-03-31 00:00:00,1222948468,reports_raw/companies/300_chinext/300479_神思电子/2024/1222948468.pdf,https://static.cninfo.com.cn/finalpage/2025-03-31/1222948468.PDF
300480,光力科技,2024年年度报告,2025-04-29 00:00:00,1223369863,reports_raw/companies/300_chinext/300480_光力科技/2024/1223369863.pdf,https://static.cninfo.com.cn/finalpage/2025-04-29/1223369863.pdf
300481,濮阳惠成,2024年年度报告,2025-03-28 00:00:00,1222925240,reports_raw/companies/300_chinext/300481_濮阳惠成/2024/1222925240.pdf,https://static.cninfo.com.cn/finalpage/2025-03-28/1222925240.PDF
300482,万孚生物,2024年年度报告,2025-04-10 00:00:00,1223042956,reports_raw/companies/300_chinext/300482_万孚生物/2024/1223042956.pdf,https://static.cninfo.com.cn/finalpage/2025-04-10/1223042956.PDF
300485,赛升药业,2024年年度报告,2025-03-29 00:00:00,1222939215,reports_raw/companies/300_chinext/300485_赛升药业/2024/1222939215.pdf,https://static.cninfo.com.cn/finalpage/2025-03-29/1222939215.PDF
300486,东杰智能,2024年年度报告,2025-04-18 00:00:00,1223125086,reports_raw/companies/300_chinext/300486_东杰智能/2024/1223125086.pdf,https://static.cninfo.com.cn/finalpage/2025-04-18/1223125086.PDF
300488,恒锋工具,2024年年度报告,2025-04-29 00:00:00,1223359317,reports_raw/companies/300_chinext/300488_恒锋工具/2024/1223359317.pdf,https://static.cninfo.com.cn/finalpage/2025-04-29/1223359317.PDF
300489,光智科技,2024年年度报告,2025-03-15 00:00:00,1222806638,reports_raw/companies/300_chinext/300489_光智科技/2024/1222806638.pdf,https://static.cninfo.com.cn/finalpage/2025-03-15/1222806638.PDF
300491,通合科技,2024年年度报告,2025-04-29 00:00:00,1223369874,reports_raw/companies/300_chinext/300491_通合科技/2024/1223369874.pdf,https://static.cninfo.com.cn/finalpage/2025-04-29/1223369874.PDF
300492,华图山鼎,2024年年度报告,2025-04-29 00:00:00,1223371083,reports_raw/companies/300_chinext/300492_华图山鼎/2024/1223371083.pdf,https://static.cninfo.com.cn/finalpage/2025-04-29/1223371083.PDF
300493,润欣科技,2024年年度报告,2025-04-28 00:00:00,1223316006,reports_raw/companies/300_chinext/300493_润欣科技/2024/1223316006.pdf,https://static.cninfo.com.cn/finalpage/2025-04-28/1223316006.PDF
300494,盛天网络,2024年年度报告,2025-04-28 00:00:00,1223329854,reports_raw/companies/300_chinext/300494_盛天网络/2024/1223329854.pdf,https://static.cninfo.com.cn/finalpage/2025-04-28/1223329854.PDF
300500,启迪设计,启迪设计集团股份有限公司2024年年度报告（更正后）,2025-12-31 16:48:11,1224913114,reports_raw/companies/300_chinext/300500_启迪设计/2024/1224913114.pdf,https://static.cninfo.com.cn/finalpage/2025-12-31/1224913114.PDF
300501,海顺新材,2024年年度报告,2025-04-18 00:00:00,1223123393,reports_raw/companies/300_chinext/300501_海顺新材/2024/1223123393.pdf,https://static.cninfo.com.cn/finalpage/2025-04-18/1223123393.PDF
300505,川金诺,2024年年度报告,2025-03-13 00:00:00,1222777560,reports_raw/companies/300_chinext/300505_川金诺/2024/1222777560.pdf,https://static.cninfo.com.cn/finalpage/2025-03-13/1222777560.PDF
300506,*ST名家,2024年年度报告,2025-03-21 00:00:00,1222858400,reports_raw/companies/300_chinext/300506_ST名家/2024/1222858400.pdf,https://static.cninfo.com.cn/finalpage/2025-03-21/1222858400.PDF
300507,苏奥传感,2024年年度报告,2025-04-18 00:00:00,1223127453,reports_raw/companies/300_chinext/300507_苏奥传感/2024/1223127453.pdf,https://static.cninfo.com.cn/finalpage/2025-04-18/1223127453.PDF
300508,维宏股份,2024年年度报告,2025-03-28 00:00:00,1222926168,reports_raw/companies/300_chinext/300508_维宏股份/2024/1222926168.pdf,https://static.cninfo.com.cn/finalpage/2025-03-28/1222926168.PDF
300511,雪榕生物,2024年年度报告,2025-04-28 00:00:00,1223321341,reports_raw/companies/300_chinext/300511_雪榕生物/2024/1223321341.pdf,https://static.cninfo.com.cn/finalpage/2025-04-28/1223321341.PDF
300512,中亚股份,2024年年度报告,2025-04-29 00:00:00,1223377505,reports_raw/companies/300_chinext/300512_中亚股份/2024/1223377505.pdf,https://static.cninfo.com.cn/finalpage/2025-04-29/1223377505.PDF
300513,恒实科技,2024年年度报告,2025-04-29 00:00:00,1223443085,reports_raw/companies/300_chinext/300513_恒实科技/2024/1223443085.pdf,https://static.cninfo.com.cn/finalpage/2025-04-29/1223443085.pdf
300514,友讯达,2024年年度报告,2025-04-01 00:00:00,1222974097,reports_raw/companies/300_chinext/300514_友讯达/2024/1222974097.pdf,https://static.cninfo.com.cn/finalpage/2025-04-01/1222974097.PDF
300516,久之洋,2024年年度报告,2025-03-28 00:00:00,1222927401,reports_raw/companies/300_chinext/300516_久之洋/2024/1222927401.pdf,https://static.cninfo.com.cn/finalpage/2025-03-28/1222927401.PDF
300517,海波重科,2024年年度报告,2025-03-28 00:00:00,1222925152,reports_raw/companies/300_chinext/300517_海波重科/2024/1222925152.pdf,https://static.cninfo.com.cn/finalpage/2025-03-28/1222925152.PDF
300520,科大国创,2024年年度报告,2025-04-29 00:00:00,1223385771,reports_raw/companies/300_chinext/300520_科大国创/2024/1223385771.pdf,https://static.cninfo.com.cn/finalpage/2025-04-29/1223385771.PDF
300521,爱司凯,2024年年度报告,2025-04-29 00:00:00,1223375091,reports_raw/companies/300_chinext/300521_爱司凯/2024/1223375091.pdf,https://static.cninfo.com.cn/finalpage/2025-04-29/1223375091.PDF
300522,世名科技,2024年年度报告,2025-03-31 00:00:00,1222941154,reports_raw/companies/300_chinext/300522_世名科技/2024/1222941154.pdf,https://static.cninfo.com.cn/finalpage/2025-03-31/1222941154.PDF
300523,辰安科技,2024年年度报告,2025-04-29 00:00:00,1223377384,reports_raw/companies/300_chinext/300523_辰安科技/2024/1223377384.pdf,https://static.cninfo.com.cn/finalpage/2025-04-29/1223377384.PDF
300525,博思软件,2024年年度报告,2025-04-29 00:00:00,1223365449,reports_raw/companies/300_chinext/300525_博思软件/2024/1223365449.pdf,https://static.cninfo.com.cn/finalpage/2025-04-29/1223365449.PDF
300527,中船应急,2024年年度报告,2025-04-19 00:00:00,1223146333,reports_raw/companies/300_chinext/300527_中船应急/2024/1223146333.pdf,https://static.cninfo.com.cn/finalpage/2025-04-19/1223146333.PDF
300528,幸福蓝海,2024年年度报告,2025-04-12 00:00:00,1223070944,reports_raw/companies/300_chinext/300528_幸福蓝海/2024/1223070944.pdf,https://static.cninfo.com.cn/finalpage/2025-04-12/1223070944.PDF
300529,健帆生物,2024年年度报告,2025-04-16 00:00:00,1223100821,reports_raw/companies/300_chinext/300529_健帆生物/2024/1223100821.pdf,https://static.cninfo.com.cn/finalpage/2025-04-16/1223100821.PDF
300532,今天国际,2024年年度报告,2025-04-29 00:00:00,1223377586,reports_raw/companies/300_chinext/300532_今天国际/2024/1223377586.pdf,https://static.cninfo.com.cn/finalpage/2025-04-29/1223377586.PDF
300534,陇神戎发,2024年年度报告,2025-03-29 00:00:00,1222940630,reports_raw/companies/300_chinext/300534_陇神戎发/2024/1222940630.pdf,https://static.cninfo.com.cn/finalpage/2025-03-29/1222940630.PDF
300535,达威股份,2024年年度报告,2025-04-19 00:00:00,1223153235,reports_raw/companies/300_chinext/300535_达威股份/2024/1223153235.pdf,https://static.cninfo.com.cn/finalpage/2025-04-19/1223153235.PDF
300536,*ST农尚,2024年年度报告,2025-04-15 00:00:00,1223096620,reports_raw/companies/300_chinext/300536_ST农尚/2024/1223096620.pdf,https://static.cninfo.com.cn/finalpage/2025-04-15/1223096620.PDF
300538,同益股份,2024年年度报告,2025-04-29 00:00:00,1223396592,reports_raw/companies/300_chinext/300538_同益股份/2024/1223396592.pdf,https://static.cninfo.com.cn/finalpage/2025-04-29/1223396592.pdf
300540,蜀道装备,2024年年度报告,2025-04-17 00:00:00,1223107450,reports_raw/companies/300_chinext/300540_蜀道装备/2024/1223107450.pdf,https://static.cninfo.com.cn/finalpage/2025-04-17/1223107450.PDF
300541,先进数通,2024年年度报告,2025-04-15 00:00:00,1223096326,reports_raw/companies/300_chinext/300541_先进数通/2024/1223096326.pdf,https://static.cninfo.com.cn/finalpage/2025-04-15/1223096326.PDF
300548,博创科技,2024年年度报告,2025-03-28 00:00:00,1222925704,reports_raw/companies/300_chinext/300548_博创科技/2024/1222925704.pdf,https://static.cninfo.com.cn/finalpage/2025-03-28/1222925704.PDF
300551,古鳌科技,2024年年度报告（更新后）,2025-06-30 18:32:11,1224038851,reports_raw/companies/300_chinext/300551_古鳌科技/2024/1224038851.pdf,https://static.cninfo.com.cn/finalpage/2025-06-30/1224038851.PDF
300552,万集科技,2024年年度报告,2025-04-12 00:00:00,1223072050,reports_raw/companies/300_chinext/300552_万集科技/2024/1223072050.pdf,https://static.cninfo.com.cn/finalpage/2025-04-12/1223072050.PDF
300553,集智股份,2024年年度报告,2025-04-10 00:00:00,1223041271,reports_raw/companies/300_chinext/300553_集智股份/2024/1223041271.pdf,https://static.cninfo.com.cn/finalpage/2025-04-10/1223041271.PDF
300554,三超新材,2024年年度报告,2025-04-28 00:00:00,1223305039,reports_raw/companies/300_chinext/300554_三超新材/2024/1223305039.pdf,https://static.cninfo.com.cn/finalpage/2025-04-28/1223305039.PDF
300555,ST路通,2024年年度报告,2025-04-29 00:00:00,1223371474,reports_raw/companies/300_chinext/300555_ST路通/2024/1223371474.pdf,https://static.cninfo.com.cn/finalpage/2025-04-29/1223371474.PDF
300557,理工光科,2024年年度报告,2025-04-17 00:00:00,1223112069,reports_raw/companies/300_chinext/300557_理工光科/2024/1223112069.pdf,https://static.cninfo.com.cn/finalpage/2025-04-17/1223112069.PDF
300558,贝达药业,2024年年度报告,2025-04-18 00:00:00,1223125998,reports_raw/companies/300_chinext/300558_贝达药业/2024/1223125998.pdf,https://static.cninfo.com.cn/finalpage/2025-04-18/1223125998.PDF
300559,佳发教育,2024年年度报告,2025-04-19 00:00:00,1223145330,reports_raw/companies/300_chinext/300559_佳发教育/2024/1223145330.pdf,https://static.cninfo.com.cn/finalpage/2025-04-19/1223145330.PDF
300560,中富通,2024年年度报告,2025-04-29 00:00:00,1223378819,reports_raw/companies/300_chinext/300560_中富通/2024/1223378819.pdf,https://static.cninfo.com.cn/finalpage/2025-04-29/1223378819.PDF
300562,乐心医疗,2024年年度报告,2025-03-29 00:00:00,1222948709,reports_raw/companies/300_chinext/300562_乐心医疗/2024/1222948709.pdf,https://static.cninfo.com.cn/finalpage/2025-03-29/1222948709.PDF
300563,神宇股份,2024年年度报告,2025-03-28 00:00:00,1222928267,reports_raw/companies/300_chinext/300563_神宇股份/2024/1222928267.pdf,https://static.cninfo.com.cn/finalpage/2025-03-28/1222928267.PDF
300564,筑博设计,2024年年度报告,2025-04-28 00:00:00,1223313471,reports_raw/companies/300_chinext/300564_筑博设计/2024/1223313471.pdf,https://static.cninfo.com.cn/finalpage/2025-04-28/1223313471.PDF
300568,星源材质,2024年年度报告,2025-04-29 00:00:00,1223371887,reports_raw/companies/300_chinext/300568_星源材质/2024/1223371887.pdf,https://static.cninfo.com.cn/finalpage/2025-04-29/1223371887.PDF
300570,太辰光,2024年年度报告,2025-03-29 00:00:00,1222945632,reports_raw/companies/300_chinext/300570_太辰光/2024/1222945632.pdf,https://static.cninfo.com.cn/finalpage/2025-03-29/1222945632.PDF
300571,平治信息,2024年年度报告,2025-04-29 00:00:00,1223373840,reports_raw/companies/300_chinext/300571_平治信息/2024/1223373840.pdf,https://static.cninfo.com.cn/finalpage/2025-04-29/1223373840.PDF
300575,中旗股份,2024年年度报告,2025-03-31 00:00:00,1222948392,reports_raw/companies/300_chinext/300575_中旗股份/2024/1222948392.pdf,https://static.cninfo.com.cn/finalpage/2025-03-31/1222948392.PDF
300579,数字认证,2024年年度报告,2025-03-29 00:00:00,1222940408,reports_raw/companies/300_chinext/300579_数字认证/2024/1222940408.pdf,https://static.cninfo.com.cn/finalpage/2025-03-29/1222940408.PDF
300581,晨曦航空,2024年年度报告,2025-04-29 00:00:00,1223366247,reports_raw/companies/300_chinext/300581_晨曦航空/2024/1223366247.pdf,https://static.cninfo.com.cn/finalpage/2025-04-29/1223366247.PDF
300582,英飞特,2024年年度报告,2025-04-26 00:00:00,1223319212,reports_raw/companies/300_chinext/300582_英飞特/2024/1223319212.pdf,https://static.cninfo.com.cn/finalpage/2025-04-26/1223319212.PDF
300583,赛托生物,2024年年度报告,2025-04-29 00:00:00,1223360004,reports_raw/companies/300_chinext/300583_赛托生物/2024/1223360004.pdf,https://static.cninfo.com.cn/finalpage/2025-04-29/1223360004.PDF
300587,天铁科技,2024年年度报告,2025-04-26 00:00:00,1223323801,reports_raw/companies/300_chinext/300587_天铁科技/2024/1223323801.pdf,https://static.cninfo.com.cn/finalpage/2025-04-26/1223323801.PDF
300595,欧普康视,2024年年度报告,2025-03-29 00:00:00,1222942189,reports_raw/companies/300_chinext/300595_欧普康视/2024/1222942189.pdf,https://static.cninfo.com.cn/finalpage/2025-03-29/1222942189.PDF
300598,诚迈科技,2024年年度报告,2025-04-29 00:00:00,1223387526,reports_raw/companies/300_chinext/300598_诚迈科技/2024/1223387526.pdf,https://static.cninfo.com.cn/finalpage/2025-04-29/1223387526.PDF
300602,飞荣达,2024年年度报告,2025-04-16 00:00:00,1223100760,reports_raw/companies/300_chinext/300602_飞荣达/2024/1223100760.pdf,https://static.cninfo.com.cn/finalpage/2025-04-16/1223100760.PDF
300603,立昂技术,2024年年度报告,2025-04-26 00:00:00,1223332524,reports_raw/companies/300_chinext/300603_立昂技术/2024/1223332524.pdf,https://static.cninfo.com.cn/finalpage/2025-04-26/1223332524.PDF
300604,长川科技,2024年年度报告,2025-04-29 00:00:00,1223380487,reports_raw/companies/300_chinext/300604_长川科技/2024/1223380487.pdf,https://static.cninfo.com.cn/finalpage/2025-04-29/1223380487.PDF
300605,恒锋信息,2024年年度报告,2025-04-28 00:00:00,1223302102,reports_raw/companies/300_chinext/300605_恒锋信息/2024/1223302102.pdf,https://static.cninfo.com.cn/finalpage/2025-04-28/1223302102.PDF
300606,金太阳,2024年年度报告,2025-04-29 00:00:00,1223378909,reports_raw/companies/300_chinext/300606_金太阳/2024/1223378909.pdf,https://static.cninfo.com.cn/finalpage/2025-04-29/1223378909.PDF
300608,思特奇,2024年年度报告,2025-04-16 00:00:00,1223103284,reports_raw/companies/300_chinext/300608_思特奇/2024/1223103284.pdf,https://static.cninfo.com.cn/finalpage/2025-04-16/1223103284.PDF
300610,晨化股份,2024年年度报告,2025-04-18 00:00:00,1223128133,reports_raw/companies/300_chinext/300610_晨化股份/2024/1223128133.pdf,https://static.cninfo.com.cn/finalpage/2025-04-18/1223128133.PDF
300611,美力科技,2024年年度报告,2025-03-29 00:00:00,1222944127,reports_raw/companies/300_chinext/300611_美力科技/2024/1222944127.pdf,https://static.cninfo.com.cn/finalpage/2025-03-29/1222944127.PDF
300612,宣亚国际,2024年年度报告,2025-04-18 00:00:00,1223125903,reports_raw/companies/300_chinext/300612_宣亚国际/2024/1223125903.pdf,https://static.cninfo.com.cn/finalpage/2025-04-18/1223125903.PDF
300613,富瀚微,2024年年度报告,2025-04-12 00:00:00,1223071874,reports_raw/companies/300_chinext/300613_富瀚微/2024/1223071874.pdf,https://static.cninfo.com.cn/finalpage/2025-04-12/1223071874.PDF
300616,尚品宅配,2024年年度报告,2025-04-29 00:00:00,1223357596,reports_raw/companies/300_chinext/300616_尚品宅配/2024/1223357596.pdf,https://static.cninfo.com.cn/finalpage/2025-04-29/1223357596.PDF
300618,寒锐钴业,2024年年度报告,2025-04-18 00:00:00,1223123636,reports_raw/companies/300_chinext/300618_寒锐钴业/2024/1223123636.pdf,https://static.cninfo.com.cn/finalpage/2025-04-18/1223123636.PDF
300620,光库科技,2024年年度报告,2025-03-29 00:00:00,1222950505,reports_raw/companies/300_chinext/300620_光库科技/2024/1222950505.pdf,https://static.cninfo.com.cn/finalpage/2025-03-29/1222950505.PDF
300621,维业股份,2024年年度报告,2025-04-19 00:00:00,1223148412,reports_raw/companies/300_chinext/300621_维业股份/2024/1223148412.pdf,https://static.cninfo.com.cn/finalpage/2025-04-19/1223148412.PDF
300622,博士眼镜,2024年年度报告,2025-04-15 00:00:00,1223094780,reports_raw/companies/300_chinext/300622_博士眼镜/2024/1223094780.pdf,https://static.cninfo.com.cn/finalpage/2025-04-15/1223094780.PDF
300623,捷捷微电,2024年年度报告,2025-04-16 00:00:00,1223100873,reports_raw/companies/300_chinext/300623_捷捷微电/2024/1223100873.pdf,https://static.cninfo.com.cn/finalpage/2025-04-16/1223100873.PDF
300624,万兴科技,2024年年度报告,2025-04-28 00:00:00,1223329643,reports_raw/companies/300_chinext/300624_万兴科技/2024/1223329643.pdf,https://static.cninfo.com.cn/finalpage/2025-04-28/1223329643.PDF
300625,三雄极光,2024年年度报告,2025-04-26 00:00:00,1223329839,reports_raw/companies/300_chinext/300625_三雄极光/2024/1223329839.pdf,https://static.cninfo.com.cn/finalpage/2025-04-26/1223329839.PDF
300626,华瑞股份,2024年年度报告,2025-04-30 00:00:00,1223411295,reports_raw/companies/300_chinext/300626_华瑞股份/2024/1223411295.pdf,https://static.cninfo.com.cn/finalpage/2025-04-30/1223411295.PDF
300627,华测导航,2024年年度报告,2025-04-18 00:00:00,1223129564,reports_raw/companies/300_chinext/300627_华测导航/2024/1223129564.pdf,https://static.cninfo.com.cn/finalpage/2025-04-18/1223129564.PDF
300631,久吾高科,2024年年度报告（更正后）,2025-10-17 16:42:09,1224717817,reports_raw/companies/300_chinext/300631_久吾高科/2024/1224717817.pdf,https://static.cninfo.com.cn/finalpage/2025-10-17/1224717817.PDF
300633,开立医疗,2024年年度报告,2025-04-12 00:00:00,1223068285,reports_raw/companies/300_chinext/300633_开立医疗/2024/1223068285.pdf,https://static.cninfo.com.cn/finalpage/2025-04-12/1223068285.PDF
300634,彩讯股份,2024年年度报告,2025-04-12 00:00:00,1223071251,reports_raw/companies/300_chinext/300634_彩讯股份/2024/1223071251.pdf,https://static.cninfo.com.cn/finalpage/2025-04-12/1223071251.PDF
300635,中达安,2024年年度报告,2025-04-29 00:00:00,1223376163,reports_raw/companies/300_chinext/300635_中达安/2024/1223376163.pdf,https://static.cninfo.com.cn/finalpage/2025-04-29/1223376163.PDF
300638,广和通,2024年年度报告,2025-04-19 00:00:00,1223152460,reports_raw/companies/300_chinext/300638_广和通/2024/1223152460.pdf,https://static.cninfo.com.cn/finalpage/2025-04-19/1223152460.PDF
300639,凯普生物,2024年年度报告,2025-04-29 00:00:00,1223360034,reports_raw/companies/300_chinext/300639_凯普生物/2024/1223360034.pdf,https://static.cninfo.com.cn/finalpage/2025-04-29/1223360034.PDF
300640,德艺文创,2024年年度报告,2025-04-29 00:00:00,1223372034,reports_raw/companies/300_chinext/300640_德艺文创/2024/1223372034.pdf,https://static.cninfo.com.cn/finalpage/2025-04-29/1223372034.PDF
300641,正丹股份,2024年年度报告,2025-04-16 00:00:00,1223100263,reports_raw/companies/300_chinext/300641_正丹股份/2024/1223100263.pdf,https://static.cninfo.com.cn/finalpage/2025-04-16/1223100263.PDF
300642,透景生命,2024年年度报告,2025-04-19 00:00:00,1223153663,reports_raw/companies/300_chinext/300642_透景生命/2024/1223153663.pdf,https://static.cninfo.com.cn/finalpage/2025-04-19/1223153663.PDF
300644,南京聚隆,2024年年度报告,2025-04-18 00:00:00,1223126329,reports_raw/companies/300_chinext/300644_南京聚隆/2024/1223126329.pdf,https://static.cninfo.com.cn/finalpage/2025-04-18/1223126329.PDF
300647,超频三,2024年年度报告,2025-04-29 00:00:00,1223357668,reports_raw/companies/300_chinext/300647_超频三/2024/1223357668.pdf,https://static.cninfo.com.cn/finalpage/2025-04-29/1223357668.PDF
300653,正海生物,2024年年度报告,2025-04-15 00:00:00,1223095612,reports_raw/companies/300_chinext/300653_正海生物/2024/1223095612.pdf,https://static.cninfo.com.cn/finalpage/2025-04-15/1223095612.PDF
300654,世纪天鸿,2024年年度报告,2025-04-15 00:00:00,1223092705,reports_raw/companies/300_chinext/300654_世纪天鸿/2024/1223092705.pdf,https://static.cninfo.com.cn/finalpage/2025-04-15/1223092705.PDF
300656,民德电子,2024年年度报告,2025-04-19 00:00:00,1223149696,reports_raw/companies/300_chinext/300656_民德电子/2024/1223149696.pdf,https://static.cninfo.com.cn/finalpage/2025-04-19/1223149696.PDF
300657,弘信电子,2024年年度报告,2025-03-31 00:00:00,1222943651,reports_raw/companies/300_chinext/300657_弘信电子/2024/1222943651.pdf,https://static.cninfo.com.cn/finalpage/2025-03-31/1222943651.PDF
300659,中孚信息,2024年年度报告,2025-03-29 00:00:00,1222947167,reports_raw/companies/300_chinext/300659_中孚信息/2024/1222947167.pdf,https://static.cninfo.com.cn/finalpage/2025-03-29/1222947167.PDF
300661,圣邦股份,2024年年度报告,2025-04-29 00:00:00,1223374638,reports_raw/companies/300_chinext/300661_圣邦股份/2024/1223374638.pdf,https://static.cninfo.com.cn/finalpage/2025-04-29/1223374638.PDF
300663,科蓝软件,2024年年度报告,2025-04-29 00:00:00,1223383171,reports_raw/companies/300_chinext/300663_科蓝软件/2024/1223383171.pdf,https://static.cninfo.com.cn/finalpage/2025-04-29/1223383171.PDF
300664,鹏鹞环保,2024年年度报告,2025-04-29 00:00:00,1223359492,reports_raw/companies/300_chinext/300664_鹏鹞环保/2024/1223359492.pdf,https://static.cninfo.com.cn/finalpage/2025-04-29/1223359492.PDF
300665,飞鹿股份,2024年年度报告,2025-04-28 00:00:00,1223307072,reports_raw/companies/300_chinext/300665_飞鹿股份/2024/1223307072.pdf,https://static.cninfo.com.cn/finalpage/2025-04-28/1223307072.PDF
300666,江丰电子,2024年年度报告,2025-04-16 00:00:00,1223102295,reports_raw/companies/300_chinext/300666_江丰电子/2024/1223102295.pdf,https://static.cninfo.com.cn/finalpage/2025-04-16/1223102295.PDF
300667,必创科技,2024年年度报告,2025-04-28 00:00:00,1223318005,reports_raw/companies/300_chinext/300667_必创科技/2024/1223318005.pdf,https://static.cninfo.com.cn/finalpage/2025-04-28/1223318005.PDF
300671,富满微,2024年年度报告,2025-04-19 00:00:00,1223153394,reports_raw/companies/300_chinext/300671_富满微/2024/1223153394.pdf,https://static.cninfo.com.cn/finalpage/2025-04-19/1223153394.PDF
300673,佩蒂股份,2024年年度报告,2025-04-19 00:00:00,1223145456,reports_raw/companies/300_chinext/300673_佩蒂股份/2024/1223145456.pdf,https://static.cninfo.com.cn/finalpage/2025-04-19/1223145456.PDF
300674,宇信科技,2024年年度报告,2025-03-31 00:00:00,1222946119,reports_raw/companies/300_chinext/300674_宇信科技/2024/1222946119.pdf,https://static.cninfo.com.cn/finalpage/2025-03-31/1222946119.PDF
300675,建科院,2024年年度报告,2025-03-22 00:00:00,1222867480,reports_raw/companies/300_chinext/300675_建科院/2024/1222867480.pdf,https://static.cninfo.com.cn/finalpage/2025-03-22/1222867480.PDF
300676,华大基因,2024年年度报告,2025-04-26 00:00:00,1223323053,reports_raw/companies/300_chinext/300676_华大基因/2024/1223323053.pdf,https://static.cninfo.com.cn/finalpage/2025-04-26/1223323053.PDF
300678,中科信息,2024年年度报告,2025-03-28 00:00:00,1222975131,reports_raw/companies/300_chinext/300678_中科信息/2024/1222975131.pdf,https://static.cninfo.com.cn/finalpage/2025-03-28/1222975131.pdf
300688,创业黑马,2024年年度报告,2025-04-18 00:00:00,1223122548,reports_raw/companies/300_chinext/300688_创业黑马/2024/1223122548.pdf,https://static.cninfo.com.cn/finalpage/2025-04-18/1223122548.PDF
300690,双一科技,2024年年度报告,2025-04-19 00:00:00,1223147114,reports_raw/companies/300_chinext/300690_双一科技/2024/1223147114.pdf,https://static.cninfo.com.cn/finalpage/2025-04-19/1223147114.pdf
300693,盛弘股份,2024年年度报告,2025-04-03 00:00:00,1222991391,reports_raw/companies/300_chinext/300693_盛弘股份/2024/1222991391.pdf,https://static.cninfo.com.cn/finalpage/2025-04-03/1222991391.PDF
300694,蠡湖股份,2024年年度报告,2025-04-18 00:00:00,1223126422,reports_raw/companies/300_chinext/300694_蠡湖股份/2024/1223126422.pdf,https://static.cninfo.com.cn/finalpage/2025-04-18/1223126422.PDF
300697,电工合金,2024年年度报告,2025-03-22 00:00:00,1222866968,reports_raw/companies/300_chinext/300697_电工合金/2024/1222866968.pdf,https://static.cninfo.com.cn/finalpage/2025-03-22/1222866968.PDF
300698,万马科技,2024年年度报告,2025-04-15 00:00:00,1223095931,reports_raw/companies/300_chinext/300698_万马科技/2024/1223095931.pdf,https://static.cninfo.com.cn/finalpage/2025-04-15/1223095931.PDF
300702,天宇股份,2024年年度报告,2025-04-18 00:00:00,1223125263,reports_raw/companies/300_chinext/300702_天宇股份/2024/1223125263.pdf,https://static.cninfo.com.cn/finalpage/2025-04-18/1223125263.PDF
300706,阿石创,2024年年度报告,2025-04-28 00:00:00,1223323248,reports_raw/companies/300_chinext/300706_阿石创/2024/1223323248.pdf,https://static.cninfo.com.cn/finalpage/2025-04-28/1223323248.PDF
300708,聚灿光电,2024年年度报告,2025-01-25 00:00:00,1222431163,reports_raw/companies/300_chinext/300708_聚灿光电/2024/1222431163.pdf,https://static.cninfo.com.cn/finalpage/2025-01-25/1222431163.PDF
300710,万隆光电,2024年年度报告,2025-04-29 00:00:00,1223372847,reports_raw/companies/300_chinext/300710_万隆光电/2024/1223372847.pdf,https://static.cninfo.com.cn/finalpage/2025-04-29/1223372847.PDF
300711,广哈通信,2024年年度报告,2025-03-27 00:00:00,1222912181,reports_raw/companies/300_chinext/300711_广哈通信/2024/1222912181.pdf,https://static.cninfo.com.cn/finalpage/2025-03-27/1222912181.PDF
300712,永福股份,2024年年度报告,2025-04-28 00:00:00,1223328481,reports_raw/companies/300_chinext/300712_永福股份/2024/1223328481.pdf,https://static.cninfo.com.cn/finalpage/2025-04-28/1223328481.pdf
300713,英可瑞,2024年年度报告,2025-04-29 00:00:00,1223360924,reports_raw/companies/300_chinext/300713_英可瑞/2024/1223360924.pdf,https://static.cninfo.com.cn/finalpage/2025-04-29/1223360924.PDF
300715,凯伦股份,2024年年度报告,2025-04-19 00:00:00,1223143379,reports_raw/companies/300_chinext/300715_凯伦股份/2024/1223143379.pdf,https://static.cninfo.com.cn/finalpage/2025-04-19/1223143379.PDF
300716,泉为科技,2024年年度报告,2025-04-29 00:00:00,1223390520,reports_raw/companies/300_chinext/300716_泉为科技/2024/1223390520.pdf,https://static.cninfo.com.cn/finalpage/2025-04-29/1223390520.PDF
300717,华信新材,2024年年度报告,2025-04-16 00:00:00,1223100343,reports_raw/companies/300_chinext/300717_华信新材/2024/1223100343.pdf,https://static.cninfo.com.cn/finalpage/2025-04-16/1223100343.PDF
300719,安达维尔,2024年年度报告,2025-04-28 00:00:00,1223586293,reports_raw/companies/300_chinext/300719_安达维尔/2024/1223586293.pdf,https://static.cninfo.com.cn/finalpage/2025-04-28/1223586293.pdf
300720,海川智能,2024年年度报告,2025-04-29 00:00:00,1223364018,reports_raw/companies/300_chinext/300720_海川智能/2024/1223364018.pdf,https://static.cninfo.com.cn/finalpage/2025-04-29/1223364018.PDF
300721,怡达股份,2024年年度报告,2025-03-28 00:00:00,1222925203,reports_raw/companies/300_chinext/300721_怡达股份/2024/1222925203.pdf,https://static.cninfo.com.cn/finalpage/2025-03-28/1222925203.PDF
300722,新余国科,2024年年度报告,2025-04-03 00:00:00,1222993872,reports_raw/companies/300_chinext/300722_新余国科/2024/1222993872.pdf,https://static.cninfo.com.cn/finalpage/2025-04-03/1222993872.PDF
300727,润禾材料,2024年年度报告,2025-03-28 00:00:00,1222926887,reports_raw/companies/300_chinext/300727_润禾材料/2024/1222926887.pdf,https://static.cninfo.com.cn/finalpage/2025-03-28/1222926887.PDF
300731,科创新源,2024年年度报告,2025-04-29 00:00:00,1223375362,reports_raw/companies/300_chinext/300731_科创新源/2024/1223375362.pdf,https://static.cninfo.com.cn/finalpage/2025-04-29/1223375362.PDF
300732,设研院,2024年年度报告,2025-04-17 00:00:00,1223111691,reports_raw/companies/300_chinext/300732_设研院/2024/1223111691.pdf,https://static.cninfo.com.cn/finalpage/2025-04-17/1223111691.PDF
300735,光弘科技,2024年年度报告,2025-04-29 00:00:00,1223372070,reports_raw/companies/300_chinext/300735_光弘科技/2024/1223372070.pdf,https://static.cninfo.com.cn/finalpage/2025-04-29/1223372070.PDF
300739,明阳电路,2024年年度报告,2025-04-26 00:00:00,1223325749,reports_raw/companies/300_chinext/300739_明阳电路/2024/1223325749.pdf,https://static.cninfo.com.cn/finalpage/2025-04-26/1223325749.PDF
300740,水羊股份,2024年年度报告,2025-04-29 00:00:00,1223375981,reports_raw/companies/300_chinext/300740_水羊股份/2024/1223375981.pdf,https://static.cninfo.com.cn/finalpage/2025-04-29/1223375981.PDF
300741,华宝股份,2024年年度报告,2025-03-29 00:00:00,1222944915,reports_raw/companies/300_chinext/300741_华宝股份/2024/1222944915.pdf,https://static.cninfo.com.cn/finalpage/2025-03-29/1222944915.PDF
300745,欣锐科技,2024年年度报告,2025-04-29 00:00:00,1223361897,reports_raw/companies/300_chinext/300745_欣锐科技/2024/1223361897.pdf,https://static.cninfo.com.cn/finalpage/2025-04-29/1223361897.PDF
300747,锐科激光,2024年年度报告,2025-04-18 00:00:00,1223129045,reports_raw/companies/300_chinext/300747_锐科激光/2024/1223129045.pdf,https://static.cninfo.com.cn/finalpage/2025-04-18/1223129045.PDF
300748,金力永磁,2024年年度报告,2025-03-29 00:00:00,1222950582,reports_raw/companies/300_chinext/300748_金力永磁/2024/1222950582.pdf,https://static.cninfo.com.cn/finalpage/2025-03-29/1222950582.PDF
300750,宁德时代,2024年年度报告,2025-03-15 00:00:00,1222806982,reports_raw/companies/300_chinext/300750_宁德时代/2024/1222806982.pdf,https://static.cninfo.com.cn/finalpage/2025-03-15/1222806982.PDF
300751,迈为股份,2024年年度报告,2025-04-29 00:00:00,1223370046,reports_raw/companies/300_chinext/300751_迈为股份/2024/1223370046.pdf,https://static.cninfo.com.cn/finalpage/2025-04-29/1223370046.PDF
300753,爱朋医疗,2024年年度报告,2025-04-19 00:00:00,1223152898,reports_raw/companies/300_chinext/300753_爱朋医疗/2024/1223152898.pdf,https://static.cninfo.com.cn/finalpage/2025-04-19/1223152898.PDF
300755,华致酒行,2024年年度报告,2025-04-18 00:00:00,1223127715,reports_raw/companies/300_chinext/300755_华致酒行/2024/1223127715.pdf,https://static.cninfo.com.cn/finalpage/2025-04-18/1223127715.PDF
300758,七彩化学,2024年年度报告,2025-04-18 00:00:00,1223130230,reports_raw/companies/300_chinext/300758_七彩化学/2024/1223130230.pdf,https://static.cninfo.com.cn/finalpage/2025-04-18/1223130230.PDF
300759,康龙化成,2024年年度报告,2025-03-27 00:00:00,1222912884,reports_raw/companies/300_chinext/300759_康龙化成/2024/1222912884.pdf,https://static.cninfo.com.cn/finalpage/2025-03-27/1222912884.PDF
300760,迈瑞医疗,2024年年度报告,2025-04-29 00:00:00,1223371173,reports_raw/companies/300_chinext/300760_迈瑞医疗/2024/1223371173.pdf,https://static.cninfo.com.cn/finalpage/2025-04-29/1223371173.PDF
300762,上海瀚讯,2024年年度报告,2025-04-29 00:00:00,1223369190,reports_raw/companies/300_chinext/300762_上海瀚讯/2024/1223369190.pdf,https://static.cninfo.com.cn/finalpage/2025-04-29/1223369190.PDF
300763,锦浪科技,2024年年度报告,2025-04-29 00:00:00,1223361599,reports_raw/companies/300_chinext/300763_锦浪科技/2024/1223361599.pdf,https://static.cninfo.com.cn/finalpage/2025-04-29/1223361599.PDF
300765,新诺威,2024年年度报告,2025-03-21 00:00:00,1222858199,reports_raw/companies/300_chinext/300765_新诺威/2024/1222858199.pdf,https://static.cninfo.com.cn/finalpage/2025-03-21/1222858199.PDF
300766,每日互动,2024年年度报告,2025-03-26 00:00:00,1222896727,reports_raw/companies/300_chinext/300766_每日互动/2024/1222896727.pdf,https://static.cninfo.com.cn/finalpage/2025-03-26/1222896727.PDF
300767,震安科技,2024年年度报告,2025-04-19 00:00:00,1223146156,reports_raw/companies/300_chinext/300767_震安科技/2024/1223146156.pdf,https://static.cninfo.com.cn/finalpage/2025-04-19/1223146156.PDF
300768,迪普科技,2024年年度报告,2025-04-15 00:00:00,1223096044,reports_raw/companies/300_chinext/300768_迪普科技/2024/1223096044.pdf,https://static.cninfo.com.cn/finalpage/2025-04-15/1223096044.PDF
300769,德方纳米,2024年年度报告,2025-04-29 00:00:00,1223370444,reports_raw/companies/300_chinext/300769_德方纳米/2024/1223370444.pdf,https://static.cninfo.com.cn/finalpage/2025-04-29/1223370444.PDF
300770,新媒股份,2024年年度报告,2025-04-26 00:00:00,1223327659,reports_raw/companies/300_chinext/300770_新媒股份/2024/1223327659.pdf,https://static.cninfo.com.cn/finalpage/2025-04-26/1223327659.PDF
300772,运达股份,2024年年度报告,2025-03-29 00:00:00,1222946476,reports_raw/companies/300_chinext/300772_运达股份/2024/1222946476.pdf,https://static.cninfo.com.cn/finalpage/2025-03-29/1222946476.PDF
300775,三角防务,2024年年度报告,2025-04-29 00:00:00,1223378619,reports_raw/companies/300_chinext/300775_三角防务/2024/1223378619.pdf,https://static.cninfo.com.cn/finalpage/2025-04-29/1223378619.PDF
300777,中简科技,2024年年度报告,2025-04-15 00:00:00,1223097527,reports_raw/companies/300_chinext/300777_中简科技/2024/1223097527.pdf,https://static.cninfo.com.cn/finalpage/2025-04-15/1223097527.PDF
300779,惠城环保,2024年年度报告,2025-04-18 00:00:00,1223125169,reports_raw/companies/300_chinext/300779_惠城环保/2024/1223125169.pdf,https://static.cninfo.com.cn/finalpage/2025-04-18/1223125169.PDF
300781,因赛集团,2024年年度报告,2025-04-08 00:00:00,1223021739,reports_raw/companies/300_chinext/300781_因赛集团/2024/1223021739.pdf,https://static.cninfo.com.cn/finalpage/2025-04-08/1223021739.PDF
300782,卓胜微,2024年年度报告,2025-03-31 00:00:00,1222951276,reports_raw/companies/300_chinext/300782_卓胜微/2024/1222951276.pdf,https://static.cninfo.com.cn/finalpage/2025-03-31/1222951276.PDF
300783,三只松鼠,2024年年度报告,2025-03-28 00:00:00,1222926870,reports_raw/companies/300_chinext/300783_三只松鼠/2024/1222926870.pdf,https://static.cninfo.com.cn/finalpage/2025-03-28/1222926870.PDF
300784,利安科技,2024年年度报告,2025-04-19 00:00:00,1223145319,reports_raw/companies/300_chinext/300784_利安科技/2024/1223145319.pdf,https://static.cninfo.com.cn/finalpage/2025-04-19/1223145319.PDF
300785,值得买,2024年年度报告,2025-04-29 00:00:00,1223376613,reports_raw/companies/300_chinext/300785_值得买/2024/1223376613.pdf,https://static.cninfo.com.cn/finalpage/2025-04-29/1223376613.PDF
300788,中信出版,2024年年度报告,2025-03-18 00:00:00,1222821905,reports_raw/companies/300_chinext/300788_中信出版/2024/1222821905.pdf,https://static.cninfo.com.cn/finalpage/2025-03-18/1222821905.PDF
300790,宇瞳光学,2024年年度报告,2025-04-29 00:00:00,1223378298,reports_raw/companies/300_chinext/300790_宇瞳光学/2024/1223378298.pdf,https://static.cninfo.com.cn/finalpage/2025-04-29/1223378298.PDF
300791,仙乐健康,2024年年度报告,2025-04-18 00:00:00,1223126467,reports_raw/companies/300_chinext/300791_仙乐健康/2024/1223126467.pdf,https://static.cninfo.com.cn/finalpage/2025-04-18/1223126467.PDF
300792,壹网壹创,2024年年度报告,2025-04-28 00:00:00,1223318500,reports_raw/companies/300_chinext/300792_壹网壹创/2024/1223318500.pdf,https://static.cninfo.com.cn/finalpage/2025-04-28/1223318500.PDF
300793,佳禾智能,2024年年度报告,2025-04-28 00:00:00,1223315629,reports_raw/companies/300_chinext/300793_佳禾智能/2024/1223315629.pdf,https://static.cninfo.com.cn/finalpage/2025-04-28/1223315629.PDF
300796,贝斯美,2024年年度报告,2025-04-19 00:00:00,1223147573,reports_raw/companies/300_chinext/300796_贝斯美/2024/1223147573.pdf,https://static.cninfo.com.cn/finalpage/2025-04-19/1223147573.PDF
300797,钢研纳克,2024年年度报告,2025-04-17 00:00:00,1223110115,reports_raw/companies/300_chinext/300797_钢研纳克/2024/1223110115.pdf,https://static.cninfo.com.cn/finalpage/2025-04-17/1223110115.PDF
300801,泰和科技,2024年年度报告,2025-03-29 00:00:00,1222945442,reports_raw/companies/300_chinext/300801_泰和科技/2024/1222945442.pdf,https://static.cninfo.com.cn/finalpage/2025-03-29/1222945442.PDF
300803,指南针,2024年年度报告,2025-01-25 00:00:00,1222431727,reports_raw/companies/300_chinext/300803_指南针/2024/1222431727.pdf,https://static.cninfo.com.cn/finalpage/2025-01-25/1222431727.PDF
300804,广康生化,2024年年度报告,2025-04-18 00:00:00,1223129100,reports_raw/companies/300_chinext/300804_广康生化/2024/1223129100.pdf,https://static.cninfo.com.cn/finalpage/2025-04-18/1223129100.PDF
300805,电声股份,2024年年度报告,2025-04-26 00:00:00,1223322986,reports_raw/companies/300_chinext/300805_电声股份/2024/1223322986.pdf,https://static.cninfo.com.cn/finalpage/2025-04-26/1223322986.PDF
300807,天迈科技,2024年年度报告,2025-04-16 00:00:00,1223101402,reports_raw/companies/300_chinext/300807_天迈科技/2024/1223101402.pdf,https://static.cninfo.com.cn/finalpage/2025-04-16/1223101402.PDF
300808,久量股份,2024年年度报告,2025-03-26 00:00:00,1222896200,reports_raw/companies/300_chinext/300808_久量股份/2024/1222896200.pdf,https://static.cninfo.com.cn/finalpage/2025-03-26/1222896200.PDF
300810,中科海讯,2024年年度报告,2025-04-18 00:00:00,1223125640,reports_raw/companies/300_chinext/300810_中科海讯/2024/1223125640.pdf,https://static.cninfo.com.cn/finalpage/2025-04-18/1223125640.PDF
300812,易天股份,2024年年度报告,2025-04-26 00:00:00,1223317479,reports_raw/companies/300_chinext/300812_易天股份/2024/1223317479.pdf,https://static.cninfo.com.cn/finalpage/2025-04-26/1223317479.PDF
300813,泰林生物,2024年年度报告,2025-04-28 00:00:00,1223305883,reports_raw/companies/300_chinext/300813_泰林生物/2024/1223305883.pdf,https://static.cninfo.com.cn/finalpage/2025-04-28/1223305883.PDF
300815,玉禾田,2024年年度报告,2025-04-28 00:00:00,1223302154,reports_raw/companies/300_chinext/300815_玉禾田/2024/1223302154.pdf,https://static.cninfo.com.cn/finalpage/2025-04-28/1223302154.PDF
300818,耐普矿机,2024年年度报告,2025-04-03 00:00:00,1222989128,reports_raw/companies/300_chinext/300818_耐普矿机/2024/1222989128.pdf,https://static.cninfo.com.cn/finalpage/2025-04-03/1222989128.PDF
300819,聚杰微纤,2024年年度报告,2025-04-15 00:00:00,1223093872,reports_raw/companies/300_chinext/300819_聚杰微纤/2024/1223093872.pdf,https://static.cninfo.com.cn/finalpage/2025-04-15/1223093872.PDF
300821,东岳硅材,2024年年度报告,2025-04-18 00:00:00,1223127237,reports_raw/companies/300_chinext/300821_东岳硅材/2024/1223127237.pdf,https://static.cninfo.com.cn/finalpage/2025-04-18/1223127237.PDF
300824,北鼎股份,2024年年度报告,2025-03-27 00:00:00,1222910062,reports_raw/companies/300_chinext/300824_北鼎股份/2024/1222910062.pdf,https://static.cninfo.com.cn/finalpage/2025-03-27/1222910062.PDF
300828,锐新科技,2024年年度报告,2025-04-18 00:00:00,1223127839,reports_raw/companies/300_chinext/300828_锐新科技/2024/1223127839.pdf,https://static.cninfo.com.cn/finalpage/2025-04-18/1223127839.PDF
300831,派瑞股份,2024年年度报告（更正后）,2025-12-26 18:42:28,1224901094,reports_raw/companies/300_chinext/300831_派瑞股份/2024/1224901094.pdf,https://static.cninfo.com.cn/finalpage/2025-12-26/1224901094.PDF
300834,星辉环材,2024年年度报告,2025-04-29 00:00:00,1223363112,reports_raw/companies/300_chinext/300834_星辉环材/2024/1223363112.pdf,https://static.cninfo.com.cn/finalpage/2025-04-29/1223363112.PDF
300840,酷特智能,2024年年度报告,2025-04-29 00:00:00,1223380933,reports_raw/companies/300_chinext/300840_酷特智能/2024/1223380933.pdf,https://static.cninfo.com.cn/finalpage/2025-04-29/1223380933.PDF
300841,康华生物,2024年年度报告,2025-04-19 00:00:00,1223153950,reports_raw/companies/300_chinext/300841_康华生物/2024/1223153950.pdf,https://static.cninfo.com.cn/finalpage/2025-04-19/1223153950.PDF
300842,帝科股份,2024年年度报告,2025-02-28 00:00:00,1222662510,reports_raw/companies/300_chinext/300842_帝科股份/2024/1222662510.pdf,https://static.cninfo.com.cn/finalpage/2025-02-28/1222662510.PDF
300843,胜蓝股份,2024年年度报告,2025-04-28 00:00:00,1223307965,reports_raw/companies/300_chinext/300843_胜蓝股份/2024/1223307965.pdf,https://static.cninfo.com.cn/finalpage/2025-04-28/1223307965.PDF
300846,首都在线,2024年年度报告,2025-04-01 00:00:00,1222974425,reports_raw/companies/300_chinext/300846_首都在线/2024/1222974425.pdf,https://static.cninfo.com.cn/finalpage/2025-04-01/1222974425.PDF
300847,中船汉光,2024年年度报告,2025-04-10 00:00:00,1223044990,reports_raw/companies/300_chinext/300847_中船汉光/2024/1223044990.pdf,https://static.cninfo.com.cn/finalpage/2025-04-10/1223044990.PDF
300849,锦盛新材,2024年年度报告,2025-04-29 00:00:00,1223377922,reports_raw/companies/300_chinext/300849_锦盛新材/2024/1223377922.pdf,https://static.cninfo.com.cn/finalpage/2025-04-29/1223377922.PDF
300852,四会富仕,2024年年度报告,2025-03-29 00:00:00,1222948563,reports_raw/companies/300_chinext/300852_四会富仕/2024/1222948563.pdf,https://static.cninfo.com.cn/finalpage/2025-03-29/1222948563.PDF
300853,申昊科技,2024年年度报告,2025-04-29 00:00:00,1223374511,reports_raw/companies/300_chinext/300853_申昊科技/2024/1223374511.pdf,https://static.cninfo.com.cn/finalpage/2025-04-29/1223374511.PDF
300854,中兰环保,2024年年度报告,2025-04-28 00:00:00,1223307198,reports_raw/companies/300_chinext/300854_中兰环保/2024/1223307198.pdf,https://static.cninfo.com.cn/finalpage/2025-04-28/1223307198.PDF
300855,图南股份,2024年年度报告,2025-04-19 00:00:00,1223142633,reports_raw/companies/300_chinext/300855_图南股份/2024/1223142633.pdf,https://static.cninfo.com.cn/finalpage/2025-04-19/1223142633.PDF
300857,协创数据,2024年年度报告,2025-04-01 00:00:00,1222975762,reports_raw/companies/300_chinext/300857_协创数据/2024/1222975762.pdf,https://static.cninfo.com.cn/finalpage/2025-04-01/1222975762.PDF
300860,锋尚文化,2024年年度报告,2025-04-19 00:00:00,1223154414,reports_raw/companies/300_chinext/300860_锋尚文化/2024/1223154414.pdf,https://static.cninfo.com.cn/finalpage/2025-04-19/1223154414.PDF
300862,蓝盾光电,2024年年度报告,2025-04-14 00:00:00,1223071314,reports_raw/companies/300_chinext/300862_蓝盾光电/2024/1223071314.pdf,https://static.cninfo.com.cn/finalpage/2025-04-14/1223071314.PDF
300864,南大环境,2024年年度报告,2025-03-28 00:00:00,1222927340,reports_raw/companies/300_chinext/300864_南大环境/2024/1222927340.pdf,https://static.cninfo.com.cn/finalpage/2025-03-28/1222927340.PDF
300865,大宏立,2024年年度报告,2025-04-17 00:00:00,1223108569,reports_raw/companies/300_chinext/300865_大宏立/2024/1223108569.pdf,https://static.cninfo.com.cn/finalpage/2025-04-17/1223108569.PDF
300866,安克创新,2024年年度报告,2025-04-29 00:00:00,1223379891,reports_raw/companies/300_chinext/300866_安克创新/2024/1223379891.pdf,https://static.cninfo.com.cn/finalpage/2025-04-29/1223379891.PDF
300867,圣元环保,2024年年度报告,2025-04-18 00:00:00,1223125100,reports_raw/companies/300_chinext/300867_圣元环保/2024/1223125100.pdf,https://static.cninfo.com.cn/finalpage/2025-04-18/1223125100.PDF
300869,康泰医学,2024年年度报告,2025-04-29 00:00:00,1223358635,reports_raw/companies/300_chinext/300869_康泰医学/2024/1223358635.pdf,https://static.cninfo.com.cn/finalpage/2025-04-29/1223358635.PDF
300871,回盛生物,2024年年度报告,2025-04-29 00:00:00,1223362785,reports_raw/companies/300_chinext/300871_回盛生物/2024/1223362785.pdf,https://static.cninfo.com.cn/finalpage/2025-04-29/1223362785.PDF
300873,海晨股份,2024年年度报告,2025-04-19 00:00:00,1223150633,reports_raw/companies/300_chinext/300873_海晨股份/2024/1223150633.pdf,https://static.cninfo.com.cn/finalpage/2025-04-19/1223150633.PDF
300875,捷强装备,2024年年度报告,2025-04-29 00:00:00,1223382024,reports_raw/companies/300_chinext/300875_捷强装备/2024/1223382024.pdf,https://static.cninfo.com.cn/finalpage/2025-04-29/1223382024.PDF
300878,维康药业,2024年年度报告,2025-04-29 00:00:00,1223365893,reports_raw/companies/300_chinext/300878_维康药业/2024/1223365893.pdf,https://static.cninfo.com.cn/finalpage/2025-04-29/1223365893.PDF
300881,盛德鑫泰,2024年年度报告,2025-04-18 00:00:00,1223128058,reports_raw/companies/300_chinext/300881_盛德鑫泰/2024/1223128058.pdf,https://static.cninfo.com.cn/finalpage/2025-04-18/1223128058.pdf
300884,狄耐克,2024年年度报告,2025-04-29 00:00:00,1223377773,reports_raw/companies/300_chinext/300884_狄耐克/2024/1223377773.pdf,https://static.cninfo.com.cn/finalpage/2025-04-29/1223377773.PDF
300886,华业香料,2024年年度报告,2025-04-17 00:00:00,1223108903,reports_raw/companies/300_chinext/300886_华业香料/2024/1223108903.pdf,https://static.cninfo.com.cn/finalpage/2025-04-17/1223108903.PDF
300888,稳健医疗,2024年年度报告（英文版）,2025-05-21 20:06:43,1223628435,reports_raw/companies/300_chinext/300888_稳健医疗/2024/1223628435.pdf,https://static.cninfo.com.cn/finalpage/2025-05-21/1223628435.PDF
300892,品渥食品,2024年年度报告,2025-04-18 00:00:00,1223124317,reports_raw/companies/300_chinext/300892_品渥食品/2024/1223124317.pdf,https://static.cninfo.com.cn/finalpage/2025-04-18/1223124317.PDF
300896,爱美客,2024年年度报告,2025-03-20 00:00:00,1222846415,reports_raw/companies/300_chinext/300896_爱美客/2024/1222846415.pdf,https://static.cninfo.com.cn/finalpage/2025-03-20/1222846415.PDF
300898,熊猫乳品,2024年年度报告,2025-04-18 00:00:00,1223125165,reports_raw/companies/300_chinext/300898_熊猫乳品/2024/1223125165.pdf,https://static.cninfo.com.cn/finalpage/2025-04-18/1223125165.PDF
300899,上海凯鑫,2024年年度报告,2025-04-29 00:00:00,1223383318,reports_raw/companies/300_chinext/300899_上海凯鑫/2024/1223383318.pdf,https://static.cninfo.com.cn/finalpage/2025-04-29/1223383318.PDF
300901,中胤时尚,2024年年度报告,2025-04-15 00:00:00,1223096668,reports_raw/companies/300_chinext/300901_中胤时尚/2024/1223096668.pdf,https://static.cninfo.com.cn/finalpage/2025-04-15/1223096668.PDF
300905,宝丽迪,2024年年度报告,2025-04-16 00:00:00,1223098269,reports_raw/companies/300_chinext/300905_宝丽迪/2024/1223098269.pdf,https://static.cninfo.com.cn/finalpage/2025-04-16/1223098269.PDF
300907,康平科技,2024年年度报告,2025-04-19 00:00:00,1223146278,reports_raw/companies/300_chinext/300907_康平科技/2024/1223146278.pdf,https://static.cninfo.com.cn/finalpage/2025-04-19/1223146278.PDF
300908,仲景食品,2024年年度报告,2025-03-27 00:00:00,1222909651,reports_raw/companies/300_chinext/300908_仲景食品/2024/1222909651.pdf,https://static.cninfo.com.cn/finalpage/2025-03-27/1222909651.PDF
300910,瑞丰新材,2024年年度报告,2025-03-29 00:00:00,1222949077,reports_raw/companies/300_chinext/300910_瑞丰新材/2024/1222949077.pdf,https://static.cninfo.com.cn/finalpage/2025-03-29/1222949077.PDF
300913,兆龙互连,2024年年度报告,2025-04-29 00:00:00,1223366812,reports_raw/companies/300_chinext/300913_兆龙互连/2024/1223366812.pdf,https://static.cninfo.com.cn/finalpage/2025-04-29/1223366812.PDF
300918,南山智尚,2024年年度报告,2025-03-13 00:00:00,1222778744,reports_raw/companies/300_chinext/300918_南山智尚/2024/1222778744.pdf,https://static.cninfo.com.cn/finalpage/2025-03-13/1222778744.PDF
300919,中伟股份,2024年年度报告,2025-04-12 00:00:00,1223071473,reports_raw/companies/300_chinext/300919_中伟股份/2024/1223071473.pdf,https://static.cninfo.com.cn/finalpage/2025-04-12/1223071473.PDF
300922,天秦装备,2024年年度报告,2025-04-10 00:00:00,1223043000,reports_raw/companies/300_chinext/300922_天秦装备/2024/1223043000.pdf,https://static.cninfo.com.cn/finalpage/2025-04-10/1223043000.PDF
300925,法本信息,2024年年度报告,2025-04-29 00:00:00,1223357046,reports_raw/companies/300_chinext/300925_法本信息/2024/1223357046.pdf,https://static.cninfo.com.cn/finalpage/2025-04-29/1223357046.PDF
300926,博俊科技,2024年年度报告,2025-04-01 00:00:00,1222974603,reports_raw/companies/300_chinext/300926_博俊科技/2024/1222974603.pdf,https://static.cninfo.com.cn/finalpage/2025-04-01/1222974603.PDF
300927,江天化学,2024年年度报告,2025-04-18 00:00:00,1223128318,reports_raw/companies/300_chinext/300927_江天化学/2024/1223128318.pdf,https://static.cninfo.com.cn/finalpage/2025-04-18/1223128318.PDF
300929,华骐环保,2024年年度报告,2025-04-28 00:00:00,1223324180,reports_raw/companies/300_chinext/300929_华骐环保/2024/1223324180.pdf,https://static.cninfo.com.cn/finalpage/2025-04-28/1223324180.PDF
300935,盈建科,2024年年度报告,2025-04-12 00:00:00,1223069994,reports_raw/companies/300_chinext/300935_盈建科/2024/1223069994.pdf,https://static.cninfo.com.cn/finalpage/2025-04-12/1223069994.PDF
300937,药易购,2024年年度报告,2025-04-11 00:00:00,1223057459,reports_raw/companies/300_chinext/300937_药易购/2024/1223057459.pdf,https://static.cninfo.com.cn/finalpage/2025-04-11/1223057459.PDF
300938,信测标准,2024年年度报告,2025-03-29 00:00:00,1222948160,reports_raw/companies/300_chinext/300938_信测标准/2024/1222948160.pdf,https://static.cninfo.com.cn/finalpage/2025-03-29/1222948160.PDF
300939,秋田微,2024年年度报告,2025-04-26 00:00:00,1223320347,reports_raw/companies/300_chinext/300939_秋田微/2024/1223320347.pdf,https://static.cninfo.com.cn/finalpage/2025-04-26/1223320347.PDF
300940,南极光,2024年年度报告,2025-04-29 00:00:00,1223358506,reports_raw/companies/300_chinext/300940_南极光/2024/1223358506.pdf,https://static.cninfo.com.cn/finalpage/2025-04-29/1223358506.PDF
300946,恒而达,2024年年度报告,2025-04-19 00:00:00,1223144776,reports_raw/companies/300_chinext/300946_恒而达/2024/1223144776.pdf,https://static.cninfo.com.cn/finalpage/2025-04-19/1223144776.PDF
300947,德必集团,2024年年度报告,2025-04-28 00:00:00,1223303434,reports_raw/companies/300_chinext/300947_德必集团/2024/1223303434.pdf,https://static.cninfo.com.cn/finalpage/2025-04-28/1223303434.PDF
300948,冠中生态,2024年年度报告,2025-04-29 00:00:00,1223363460,reports_raw/companies/300_chinext/300948_冠中生态/2024/1223363460.pdf,https://static.cninfo.com.cn/finalpage/2025-04-29/1223363460.PDF
300949,奥雅股份,2024年年度报告,2025-04-29 00:00:00,1223391418,reports_raw/companies/300_chinext/300949_奥雅股份/2024/1223391418.pdf,https://static.cninfo.com.cn/finalpage/2025-04-29/1223391418.pdf
300956,英力股份,2024年年度报告,2025-03-28 00:00:00,1222922455,reports_raw/companies/300_chinext/300956_英力股份/2024/1222922455.pdf,https://static.cninfo.com.cn/finalpage/2025-03-28/1222922455.PDF
300959,线上线下,2024年年度报告,2025-04-29 00:00:00,1223378390,reports_raw/companies/300_chinext/300959_线上线下/2024/1223378390.pdf,https://static.cninfo.com.cn/finalpage/2025-04-29/1223378390.PDF
300960,通业科技,2024年年度报告,2025-03-28 00:00:00,1222925777,reports_raw/companies/300_chinext/300960_通业科技/2024/1222925777.pdf,https://static.cninfo.com.cn/finalpage/2025-03-28/1222925777.PDF
300961,深水海纳,2024年年度报告,2025-04-29 00:00:00,1223384680,reports_raw/companies/300_chinext/300961_深水海纳/2024/1223384680.pdf,https://static.cninfo.com.cn/finalpage/2025-04-29/1223384680.PDF
300962,中金辐照,2024年年度报告,2025-04-29 00:00:00,1223369493,reports_raw/companies/300_chinext/300962_中金辐照/2024/1223369493.pdf,https://static.cninfo.com.cn/finalpage/2025-04-29/1223369493.PDF
300963,中洲特材,2024年年度报告,2025-04-29 00:00:00,1223367622,reports_raw/companies/300_chinext/300963_中洲特材/2024/1223367622.pdf,https://static.cninfo.com.cn/finalpage/2025-04-29/1223367622.PDF
300965,*ST恒宇,2024年年度报告,2025-04-11 00:00:00,1223058569,reports_raw/companies/300_chinext/300965_ST恒宇/2024/1223058569.pdf,https://static.cninfo.com.cn/finalpage/2025-04-11/1223058569.PDF
300967,晓鸣股份,2024年年度报告,2025-04-16 00:00:00,1223103016,reports_raw/companies/300_chinext/300967_晓鸣股份/2024/1223103016.pdf,https://static.cninfo.com.cn/finalpage/2025-04-16/1223103016.PDF
300968,格林精密,2024年年度报告,2025-04-28 00:00:00,1223316938,reports_raw/companies/300_chinext/300968_格林精密/2024/1223316938.pdf,https://static.cninfo.com.cn/finalpage/2025-04-28/1223316938.PDF
300969,恒帅股份,2024年年度报告,2025-04-03 00:00:00,1222990503,reports_raw/companies/300_chinext/300969_恒帅股份/2024/1222990503.pdf,https://static.cninfo.com.cn/finalpage/2025-04-03/1222990503.PDF
300971,博亚精工,2024年年度报告,2025-04-19 00:00:00,1223152005,reports_raw/companies/300_chinext/300971_博亚精工/2024/1223152005.pdf,https://static.cninfo.com.cn/finalpage/2025-04-19/1223152005.PDF
300972,万辰集团,2024年年度报告,2025-04-19 00:00:00,1223153803,reports_raw/companies/300_chinext/300972_万辰集团/2024/1223153803.pdf,https://static.cninfo.com.cn/finalpage/2025-04-19/1223153803.PDF
300973,立高食品,2024年年度报告,2025-04-29 00:00:00,1223357393,reports_raw/companies/300_chinext/300973_立高食品/2024/1223357393.pdf,https://static.cninfo.com.cn/finalpage/2025-04-29/1223357393.PDF
300977,深圳瑞捷,2024年年度报告,2025-04-10 00:00:00,1223044548,reports_raw/companies/300_chinext/300977_深圳瑞捷/2024/1223044548.pdf,https://static.cninfo.com.cn/finalpage/2025-04-10/1223044548.PDF
300978,东箭科技,2024年年度报告,2025-04-26 00:00:00,1223322685,reports_raw/companies/300_chinext/300978_东箭科技/2024/1223322685.pdf,https://static.cninfo.com.cn/finalpage/2025-04-26/1223322685.PDF
300979,华利集团,2024年年度报告,2025-04-11 00:00:00,1223057126,reports_raw/companies/300_chinext/300979_华利集团/2024/1223057126.pdf,https://static.cninfo.com.cn/finalpage/2025-04-11/1223057126.PDF
300980,祥源新材,2024年年度报告,2025-04-29 00:00:00,1223382933,reports_raw/companies/300_chinext/300980_祥源新材/2024/1223382933.pdf,https://static.cninfo.com.cn/finalpage/2025-04-29/1223382933.PDF
300982,苏文电能,2024年年度报告,2025-04-28 00:00:00,1223312842,reports_raw/companies/300_chinext/300982_苏文电能/2024/1223312842.pdf,https://static.cninfo.com.cn/finalpage/2025-04-28/1223312842.PDF
300983,尤安设计,2024年年度报告,2025-04-14 00:00:00,1223067040,reports_raw/companies/300_chinext/300983_尤安设计/2024/1223067040.pdf,https://static.cninfo.com.cn/finalpage/2025-04-14/1223067040.PDF
300984,金沃股份,2024年年度报告,2025-04-12 00:00:00,1223069943,reports_raw/companies/300_chinext/300984_金沃股份/2024/1223069943.pdf,https://static.cninfo.com.cn/finalpage/2025-04-12/1223069943.PDF
300985,致远新能,2024年年度报告,2025-04-29 00:00:00,1223363291,reports_raw/companies/300_chinext/300985_致远新能/2024/1223363291.pdf,https://static.cninfo.com.cn/finalpage/2025-04-29/1223363291.PDF
300987,川网传媒,2024年年度报告,2025-04-02 00:00:00,1222984850,reports_raw/companies/300_chinext/300987_川网传媒/2024/1222984850.pdf,https://static.cninfo.com.cn/finalpage/2025-04-02/1222984850.PDF
300989,蕾奥规划,2024年年度报告,2025-04-28 00:00:00,1223302963,reports_raw/companies/300_chinext/300989_蕾奥规划/2024/1223302963.pdf,https://static.cninfo.com.cn/finalpage/2025-04-28/1223302963.PDF
300990,同飞股份,2024年年度报告,2025-04-18 00:00:00,1223121132,reports_raw/companies/300_chinext/300990_同飞股份/2024/1223121132.pdf,https://static.cninfo.com.cn/finalpage/2025-04-18/1223121132.PDF
300991,创益通,2024年年度报告,2025-04-18 00:00:00,1223123828,reports_raw/companies/300_chinext/300991_创益通/2024/1223123828.pdf,https://static.cninfo.com.cn/finalpage/2025-04-18/1223123828.PDF
300992,泰福泵业,2024年年度报告,2025-04-28 00:00:00,1223310659,reports_raw/companies/300_chinext/300992_泰福泵业/2024/1223310659.pdf,https://static.cninfo.com.cn/finalpage/2025-04-28/1223310659.PDF
300995,奇德新材,2024年年度报告,2025-04-15 00:00:00,1223097377,reports_raw/companies/300_chinext/300995_奇德新材/2024/1223097377.pdf,https://static.cninfo.com.cn/finalpage/2025-04-15/1223097377.PDF
300996,普联软件,2024年年度报告,2025-04-01 00:00:00,1222972153,reports_raw/companies/300_chinext/300996_普联软件/2024/1222972153.pdf,https://static.cninfo.com.cn/finalpage/2025-04-01/1222972153.PDF
300997,欢乐家,2024年年度报告,2025-03-29 00:00:00,1222942060,reports_raw/companies/300_chinext/300997_欢乐家/2024/1222942060.pdf,https://static.cninfo.com.cn/finalpage/2025-03-29/1222942060.PDF
300999,金龙鱼,2024年年度报告,2025-03-22 00:00:00,1222871488,reports_raw/companies/300_chinext/300999_金龙鱼/2024/1222871488.pdf,https://static.cninfo.com.cn/finalpage/2025-03-22/1222871488.PDF
301000,肇民科技,2024年年度报告,2025-04-10 00:00:00,1223044334,reports_raw/companies/301_chinext/301000_肇民科技/2024/1223044334.pdf,https://static.cninfo.com.cn/finalpage/2025-04-10/1223044334.PDF
301003,江苏博云,2024年年度报告,2025-03-28 00:00:00,1222927007,reports_raw/companies/301_chinext/301003_江苏博云/2024/1222927007.pdf,https://static.cninfo.com.cn/finalpage/2025-03-28/1222927007.PDF
301004,嘉益股份,2024年年度报告,2025-03-31 00:00:00,1222945911,reports_raw/companies/301_chinext/301004_嘉益股份/2024/1222945911.pdf,https://static.cninfo.com.cn/finalpage/2025-03-31/1222945911.PDF
301006,迈拓股份,2024年年度报告,2025-04-28 00:00:00,1223302713,reports_raw/companies/301_chinext/301006_迈拓股份/2024/1223302713.pdf,https://static.cninfo.com.cn/finalpage/2025-04-28/1223302713.pdf
301008,宏昌科技,2024年年度报告,2025-03-31 00:00:00,1222941968,reports_raw/companies/301_chinext/301008_宏昌科技/2024/1222941968.pdf,https://static.cninfo.com.cn/finalpage/2025-03-31/1222941968.PDF
301009,可靠股份,2024年年度报告,2025-04-28 00:00:00,1223329502,reports_raw/companies/301_chinext/301009_可靠股份/2024/1223329502.pdf,https://static.cninfo.com.cn/finalpage/2025-04-28/1223329502.pdf
301010,晶雪节能,2024年年度报告,2025-04-19 00:00:00,1223145042,reports_raw/companies/301_chinext/301010_晶雪节能/2024/1223145042.pdf,https://static.cninfo.com.cn/finalpage/2025-04-19/1223145042.PDF
301011,华立科技,2024年年度报告,2025-03-29 00:00:00,1222949738,reports_raw/companies/301_chinext/301011_华立科技/2024/1222949738.pdf,https://static.cninfo.com.cn/finalpage/2025-03-29/1222949738.PDF
301016,雷尔伟,2024年年度报告,2025-03-29 00:00:00,1222949249,reports_raw/companies/301_chinext/301016_雷尔伟/2024/1222949249.pdf,https://static.cninfo.com.cn/finalpage/2025-03-29/1222949249.PDF
301017,漱玉平民,2024年年度报告,2025-04-29 00:00:00,1223390807,reports_raw/companies/301_chinext/301017_漱玉平民/2024/1223390807.pdf,https://static.cninfo.com.cn/finalpage/2025-04-29/1223390807.PDF
301018,申菱环境,2024年年度报告,2025-04-28 00:00:00,1223319900,reports_raw/companies/301_chinext/301018_申菱环境/2024/1223319900.pdf,https://static.cninfo.com.cn/finalpage/2025-04-28/1223319900.PDF
301020,密封科技,2024年年度报告,2025-03-21 00:00:00,1222857048,reports_raw/companies/301_chinext/301020_密封科技/2024/1222857048.pdf,https://static.cninfo.com.cn/finalpage/2025-03-21/1222857048.PDF
301023,江南奕帆,2024年年度报告,2025-04-18 00:00:00,1223123888,reports_raw/companies/301_chinext/301023_江南奕帆/2024/1223123888.pdf,https://static.cninfo.com.cn/finalpage/2025-04-18/1223123888.PDF
301024,霍普股份,2024年年度报告,2025-04-29 00:00:00,1223373663,reports_raw/companies/301_chinext/301024_霍普股份/2024/1223373663.pdf,https://static.cninfo.com.cn/finalpage/2025-04-29/1223373663.PDF
301025,读客文化,2024年年度报告,2025-04-29 00:00:00,1223371348,reports_raw/companies/301_chinext/301025_读客文化/2024/1223371348.pdf,https://static.cninfo.com.cn/finalpage/2025-04-29/1223371348.PDF
301029,怡合达,2024年年度报告,2025-04-29 00:00:00,1223357517,reports_raw/companies/301_chinext/301029_怡合达/2024/1223357517.pdf,https://static.cninfo.com.cn/finalpage/2025-04-29/1223357517.PDF
301030,仕净科技,2024年年度报告,2025-04-28 00:00:00,1223322722,reports_raw/companies/301_chinext/301030_仕净科技/2024/1223322722.pdf,https://static.cninfo.com.cn/finalpage/2025-04-28/1223322722.PDF
301038,深水规院,2024年年度报告,2025-04-17 00:00:00,1223113388,reports_raw/companies/301_chinext/301038_深水规院/2024/1223113388.pdf,https://static.cninfo.com.cn/finalpage/2025-04-17/1223113388.PDF
301039,中集车辆,2024年年度报告,2025-03-26 00:00:00,1222896668,reports_raw/companies/301_chinext/301039_中集车辆/2024/1222896668.pdf,https://static.cninfo.com.cn/finalpage/2025-03-26/1222896668.PDF
301041,金百泽,2024年年度报告,2025-04-29 00:00:00,1223362195,reports_raw/companies/301_chinext/301041_金百泽/2024/1223362195.pdf,https://static.cninfo.com.cn/finalpage/2025-04-29/1223362195.PDF
301047,义翘神州,2024年年度报告,2025-04-19 00:00:00,1223147542,reports_raw/companies/301_chinext/301047_义翘神州/2024/1223147542.pdf,https://static.cninfo.com.cn/finalpage/2025-04-19/1223147542.PDF
301052,果麦文化,2024年年度报告,2025-04-26 00:00:00,1223318197,reports_raw/companies/301_chinext/301052_果麦文化/2024/1223318197.pdf,https://static.cninfo.com.cn/finalpage/2025-04-26/1223318197.PDF
301055,张小泉,2024年年度报告,2025-04-19 00:00:00,1223150259,reports_raw/companies/301_chinext/301055_张小泉/2024/1223150259.pdf,https://static.cninfo.com.cn/finalpage/2025-04-19/1223150259.PDF
301059,金三江,2024年年度报告,2025-03-31 00:00:00,1222947323,reports_raw/companies/301_chinext/301059_金三江/2024/1222947323.pdf,https://static.cninfo.com.cn/finalpage/2025-03-31/1222947323.PDF
301060,兰卫医学,2024年年度报告,2025-04-28 00:00:00,1223306767,reports_raw/companies/301_chinext/301060_兰卫医学/2024/1223306767.pdf,https://static.cninfo.com.cn/finalpage/2025-04-28/1223306767.PDF
301066,万事利,2024年年度报告,2025-03-27 00:00:00,1222911284,reports_raw/companies/301_chinext/301066_万事利/2024/1222911284.pdf,https://static.cninfo.com.cn/finalpage/2025-03-27/1222911284.PDF
301067,显盈科技,2024年年度报告,2025-04-29 00:00:00,1223375528,reports_raw/companies/301_chinext/301067_显盈科技/2024/1223375528.pdf,https://static.cninfo.com.cn/finalpage/2025-04-29/1223375528.PDF
301069,凯盛新材,2024年年度报告,2025-03-15 00:00:00,1222807094,reports_raw/companies/301_chinext/301069_凯盛新材/2024/1222807094.pdf,https://static.cninfo.com.cn/finalpage/2025-03-15/1222807094.PDF
301070,开勒股份,2024年年度报告,2025-04-29 00:00:00,1223377804,reports_raw/companies/301_chinext/301070_开勒股份/2024/1223377804.pdf,https://static.cninfo.com.cn/finalpage/2025-04-29/1223377804.PDF
301073,君亭酒店,2024年年度报告,2025-04-29 00:00:00,1223357479,reports_raw/companies/301_chinext/301073_君亭酒店/2024/1223357479.pdf,https://static.cninfo.com.cn/finalpage/2025-04-29/1223357479.PDF
301075,多瑞医药,2024年年度报告,2025-04-18 00:00:00,1223128189,reports_raw/companies/301_chinext/301075_多瑞医药/2024/1223128189.pdf,https://static.cninfo.com.cn/finalpage/2025-04-18/1223128189.PDF
301076,新瀚新材,2024年年度报告,2025-04-26 00:00:00,1223318353,reports_raw/companies/301_chinext/301076_新瀚新材/2024/1223318353.pdf,https://static.cninfo.com.cn/finalpage/2025-04-26/1223318353.PDF
301077,星华新材,2024年年度报告,2025-04-14 00:00:00,1223070606,reports_raw/companies/301_chinext/301077_星华新材/2024/1223070606.pdf,https://static.cninfo.com.cn/finalpage/2025-04-14/1223070606.PDF
301078,孩子王,2024年年度报告,2025-04-03 00:00:00,1222991960,reports_raw/companies/301_chinext/301078_孩子王/2024/1222991960.pdf,https://static.cninfo.com.cn/finalpage/2025-04-03/1222991960.pdf
301079,邵阳液压,2024年年度报告,2025-04-09 00:00:00,1223028884,reports_raw/companies/301_chinext/301079_邵阳液压/2024/1223028884.pdf,https://static.cninfo.com.cn/finalpage/2025-04-09/1223028884.PDF
301081,严牌股份,2024年年度报告,2025-04-28 00:00:00,1223299788,reports_raw/companies/301_chinext/301081_严牌股份/2024/1223299788.pdf,https://static.cninfo.com.cn/finalpage/2025-04-28/1223299788.PDF
301082,久盛电气,2024年年度报告,2025-04-28 00:00:00,1223301502,reports_raw/companies/301_chinext/301082_久盛电气/2024/1223301502.pdf,https://static.cninfo.com.cn/finalpage/2025-04-28/1223301502.PDF
301086,鸿富瀚,2024年年度报告,2025-04-29 00:00:00,1223361083,reports_raw/companies/301_chinext/301086_鸿富瀚/2024/1223361083.pdf,https://static.cninfo.com.cn/finalpage/2025-04-29/1223361083.PDF
301087,可孚医疗,2024年年度报告,2025-04-29 00:00:00,1223358916,reports_raw/companies/301_chinext/301087_可孚医疗/2024/1223358916.pdf,https://static.cninfo.com.cn/finalpage/2025-04-29/1223358916.PDF
301088,戎美股份,2024年年度报告,2025-04-29 00:00:00,1223366489,reports_raw/companies/301_chinext/301088_戎美股份/2024/1223366489.pdf,https://static.cninfo.com.cn/finalpage/2025-04-29/1223366489.PDF
301091,深城交,2024年年度报告,2025-04-29 00:00:00,1223373231,reports_raw/companies/301_chinext/301091_深城交/2024/1223373231.pdf,https://static.cninfo.com.cn/finalpage/2025-04-29/1223373231.PDF
301092,争光股份,2024年年度报告,2025-04-28 00:00:00,1223304967,reports_raw/companies/301_chinext/301092_争光股份/2024/1223304967.pdf,https://static.cninfo.com.cn/finalpage/2025-04-28/1223304967.PDF
301097,天益医疗,2024年年度报告,2025-04-15 00:00:00,1223093977,reports_raw/companies/301_chinext/301097_天益医疗/2024/1223093977.pdf,https://static.cninfo.com.cn/finalpage/2025-04-15/1223093977.PDF
301101,明月镜片,2024年年度报告,2025-04-18 00:00:00,1223121979,reports_raw/companies/301_chinext/301101_明月镜片/2024/1223121979.pdf,https://static.cninfo.com.cn/finalpage/2025-04-18/1223121979.PDF
301105,鸿铭股份,2024年年度报告,2025-04-19 00:00:00,1223148654,reports_raw/companies/301_chinext/301105_鸿铭股份/2024/1223148654.pdf,https://static.cninfo.com.cn/finalpage/2025-04-19/1223148654.PDF
301106,骏成科技,2024年年度报告,2025-04-18 00:00:00,1223121774,reports_raw/companies/301_chinext/301106_骏成科技/2024/1223121774.pdf,https://static.cninfo.com.cn/finalpage/2025-04-18/1223121774.PDF
301110,青木科技,2024年年度报告,2025-04-29 00:00:00,1223377273,reports_raw/companies/301_chinext/301110_青木科技/2024/1223377273.pdf,https://static.cninfo.com.cn/finalpage/2025-04-29/1223377273.PDF
301113,雅艺科技,2024年年度报告,2025-03-31 00:00:00,1222949648,reports_raw/companies/301_chinext/301113_雅艺科技/2024/1222949648.pdf,https://static.cninfo.com.cn/finalpage/2025-03-31/1222949648.PDF
301121,紫建电子,2024年年度报告,2025-03-31 00:00:00,1222941973,reports_raw/companies/301_chinext/301121_紫建电子/2024/1222941973.pdf,https://static.cninfo.com.cn/finalpage/2025-03-31/1222941973.PDF
301127,天源环保,2024年年度报告,2025-03-18 00:00:00,1222821814,reports_raw/companies/301_chinext/301127_天源环保/2024/1222821814.pdf,https://static.cninfo.com.cn/finalpage/2025-03-18/1222821814.PDF
301131,聚赛龙,2024年年度报告,2025-04-29 00:00:00,1223376303,reports_raw/companies/301_chinext/301131_聚赛龙/2024/1223376303.pdf,https://static.cninfo.com.cn/finalpage/2025-04-29/1223376303.PDF
301135,瑞德智能,2024年年度报告,2025-04-29 00:00:00,1223370568,reports_raw/companies/301_chinext/301135_瑞德智能/2024/1223370568.pdf,https://static.cninfo.com.cn/finalpage/2025-04-29/1223370568.PDF
301138,华研精机,2024年年度报告,2025-04-08 00:00:00,1223022018,reports_raw/companies/301_chinext/301138_华研精机/2024/1223022018.pdf,https://static.cninfo.com.cn/finalpage/2025-04-08/1223022018.PDF
301139,元道通信,2024年年度报告,2025-04-29 00:00:00,1223373232,reports_raw/companies/301_chinext/301139_元道通信/2024/1223373232.pdf,https://static.cninfo.com.cn/finalpage/2025-04-29/1223373232.PDF
301149,隆华新材,2024年年度报告,2025-04-19 00:00:00,1223141820,reports_raw/companies/301_chinext/301149_隆华新材/2024/1223141820.pdf,https://static.cninfo.com.cn/finalpage/2025-04-19/1223141820.PDF
301152,天力锂能,2024年年度报告,2025-04-29 00:00:00,1223389338,reports_raw/companies/301_chinext/301152_天力锂能/2024/1223389338.pdf,https://static.cninfo.com.cn/finalpage/2025-04-29/1223389338.PDF
301153,中科江南,2024年年度报告,2025-03-28 00:00:00,1222927239,reports_raw/companies/301_chinext/301153_中科江南/2024/1222927239.pdf,https://static.cninfo.com.cn/finalpage/2025-03-28/1222927239.PDF
301155,海力风电,2024年年度报告,2025-04-29 00:00:00,1223367179,reports_raw/companies/301_chinext/301155_海力风电/2024/1223367179.pdf,https://static.cninfo.com.cn/finalpage/2025-04-29/1223367179.PDF
301158,德石股份,2024年年度报告,2025-04-10 00:00:00,1223043774,reports_raw/companies/301_chinext/301158_德石股份/2024/1223043774.pdf,https://static.cninfo.com.cn/finalpage/2025-04-10/1223043774.PDF
301160,翔楼新材,2024年年度报告,2025-04-11 00:00:00,1223055130,reports_raw/companies/301_chinext/301160_翔楼新材/2024/1223055130.pdf,https://static.cninfo.com.cn/finalpage/2025-04-11/1223055130.PDF
301161,唯万密封,2024年年度报告,2025-04-29 00:00:00,1223365579,reports_raw/companies/301_chinext/301161_唯万密封/2024/1223365579.pdf,https://static.cninfo.com.cn/finalpage/2025-04-29/1223365579.PDF
301162,国能日新,2024年年度报告,2025-04-12 00:00:00,1223067591,reports_raw/companies/301_chinext/301162_国能日新/2024/1223067591.pdf,https://static.cninfo.com.cn/finalpage/2025-04-12/1223067591.PDF
301163,宏德股份,2024年年度报告,2025-04-29 00:00:00,1223361705,reports_raw/companies/301_chinext/301163_宏德股份/2024/1223361705.pdf,https://static.cninfo.com.cn/finalpage/2025-04-29/1223361705.PDF
301165,锐捷网络,2024年年度报告,2025-04-03 00:00:00,1222989530,reports_raw/companies/301_chinext/301165_锐捷网络/2024/1222989530.pdf,https://static.cninfo.com.cn/finalpage/2025-04-03/1222989530.PDF
301167,建研设计,2024年年度报告,2025-04-04 00:00:00,1223006355,reports_raw/companies/301_chinext/301167_建研设计/2024/1223006355.pdf,https://static.cninfo.com.cn/finalpage/2025-04-04/1223006355.PDF
301168,通灵股份,2024年年度报告,2025-04-26 00:00:00,1223323975,reports_raw/companies/301_chinext/301168_通灵股份/2024/1223323975.pdf,https://static.cninfo.com.cn/finalpage/2025-04-26/1223323975.PDF
301175,中科环保,2024年年度报告,2025-04-09 00:00:00,1223031287,reports_raw/companies/301_chinext/301175_中科环保/2024/1223031287.pdf,https://static.cninfo.com.cn/finalpage/2025-04-09/1223031287.PDF
301176,逸豪新材,2024年年度报告,2025-04-19 00:00:00,1223152127,reports_raw/companies/301_chinext/301176_逸豪新材/2024/1223152127.pdf,https://static.cninfo.com.cn/finalpage/2025-04-19/1223152127.PDF
301177,迪阿股份,2024年年度报告（英文版）,2025-04-26 00:00:00,1223319605,reports_raw/companies/301_chinext/301177_迪阿股份/2024/1223319605.pdf,https://static.cninfo.com.cn/finalpage/2025-04-26/1223319605.PDF
301179,泽宇智能,2024年年度报告,2025-04-18 00:00:00,1223129467,reports_raw/companies/301_chinext/301179_泽宇智能/2024/1223129467.pdf,https://static.cninfo.com.cn/finalpage/2025-04-18/1223129467.PDF
301181,标榜股份,2024年年度报告,2025-04-17 00:00:00,1223110298,reports_raw/companies/301_chinext/301181_标榜股份/2024/1223110298.pdf,https://static.cninfo.com.cn/finalpage/2025-04-17/1223110298.PDF
301185,鸥玛软件,2024年年度报告,2025-04-10 00:00:00,1223044557,reports_raw/companies/301_chinext/301185_鸥玛软件/2024/1223044557.pdf,https://static.cninfo.com.cn/finalpage/2025-04-10/1223044557.PDF
301187,欧圣电气,2024年年度报告,2025-04-18 00:00:00,1223129739,reports_raw/companies/301_chinext/301187_欧圣电气/2024/1223129739.pdf,https://static.cninfo.com.cn/finalpage/2025-04-18/1223129739.PDF
301191,菲菱科思,2024年年度报告,2025-04-29 00:00:00,1223367427,reports_raw/companies/301_chinext/301191_菲菱科思/2024/1223367427.pdf,https://static.cninfo.com.cn/finalpage/2025-04-29/1223367427.PDF
301192,泰祥股份,2024年年度报告,2025-03-29 00:00:00,1222949150,reports_raw/companies/301_chinext/301192_泰祥股份/2024/1222949150.pdf,https://static.cninfo.com.cn/finalpage/2025-03-29/1222949150.PDF
301197,工大科雅,2024年年度报告,2025-04-28 00:00:00,1223321590,reports_raw/companies/301_chinext/301197_工大科雅/2024/1223321590.pdf,https://static.cninfo.com.cn/finalpage/2025-04-28/1223321590.PDF
301199,迈赫股份,2024年年度报告,2025-04-29 00:00:00,1223372191,reports_raw/companies/301_chinext/301199_迈赫股份/2024/1223372191.pdf,https://static.cninfo.com.cn/finalpage/2025-04-29/1223372191.PDF
301206,三元生物,2024年年度报告,2025-04-29 00:00:00,1223372568,reports_raw/companies/301_chinext/301206_三元生物/2024/1223372568.pdf,https://static.cninfo.com.cn/finalpage/2025-04-29/1223372568.PDF
301207,华兰疫苗,2024年年度报告,2025-03-29 00:00:00,1222944485,reports_raw/companies/301_chinext/301207_华兰疫苗/2024/1222944485.pdf,https://static.cninfo.com.cn/finalpage/2025-03-29/1222944485.PDF
301209,联合化学,2024年年度报告,2025-04-28 00:00:00,1223314994,reports_raw/companies/301_chinext/301209_联合化学/2024/1223314994.pdf,https://static.cninfo.com.cn/finalpage/2025-04-28/1223314994.PDF
301213,观想科技,2024年年度报告,2025-04-29 00:00:00,1223366196,reports_raw/companies/301_chinext/301213_观想科技/2024/1223366196.pdf,https://static.cninfo.com.cn/finalpage/2025-04-29/1223366196.PDF
301218,华是科技,2024年年度报告,2025-04-19 00:00:00,1223148800,reports_raw/companies/301_chinext/301218_华是科技/2024/1223148800.pdf,https://static.cninfo.com.cn/finalpage/2025-04-19/1223148800.PDF
301222,浙江恒威,2024年年度报告,2025-04-29 00:00:00,1223367238,reports_raw/companies/301_chinext/301222_浙江恒威/2024/1223367238.pdf,https://static.cninfo.com.cn/finalpage/2025-04-29/1223367238.PDF
301229,纽泰格,2024年年度报告,2025-04-18 00:00:00,1223123784,reports_raw/companies/301_chinext/301229_纽泰格/2024/1223123784.pdf,https://static.cninfo.com.cn/finalpage/2025-04-18/1223123784.PDF
301231,荣信文化,2024年年度报告,2025-04-29 00:00:00,1223376779,reports_raw/companies/301_chinext/301231_荣信文化/2024/1223376779.pdf,https://static.cninfo.com.cn/finalpage/2025-04-29/1223376779.PDF
301234,五洲医疗,2024年年度报告,2025-04-19 00:00:00,1223148113,reports_raw/companies/301_chinext/301234_五洲医疗/2024/1223148113.pdf,https://static.cninfo.com.cn/finalpage/2025-04-19/1223148113.PDF
301236,软通动力,2024年年度报告,2025-04-26 00:00:00,1223318919,reports_raw/companies/301_chinext/301236_软通动力/2024/1223318919.pdf,https://static.cninfo.com.cn/finalpage/2025-04-26/1223318919.PDF
301237,和顺科技,2024年年度报告,2025-04-18 00:00:00,1223125679,reports_raw/companies/301_chinext/301237_和顺科技/2024/1223125679.pdf,https://static.cninfo.com.cn/finalpage/2025-04-18/1223125679.PDF
301239,普瑞眼科,2024年年度报告,2025-04-29 00:00:00,1223360686,reports_raw/companies/301_chinext/301239_普瑞眼科/2024/1223360686.pdf,https://static.cninfo.com.cn/finalpage/2025-04-29/1223360686.PDF
301255,通力科技,2024年年度报告,2025-04-29 00:00:00,1223358025,reports_raw/companies/301_chinext/301255_通力科技/2024/1223358025.pdf,https://static.cninfo.com.cn/finalpage/2025-04-29/1223358025.PDF
301256,华融化学,2024年年度报告,2025-03-25 00:00:00,1222881891,reports_raw/companies/301_chinext/301256_华融化学/2024/1222881891.pdf,https://static.cninfo.com.cn/finalpage/2025-03-25/1222881891.PDF
301257,普蕊斯,2024年年度报告,2025-04-29 00:00:00,1223373081,reports_raw/companies/301_chinext/301257_普蕊斯/2024/1223373081.pdf,https://static.cninfo.com.cn/finalpage/2025-04-29/1223373081.PDF
301259,艾布鲁,2024年年度报告,2025-04-29 00:00:00,1223373014,reports_raw/companies/301_chinext/301259_艾布鲁/2024/1223373014.pdf,https://static.cninfo.com.cn/finalpage/2025-04-29/1223373014.PDF
301260,格力博,2024年年度报告,2025-04-29 00:00:00,1223371048,reports_raw/companies/301_chinext/301260_格力博/2024/1223371048.pdf,https://static.cninfo.com.cn/finalpage/2025-04-29/1223371048.PDF
301261,恒工精密,2024年年度报告,2025-04-29 00:00:00,1223357355,reports_raw/companies/301_chinext/301261_恒工精密/2024/1223357355.pdf,https://static.cninfo.com.cn/finalpage/2025-04-29/1223357355.PDF
301263,泰恩康,2024年年度报告,2025-04-26 00:00:00,1223317221,reports_raw/companies/301_chinext/301263_泰恩康/2024/1223317221.pdf,https://static.cninfo.com.cn/finalpage/2025-04-26/1223317221.PDF
301267,华厦眼科,2024年年度报告,2025-04-28 00:00:00,1223322582,reports_raw/companies/301_chinext/301267_华厦眼科/2024/1223322582.pdf,https://static.cninfo.com.cn/finalpage/2025-04-28/1223322582.PDF
301268,铭利达,2024年年度报告,2025-04-29 00:00:00,1223375620,reports_raw/companies/301_chinext/301268_铭利达/2024/1223375620.pdf,https://static.cninfo.com.cn/finalpage/2025-04-29/1223375620.PDF
301269,华大九天,2024年年度报告,2025-04-28 00:00:00,1223320656,reports_raw/companies/301_chinext/301269_华大九天/2024/1223320656.pdf,https://static.cninfo.com.cn/finalpage/2025-04-28/1223320656.PDF
301272,英华特,2024年年度报告,2025-04-26 00:00:00,1223329557,reports_raw/companies/301_chinext/301272_英华特/2024/1223329557.pdf,https://static.cninfo.com.cn/finalpage/2025-04-26/1223329557.PDF
301273,瑞晨环保,2024年年度报告,2025-04-29 00:00:00,1223375477,reports_raw/companies/301_chinext/301273_瑞晨环保/2024/1223375477.pdf,https://static.cninfo.com.cn/finalpage/2025-04-29/1223375477.PDF
301276,嘉曼服饰,2024年年度报告,2025-04-28 00:00:00,1223315006,reports_raw/companies/301_chinext/301276_嘉曼服饰/2024/1223315006.pdf,https://static.cninfo.com.cn/finalpage/2025-04-28/1223315006.PDF
301277,新天地,2024年年度报告,2025-03-11 00:00:00,1222759433,reports_raw/companies/301_chinext/301277_新天地/2024/1222759433.pdf,https://static.cninfo.com.cn/finalpage/2025-03-11/1222759433.PDF
301278,快可电子,2024年年度报告,2025-04-29 00:00:00,1223359122,reports_raw/companies/301_chinext/301278_快可电子/2024/1223359122.pdf,https://static.cninfo.com.cn/finalpage/2025-04-29/1223359122.PDF
301279,金道科技,2024年年度报告,2025-04-29 00:00:00,1223373388,reports_raw/companies/301_chinext/301279_金道科技/2024/1223373388.pdf,https://static.cninfo.com.cn/finalpage/2025-04-29/1223373388.PDF
301280,珠城科技,2024年年度报告,2025-03-28 00:00:00,1222922545,reports_raw/companies/301_chinext/301280_珠城科技/2024/1222922545.pdf,https://static.cninfo.com.cn/finalpage/2025-03-28/1222922545.PDF
301281,科源制药,2024年年度报告,2025-04-11 00:00:00,1223057554,reports_raw/companies/301_chinext/301281_科源制药/2024/1223057554.pdf,https://static.cninfo.com.cn/finalpage/2025-04-11/1223057554.PDF
301282,金禄电子,2024年年度报告,2025-03-29 00:00:00,1222943943,reports_raw/companies/301_chinext/301282_金禄电子/2024/1222943943.pdf,https://static.cninfo.com.cn/finalpage/2025-03-29/1222943943.PDF
301283,聚胶股份,2024年年度报告,2025-04-15 00:00:00,1223095745,reports_raw/companies/301_chinext/301283_聚胶股份/2024/1223095745.pdf,https://static.cninfo.com.cn/finalpage/2025-04-15/1223095745.PDF
301288,清研环境,2024年年度报告,2025-04-29 00:00:00,1223381060,reports_raw/companies/301_chinext/301288_清研环境/2024/1223381060.pdf,https://static.cninfo.com.cn/finalpage/2025-04-29/1223381060.PDF
301290,东星医疗,2024年年度报告,2025-04-15 00:00:00,1223091159,reports_raw/companies/301_chinext/301290_东星医疗/2024/1223091159.pdf,https://static.cninfo.com.cn/finalpage/2025-04-15/1223091159.PDF
301293,三博脑科,2024年年度报告,2025-04-18 00:00:00,1223125344,reports_raw/companies/301_chinext/301293_三博脑科/2024/1223125344.pdf,https://static.cninfo.com.cn/finalpage/2025-04-18/1223125344.PDF
301297,富乐德,2024年年度报告,2025-04-30 00:00:00,1223410800,reports_raw/companies/301_chinext/301297_富乐德/2024/1223410800.pdf,https://static.cninfo.com.cn/finalpage/2025-04-30/1223410800.PDF
301298,东利机械,2024年年度报告,2025-04-01 00:00:00,1222974970,reports_raw/companies/301_chinext/301298_东利机械/2024/1222974970.pdf,https://static.cninfo.com.cn/finalpage/2025-04-01/1222974970.PDF
301300,远翔新材,2024年年度报告,2025-04-29 00:00:00,1223364187,reports_raw/companies/301_chinext/301300_远翔新材/2024/1223364187.pdf,https://static.cninfo.com.cn/finalpage/2025-04-29/1223364187.PDF
301306,西测测试,2024年年度报告,2025-04-28 00:00:00,1223319750,reports_raw/companies/301_chinext/301306_西测测试/2024/1223319750.pdf,https://static.cninfo.com.cn/finalpage/2025-04-28/1223319750.PDF
301308,江波龙,深圳市江波龙电子股份有限公司2024年年度报告（更正后）,2025-05-30 18:48:40,1223733785,reports_raw/companies/301_chinext/301308_江波龙/2024/1223733785.pdf,https://static.cninfo.com.cn/finalpage/2025-05-30/1223733785.PDF
301309,万得凯,2024年年度报告,2025-04-29 00:00:00,1223366395,reports_raw/companies/301_chinext/301309_万得凯/2024/1223366395.pdf,https://static.cninfo.com.cn/finalpage/2025-04-29/1223366395.PDF
301310,鑫宏业,2024年年度报告,2025-04-11 00:00:00,1223055341,reports_raw/companies/301_chinext/301310_鑫宏业/2024/1223055341.pdf,https://static.cninfo.com.cn/finalpage/2025-04-11/1223055341.PDF
301320,豪江智能,2024年年度报告,2025-04-19 00:00:00,1223152845,reports_raw/companies/301_chinext/301320_豪江智能/2024/1223152845.pdf,https://static.cninfo.com.cn/finalpage/2025-04-19/1223152845.PDF
301322,绿通科技,2024年年度报告,2025-04-29 00:00:00,1223361486,reports_raw/companies/301_chinext/301322_绿通科技/2024/1223361486.pdf,https://static.cninfo.com.cn/finalpage/2025-04-29/1223361486.PDF
301325,曼恩斯特,2024年年度报告,2025-04-29 00:00:00,1223374752,reports_raw/companies/301_chinext/301325_曼恩斯特/2024/1223374752.pdf,https://static.cninfo.com.cn/finalpage/2025-04-29/1223374752.PDF
301327,华宝新能,2024年年度报告,2025-04-26 00:00:00,1223332625,reports_raw/companies/301_chinext/301327_华宝新能/2024/1223332625.pdf,https://static.cninfo.com.cn/finalpage/2025-04-26/1223332625.PDF
301328,维峰电子,2024年年度报告,2025-04-26 00:00:00,1223332482,reports_raw/companies/301_chinext/301328_维峰电子/2024/1223332482.pdf,https://static.cninfo.com.cn/finalpage/2025-04-26/1223332482.PDF
301329,信音电子,2024年年度报告,2025-04-11 00:00:00,1223056564,reports_raw/companies/301_chinext/301329_信音电子/2024/1223056564.pdf,https://static.cninfo.com.cn/finalpage/2025-04-11/1223056564.PDF
301330,熵基科技,熵基科技股份有限公司2024年年度报告（英文版）,2025-05-30 16:57:02,1223732039,reports_raw/companies/301_chinext/301330_熵基科技/2024/1223732039.pdf,https://static.cninfo.com.cn/finalpage/2025-05-30/1223732039.PDF
301333,诺思格,2024年年度报告,2025-03-28 00:00:00,1222922818,reports_raw/companies/301_chinext/301333_诺思格/2024/1222922818.pdf,https://static.cninfo.com.cn/finalpage/2025-03-28/1222922818.PDF
301335,天元宠物,2024年年度报告,2025-04-15 00:00:00,1223094846,reports_raw/companies/301_chinext/301335_天元宠物/2024/1223094846.pdf,https://static.cninfo.com.cn/finalpage/2025-04-15/1223094846.PDF
301336,趣睡科技,2024年年度报告,2025-04-26 00:00:00,1223321134,reports_raw/companies/301_chinext/301336_趣睡科技/2024/1223321134.pdf,https://static.cninfo.com.cn/finalpage/2025-04-26/1223321134.PDF
301337,亚华电子,2024年年度报告（更正后）,2025-05-16 19:26:14,1223569430,reports_raw/companies/301_chinext/301337_亚华电子/2024/1223569430.pdf,https://static.cninfo.com.cn/finalpage/2025-05-16/1223569430.PDF
301339,通行宝,2024年年度报告,2025-03-28 00:00:00,1222924902,reports_raw/companies/301_chinext/301339_通行宝/2024/1222924902.pdf,https://static.cninfo.com.cn/finalpage/2025-03-28/1222924902.PDF
301345,涛涛车业,2024年年度报告,2025-04-29 00:00:00,1223356894,reports_raw/companies/301_chinext/301345_涛涛车业/2024/1223356894.pdf,https://static.cninfo.com.cn/finalpage/2025-04-29/1223356894.PDF
301348,蓝箭电子,2024年年度报告,2025-04-29 00:00:00,1223371713,reports_raw/companies/301_chinext/301348_蓝箭电子/2024/1223371713.pdf,https://static.cninfo.com.cn/finalpage/2025-04-29/1223371713.PDF
301356,天振股份,2024年年度报告,2025-04-29 00:00:00,1223369654,reports_raw/companies/301_chinext/301356_天振股份/2024/1223369654.pdf,https://static.cninfo.com.cn/finalpage/2025-04-29/1223369654.PDF
301357,北方长龙,2024年年度报告,2025-04-29 00:00:00,1223365616,reports_raw/companies/301_chinext/301357_北方长龙/2024/1223365616.pdf,https://static.cninfo.com.cn/finalpage/2025-04-29/1223365616.PDF
301358,湖南裕能,2024年年度报告,2025-03-15 00:00:00,1222807407,reports_raw/companies/301_chinext/301358_湖南裕能/2024/1222807407.pdf,https://static.cninfo.com.cn/finalpage/2025-03-15/1222807407.PDF
301359,东南电子,2024年年度报告,2025-04-18 00:00:00,1223120565,reports_raw/companies/301_chinext/301359_东南电子/2024/1223120565.pdf,https://static.cninfo.com.cn/finalpage/2025-04-18/1223120565.PDF
301361,众智科技,2024年年度报告,2025-04-17 00:00:00,1223112860,reports_raw/companies/301_chinext/301361_众智科技/2024/1223112860.pdf,https://static.cninfo.com.cn/finalpage/2025-04-17/1223112860.PDF
301362,民爆光电,2024年年度报告,2025-04-01 00:00:00,1222971969,reports_raw/companies/301_chinext/301362_民爆光电/2024/1222971969.pdf,https://static.cninfo.com.cn/finalpage/2025-04-01/1222971969.PDF
301363,美好医疗,2024年年度报告,2025-04-18 00:00:00,1223128912,reports_raw/companies/301_chinext/301363_美好医疗/2024/1223128912.pdf,https://static.cninfo.com.cn/finalpage/2025-04-18/1223128912.PDF
301366,一博科技,2024年年度报告,2025-04-28 00:00:00,1223303416,reports_raw/companies/301_chinext/301366_一博科技/2024/1223303416.pdf,https://static.cninfo.com.cn/finalpage/2025-04-28/1223303416.PDF
301367,怡和嘉业,2024年年度报告,2025-04-18 00:00:00,1223124901,reports_raw/companies/301_chinext/301367_怡和嘉业/2024/1223124901.pdf,https://static.cninfo.com.cn/finalpage/2025-04-18/1223124901.PDF
301369,联动科技,2024年年度报告,2025-04-18 00:00:00,1223980009,reports_raw/companies/301_chinext/301369_联动科技/2024/1223980009.pdf,https://static.cninfo.com.cn/finalpage/2025-04-18/1223980009.pdf
301372,科净源,2024年年度报告,2025-04-28 00:00:00,1223332664,reports_raw/companies/301_chinext/301372_科净源/2024/1223332664.pdf,https://static.cninfo.com.cn/finalpage/2025-04-28/1223332664.PDF
301373,凌玮科技,2024年年度报告,2025-04-17 00:00:00,1223107973,reports_raw/companies/301_chinext/301373_凌玮科技/2024/1223107973.pdf,https://static.cninfo.com.cn/finalpage/2025-04-17/1223107973.PDF
301376,致欧科技,2024年年度报告,2025-04-29 00:00:00,1223366465,reports_raw/companies/301_chinext/301376_致欧科技/2024/1223366465.pdf,https://static.cninfo.com.cn/finalpage/2025-04-29/1223366465.PDF
301380,挖金客,2024年年度报告,2025-04-28 00:00:00,1223329732,reports_raw/companies/301_chinext/301380_挖金客/2024/1223329732.pdf,https://static.cninfo.com.cn/finalpage/2025-04-28/1223329732.PDF
301382,蜂助手,2024年年度报告,2025-04-28 00:00:00,1223329432,reports_raw/companies/301_chinext/301382_蜂助手/2024/1223329432.pdf,https://static.cninfo.com.cn/finalpage/2025-04-28/1223329432.PDF
301383,天键股份,2024年年度报告,2025-04-18 00:00:00,1223129014,reports_raw/companies/301_chinext/301383_天键股份/2024/1223129014.pdf,https://static.cninfo.com.cn/finalpage/2025-04-18/1223129014.PDF
301386,未来电器,2024年年度报告,2025-04-17 00:00:00,1223109458,reports_raw/companies/301_chinext/301386_未来电器/2024/1223109458.pdf,https://static.cninfo.com.cn/finalpage/2025-04-17/1223109458.PDF
301388,欣灵电气,2024年年度报告,2025-04-19 00:00:00,1223152611,reports_raw/companies/301_chinext/301388_欣灵电气/2024/1223152611.pdf,https://static.cninfo.com.cn/finalpage/2025-04-19/1223152611.PDF
301389,隆扬电子,2024年年度报告,2025-03-13 00:00:00,1222778231,reports_raw/companies/301_chinext/301389_隆扬电子/2024/1222778231.pdf,https://static.cninfo.com.cn/finalpage/2025-03-13/1222778231.PDF
301391,卡莱特,2024年年度报告,2025-04-29 00:00:00,1223364804,reports_raw/companies/301_chinext/301391_卡莱特/2024/1223364804.pdf,https://static.cninfo.com.cn/finalpage/2025-04-29/1223364804.PDF
301398,星源卓镁,2024年年度报告,2025-04-03 00:00:00,1222989962,reports_raw/companies/301_chinext/301398_星源卓镁/2024/1222989962.pdf,https://static.cninfo.com.cn/finalpage/2025-04-03/1222989962.PDF
301399,英特科技,2024年年度报告,2025-04-29 00:00:00,1223366424,reports_raw/companies/301_chinext/301399_英特科技/2024/1223366424.pdf,https://static.cninfo.com.cn/finalpage/2025-04-29/1223366424.pdf
301429,森泰股份,2024年年度报告,2025-04-18 00:00:00,1223121621,reports_raw/companies/301_chinext/301429_森泰股份/2024/1223121621.pdf,https://static.cninfo.com.cn/finalpage/2025-04-18/1223121621.PDF
301479,弘景光电,2024年年度报告,2025-04-28 00:00:00,1223322416,reports_raw/companies/301_chinext/301479_弘景光电/2024/1223322416.pdf,https://static.cninfo.com.cn/finalpage/2025-04-28/1223322416.PDF
301486,致尚科技,2024年年度报告,2025-04-18 00:00:00,1223130244,reports_raw/companies/301_chinext/301486_致尚科技/2024/1223130244.pdf,https://static.cninfo.com.cn/finalpage/2025-04-18/1223130244.PDF
301488,豪恩汽电,2024年年度报告,2025-04-09 00:00:00,1223032242,reports_raw/companies/301_chinext/301488_豪恩汽电/2024/1223032242.pdf,https://static.cninfo.com.cn/finalpage/2025-04-09/1223032242.PDF
301489,思泉新材,2024年年度报告,2025-04-16 00:00:00,1223099319,reports_raw/companies/301_chinext/301489_思泉新材/2024/1223099319.pdf,https://static.cninfo.com.cn/finalpage/2025-04-16/1223099319.PDF
301499,维科精密,2024年年度报告,2025-04-29 00:00:00,1223363370,reports_raw/companies/301_chinext/301499_维科精密/2024/1223363370.pdf,https://static.cninfo.com.cn/finalpage/2025-04-29/1223363370.PDF
301500,飞南资源,2024年年度报告,2025-04-12 00:00:00,1223069572,reports_raw/companies/301_chinext/301500_飞南资源/2024/1223069572.pdf,https://static.cninfo.com.cn/finalpage/2025-04-12/1223069572.PDF
301503,智迪科技,2024年年度报告,2025-04-29 00:00:00,1223363250,reports_raw/companies/301_chinext/301503_智迪科技/2024/1223363250.pdf,https://static.cninfo.com.cn/finalpage/2025-04-29/1223363250.PDF
301511,德福科技,2024年年度报告,2025-04-19 00:00:00,1223236654,reports_raw/companies/301_chinext/301511_德福科技/2024/1223236654.pdf,https://static.cninfo.com.cn/finalpage/2025-04-19/1223236654.pdf
301512,智信精密,2024年年度报告,2025-04-29 00:00:00,1223358109,reports_raw/companies/301_chinext/301512_智信精密/2024/1223358109.pdf,https://static.cninfo.com.cn/finalpage/2025-04-29/1223358109.PDF
301517,陕西华达,2024年年度报告,2025-04-29 00:00:00,1223379631,reports_raw/companies/301_chinext/301517_陕西华达/2024/1223379631.pdf,https://static.cninfo.com.cn/finalpage/2025-04-29/1223379631.PDF
301519,舜禹股份,2024年年度报告,2025-04-28 00:00:00,1223316625,reports_raw/companies/301_chinext/301519_舜禹股份/2024/1223316625.pdf,https://static.cninfo.com.cn/finalpage/2025-04-28/1223316625.PDF
301526,国际复材,2024年年度报告,2025-03-27 00:00:00,1222912752,reports_raw/companies/301_chinext/301526_国际复材/2024/1222912752.pdf,https://static.cninfo.com.cn/finalpage/2025-03-27/1222912752.PDF
301528,多浦乐,2024年年度报告,2025-04-19 00:00:00,1223152147,reports_raw/companies/301_chinext/301528_多浦乐/2024/1223152147.pdf,https://static.cninfo.com.cn/finalpage/2025-04-19/1223152147.PDF
301536,星宸科技,2024年年度报告,2025-04-19 00:00:00,1223150325,reports_raw/companies/301_chinext/301536_星宸科技/2024/1223150325.pdf,https://static.cninfo.com.cn/finalpage/2025-04-19/1223150325.PDF
301539,宏鑫科技,2024年年度报告,2025-04-18 00:00:00,1223122798,reports_raw/companies/301_chinext/301539_宏鑫科技/2024/1223122798.pdf,https://static.cninfo.com.cn/finalpage/2025-04-18/1223122798.PDF
301548,崇德科技,2024年年度报告,2025-04-29 00:00:00,1223359336,reports_raw/companies/301_chinext/301548_崇德科技/2024/1223359336.pdf,https://static.cninfo.com.cn/finalpage/2025-04-29/1223359336.PDF
301555,惠柏新材,2024年年度报告,2025-04-29 00:00:00,1223362660,reports_raw/companies/301_chinext/301555_惠柏新材/2024/1223362660.pdf,https://static.cninfo.com.cn/finalpage/2025-04-29/1223362660.PDF
301558,三态股份,2024年年度报告,2025-04-03 00:00:00,1222992464,reports_raw/companies/301_chinext/301558_三态股份/2024/1222992464.pdf,https://static.cninfo.com.cn/finalpage/2025-04-03/1222992464.PDF
301559,中集环科,2024年年度报告,2025-03-22 00:00:00,1222870616,reports_raw/companies/301_chinext/301559_中集环科/2024/1222870616.pdf,https://static.cninfo.com.cn/finalpage/2025-03-22/1222870616.PDF
301566,达利凯普,2024年年度报告,2025-04-18 00:00:00,1223122037,reports_raw/companies/301_chinext/301566_达利凯普/2024/1223122037.pdf,https://static.cninfo.com.cn/finalpage/2025-04-18/1223122037.PDF
301568,思泰克,2024年年度报告,2025-04-29 00:00:00,1223372574,reports_raw/companies/301_chinext/301568_思泰克/2024/1223372574.pdf,https://static.cninfo.com.cn/finalpage/2025-04-29/1223372574.PDF
301580,爱迪特,2024年年度报告,2025-04-29 00:00:00,1223377454,reports_raw/companies/301_chinext/301580_爱迪特/2024/1223377454.pdf,https://static.cninfo.com.cn/finalpage/2025-04-29/1223377454.PDF
301585,蓝宇股份,2024年年度报告,2025-04-18 00:00:00,1223129378,reports_raw/companies/301_chinext/301585_蓝宇股份/2024/1223129378.pdf,https://static.cninfo.com.cn/finalpage/2025-04-18/1223129378.PDF
301589,诺瓦星云,2024年年度报告,2025-04-18 00:00:00,1223123984,reports_raw/companies/301_chinext/301589_诺瓦星云/2024/1223123984.pdf,https://static.cninfo.com.cn/finalpage/2025-04-18/1223123984.PDF
301596,瑞迪智驱,2024年年度报告,2025-04-19 00:00:00,1223142998,reports_raw/companies/301_chinext/301596_瑞迪智驱/2024/1223142998.pdf,https://static.cninfo.com.cn/finalpage/2025-04-19/1223142998.PDF
301598,博科测试,2024年年度报告,2025-04-18 00:00:00,1223127414,reports_raw/companies/301_chinext/301598_博科测试/2024/1223127414.pdf,https://static.cninfo.com.cn/finalpage/2025-04-18/1223127414.PDF
301601,惠通科技,2024年年度报告,2025-04-28 00:00:00,1223311553,reports_raw/companies/301_chinext/301601_惠通科技/2024/1223311553.pdf,https://static.cninfo.com.cn/finalpage/2025-04-28/1223311553.PDF
301602,超研股份,2024年年度报告,2025-04-29 00:00:00,1223370797,reports_raw/companies/301_chinext/301602_超研股份/2024/1223370797.pdf,https://static.cninfo.com.cn/finalpage/2025-04-29/1223370797.PDF
301611,珂玛科技,2024年年度报告,2025-04-08 00:00:00,1223021321,reports_raw/companies/301_chinext/301611_珂玛科技/2024/1223021321.pdf,https://static.cninfo.com.cn/finalpage/2025-04-08/1223021321.PDF
301613,新铝时代,2024年年度报告,2025-04-15 00:00:00,1223096431,reports_raw/companies/301_chinext/301613_新铝时代/2024/1223096431.pdf,https://static.cninfo.com.cn/finalpage/2025-04-15/1223096431.PDF
301616,浙江华业,2024年年度报告,2025-04-28 00:00:00,1223323376,reports_raw/companies/301_chinext/301616_浙江华业/2024/1223323376.pdf,https://static.cninfo.com.cn/finalpage/2025-04-28/1223323376.PDF
301618,长联科技,2024年年度报告,2025-04-29 00:00:00,1223366994,reports_raw/companies/301_chinext/301618_长联科技/2024/1223366994.pdf,https://static.cninfo.com.cn/finalpage/2025-04-29/1223366994.PDF
301622,英思特,2024年年度报告,2025-04-15 00:00:00,1223092058,reports_raw/companies/301_chinext/301622_英思特/2024/1223092058.pdf,https://static.cninfo.com.cn/finalpage/2025-04-15/1223092058.PDF
301628,强达电路,2024年年度报告,2025-04-18 00:00:00,1223130157,reports_raw/companies/301_chinext/301628_强达电路/2024/1223130157.pdf,https://static.cninfo.com.cn/finalpage/2025-04-18/1223130157.PDF
301629,矽电股份,2024年年度报告,2025-04-29 00:00:00,1223359143,reports_raw/companies/301_chinext/301629_矽电股份/2024/1223359143.pdf,https://static.cninfo.com.cn/finalpage/2025-04-29/1223359143.PDF
301631,壹连科技,2024年年度报告,2025-04-19 00:00:00,1223149939,reports_raw/companies/301_chinext/301631_壹连科技/2024/1223149939.pdf,https://static.cninfo.com.cn/finalpage/2025-04-19/1223149939.PDF
301658,首航新能,2024年年度报告,2025-04-29 00:00:00,1223366341,reports_raw/companies/301_chinext/301658_首航新能/2024/1223366341.pdf,https://static.cninfo.com.cn/finalpage/2025-04-29/1223366341.PDF
301662,宏工科技,2024年年度报告,2025-04-29 00:00:00,1223378412,reports_raw/companies/301_chinext/301662_宏工科技/2024/1223378412.pdf,https://static.cninfo.com.cn/finalpage/2025-04-29/1223378412.PDF
301665,泰禾股份,2024年年度报告,2025-04-28 00:00:00,1223320406,reports_raw/companies/301_chinext/301665_泰禾股份/2024/1223320406.pdf,https://static.cninfo.com.cn/finalpage/2025-04-28/1223320406.PDF
302132,中航成飞,2024年年度报告,2025-03-28 00:00:00,1222929243,reports_raw/companies/302_other/302132_中航成飞/2024/1222929243.pdf,https://static.cninfo.com.cn/finalpage/2025-03-28/1222929243.PDF
430139,华岭股份,2024年年度报告,2025-03-25 00:00:00,1222897270,reports_raw/companies/430_other/430139_华岭股份/2024/1222897270.pdf,https://static.cninfo.com.cn/finalpage/2025-03-25/1222897270.PDF
430418,苏轴股份,2024年年度报告,2025-04-07 00:00:00,1223021725,reports_raw/companies/430_other/430418_苏轴股份/2024/1223021725.pdf,https://static.cninfo.com.cn/finalpage/2025-04-07/1223021725.PDF
430476,海能技术,2024年年度报告,2025-04-28 00:00:00,1223394560,reports_raw/companies/430_other/430476_海能技术/2024/1223394560.pdf,https://static.cninfo.com.cn/finalpage/2025-04-28/1223394560.PDF
430478,峆一药业,2024年年度报告,2025-04-18 00:00:00,1223157416,reports_raw/companies/430_other/430478_峆一药业/2024/1223157416.pdf,https://static.cninfo.com.cn/finalpage/2025-04-18/1223157416.PDF
430510,丰光精密,2024年年度报告,2025-04-02 00:00:00,1222992939,reports_raw/companies/430_other/430510_丰光精密/2024/1222992939.pdf,https://static.cninfo.com.cn/finalpage/2025-04-02/1222992939.PDF
430564,天润科技,2024年年度报告,2025-04-28 00:00:00,1223391193,reports_raw/companies/430_other/430564_天润科技/2024/1223391193.pdf,https://static.cninfo.com.cn/finalpage/2025-04-28/1223391193.PDF
430718,合肥高科,2024年年度报告,2025-04-18 00:00:00,1223159094,reports_raw/companies/430_other/430718_合肥高科/2024/1223159094.pdf,https://static.cninfo.com.cn/finalpage/2025-04-18/1223159094.PDF
600000,浦发银行,上海浦东发展银行股份有限公司2024年年度报告,2025-03-29 00:00:00,1222948214,reports_raw/companies/600_sh_main/600000_浦发银行/2024/1222948214.pdf,https://static.cninfo.com.cn/finalpage/2025-03-29/1222948214.PDF
600004,白云机场,广州白云国际机场股份有限公司2024年年度报告,2025-04-30 00:00:00,1223412147,reports_raw/companies/600_sh_main/600004_白云机场/2024/1223412147.pdf,https://static.cninfo.com.cn/finalpage/2025-04-30/1223412147.PDF
600006,东风股份,东风汽车股份有限公司2024年年度报告全文,2025-04-26 00:00:00,1223324200,reports_raw/companies/600_sh_main/600006_东风股份/2024/1223324200.pdf,https://static.cninfo.com.cn/finalpage/2025-04-26/1223324200.PDF
600007,中国国贸,中国国贸2024年年度报告,2025-04-01 00:00:00,1222974208,reports_raw/companies/600_sh_main/600007_中国国贸/2024/1222974208.pdf,https://static.cninfo.com.cn/finalpage/2025-04-01/1222974208.PDF
600008,首创环保,首创环保2024年年度报告,2025-04-12 00:00:00,1223071773,reports_raw/companies/600_sh_main/600008_首创环保/2024/1223071773.pdf,https://static.cninfo.com.cn/finalpage/2025-04-12/1223071773.PDF
600009,上海机场,上海机场2024年年度报告,2025-04-29 00:00:00,1223389433,reports_raw/companies/600_sh_main/600009_上海机场/2024/1223389433.pdf,https://static.cninfo.com.cn/finalpage/2025-04-29/1223389433.PDF
600010,包钢股份,包钢股份2024年年度报告,2025-04-19 00:00:00,1223154551,reports_raw/companies/600_sh_main/600010_包钢股份/2024/1223154551.pdf,https://static.cninfo.com.cn/finalpage/2025-04-19/1223154551.PDF
600011,华能国际,华能国际2024年年度报告全文,2025-03-26 00:00:00,1222896784,reports_raw/companies/600_sh_main/600011_华能国际/2024/1222896784.pdf,https://static.cninfo.com.cn/finalpage/2025-03-26/1222896784.PDF
600012,皖通高速,皖通高速2024年年度报告,2025-03-31 00:00:00,1222961876,reports_raw/companies/600_sh_main/600012_皖通高速/2024/1222961876.pdf,https://static.cninfo.com.cn/finalpage/2025-03-31/1222961876.PDF
600015,华夏银行,华夏银行2024年年度报告,2025-04-18 00:00:00,1223129834,reports_raw/companies/600_sh_main/600015_华夏银行/2024/1223129834.pdf,https://static.cninfo.com.cn/finalpage/2025-04-18/1223129834.PDF
600016,民生银行,中国民生银行2024年年度报告,2025-03-29 00:00:00,1222951325,reports_raw/companies/600_sh_main/600016_民生银行/2024/1222951325.pdf,https://static.cninfo.com.cn/finalpage/2025-03-29/1222951325.PDF
600017,日照港,日照港2024年年度报告,2025-03-28 00:00:00,1222922742,reports_raw/companies/600_sh_main/600017_日照港/2024/1222922742.pdf,https://static.cninfo.com.cn/finalpage/2025-03-28/1222922742.pdf
600018,上港集团,上港集团2024年年度报告,2025-04-01 00:00:00,1222973300,reports_raw/companies/600_sh_main/600018_上港集团/2024/1222973300.pdf,https://static.cninfo.com.cn/finalpage/2025-04-01/1222973300.PDF
600019,宝钢股份,宝钢股份2024年年度报告,2025-04-26 00:00:00,1223329102,reports_raw/companies/600_sh_main/600019_宝钢股份/2024/1223329102.pdf,https://static.cninfo.com.cn/finalpage/2025-04-26/1223329102.PDF
600020,中原高速,河南中原高速公路股份有限公司2024年年度报告,2025-03-29 00:00:00,1222952051,reports_raw/companies/600_sh_main/600020_中原高速/2024/1222952051.pdf,https://static.cninfo.com.cn/finalpage/2025-03-29/1222952051.PDF
600021,上海电力,上海电力股份有限公司2024年年度报告,2025-04-01 00:00:00,1222972845,reports_raw/companies/600_sh_main/600021_上海电力/2024/1222972845.pdf,https://static.cninfo.com.cn/finalpage/2025-04-01/1222972845.PDF
600022,山东钢铁,山东钢铁股份有限公司2024年年度报告,2025-04-30 00:00:00,1223412184,reports_raw/companies/600_sh_main/600022_山东钢铁/2024/1223412184.pdf,https://static.cninfo.com.cn/finalpage/2025-04-30/1223412184.PDF
600023,浙能电力,2024年年度报告,2025-04-29 00:00:00,1223358285,reports_raw/companies/600_sh_main/600023_浙能电力/2024/1223358285.pdf,https://static.cninfo.com.cn/finalpage/2025-04-29/1223358285.PDF
600026,中远海能,中远海能2024年年度报告,2025-03-27 00:00:00,1222911720,reports_raw/companies/600_sh_main/600026_中远海能/2024/1222911720.pdf,https://static.cninfo.com.cn/finalpage/2025-03-27/1222911720.PDF
600027,华电国际,2024年年度报告,2025-03-28 00:00:00,1222927023,reports_raw/companies/600_sh_main/600027_华电国际/2024/1222927023.pdf,https://static.cninfo.com.cn/finalpage/2025-03-28/1222927023.PDF
600028,中国石化,中国石化2024年年度报告,2025-03-24 00:00:00,1222873281,reports_raw/companies/600_sh_main/600028_中国石化/2024/1222873281.pdf,https://static.cninfo.com.cn/finalpage/2025-03-24/1222873281.PDF
600030,中信证券,中信证券股份有限公司2024年年度报告,2025-03-27 00:00:00,1222912838,reports_raw/companies/600_sh_main/600030_中信证券/2024/1222912838.pdf,https://static.cninfo.com.cn/finalpage/2025-03-27/1222912838.PDF
600031,三一重工,三一重工股份有限公司2024年年度报告,2025-04-18 00:00:00,1223129214,reports_raw/companies/600_sh_main/600031_三一重工/2024/1223129214.pdf,https://static.cninfo.com.cn/finalpage/2025-04-18/1223129214.PDF
600033,福建高速,2024年年度报告（更正版）,2025-06-14 00:00:00,1223877447,reports_raw/companies/600_sh_main/600033_福建高速/2024/1223877447.pdf,https://static.cninfo.com.cn/finalpage/2025-06-14/1223877447.PDF
600038,中直股份,中航直升机股份有限公司2024年年度报告,2025-03-29 00:00:00,1222950231,reports_raw/companies/600_sh_main/600038_中直股份/2024/1222950231.pdf,https://static.cninfo.com.cn/finalpage/2025-03-29/1222950231.PDF
600048,保利发展,保利发展控股集团股份有限公司2024年年度报告,2025-04-29 00:00:00,1223382905,reports_raw/companies/600_sh_main/600048_保利发展/2024/1223382905.pdf,https://static.cninfo.com.cn/finalpage/2025-04-29/1223382905.PDF
600050,中国联通,中国联合网络通信股份有限公司2024年年度报告全文,2025-03-19 00:00:00,1222833552,reports_raw/companies/600_sh_main/600050_中国联通/2024/1222833552.pdf,https://static.cninfo.com.cn/finalpage/2025-03-19/1222833552.PDF
600052,东望时代,浙江东望时代科技股份有限公司2024年年度报告,2025-04-29 00:00:00,1223382962,reports_raw/companies/600_sh_main/600052_东望时代/2024/1223382962.pdf,https://static.cninfo.com.cn/finalpage/2025-04-29/1223382962.PDF
600054,黄山旅游,黄山旅游2024年年度报告,2025-04-19 00:00:00,1223151684,reports_raw/companies/600_sh_main/600054_黄山旅游/2024/1223151684.pdf,https://static.cninfo.com.cn/finalpage/2025-04-19/1223151684.PDF
600055,万东医疗,万东医疗2024年年度报告,2025-03-22 00:00:00,1222870356,reports_raw/companies/600_sh_main/600055_万东医疗/2024/1222870356.pdf,https://static.cninfo.com.cn/finalpage/2025-03-22/1222870356.PDF
600056,中国医药,2024年年度报告全文,2025-04-26 00:00:00,1223321732,reports_raw/companies/600_sh_main/600056_中国医药/2024/1223321732.pdf,https://static.cninfo.com.cn/finalpage/2025-04-26/1223321732.PDF
600058,五矿发展,五矿发展股份有限公司2024年年度报告,2025-03-29 00:00:00,1222951373,reports_raw/companies/600_sh_main/600058_五矿发展/2024/1222951373.pdf,https://static.cninfo.com.cn/finalpage/2025-03-29/1222951373.PDF
600059,古越龙山,古越龙山2024年年度报告,2025-03-28 00:00:00,1222928697,reports_raw/companies/600_sh_main/600059_古越龙山/2024/1222928697.pdf,https://static.cninfo.com.cn/finalpage/2025-03-28/1222928697.PDF
600060,海信视像,海信视像2024年年度报告,2025-03-31 00:00:00,1222961923,reports_raw/companies/600_sh_main/600060_海信视像/2024/1222961923.pdf,https://static.cninfo.com.cn/finalpage/2025-03-31/1222961923.PDF
600061,国投资本,国投资本2024年年度报告,2025-03-29 00:00:00,1222950250,reports_raw/companies/600_sh_main/600061_国投资本/2024/1222950250.pdf,https://static.cninfo.com.cn/finalpage/2025-03-29/1222950250.PDF
600062,华润双鹤,华润双鹤2024年年度报告,2025-03-20 00:00:00,1222845750,reports_raw/companies/600_sh_main/600062_华润双鹤/2024/1222845750.pdf,https://static.cninfo.com.cn/finalpage/2025-03-20/1222845750.PDF
600063,皖维高新,皖维高新2024年年度报告,2025-03-20 00:00:00,1222846305,reports_raw/companies/600_sh_main/600063_皖维高新/2024/1222846305.pdf,https://static.cninfo.com.cn/finalpage/2025-03-20/1222846305.PDF
600066,宇通客车,2024年年度报告,2025-04-01 00:00:00,1222974533,reports_raw/companies/600_sh_main/600066_宇通客车/2024/1222974533.pdf,https://static.cninfo.com.cn/finalpage/2025-04-01/1222974533.PDF
600067,冠城新材,冠城新材2024年年度报告,2025-04-26 00:00:00,1223316496,reports_raw/companies/600_sh_main/600067_冠城新材/2024/1223316496.pdf,https://static.cninfo.com.cn/finalpage/2025-04-26/1223316496.PDF
600070,*ST富润,2024年年度报告,2025-04-30 00:00:00,1223425544,reports_raw/companies/600_sh_main/600070_ST富润/2024/1223425544.pdf,https://static.cninfo.com.cn/finalpage/2025-04-30/1223425544.PDF
600072,中船科技,中船科技股份有限公司2024年年度报告,2025-04-30 00:00:00,1223425593,reports_raw/companies/600_sh_main/600072_中船科技/2024/1223425593.pdf,https://static.cninfo.com.cn/finalpage/2025-04-30/1223425593.PDF
600073,光明肉业,光明肉业2024年年度报告全文,2025-03-29 00:00:00,1222952329,reports_raw/companies/600_sh_main/600073_光明肉业/2024/1222952329.pdf,https://static.cninfo.com.cn/finalpage/2025-03-29/1222952329.PDF
600076,康欣新材,康欣新材2024年年度报告,2025-04-28 00:00:00,1223346586,reports_raw/companies/600_sh_main/600076_康欣新材/2024/1223346586.pdf,https://static.cninfo.com.cn/finalpage/2025-04-28/1223346586.PDF
600078,澄星股份,江苏澄星磷化工股份有限公司2024年年度报告,2025-03-29 00:00:00,1222951964,reports_raw/companies/600_sh_main/600078_澄星股份/2024/1222951964.pdf,https://static.cninfo.com.cn/finalpage/2025-03-29/1222951964.PDF
600079,人福医药,人福医药2024年年度报告,2025-04-29 00:00:00,1223357229,reports_raw/companies/600_sh_main/600079_人福医药/2024/1223357229.pdf,https://static.cninfo.com.cn/finalpage/2025-04-29/1223357229.PDF
600082,海泰发展,天津海泰科技发展股份有限公司2024年年度报告全文,2025-04-30 00:00:00,1223425641,reports_raw/companies/600_sh_main/600082_海泰发展/2024/1223425641.pdf,https://static.cninfo.com.cn/finalpage/2025-04-30/1223425641.PDF
600084,中信尼雅,中信尼雅葡萄酒股份有限公司2024年年度报告,2025-03-22 00:00:00,1222869161,reports_raw/companies/600_sh_main/600084_中信尼雅/2024/1222869161.pdf,https://static.cninfo.com.cn/finalpage/2025-03-22/1222869161.PDF
600085,同仁堂,同仁堂 2024年年度报告,2025-04-04 00:00:00,1223004904,reports_raw/companies/600_sh_main/600085_同仁堂/2024/1223004904.pdf,https://static.cninfo.com.cn/finalpage/2025-04-04/1223004904.PDF
600088,中视传媒,中视传媒股份有限公司2024年年度报告,2025-04-19 00:00:00,1223152701,reports_raw/companies/600_sh_main/600088_中视传媒/2024/1223152701.pdf,https://static.cninfo.com.cn/finalpage/2025-04-19/1223152701.PDF
600094,大名城,大名城2024年年度报告,2025-04-26 00:00:00,1223317029,reports_raw/companies/600_sh_main/600094_大名城/2024/1223317029.pdf,https://static.cninfo.com.cn/finalpage/2025-04-26/1223317029.PDF
600095,湘财股份,湘财股份2024年年度报告,2025-04-26 00:00:00,1223327984,reports_raw/companies/600_sh_main/600095_湘财股份/2024/1223327984.pdf,https://static.cninfo.com.cn/finalpage/2025-04-26/1223327984.PDF
600096,云天化,云天化2024年年度报告,2025-03-25 00:00:00,1222880331,reports_raw/companies/600_sh_main/600096_云天化/2024/1222880331.pdf,https://static.cninfo.com.cn/finalpage/2025-03-25/1222880331.PDF
600097,开创国际,开创国际2024年年度报告,2025-03-29 00:00:00,1222947372,reports_raw/companies/600_sh_main/600097_开创国际/2024/1222947372.pdf,https://static.cninfo.com.cn/finalpage/2025-03-29/1222947372.PDF
600098,广州发展,广州发展集团股份有限公司2024年年度报告,2025-04-09 00:00:00,1223032810,reports_raw/companies/600_sh_main/600098_广州发展/2024/1223032810.pdf,https://static.cninfo.com.cn/finalpage/2025-04-09/1223032810.PDF
600099,林海股份,林海股份有限公司2024年年度报告,2025-03-29 00:00:00,1222942925,reports_raw/companies/600_sh_main/600099_林海股份/2024/1222942925.pdf,https://static.cninfo.com.cn/finalpage/2025-03-29/1222942925.PDF
600100,同方股份,同方股份有限公司2024年年度报告,2025-04-29 00:00:00,1223389449,reports_raw/companies/600_sh_main/600100_同方股份/2024/1223389449.pdf,https://static.cninfo.com.cn/finalpage/2025-04-29/1223389449.PDF
600101,明星电力,四川明星电力股份有限公司2024年年度报告,2025-03-28 00:00:00,1222927063,reports_raw/companies/600_sh_main/600101_明星电力/2024/1222927063.pdf,https://static.cninfo.com.cn/finalpage/2025-03-28/1222927063.PDF
600103,青山纸业,2024年年度报告,2025-04-15 00:00:00,1223095227,reports_raw/companies/600_sh_main/600103_青山纸业/2024/1223095227.pdf,https://static.cninfo.com.cn/finalpage/2025-04-15/1223095227.PDF
600104,上汽集团,上汽集团2024年年度报告,2025-04-30 00:00:00,1223418977,reports_raw/companies/600_sh_main/600104_上汽集团/2024/1223418977.pdf,https://static.cninfo.com.cn/finalpage/2025-04-30/1223418977.PDF
600107,美尔雅,2024年年度报告,2025-04-30 00:00:00,1223419004,reports_raw/companies/600_sh_main/600107_美尔雅/2024/1223419004.pdf,https://static.cninfo.com.cn/finalpage/2025-04-30/1223419004.PDF
600113,浙江东日,浙江东日股份有限公司2024年年度报告,2025-03-08 00:00:00,1222744749,reports_raw/companies/600_sh_main/600113_浙江东日/2024/1222744749.pdf,https://static.cninfo.com.cn/finalpage/2025-03-08/1222744749.PDF
600114,东睦股份,东睦新材料集团股份有限公司2024年年度报告,2025-03-29 00:00:00,1222942953,reports_raw/companies/600_sh_main/600114_东睦股份/2024/1222942953.pdf,https://static.cninfo.com.cn/finalpage/2025-03-29/1222942953.PDF
600118,中国卫星,中国东方红卫星股份有限公司2024年年度报告,2025-04-12 00:00:00,1223068392,reports_raw/companies/600_sh_main/600118_中国卫星/2024/1223068392.pdf,https://static.cninfo.com.cn/finalpage/2025-04-12/1223068392.PDF
600119,长江投资,长江投资：2024年年度报告（全文）,2025-04-29 00:00:00,1223373878,reports_raw/companies/600_sh_main/600119_长江投资/2024/1223373878.pdf,https://static.cninfo.com.cn/finalpage/2025-04-29/1223373878.PDF
600121,郑州煤电,郑州煤电股份有限公司2024年年度报告,2025-03-29 00:00:00,1222950905,reports_raw/companies/600_sh_main/600121_郑州煤电/2024/1222950905.pdf,https://static.cninfo.com.cn/finalpage/2025-03-29/1222950905.PDF
600126,杭钢股份,杭州钢铁股份有限公司2024年年度报告,2025-04-12 00:00:00,1223070385,reports_raw/companies/600_sh_main/600126_杭钢股份/2024/1223070385.pdf,https://static.cninfo.com.cn/finalpage/2025-04-12/1223070385.PDF
600127,金健米业,金健米业2024年年度报告,2025-03-29 00:00:00,1222951727,reports_raw/companies/600_sh_main/600127_金健米业/2024/1222951727.pdf,https://static.cninfo.com.cn/finalpage/2025-03-29/1222951727.PDF
600128,苏豪弘业,苏豪弘业2024年年度报告,2025-04-29 00:00:00,1223382996,reports_raw/companies/600_sh_main/600128_苏豪弘业/2024/1223382996.pdf,https://static.cninfo.com.cn/finalpage/2025-04-29/1223382996.PDF
600129,太极集团,太极集团2024年年度报告,2025-03-29 00:00:00,1222950935,reports_raw/companies/600_sh_main/600129_太极集团/2024/1222950935.pdf,https://static.cninfo.com.cn/finalpage/2025-03-29/1222950935.PDF
600130,波导股份,波导股份2024年年度报告,2025-04-29 00:00:00,1223373957,reports_raw/companies/600_sh_main/600130_波导股份/2024/1223373957.pdf,https://static.cninfo.com.cn/finalpage/2025-04-29/1223373957.PDF
600132,重庆啤酒,重庆啤酒股份有限公司2024年年度报告（英文版）,2025-04-30 00:00:00,1223412270,reports_raw/companies/600_sh_main/600132_重庆啤酒/2024/1223412270.pdf,https://static.cninfo.com.cn/finalpage/2025-04-30/1223412270.PDF
600133,东湖高新,2024年年度报告,2025-04-29 00:00:00,1223373981,reports_raw/companies/600_sh_main/600133_东湖高新/2024/1223373981.pdf,https://static.cninfo.com.cn/finalpage/2025-04-29/1223373981.PDF
600135,乐凯胶片,乐凯胶片股份有限公司2024年年度报告,2025-03-28 00:00:00,1222921610,reports_raw/companies/600_sh_main/600135_乐凯胶片/2024/1222921610.pdf,https://static.cninfo.com.cn/finalpage/2025-03-28/1222921610.PDF
600136,ST明诚,武汉当代明诚文化体育集团股份有限公司2024年年度报告,2025-03-29 00:00:00,1222942491,reports_raw/companies/600_sh_main/600136_ST明诚/2024/1222942491.pdf,https://static.cninfo.com.cn/finalpage/2025-03-29/1222942491.PDF
600137,浪莎股份,浪莎股份2024年年度报告,2025-04-29 00:00:00,1223383022,reports_raw/companies/600_sh_main/600137_浪莎股份/2024/1223383022.pdf,https://static.cninfo.com.cn/finalpage/2025-04-29/1223383022.PDF
600138,中青旅,中青旅2024年年度报告,2025-04-04 00:00:00,1223006549,reports_raw/companies/600_sh_main/600138_中青旅/2024/1223006549.pdf,https://static.cninfo.com.cn/finalpage/2025-04-04/1223006549.PDF
600141,兴发集团,湖北兴发化工集团股份有限公司2024年年度报告,2025-04-01 00:00:00,1222972652,reports_raw/companies/600_sh_main/600141_兴发集团/2024/1222972652.pdf,https://static.cninfo.com.cn/finalpage/2025-04-01/1222972652.PDF
600148,长春一东,长春一东2024年年度报告,2025-04-19 00:00:00,1223153914,reports_raw/companies/600_sh_main/600148_长春一东/2024/1223153914.pdf,https://static.cninfo.com.cn/finalpage/2025-04-19/1223153914.PDF
600149,廊坊发展,廊坊发展股份有限公司2024年年度报告全文,2025-04-26 00:00:00,1223325781,reports_raw/companies/600_sh_main/600149_廊坊发展/2024/1223325781.pdf,https://static.cninfo.com.cn/finalpage/2025-04-26/1223325781.PDF
600150,中国船舶,中国船舶2024年年度报告,2025-04-30 00:00:00,1223419094,reports_raw/companies/600_sh_main/600150_中国船舶/2024/1223419094.pdf,https://static.cninfo.com.cn/finalpage/2025-04-30/1223419094.PDF
600151,航天机电,2024年年度报告,2025-03-08 00:00:00,1222744999,reports_raw/companies/600_sh_main/600151_航天机电/2024/1222744999.pdf,https://static.cninfo.com.cn/finalpage/2025-03-08/1222744999.PDF
600152,维科技术,维科技术2024年年度报告,2025-04-15 00:00:00,1223097135,reports_raw/companies/600_sh_main/600152_维科技术/2024/1223097135.pdf,https://static.cninfo.com.cn/finalpage/2025-04-15/1223097135.PDF
600153,建发股份,建发股份2024年年度报告,2025-04-15 00:00:00,1223097205,reports_raw/companies/600_sh_main/600153_建发股份/2024/1223097205.pdf,https://static.cninfo.com.cn/finalpage/2025-04-15/1223097205.PDF
600155,华创云信,华创云信2024年年度报告,2025-04-30 00:00:00,1223419121,reports_raw/companies/600_sh_main/600155_华创云信/2024/1223419121.pdf,https://static.cninfo.com.cn/finalpage/2025-04-30/1223419121.PDF
600156,华升股份,华升股份2024年年度报告,2025-04-10 00:00:00,1223042545,reports_raw/companies/600_sh_main/600156_华升股份/2024/1223042545.pdf,https://static.cninfo.com.cn/finalpage/2025-04-10/1223042545.PDF
600157,永泰能源,永泰能源集团股份有限公司2024年年度报告,2025-04-29 00:00:00,1223374035,reports_raw/companies/600_sh_main/600157_永泰能源/2024/1223374035.pdf,https://static.cninfo.com.cn/finalpage/2025-04-29/1223374035.PDF
600158,中体产业,中体产业集团股份有限公司2024年年度报告,2025-04-29 00:00:00,1223383048,reports_raw/companies/600_sh_main/600158_中体产业/2024/1223383048.pdf,https://static.cninfo.com.cn/finalpage/2025-04-29/1223383048.PDF
600159,大龙地产,2024年年度报告,2025-04-19 00:00:00,1223146610,reports_raw/companies/600_sh_main/600159_大龙地产/2024/1223146610.pdf,https://static.cninfo.com.cn/finalpage/2025-04-19/1223146610.PDF
600161,天坛生物,天坛生物2024年年度报告,2025-03-29 00:00:00,1222945087,reports_raw/companies/600_sh_main/600161_天坛生物/2024/1222945087.pdf,https://static.cninfo.com.cn/finalpage/2025-03-29/1222945087.PDF
600162,香江控股,香江控股2024年年度报告全文,2025-04-19 00:00:00,1223152729,reports_raw/companies/600_sh_main/600162_香江控股/2024/1223152729.pdf,https://static.cninfo.com.cn/finalpage/2025-04-19/1223152729.PDF
600163,中闽能源,中闽能源2024年年度报告,2025-04-29 00:00:00,1223361039,reports_raw/companies/600_sh_main/600163_中闽能源/2024/1223361039.pdf,https://static.cninfo.com.cn/finalpage/2025-04-29/1223361039.PDF
600165,*ST宁科,*ST宁科2024年年度报告,2025-03-15 00:00:00,1222822425,reports_raw/companies/600_sh_main/600165_ST宁科/2024/1222822425.pdf,https://static.cninfo.com.cn/finalpage/2025-03-15/1222822425.pdf
600166,福田汽车,2024年年度报告,2025-04-26 00:00:00,1223327299,reports_raw/companies/600_sh_main/600166_福田汽车/2024/1223327299.pdf,https://static.cninfo.com.cn/finalpage/2025-04-26/1223327299.PDF
600167,联美控股,联美量子股份有限公司2024年年度报告,2025-04-30 00:00:00,1223419163,reports_raw/companies/600_sh_main/600167_联美控股/2024/1223419163.pdf,https://static.cninfo.com.cn/finalpage/2025-04-30/1223419163.PDF
600168,武汉控股,武汉三镇实业控股股份有限公司2024年年度报告（全文）,2025-03-28 00:00:00,1222926206,reports_raw/companies/600_sh_main/600168_武汉控股/2024/1222926206.pdf,https://static.cninfo.com.cn/finalpage/2025-03-28/1222926206.PDF
600169,太原重工,太原重工2024年年度报告,2025-04-29 00:00:00,1223389535,reports_raw/companies/600_sh_main/600169_太原重工/2024/1223389535.pdf,https://static.cninfo.com.cn/finalpage/2025-04-29/1223389535.PDF
600170,上海建工,上海建工2024年年度报告,2025-04-15 00:00:00,1223093132,reports_raw/companies/600_sh_main/600170_上海建工/2024/1223093132.pdf,https://static.cninfo.com.cn/finalpage/2025-04-15/1223093132.PDF
600171,上海贝岭,上海贝岭2024年年度报告,2025-04-01 00:00:00,1222972211,reports_raw/companies/600_sh_main/600171_上海贝岭/2024/1222972211.pdf,https://static.cninfo.com.cn/finalpage/2025-04-01/1222972211.PDF
600172,黄河旋风,2024年年度报告,2025-04-30 00:00:00,1223419329,reports_raw/companies/600_sh_main/600172_黄河旋风/2024/1223419329.pdf,https://static.cninfo.com.cn/finalpage/2025-04-30/1223419329.PDF
600173,卧龙新能,卧龙资源集团股份有限公司2024年年度报告（更正后）,2025-08-09 00:00:00,1224442661,reports_raw/companies/600_sh_main/600173_卧龙新能/2024/1224442661.pdf,https://static.cninfo.com.cn/finalpage/2025-08-09/1224442661.PDF
600176,中国巨石,中国巨石2024年年度报告,2025-03-20 00:00:00,1222847583,reports_raw/companies/600_sh_main/600176_中国巨石/2024/1222847583.pdf,https://static.cninfo.com.cn/finalpage/2025-03-20/1222847583.pdf
600177,雅戈尔,雅戈尔时尚股份有限公司2024年年度报告（图文版）,2025-05-10 00:00:00,1223510725,reports_raw/companies/600_sh_main/600177_雅戈尔/2024/1223510725.pdf,https://static.cninfo.com.cn/finalpage/2025-05-10/1223510725.PDF
600178,东安动力,哈尔滨东安汽车动力股份有限公司2024年年度报告（更新后）,2025-04-17 00:00:00,1223110175,reports_raw/companies/600_sh_main/600178_东安动力/2024/1223110175.pdf,https://static.cninfo.com.cn/finalpage/2025-04-17/1223110175.PDF
600179,安通控股,2024年年度报告,2025-03-25 00:00:00,1222881758,reports_raw/companies/600_sh_main/600179_安通控股/2024/1222881758.pdf,https://static.cninfo.com.cn/finalpage/2025-03-25/1222881758.PDF
600180,瑞茂通,瑞茂通2024年年度报告,2025-04-29 00:00:00,1223389577,reports_raw/companies/600_sh_main/600180_瑞茂通/2024/1223389577.pdf,https://static.cninfo.com.cn/finalpage/2025-04-29/1223389577.PDF
600182,S佳通,佳通轮胎股份有限公司2024年年度报告（更正后）,2025-05-16 00:00:00,1223557548,reports_raw/companies/600_sh_main/600182_S佳通/2024/1223557548.pdf,https://static.cninfo.com.cn/finalpage/2025-05-16/1223557548.PDF
600183,生益科技,生益科技2024年年度报告,2025-03-29 00:00:00,1222952338,reports_raw/companies/600_sh_main/600183_生益科技/2024/1222952338.pdf,https://static.cninfo.com.cn/finalpage/2025-03-29/1222952338.PDF
600184,光电股份,北方光电股份有限公司2024年年度报告,2025-04-29 00:00:00,1223383369,reports_raw/companies/600_sh_main/600184_光电股份/2024/1223383369.pdf,https://static.cninfo.com.cn/finalpage/2025-04-29/1223383369.PDF
600185,格力地产,2024年年度报告,2025-04-29 00:00:00,1223389594,reports_raw/companies/600_sh_main/600185_格力地产/2024/1223389594.pdf,https://static.cninfo.com.cn/finalpage/2025-04-29/1223389594.PDF
600186,莲花控股,莲花控股股份有限公司2024年年度报告,2025-04-30 00:00:00,1223419342,reports_raw/companies/600_sh_main/600186_莲花控股/2024/1223419342.pdf,https://static.cninfo.com.cn/finalpage/2025-04-30/1223419342.PDF
600187,国中水务,2024年年度报告,2025-04-30 00:00:00,1223425685,reports_raw/companies/600_sh_main/600187_国中水务/2024/1223425685.pdf,https://static.cninfo.com.cn/finalpage/2025-04-30/1223425685.PDF
600188,兖矿能源,兖矿能源2024年年度报告全文,2025-03-29 00:00:00,1222952244,reports_raw/companies/600_sh_main/600188_兖矿能源/2024/1222952244.pdf,https://static.cninfo.com.cn/finalpage/2025-03-29/1222952244.PDF
600189,泉阳泉,吉林泉阳泉股份有限公司《2024年年度报告》,2025-04-30 00:00:00,1223419372,reports_raw/companies/600_sh_main/600189_泉阳泉/2024/1223419372.pdf,https://static.cninfo.com.cn/finalpage/2025-04-30/1223419372.PDF
600190,ST锦港,锦州港股份有限公司2024年年度报告,2025-04-30 00:00:00,1223425712,reports_raw/companies/600_sh_main/600190_ST锦港/2024/1223425712.pdf,https://static.cninfo.com.cn/finalpage/2025-04-30/1223425712.PDF
600191,华资实业,华资实业2024年年度报告,2025-04-01 00:00:00,1222972289,reports_raw/companies/600_sh_main/600191_华资实业/2024/1222972289.pdf,https://static.cninfo.com.cn/finalpage/2025-04-01/1222972289.PDF
600192,长城电工,长城电工2024年年度报告,2025-04-15 00:00:00,1223094175,reports_raw/companies/600_sh_main/600192_长城电工/2024/1223094175.pdf,https://static.cninfo.com.cn/finalpage/2025-04-15/1223094175.PDF
600193,创兴资源,上海创兴资源开发股份有限公司2024年年度报告（修订版）,2025-04-30 00:00:00,1223412301,reports_raw/companies/600_sh_main/600193_创兴资源/2024/1223412301.pdf,https://static.cninfo.com.cn/finalpage/2025-04-30/1223412301.PDF
600195,中牧股份,中牧实业股份有限公司2024年年度报告,2025-04-12 00:00:00,1223072821,reports_raw/companies/600_sh_main/600195_中牧股份/2024/1223072821.pdf,https://static.cninfo.com.cn/finalpage/2025-04-12/1223072821.PDF
600196,复星医药,复星医药2024年年度报告,2025-03-26 00:00:00,1222896994,reports_raw/companies/600_sh_main/600196_复星医药/2024/1222896994.pdf,https://static.cninfo.com.cn/finalpage/2025-03-26/1222896994.PDF
600197,伊力特,新疆伊力特实业股份有限公司2024年年度报告,2025-04-29 00:00:00,1223368119,reports_raw/companies/600_sh_main/600197_伊力特/2024/1223368119.pdf,https://static.cninfo.com.cn/finalpage/2025-04-29/1223368119.PDF
600199,金种子酒,2024年年度报告,2025-04-29 00:00:00,1223383407,reports_raw/companies/600_sh_main/600199_金种子酒/2024/1223383407.pdf,https://static.cninfo.com.cn/finalpage/2025-04-29/1223383407.PDF
600200,江苏吴中,江苏吴中医药发展股份有限公司2024年年度报告全文,2025-04-30 00:00:00,1223419401,reports_raw/companies/600_sh_main/600200_江苏吴中/2024/1223419401.pdf,https://static.cninfo.com.cn/finalpage/2025-04-30/1223419401.PDF
600202,哈空调,哈尔滨空调股份有限公司2024年年度报告,2025-04-29 00:00:00,1223356443,reports_raw/companies/600_sh_main/600202_哈空调/2024/1223356443.pdf,https://static.cninfo.com.cn/finalpage/2025-04-29/1223356443.PDF
600203,福日电子,福建福日电子股份有限公司2024年年度报告,2025-04-12 00:00:00,1223071367,reports_raw/companies/600_sh_main/600203_福日电子/2024/1223071367.pdf,https://static.cninfo.com.cn/finalpage/2025-04-12/1223071367.PDF
600206,有研新材,有研新材料股份有限公司2024年年度报告,2025-04-30 00:00:00,1223408404,reports_raw/companies/600_sh_main/600206_有研新材/2024/1223408404.pdf,https://static.cninfo.com.cn/finalpage/2025-04-30/1223408404.PDF
600207,安彩高科,安彩高科2024年年度报告,2025-03-29 00:00:00,1222946189,reports_raw/companies/600_sh_main/600207_安彩高科/2024/1222946189.pdf,https://static.cninfo.com.cn/finalpage/2025-03-29/1222946189.PDF
600208,衢州发展,2024年年度报告,2025-04-30 00:00:00,1223419424,reports_raw/companies/600_sh_main/600208_衢州发展/2024/1223419424.pdf,https://static.cninfo.com.cn/finalpage/2025-04-30/1223419424.PDF
600210,紫江企业,上海紫江企业集团股份有限公司2024年年度报告,2025-03-28 00:00:00,1222923461,reports_raw/companies/600_sh_main/600210_紫江企业/2024/1222923461.pdf,https://static.cninfo.com.cn/finalpage/2025-03-28/1222923461.PDF
600211,西藏药业,西藏药业2024年年度报告,2025-03-15 00:00:00,1222805117,reports_raw/companies/600_sh_main/600211_西藏药业/2024/1222805117.pdf,https://static.cninfo.com.cn/finalpage/2025-03-15/1222805117.PDF
600212,绿能慧充,绿能慧充2024年年度报告,2025-04-29 00:00:00,1223368166,reports_raw/companies/600_sh_main/600212_绿能慧充/2024/1223368166.pdf,https://static.cninfo.com.cn/finalpage/2025-04-29/1223368166.PDF
600215,派斯林,派斯林2024年年度报告（更正版）,2025-07-19 00:00:00,1224215479,reports_raw/companies/600_sh_main/600215_派斯林/2024/1224215479.pdf,https://static.cninfo.com.cn/finalpage/2025-07-19/1224215479.PDF
600217,中再资环,中再资环2024年年度报告,2025-04-15 00:00:00,1223096898,reports_raw/companies/600_sh_main/600217_中再资环/2024/1223096898.pdf,https://static.cninfo.com.cn/finalpage/2025-04-15/1223096898.PDF
600221,海航控股,海航控股：2024年年度报告,2025-04-30 00:00:00,1223419508,reports_raw/companies/600_sh_main/600221_海航控股/2024/1223419508.pdf,https://static.cninfo.com.cn/finalpage/2025-04-30/1223419508.PDF
600222,太龙药业,太龙药业2024年年度报告,2025-04-09 00:00:00,1223030601,reports_raw/companies/600_sh_main/600222_太龙药业/2024/1223030601.pdf,https://static.cninfo.com.cn/finalpage/2025-04-09/1223030601.PDF
600223,福瑞达,鲁商福瑞达医药股份有限公司2024年年度报告,2025-03-22 00:00:00,1222869758,reports_raw/companies/600_sh_main/600223_福瑞达/2024/1222869758.pdf,https://static.cninfo.com.cn/finalpage/2025-03-22/1222869758.PDF
600227,赤天化,贵州赤天化股份有限公司2024年年度报告,2025-04-29 00:00:00,1223374076,reports_raw/companies/600_sh_main/600227_赤天化/2024/1223374076.pdf,https://static.cninfo.com.cn/finalpage/2025-04-29/1223374076.PDF
600229,城市传媒,青岛城市传媒股份有限公司2024年年度报告,2025-04-26 00:00:00,1223320150,reports_raw/companies/600_sh_main/600229_城市传媒/2024/1223320150.pdf,https://static.cninfo.com.cn/finalpage/2025-04-26/1223320150.PDF
600230,沧州大化,沧州大化股份有限公司2024年年度报告,2025-04-19 00:00:00,1223146627,reports_raw/companies/600_sh_main/600230_沧州大化/2024/1223146627.pdf,https://static.cninfo.com.cn/finalpage/2025-04-19/1223146627.PDF
600231,凌钢股份,凌源钢铁股份有限公司2024年年度报告,2025-04-01 00:00:00,1222977005,reports_raw/companies/600_sh_main/600231_凌钢股份/2024/1222977005.pdf,https://static.cninfo.com.cn/finalpage/2025-04-01/1222977005.pdf
600232,金鹰股份,2024年年度报告,2025-04-02 00:00:00,1222984625,reports_raw/companies/600_sh_main/600232_金鹰股份/2024/1222984625.pdf,https://static.cninfo.com.cn/finalpage/2025-04-02/1222984625.PDF
600233,圆通速递,圆通速递股份有限公司2024年年度报告,2025-04-29 00:00:00,1223374217,reports_raw/companies/600_sh_main/600233_圆通速递/2024/1223374217.pdf,https://static.cninfo.com.cn/finalpage/2025-04-29/1223374217.PDF
600234,*ST科新,山西科新发展股份有限公司2024年年度报告,2025-04-30 00:00:00,1223412858,reports_raw/companies/600_sh_main/600234_ST科新/2024/1223412858.pdf,https://static.cninfo.com.cn/finalpage/2025-04-30/1223412858.PDF
600235,民丰特纸,民丰特纸2024年年度报告,2025-03-26 00:00:00,1222894019,reports_raw/companies/600_sh_main/600235_民丰特纸/2024/1222894019.pdf,https://static.cninfo.com.cn/finalpage/2025-03-26/1222894019.PDF
600237,铜峰电子,铜峰电子2024年年度报告,2025-03-18 00:00:00,1222822191,reports_raw/companies/600_sh_main/600237_铜峰电子/2024/1222822191.pdf,https://static.cninfo.com.cn/finalpage/2025-03-18/1222822191.PDF
600238,海南椰岛,海南椰岛2024年年度报告,2025-04-30 00:00:00,1223425759,reports_raw/companies/600_sh_main/600238_海南椰岛/2024/1223425759.pdf,https://static.cninfo.com.cn/finalpage/2025-04-30/1223425759.PDF
600241,时代万恒,辽宁时代万恒股份有限公司2024年年度报告,2025-04-09 00:00:00,1223031057,reports_raw/companies/600_sh_main/600241_时代万恒/2024/1223031057.pdf,https://static.cninfo.com.cn/finalpage/2025-04-09/1223031057.PDF
600246,万通发展,2024年年度报告,2025-04-30 00:00:00,1223419698,reports_raw/companies/600_sh_main/600246_万通发展/2024/1223419698.pdf,https://static.cninfo.com.cn/finalpage/2025-04-30/1223419698.PDF
600248,陕建股份,陕西建工集团股份有限公司2024年年度报告,2025-04-30 00:00:00,1223419712,reports_raw/companies/600_sh_main/600248_陕建股份/2024/1223419712.pdf,https://static.cninfo.com.cn/finalpage/2025-04-30/1223419712.PDF
600249,两面针,两面针2024年年度报告,2025-03-28 00:00:00,1222923818,reports_raw/companies/600_sh_main/600249_两面针/2024/1222923818.pdf,https://static.cninfo.com.cn/finalpage/2025-03-28/1222923818.PDF
600250,南京商旅,南京商旅2024年年度报告,2025-04-29 00:00:00,1223361077,reports_raw/companies/600_sh_main/600250_南京商旅/2024/1223361077.pdf,https://static.cninfo.com.cn/finalpage/2025-04-29/1223361077.PDF
600251,冠农股份,新疆冠农股份有限公司2024年年度报告,2025-04-03 00:00:00,1222993621,reports_raw/companies/600_sh_main/600251_冠农股份/2024/1222993621.pdf,https://static.cninfo.com.cn/finalpage/2025-04-03/1222993621.PDF
600252,中恒集团,广西梧州中恒集团股份有限公司2024年年度报告,2025-03-29 00:00:00,1222952197,reports_raw/companies/600_sh_main/600252_中恒集团/2024/1222952197.pdf,https://static.cninfo.com.cn/finalpage/2025-03-29/1222952197.PDF
600255,鑫科材料,鑫科材料2024年年度报告,2025-03-29 00:00:00,1222939080,reports_raw/companies/600_sh_main/600255_鑫科材料/2024/1222939080.pdf,https://static.cninfo.com.cn/finalpage/2025-03-29/1222939080.PDF
600257,大湖股份,大湖水殖股份有限公司2024年年度报告,2025-04-09 00:00:00,1223032740,reports_raw/companies/600_sh_main/600257_大湖股份/2024/1223032740.pdf,https://static.cninfo.com.cn/finalpage/2025-04-09/1223032740.PDF
600258,首旅酒店,北京首旅酒店（集团）股份有限公司2024年年度报告,2025-03-29 00:00:00,1222945134,reports_raw/companies/600_sh_main/600258_首旅酒店/2024/1222945134.pdf,https://static.cninfo.com.cn/finalpage/2025-03-29/1222945134.PDF
600259,广晟有色,广晟有色金属股份有限公司2024年年度报告,2025-03-29 00:00:00,1222952015,reports_raw/companies/600_sh_main/600259_广晟有色/2024/1222952015.pdf,https://static.cninfo.com.cn/finalpage/2025-03-29/1222952015.PDF
600265,景谷林业,2024年年度报告,2025-04-29 00:00:00,1223389620,reports_raw/companies/600_sh_main/600265_景谷林业/2024/1223389620.pdf,https://static.cninfo.com.cn/finalpage/2025-04-29/1223389620.PDF
600266,城建发展,2024年年度报告,2025-04-19 00:00:00,1223155072,reports_raw/companies/600_sh_main/600266_城建发展/2024/1223155072.pdf,https://static.cninfo.com.cn/finalpage/2025-04-19/1223155072.PDF
600267,海正药业,浙江海正药业股份有限公司2024年年度报告,2025-03-29 00:00:00,1222947413,reports_raw/companies/600_sh_main/600267_海正药业/2024/1222947413.pdf,https://static.cninfo.com.cn/finalpage/2025-03-29/1222947413.PDF
600269,赣粤高速,赣粤高速2024年年度报告,2025-03-25 00:00:00,1222881765,reports_raw/companies/600_sh_main/600269_赣粤高速/2024/1222881765.pdf,https://static.cninfo.com.cn/finalpage/2025-03-25/1222881765.PDF
600271,航天信息,航天信息股份有限公司2024年年度报告,2025-04-16 00:00:00,1223103351,reports_raw/companies/600_sh_main/600271_航天信息/2024/1223103351.pdf,https://static.cninfo.com.cn/finalpage/2025-04-16/1223103351.PDF
600272,开开实业,2024年年度报告全文,2025-04-30 00:00:00,1223408433,reports_raw/companies/600_sh_main/600272_开开实业/2024/1223408433.pdf,https://static.cninfo.com.cn/finalpage/2025-04-30/1223408433.PDF
600273,嘉化能源,2024年年度报告,2025-04-10 00:00:00,1223046039,reports_raw/companies/600_sh_main/600273_嘉化能源/2024/1223046039.pdf,https://static.cninfo.com.cn/finalpage/2025-04-10/1223046039.PDF
600276,恒瑞医药,恒瑞医药2024年年度报告,2025-03-31 00:00:00,1222961962,reports_raw/companies/600_sh_main/600276_恒瑞医药/2024/1222961962.pdf,https://static.cninfo.com.cn/finalpage/2025-03-31/1222961962.PDF
600278,东方创业,东方创业2024年年度报告,2025-04-26 00:00:00,1223323577,reports_raw/companies/600_sh_main/600278_东方创业/2024/1223323577.pdf,https://static.cninfo.com.cn/finalpage/2025-04-26/1223323577.PDF
600281,华阳新材,山西华阳新材料股份有限公司2024年年度报告,2025-04-26 00:00:00,1223319374,reports_raw/companies/600_sh_main/600281_华阳新材/2024/1223319374.pdf,https://static.cninfo.com.cn/finalpage/2025-04-26/1223319374.PDF
600282,南钢股份,南京钢铁股份有限公司2024年年度报告,2025-03-20 00:00:00,1222846547,reports_raw/companies/600_sh_main/600282_南钢股份/2024/1222846547.pdf,https://static.cninfo.com.cn/finalpage/2025-03-20/1222846547.PDF
600283,钱江水利,钱江水利开发股份有限公司2024年年度报告,2025-04-17 00:00:00,1223111712,reports_raw/companies/600_sh_main/600283_钱江水利/2024/1223111712.pdf,https://static.cninfo.com.cn/finalpage/2025-04-17/1223111712.PDF
600284,浦东建设,浦东建设2024年年度报告,2025-03-29 00:00:00,1222945651,reports_raw/companies/600_sh_main/600284_浦东建设/2024/1222945651.pdf,https://static.cninfo.com.cn/finalpage/2025-03-29/1222945651.PDF
600287,ST舜天,江苏舜天2024年年度报告全文,2025-04-29 00:00:00,1223383432,reports_raw/companies/600_sh_main/600287_ST舜天/2024/1223383432.pdf,https://static.cninfo.com.cn/finalpage/2025-04-29/1223383432.PDF
600295,鄂尔多斯,内蒙古鄂尔多斯资源股份有限公司2024年年度报告,2025-04-15 00:00:00,1223092806,reports_raw/companies/600_sh_main/600295_鄂尔多斯/2024/1223092806.pdf,https://static.cninfo.com.cn/finalpage/2025-04-15/1223092806.PDF
600298,安琪酵母,安琪酵母股份有限公司2024年年度报告,2025-04-10 00:00:00,1223046779,reports_raw/companies/600_sh_main/600298_安琪酵母/2024/1223046779.pdf,https://static.cninfo.com.cn/finalpage/2025-04-10/1223046779.PDF
600299,安迪苏,安迪苏2024年年度报告,2025-02-28 00:00:00,1222663425,reports_raw/companies/600_sh_main/600299_安迪苏/2024/1222663425.pdf,https://static.cninfo.com.cn/finalpage/2025-02-28/1222663425.PDF
600300,维维股份,维维食品饮料股份有限公司2024年年度报告,2025-04-19 00:00:00,1223145739,reports_raw/companies/600_sh_main/600300_维维股份/2024/1223145739.pdf,https://static.cninfo.com.cn/finalpage/2025-04-19/1223145739.PDF
600301,华锡有色,广西华锡有色金属股份有限公司2024年年度报告,2025-04-30 00:00:00,1223419758,reports_raw/companies/600_sh_main/600301_华锡有色/2024/1223419758.pdf,https://static.cninfo.com.cn/finalpage/2025-04-30/1223419758.PDF
600302,标准股份,标准股份2024年年度报告全文（修订版）,2025-04-29 00:00:00,1223359539,reports_raw/companies/600_sh_main/600302_标准股份/2024/1223359539.pdf,https://static.cninfo.com.cn/finalpage/2025-04-29/1223359539.PDF
600303,ST曙光,ST曙光2024年年度报告,2025-04-11 00:00:00,1223058592,reports_raw/companies/600_sh_main/600303_ST曙光/2024/1223058592.pdf,https://static.cninfo.com.cn/finalpage/2025-04-11/1223058592.PDF
600307,酒钢宏兴,酒钢宏兴2024年年度报告,2025-04-30 00:00:00,1223412908,reports_raw/companies/600_sh_main/600307_酒钢宏兴/2024/1223412908.pdf,https://static.cninfo.com.cn/finalpage/2025-04-30/1223412908.PDF
600308,华泰股份,华泰股份2024年年度报告,2025-04-19 00:00:00,1223144229,reports_raw/companies/600_sh_main/600308_华泰股份/2024/1223144229.pdf,https://static.cninfo.com.cn/finalpage/2025-04-19/1223144229.PDF
600309,万华化学,万华化学2024年年度报告,2025-04-15 00:00:00,1223097325,reports_raw/companies/600_sh_main/600309_万华化学/2024/1223097325.pdf,https://static.cninfo.com.cn/finalpage/2025-04-15/1223097325.PDF
600310,广西能源,广西能源股份有限公司2024年年度报告,2025-03-28 00:00:00,1222923839,reports_raw/companies/600_sh_main/600310_广西能源/2024/1222923839.pdf,https://static.cninfo.com.cn/finalpage/2025-03-28/1222923839.PDF
600313,农发种业,中农发种业集团股份有限公司2024年年度报告,2025-04-19 00:00:00,1223148730,reports_raw/companies/600_sh_main/600313_农发种业/2024/1223148730.pdf,https://static.cninfo.com.cn/finalpage/2025-04-19/1223148730.PDF
600316,洪都航空,江西洪都航空工业股份有限公司2024年年度报告,2025-03-29 00:00:00,1222946218,reports_raw/companies/600_sh_main/600316_洪都航空/2024/1222946218.pdf,https://static.cninfo.com.cn/finalpage/2025-03-29/1222946218.PDF
600318,新力金融,安徽新力金融股份有限公司2024年年度报告,2025-03-28 00:00:00,1222924117,reports_raw/companies/600_sh_main/600318_新力金融/2024/1222924117.pdf,https://static.cninfo.com.cn/finalpage/2025-03-28/1222924117.PDF
600320,振华重工,振华重工2024年年度报告（英文版）,2025-08-30 00:00:00,1224623034,reports_raw/companies/600_sh_main/600320_振华重工/2024/1224623034.pdf,https://static.cninfo.com.cn/finalpage/2025-08-30/1224623034.PDF
600322,津投城开,津投城开2024年年度报告,2025-04-30 00:00:00,1223419809,reports_raw/companies/600_sh_main/600322_津投城开/2024/1223419809.pdf,https://static.cninfo.com.cn/finalpage/2025-04-30/1223419809.PDF
600323,瀚蓝环境,瀚蓝环境股份有限公司2024年年度报告,2025-04-11 00:00:00,1223057340,reports_raw/companies/600_sh_main/600323_瀚蓝环境/2024/1223057340.pdf,https://static.cninfo.com.cn/finalpage/2025-04-11/1223057340.PDF
600325,华发股份,华发股份2024年年度报告,2025-03-15 00:00:00,1222807709,reports_raw/companies/600_sh_main/600325_华发股份/2024/1222807709.pdf,https://static.cninfo.com.cn/finalpage/2025-03-15/1222807709.PDF
600326,西藏天路,西藏天路2024年年度报告,2025-04-10 00:00:00,1223047022,reports_raw/companies/600_sh_main/600326_西藏天路/2024/1223047022.pdf,https://static.cninfo.com.cn/finalpage/2025-04-10/1223047022.PDF
600327,大东方,大东方2024年年度报告,2025-04-18 00:00:00,1223127508,reports_raw/companies/600_sh_main/600327_大东方/2024/1223127508.pdf,https://static.cninfo.com.cn/finalpage/2025-04-18/1223127508.PDF
600328,中盐化工,中盐化工2024年年度报告,2025-03-27 00:00:00,1222911748,reports_raw/companies/600_sh_main/600328_中盐化工/2024/1222911748.pdf,https://static.cninfo.com.cn/finalpage/2025-03-27/1222911748.PDF
600329,达仁堂,达仁堂2024年年度报告,2025-03-31 00:00:00,1222962003,reports_raw/companies/600_sh_main/600329_达仁堂/2024/1222962003.pdf,https://static.cninfo.com.cn/finalpage/2025-03-31/1222962003.PDF
600330,天通股份,天通股份2024年年度报告,2025-04-18 00:00:00,1223129859,reports_raw/companies/600_sh_main/600330_天通股份/2024/1223129859.pdf,https://static.cninfo.com.cn/finalpage/2025-04-18/1223129859.PDF
600331,宏达股份,宏达股份2024年年度报告,2025-03-29 00:00:00,1222945185,reports_raw/companies/600_sh_main/600331_宏达股份/2024/1222945185.pdf,https://static.cninfo.com.cn/finalpage/2025-03-29/1222945185.PDF
600332,白云山,广州白云山医药集团股份有限公司2024年年度报告全文,2025-03-14 00:00:00,1222789516,reports_raw/companies/600_sh_main/600332_白云山/2024/1222789516.pdf,https://static.cninfo.com.cn/finalpage/2025-03-14/1222789516.PDF
600336,澳柯玛,澳柯玛2024年年度报告,2025-04-30 00:00:00,1223419830,reports_raw/companies/600_sh_main/600336_澳柯玛/2024/1223419830.pdf,https://static.cninfo.com.cn/finalpage/2025-04-30/1223419830.PDF
600337,美克家居,美克国际家居用品股份有限公司2024年年度报告,2025-04-30 00:00:00,1223412957,reports_raw/companies/600_sh_main/600337_美克家居/2024/1223412957.pdf,https://static.cninfo.com.cn/finalpage/2025-04-30/1223412957.PDF
600338,西藏珠峰,2024年年度报告,2025-04-29 00:00:00,1223383463,reports_raw/companies/600_sh_main/600338_西藏珠峰/2024/1223383463.pdf,https://static.cninfo.com.cn/finalpage/2025-04-29/1223383463.PDF
600339,中油工程,中油工程2024年年度报告,2025-04-15 00:00:00,1223097243,reports_raw/companies/600_sh_main/600339_中油工程/2024/1223097243.pdf,https://static.cninfo.com.cn/finalpage/2025-04-15/1223097243.PDF
600340,华夏幸福,华夏幸福2024年年度报告,2025-04-30 00:00:00,1223419859,reports_raw/companies/600_sh_main/600340_华夏幸福/2024/1223419859.pdf,https://static.cninfo.com.cn/finalpage/2025-04-30/1223419859.PDF
600343,航天动力,航天动力2024年年度报告,2025-04-01 00:00:00,1222976658,reports_raw/companies/600_sh_main/600343_航天动力/2024/1222976658.pdf,https://static.cninfo.com.cn/finalpage/2025-04-01/1222976658.PDF
600345,长江通信,长江通信2024年年度报告,2025-04-30 00:00:00,1223420075,reports_raw/companies/600_sh_main/600345_长江通信/2024/1223420075.pdf,https://static.cninfo.com.cn/finalpage/2025-04-30/1223420075.PDF
600346,恒力石化,恒力石化2024年年度报告（英文版）,2025-05-20 00:00:00,1223586929,reports_raw/companies/600_sh_main/600346_恒力石化/2024/1223586929.pdf,https://static.cninfo.com.cn/finalpage/2025-05-20/1223586929.PDF
600348,华阳股份,山西华阳集团新能股份有限公司2024年年度报告,2025-04-26 00:00:00,1223325382,reports_raw/companies/600_sh_main/600348_华阳股份/2024/1223325382.pdf,https://static.cninfo.com.cn/finalpage/2025-04-26/1223325382.PDF
600350,山东高速,山东高速股份有限公司2024年年度报告,2025-04-04 00:00:00,1223003402,reports_raw/companies/600_sh_main/600350_山东高速/2024/1223003402.pdf,https://static.cninfo.com.cn/finalpage/2025-04-04/1223003402.PDF
600351,亚宝药业,亚宝药业集团股份有限公司2024年年度报告,2025-04-26 00:00:00,1223320163,reports_raw/companies/600_sh_main/600351_亚宝药业/2024/1223320163.pdf,https://static.cninfo.com.cn/finalpage/2025-04-26/1223320163.PDF
600352,浙江龙盛,浙江龙盛2024年年度报告,2025-04-15 00:00:00,1223093600,reports_raw/companies/600_sh_main/600352_浙江龙盛/2024/1223093600.pdf,https://static.cninfo.com.cn/finalpage/2025-04-15/1223093600.PDF
600353,旭光电子,旭光电子2024年年度报告,2025-03-15 00:00:00,1222807612,reports_raw/companies/600_sh_main/600353_旭光电子/2024/1222807612.pdf,https://static.cninfo.com.cn/finalpage/2025-03-15/1222807612.PDF
600354,敦煌种业,甘肃省敦煌种业集团股份有限公司2024年年度报告,2025-03-22 00:00:00,1222871589,reports_raw/companies/600_sh_main/600354_敦煌种业/2024/1222871589.pdf,https://static.cninfo.com.cn/finalpage/2025-03-22/1222871589.PDF
600355,精伦电子,精伦电子2024年年度报告,2025-04-26 00:00:00,1223324805,reports_raw/companies/600_sh_main/600355_精伦电子/2024/1223324805.pdf,https://static.cninfo.com.cn/finalpage/2025-04-26/1223324805.PDF
600356,恒丰纸业,恒丰纸业2024年年度报告,2025-04-29 00:00:00,1223374265,reports_raw/companies/600_sh_main/600356_恒丰纸业/2024/1223374265.pdf,https://static.cninfo.com.cn/finalpage/2025-04-29/1223374265.PDF
600358,ST联合,国旅文化投资集团股份有限公司2024年年度报告,2025-03-29 00:00:00,1222945215,reports_raw/companies/600_sh_main/600358_ST联合/2024/1222945215.pdf,https://static.cninfo.com.cn/finalpage/2025-03-29/1222945215.PDF
600359,新农开发,2024年年度报告,2025-02-28 00:00:00,1222663331,reports_raw/companies/600_sh_main/600359_新农开发/2024/1222663331.pdf,https://static.cninfo.com.cn/finalpage/2025-02-28/1222663331.PDF
600360,ST华微,吉林华微电子股份有限公司2024年年度报告,2025-04-30 00:00:00,1223427884,reports_raw/companies/600_sh_main/600360_ST华微/2024/1223427884.pdf,https://static.cninfo.com.cn/finalpage/2025-04-30/1223427884.PDF
600362,江西铜业,江西铜业股份有限公司2024年年度报告,2025-03-28 00:00:00,1222924572,reports_raw/companies/600_sh_main/600362_江西铜业/2024/1222924572.pdf,https://static.cninfo.com.cn/finalpage/2025-03-28/1222924572.PDF
600363,联创光电,2024年年度报告,2025-04-29 00:00:00,1223383548,reports_raw/companies/600_sh_main/600363_联创光电/2024/1223383548.pdf,https://static.cninfo.com.cn/finalpage/2025-04-29/1223383548.PDF
600365,ST通葡,通化葡萄酒股份有限公司2024年年度报告,2025-04-29 00:00:00,1223389754,reports_raw/companies/600_sh_main/600365_ST通葡/2024/1223389754.pdf,https://static.cninfo.com.cn/finalpage/2025-04-29/1223389754.PDF
600366,宁波韵升,宁波韵升2024年年度报告,2025-04-30 00:00:00,1223413014,reports_raw/companies/600_sh_main/600366_宁波韵升/2024/1223413014.pdf,https://static.cninfo.com.cn/finalpage/2025-04-30/1223413014.PDF
600367,红星发展,红星发展2024年年度报告,2025-04-26 00:00:00,1223321234,reports_raw/companies/600_sh_main/600367_红星发展/2024/1223321234.pdf,https://static.cninfo.com.cn/finalpage/2025-04-26/1223321234.PDF
600368,五洲交通,广西五洲交通股份有限公司2024年年度报告,2025-03-29 00:00:00,1222942981,reports_raw/companies/600_sh_main/600368_五洲交通/2024/1222942981.pdf,https://static.cninfo.com.cn/finalpage/2025-03-29/1222942981.PDF
600369,西南证券,西南证券股份有限公司2024年年度报告,2025-04-26 00:00:00,1223322405,reports_raw/companies/600_sh_main/600369_西南证券/2024/1223322405.pdf,https://static.cninfo.com.cn/finalpage/2025-04-26/1223322405.PDF
600370,三房巷,江苏三房巷聚材股份有限公司2024年年度报告,2025-04-29 00:00:00,1223374309,reports_raw/companies/600_sh_main/600370_三房巷/2024/1223374309.pdf,https://static.cninfo.com.cn/finalpage/2025-04-29/1223374309.PDF
600372,中航机载,中航机载2024年年度报告,2025-03-29 00:00:00,1222952075,reports_raw/companies/600_sh_main/600372_中航机载/2024/1222952075.pdf,https://static.cninfo.com.cn/finalpage/2025-03-29/1222952075.PDF
600373,中文传媒,中文传媒2024年年度报告,2025-04-19 00:00:00,1223156111,reports_raw/companies/600_sh_main/600373_中文传媒/2024/1223156111.pdf,https://static.cninfo.com.cn/finalpage/2025-04-19/1223156111.PDF
600375,*ST汉马,汉马科技集团股份有限公司2024年年度报告,2025-03-27 00:00:00,1222911373,reports_raw/companies/600_sh_main/600375_ST汉马/2024/1222911373.pdf,https://static.cninfo.com.cn/finalpage/2025-03-27/1222911373.PDF
600377,宁沪高速,2024年年度报告,2025-03-27 00:00:00,1222912237,reports_raw/companies/600_sh_main/600377_宁沪高速/2024/1222912237.pdf,https://static.cninfo.com.cn/finalpage/2025-03-27/1222912237.PDF
600378,昊华科技,昊华科技2024年年度报告,2025-04-30 00:00:00,1223425840,reports_raw/companies/600_sh_main/600378_昊华科技/2024/1223425840.pdf,https://static.cninfo.com.cn/finalpage/2025-04-30/1223425840.PDF
600380,健康元,健康元药业集团股份有限公司2024年年度报告（英文）,2025-04-08 00:00:00,1223021261,reports_raw/companies/600_sh_main/600380_健康元/2024/1223021261.pdf,https://static.cninfo.com.cn/finalpage/2025-04-08/1223021261.PDF
600381,ST春天,青海春天2024年年度报告,2025-04-29 00:00:00,1223383599,reports_raw/companies/600_sh_main/600381_ST春天/2024/1223383599.pdf,https://static.cninfo.com.cn/finalpage/2025-04-29/1223383599.PDF
600383,金地集团,公司2024年年度报告,2025-03-25 00:00:00,1222881250,reports_raw/companies/600_sh_main/600383_金地集团/2024/1222881250.pdf,https://static.cninfo.com.cn/finalpage/2025-03-25/1222881250.PDF
600386,北巴传媒,北京巴士传媒股份有限公司2024年年度报告,2025-03-28 00:00:00,1222926468,reports_raw/companies/600_sh_main/600386_北巴传媒/2024/1222926468.pdf,https://static.cninfo.com.cn/finalpage/2025-03-28/1222926468.PDF
600387,*ST海越,海越能源2024年年度报告,2025-04-30 00:00:00,1223425872,reports_raw/companies/600_sh_main/600387_ST海越/2024/1223425872.pdf,https://static.cninfo.com.cn/finalpage/2025-04-30/1223425872.PDF
600388,龙净环保,2024年年度报告,2025-03-22 00:00:00,1222869547,reports_raw/companies/600_sh_main/600388_龙净环保/2024/1222869547.pdf,https://static.cninfo.com.cn/finalpage/2025-03-22/1222869547.PDF
600391,航发科技,中国航发航空科技股份有限公司2024年年度报告,2025-04-01 00:00:00,1222972714,reports_raw/companies/600_sh_main/600391_航发科技/2024/1222972714.pdf,https://static.cninfo.com.cn/finalpage/2025-04-01/1222972714.PDF
600392,盛和资源,盛和资源2024年年度报告（更正版）,2025-06-04 00:00:00,1223749030,reports_raw/companies/600_sh_main/600392_盛和资源/2024/1223749030.pdf,https://static.cninfo.com.cn/finalpage/2025-06-04/1223749030.PDF
600397,安源煤业,安源煤业2024年年度报告,2025-04-19 00:00:00,1223149801,reports_raw/companies/600_sh_main/600397_安源煤业/2024/1223149801.pdf,https://static.cninfo.com.cn/finalpage/2025-04-19/1223149801.PDF
600398,海澜之家,海澜之家集团股份有限公司2024年年度报告,2025-04-30 00:00:00,1223413043,reports_raw/companies/600_sh_main/600398_海澜之家/2024/1223413043.pdf,https://static.cninfo.com.cn/finalpage/2025-04-30/1223413043.PDF
600399,抚顺特钢,抚顺特钢：2024年年度报告,2025-04-12 00:00:00,1223069387,reports_raw/companies/600_sh_main/600399_抚顺特钢/2024/1223069387.pdf,https://static.cninfo.com.cn/finalpage/2025-04-12/1223069387.PDF
600400,红豆股份,红豆股份2024年年度报告,2025-04-30 00:00:00,1223413186,reports_raw/companies/600_sh_main/600400_红豆股份/2024/1223413186.pdf,https://static.cninfo.com.cn/finalpage/2025-04-30/1223413186.PDF
600403,大有能源,河南大有能源股份有限公司2024年年度报告,2025-04-03 00:00:00,1222992613,reports_raw/companies/600_sh_main/600403_大有能源/2024/1222992613.pdf,https://static.cninfo.com.cn/finalpage/2025-04-03/1222992613.PDF
600406,国电南瑞,国电南瑞2024年年度报告,2025-04-29 00:00:00,1223374352,reports_raw/companies/600_sh_main/600406_国电南瑞/2024/1223374352.pdf,https://static.cninfo.com.cn/finalpage/2025-04-29/1223374352.PDF
600408,安泰集团,安泰集团2024年年度报告,2025-04-30 00:00:00,1223420124,reports_raw/companies/600_sh_main/600408_安泰集团/2024/1223420124.pdf,https://static.cninfo.com.cn/finalpage/2025-04-30/1223420124.PDF
600409,三友化工,2024年年度报告,2025-04-16 00:00:00,1223098359,reports_raw/companies/600_sh_main/600409_三友化工/2024/1223098359.pdf,https://static.cninfo.com.cn/finalpage/2025-04-16/1223098359.PDF
600410,华胜天成,2024年年度报告,2025-04-26 00:00:00,1223324852,reports_raw/companies/600_sh_main/600410_华胜天成/2024/1223324852.pdf,https://static.cninfo.com.cn/finalpage/2025-04-26/1223324852.PDF
600415,小商品城,2024年年度报告（英文版）,2025-04-08 00:00:00,1223020563,reports_raw/companies/600_sh_main/600415_小商品城/2024/1223020563.pdf,https://static.cninfo.com.cn/finalpage/2025-04-08/1223020563.PDF
600416,湘电股份,湘潭电机股份有限公司2024年年度报告,2025-04-10 00:00:00,1223046347,reports_raw/companies/600_sh_main/600416_湘电股份/2024/1223046347.pdf,https://static.cninfo.com.cn/finalpage/2025-04-10/1223046347.PDF
600418,江淮汽车,江淮汽车2024年年度报告,2025-03-29 00:00:00,1222952026,reports_raw/companies/600_sh_main/600418_江淮汽车/2024/1222952026.pdf,https://static.cninfo.com.cn/finalpage/2025-03-29/1222952026.PDF
600419,天润乳业,新疆天润乳业股份有限公司2024年年度报告,2025-04-18 00:00:00,1223127883,reports_raw/companies/600_sh_main/600419_天润乳业/2024/1223127883.pdf,https://static.cninfo.com.cn/finalpage/2025-04-18/1223127883.PDF
600422,昆药集团,昆药集团2024年年度报告,2025-03-12 00:00:00,1222769158,reports_raw/companies/600_sh_main/600422_昆药集团/2024/1222769158.pdf,https://static.cninfo.com.cn/finalpage/2025-03-12/1222769158.PDF
600423,柳化股份,柳化股份2024年年度报告,2025-03-21 00:00:00,1222857746,reports_raw/companies/600_sh_main/600423_柳化股份/2024/1222857746.pdf,https://static.cninfo.com.cn/finalpage/2025-03-21/1222857746.PDF
600425,青松建化,青松建化2024年年度报告,2025-03-15 00:00:00,1222807713,reports_raw/companies/600_sh_main/600425_青松建化/2024/1222807713.pdf,https://static.cninfo.com.cn/finalpage/2025-03-15/1222807713.PDF
600426,华鲁恒升,华鲁恒升2024年年度报告,2025-03-29 00:00:00,1222940908,reports_raw/companies/600_sh_main/600426_华鲁恒升/2024/1222940908.pdf,https://static.cninfo.com.cn/finalpage/2025-03-29/1222940908.PDF
600428,中远海特,中远海运特种运输股份有限公司2024年年度报告,2025-03-28 00:00:00,1222928599,reports_raw/companies/600_sh_main/600428_中远海特/2024/1222928599.pdf,https://static.cninfo.com.cn/finalpage/2025-03-28/1222928599.PDF
600429,三元股份,三元股份2024年年度报告,2025-04-29 00:00:00,1223389789,reports_raw/companies/600_sh_main/600429_三元股份/2024/1223389789.pdf,https://static.cninfo.com.cn/finalpage/2025-04-29/1223389789.PDF
600433,冠豪高新,冠豪高新2024年年度报告,2025-03-11 00:00:00,1222759057,reports_raw/companies/600_sh_main/600433_冠豪高新/2024/1222759057.pdf,https://static.cninfo.com.cn/finalpage/2025-03-11/1222759057.PDF
600436,片仔癀,漳州片仔癀药业股份有限公司2024年年度报告,2025-04-26 00:00:00,1223319419,reports_raw/companies/600_sh_main/600436_片仔癀/2024/1223319419.pdf,https://static.cninfo.com.cn/finalpage/2025-04-26/1223319419.PDF
600438,通威股份,通威股份有限公司2024年年度报告（英文版）,2025-06-06 00:00:00,1223786408,reports_raw/companies/600_sh_main/600438_通威股份/2024/1223786408.pdf,https://static.cninfo.com.cn/finalpage/2025-06-06/1223786408.PDF
600439,瑞贝卡,2024年年度报告,2025-04-29 00:00:00,1223392487,reports_raw/companies/600_sh_main/600439_瑞贝卡/2024/1223392487.pdf,https://static.cninfo.com.cn/finalpage/2025-04-29/1223392487.PDF
600444,国机通用,国机通用2024年年度报告,2025-04-10 00:00:00,1223043081,reports_raw/companies/600_sh_main/600444_国机通用/2024/1223043081.pdf,https://static.cninfo.com.cn/finalpage/2025-04-10/1223043081.PDF
600446,金证股份,金证股份2024年年度报告,2025-04-19 00:00:00,1223151079,reports_raw/companies/600_sh_main/600446_金证股份/2024/1223151079.pdf,https://static.cninfo.com.cn/finalpage/2025-04-19/1223151079.PDF
600449,宁夏建材,宁夏建材2024年年度报告,2025-03-27 00:00:00,1222910571,reports_raw/companies/600_sh_main/600449_宁夏建材/2024/1222910571.pdf,https://static.cninfo.com.cn/finalpage/2025-03-27/1222910571.PDF
600452,涪陵电力,涪陵电力2024年年度报告全文,2025-04-18 00:00:00,1223129529,reports_raw/companies/600_sh_main/600452_涪陵电力/2024/1223129529.pdf,https://static.cninfo.com.cn/finalpage/2025-04-18/1223129529.PDF
600455,博通股份,博通股份2024年年度报告,2025-03-29 00:00:00,1222946245,reports_raw/companies/600_sh_main/600455_博通股份/2024/1222946245.pdf,https://static.cninfo.com.cn/finalpage/2025-03-29/1222946245.PDF
600456,宝钛股份,宝鸡钛业股份有限公司2024年年度报告,2025-03-28 00:00:00,1222923490,reports_raw/companies/600_sh_main/600456_宝钛股份/2024/1222923490.pdf,https://static.cninfo.com.cn/finalpage/2025-03-28/1222923490.PDF
600458,时代新材,2024年年度报告,2025-04-30 00:00:00,1223413242,reports_raw/companies/600_sh_main/600458_时代新材/2024/1223413242.pdf,https://static.cninfo.com.cn/finalpage/2025-04-30/1223413242.PDF
600460,士兰微,杭州士兰微电子股份有限公司2024年年度报告,2025-04-19 00:00:00,1223158152,reports_raw/companies/600_sh_main/600460_士兰微/2024/1223158152.pdf,https://static.cninfo.com.cn/finalpage/2025-04-19/1223158152.PDF
600461,洪城环境,江西洪城环境股份有限公司2024年年度报告,2025-04-15 00:00:00,1223094412,reports_raw/companies/600_sh_main/600461_洪城环境/2024/1223094412.pdf,https://static.cninfo.com.cn/finalpage/2025-04-15/1223094412.PDF
600462,*ST九有,湖北九有投资股份有限公司2024年年度报告,2025-04-30 00:00:00,1223425946,reports_raw/companies/600_sh_main/600462_ST九有/2024/1223425946.pdf,https://static.cninfo.com.cn/finalpage/2025-04-30/1223425946.PDF
600463,空港股份,空港股份2024年年度报告,2025-04-29 00:00:00,1223389816,reports_raw/companies/600_sh_main/600463_空港股份/2024/1223389816.pdf,https://static.cninfo.com.cn/finalpage/2025-04-29/1223389816.PDF
600468,百利电气,天津百利特精电气股份有限公司2024年年度报告,2025-04-19 00:00:00,1223146668,reports_raw/companies/600_sh_main/600468_百利电气/2024/1223146668.pdf,https://static.cninfo.com.cn/finalpage/2025-04-19/1223146668.PDF
600475,华光环能,无锡华光环保能源集团股份有限公司2024年年度报告,2025-04-29 00:00:00,1223374438,reports_raw/companies/600_sh_main/600475_华光环能/2024/1223374438.pdf,https://static.cninfo.com.cn/finalpage/2025-04-29/1223374438.PDF
600476,湘邮科技,湖南湘邮科技股份有限公司2024年年度报告,2025-04-29 00:00:00,1223374446,reports_raw/companies/600_sh_main/600476_湘邮科技/2024/1223374446.pdf,https://static.cninfo.com.cn/finalpage/2025-04-29/1223374446.PDF
600477,杭萧钢构,杭萧钢构2024年年度报告,2025-04-18 00:00:00,1223130986,reports_raw/companies/600_sh_main/600477_杭萧钢构/2024/1223130986.pdf,https://static.cninfo.com.cn/finalpage/2025-04-18/1223130986.PDF
600478,科力远,科力远2024年年度报告,2025-04-29 00:00:00,1223389839,reports_raw/companies/600_sh_main/600478_科力远/2024/1223389839.pdf,https://static.cninfo.com.cn/finalpage/2025-04-29/1223389839.PDF
600479,千金药业,千金药业2024年年度报告,2025-04-29 00:00:00,1223361164,reports_raw/companies/600_sh_main/600479_千金药业/2024/1223361164.pdf,https://static.cninfo.com.cn/finalpage/2025-04-29/1223361164.PDF
600480,凌云股份,凌云股份2024年年度报告,2025-04-29 00:00:00,1223368243,reports_raw/companies/600_sh_main/600480_凌云股份/2024/1223368243.pdf,https://static.cninfo.com.cn/finalpage/2025-04-29/1223368243.PDF
600481,双良节能,双良节能系统股份有限公司2024年年度报告,2025-04-30 00:00:00,1223420153,reports_raw/companies/600_sh_main/600481_双良节能/2024/1223420153.pdf,https://static.cninfo.com.cn/finalpage/2025-04-30/1223420153.PDF
600486,扬农化工,2024年年度报告,2025-03-25 00:00:00,1222882421,reports_raw/companies/600_sh_main/600486_扬农化工/2024/1222882421.pdf,https://static.cninfo.com.cn/finalpage/2025-03-25/1222882421.PDF
600488,津药药业,津药药业股份有限公司2024年年度报告,2025-03-27 00:00:00,1222912068,reports_raw/companies/600_sh_main/600488_津药药业/2024/1222912068.pdf,https://static.cninfo.com.cn/finalpage/2025-03-27/1222912068.PDF
600489,中金黄金,中金黄金股份有限公司2024年年度报告,2025-04-30 00:00:00,1223413290,reports_raw/companies/600_sh_main/600489_中金黄金/2024/1223413290.pdf,https://static.cninfo.com.cn/finalpage/2025-04-30/1223413290.PDF
600490,鹏欣资源,2024年年度报告,2025-04-26 00:00:00,1223330737,reports_raw/companies/600_sh_main/600490_鹏欣资源/2024/1223330737.pdf,https://static.cninfo.com.cn/finalpage/2025-04-26/1223330737.PDF
600491,龙元建设,龙元建设2024年年度报告,2025-04-30 00:00:00,1223413348,reports_raw/companies/600_sh_main/600491_龙元建设/2024/1223413348.pdf,https://static.cninfo.com.cn/finalpage/2025-04-30/1223413348.PDF
600493,凤竹纺织,凤竹纺织2024年年度报告,2025-03-29 00:00:00,1222942504,reports_raw/companies/600_sh_main/600493_凤竹纺织/2024/1222942504.pdf,https://static.cninfo.com.cn/finalpage/2025-03-29/1222942504.PDF
600495,晋西车轴,晋西车轴2024年年度报告,2025-04-04 00:00:00,1223006110,reports_raw/companies/600_sh_main/600495_晋西车轴/2024/1223006110.pdf,https://static.cninfo.com.cn/finalpage/2025-04-04/1223006110.PDF
600497,驰宏锌锗,驰宏锌锗2024年年度报告,2025-03-28 00:00:00,1222924612,reports_raw/companies/600_sh_main/600497_驰宏锌锗/2024/1222924612.pdf,https://static.cninfo.com.cn/finalpage/2025-03-28/1222924612.PDF
600498,烽火通信,600498_烽火通信科技股份有限公司2024年年度报告,2025-04-26 00:00:00,1223328073,reports_raw/companies/600_sh_main/600498_烽火通信/2024/1223328073.pdf,https://static.cninfo.com.cn/finalpage/2025-04-26/1223328073.PDF
600499,科达制造,科达制造股份有限公司2024年年度报告,2025-03-27 00:00:00,1222912267,reports_raw/companies/600_sh_main/600499_科达制造/2024/1222912267.pdf,https://static.cninfo.com.cn/finalpage/2025-03-27/1222912267.PDF
600500,中化国际,中化国际2024年年度报告,2025-04-30 00:00:00,1223413394,reports_raw/companies/600_sh_main/600500_中化国际/2024/1223413394.pdf,https://static.cninfo.com.cn/finalpage/2025-04-30/1223413394.PDF
600501,航天晨光,航天晨光股份有限公司2024年年度报告,2025-04-26 00:00:00,1223320998,reports_raw/companies/600_sh_main/600501_航天晨光/2024/1223320998.pdf,https://static.cninfo.com.cn/finalpage/2025-04-26/1223320998.PDF
600502,安徽建工,安徽建工2024年年度报告,2025-03-29 00:00:00,1222949376,reports_raw/companies/600_sh_main/600502_安徽建工/2024/1222949376.pdf,https://static.cninfo.com.cn/finalpage/2025-03-29/1222949376.PDF
600505,西昌电力,2024年年度报告,2025-04-18 00:00:00,1223129563,reports_raw/companies/600_sh_main/600505_西昌电力/2024/1223129563.pdf,https://static.cninfo.com.cn/finalpage/2025-04-18/1223129563.PDF
600506,统一股份,统一低碳科技（新疆）股份有限公司2024年年度报告,2025-02-28 00:00:00,1222673452,reports_raw/companies/600_sh_main/600506_统一股份/2024/1222673452.pdf,https://static.cninfo.com.cn/finalpage/2025-02-28/1222673452.pdf
600507,方大特钢,方大特钢2024年年度报告,2025-03-15 00:00:00,1222806680,reports_raw/companies/600_sh_main/600507_方大特钢/2024/1222806680.pdf,https://static.cninfo.com.cn/finalpage/2025-03-15/1222806680.PDF
600508,上海能源,上海能源2024年年度报告,2025-03-22 00:00:00,1222870470,reports_raw/companies/600_sh_main/600508_上海能源/2024/1222870470.pdf,https://static.cninfo.com.cn/finalpage/2025-03-22/1222870470.PDF
600511,国药股份,国药股份2024年年度报告,2025-03-20 00:00:00,1222847076,reports_raw/companies/600_sh_main/600511_国药股份/2024/1222847076.pdf,https://static.cninfo.com.cn/finalpage/2025-03-20/1222847076.PDF
600512,腾达建设,腾达建设2024年年度报告,2025-04-19 00:00:00,1223147377,reports_raw/companies/600_sh_main/600512_腾达建设/2024/1223147377.pdf,https://static.cninfo.com.cn/finalpage/2025-04-19/1223147377.PDF
600513,联环药业,联环药业2024年年度报告,2025-04-18 00:00:00,1223127910,reports_raw/companies/600_sh_main/600513_联环药业/2024/1223127910.pdf,https://static.cninfo.com.cn/finalpage/2025-04-18/1223127910.PDF
600515,海南机场,海南机场设施股份有限公司2024年年度报告,2025-04-15 00:00:00,1223096443,reports_raw/companies/600_sh_main/600515_海南机场/2024/1223096443.pdf,https://static.cninfo.com.cn/finalpage/2025-04-15/1223096443.PDF
600516,方大炭素,方大炭素2024年年度报告,2025-04-26 00:00:00,1223356213,reports_raw/companies/600_sh_main/600516_方大炭素/2024/1223356213.pdf,https://static.cninfo.com.cn/finalpage/2025-04-26/1223356213.pdf
600518,康美药业,康美药业2024年年度报告,2025-04-19 00:00:00,1223152764,reports_raw/companies/600_sh_main/600518_康美药业/2024/1223152764.pdf,https://static.cninfo.com.cn/finalpage/2025-04-19/1223152764.PDF
600519,贵州茅台,贵州茅台2024年年度报告,2025-04-03 00:00:00,1222993920,reports_raw/companies/600_sh_main/600519_贵州茅台/2024/1222993920.pdf,https://static.cninfo.com.cn/finalpage/2025-04-03/1222993920.PDF
600520,三佳科技,三佳科技2024年年度报告,2025-04-29 00:00:00,1223374912,reports_raw/companies/600_sh_main/600520_三佳科技/2024/1223374912.pdf,https://static.cninfo.com.cn/finalpage/2025-04-29/1223374912.PDF
600521,华海药业,浙江华海药业股份有限公司2024年年度报告,2025-04-30 00:00:00,1223420208,reports_raw/companies/600_sh_main/600521_华海药业/2024/1223420208.pdf,https://static.cninfo.com.cn/finalpage/2025-04-30/1223420208.PDF
600523,贵航股份,贵航股份2024年年度报告,2025-03-15 00:00:00,1222807960,reports_raw/companies/600_sh_main/600523_贵航股份/2024/1222807960.pdf,https://static.cninfo.com.cn/finalpage/2025-03-15/1222807960.pdf
600525,长园集团,2024年年度报告,2025-04-29 00:00:00,1223389886,reports_raw/companies/600_sh_main/600525_长园集团/2024/1223389886.pdf,https://static.cninfo.com.cn/finalpage/2025-04-29/1223389886.PDF
600528,中铁工业,中铁工业2024年年度报告,2025-03-29 00:00:00,1222949411,reports_raw/companies/600_sh_main/600528_中铁工业/2024/1222949411.pdf,https://static.cninfo.com.cn/finalpage/2025-03-29/1222949411.PDF
600530,交大昂立,2024年年度报告,2025-04-29 00:00:00,1223374925,reports_raw/companies/600_sh_main/600530_交大昂立/2024/1223374925.pdf,https://static.cninfo.com.cn/finalpage/2025-04-29/1223374925.PDF
600533,栖霞建设,栖霞建设2024年年度报告,2025-04-30 00:00:00,1223420265,reports_raw/companies/600_sh_main/600533_栖霞建设/2024/1223420265.pdf,https://static.cninfo.com.cn/finalpage/2025-04-30/1223420265.PDF
600536,中国软件,中国软件2024年年度报告,2025-04-29 00:00:00,1223389902,reports_raw/companies/600_sh_main/600536_中国软件/2024/1223389902.pdf,https://static.cninfo.com.cn/finalpage/2025-04-29/1223389902.PDF
600537,亿晶光电,亿晶光电科技股份有限公司2024年年度报告,2025-04-29 00:00:00,1223383611,reports_raw/companies/600_sh_main/600537_亿晶光电/2024/1223383611.pdf,https://static.cninfo.com.cn/finalpage/2025-04-29/1223383611.PDF
600540,新赛股份,新疆赛里木现代农业股份有限公司2024年年度报告,2025-04-28 00:00:00,1223346634,reports_raw/companies/600_sh_main/600540_新赛股份/2024/1223346634.pdf,https://static.cninfo.com.cn/finalpage/2025-04-28/1223346634.PDF
600543,莫高股份,莫高股份2024年年度报告,2025-04-29 00:00:00,1223363975,reports_raw/companies/600_sh_main/600543_莫高股份/2024/1223363975.pdf,https://static.cninfo.com.cn/finalpage/2025-04-29/1223363975.PDF
600545,卓郎智能,2024年年度报告,2025-04-29 00:00:00,1223390003,reports_raw/companies/600_sh_main/600545_卓郎智能/2024/1223390003.pdf,https://static.cninfo.com.cn/finalpage/2025-04-29/1223390003.PDF
600546,山煤国际,山煤国际2024年年度报告,2025-04-29 00:00:00,1223390014,reports_raw/companies/600_sh_main/600546_山煤国际/2024/1223390014.pdf,https://static.cninfo.com.cn/finalpage/2025-04-29/1223390014.PDF
600547,山东黄金,山东黄金矿业股份有限公司2024年年度报告,2025-03-28 00:00:00,1222928636,reports_raw/companies/600_sh_main/600547_山东黄金/2024/1222928636.pdf,https://static.cninfo.com.cn/finalpage/2025-03-28/1222928636.PDF
600548,深高速,2024年年度报告,2025-03-22 00:00:00,1222868584,reports_raw/companies/600_sh_main/600548_深高速/2024/1222868584.pdf,https://static.cninfo.com.cn/finalpage/2025-03-22/1222868584.PDF
600549,厦门钨业,厦门钨业2024年年度报告,2025-04-26 00:00:00,1223318066,reports_raw/companies/600_sh_main/600549_厦门钨业/2024/1223318066.pdf,https://static.cninfo.com.cn/finalpage/2025-04-26/1223318066.PDF
600550,保变电气,保定天威保变电气股份有限公司2024年年度报告,2025-04-11 00:00:00,1223056375,reports_raw/companies/600_sh_main/600550_保变电气/2024/1223056375.pdf,https://static.cninfo.com.cn/finalpage/2025-04-11/1223056375.PDF
600551,时代出版,时代出版2024年年度报告全文,2025-04-12 00:00:00,1223069423,reports_raw/companies/600_sh_main/600551_时代出版/2024/1223069423.pdf,https://static.cninfo.com.cn/finalpage/2025-04-12/1223069423.PDF
600552,凯盛科技,凯盛科技股份有限公司2024年年度报告,2025-03-28 00:00:00,1222928726,reports_raw/companies/600_sh_main/600552_凯盛科技/2024/1222928726.pdf,https://static.cninfo.com.cn/finalpage/2025-03-28/1222928726.PDF
600557,康缘药业,江苏康缘药业股份有限公司2024年年度报告,2025-04-03 00:00:00,1222992648,reports_raw/companies/600_sh_main/600557_康缘药业/2024/1222992648.pdf,https://static.cninfo.com.cn/finalpage/2025-04-03/1222992648.PDF
600558,大西洋,大西洋2024年年度报告,2025-03-28 00:00:00,1222922829,reports_raw/companies/600_sh_main/600558_大西洋/2024/1222922829.pdf,https://static.cninfo.com.cn/finalpage/2025-03-28/1222922829.PDF
600560,金自天正,北京金自天正智能控制股份有限公司2024年年度报告,2025-03-28 00:00:00,1222924144,reports_raw/companies/600_sh_main/600560_金自天正/2024/1222924144.pdf,https://static.cninfo.com.cn/finalpage/2025-03-28/1222924144.PDF
600561,江西长运,江西长运2024年年度报告,2025-04-19 00:00:00,1223145787,reports_raw/companies/600_sh_main/600561_江西长运/2024/1223145787.pdf,https://static.cninfo.com.cn/finalpage/2025-04-19/1223145787.PDF
600562,国睿科技,国睿科技股份有限公司2024年年度报告,2025-04-19 00:00:00,1223156461,reports_raw/companies/600_sh_main/600562_国睿科技/2024/1223156461.pdf,https://static.cninfo.com.cn/finalpage/2025-04-19/1223156461.PDF
600563,法拉电子,法拉电子2024年年度报告,2025-03-22 00:00:00,1222868211,reports_raw/companies/600_sh_main/600563_法拉电子/2024/1222868211.pdf,https://static.cninfo.com.cn/finalpage/2025-03-22/1222868211.PDF
600566,济川药业,湖北济川药业股份有限公司2024年年度报告,2025-04-26 00:00:00,1223320773,reports_raw/companies/600_sh_main/600566_济川药业/2024/1223320773.pdf,https://static.cninfo.com.cn/finalpage/2025-04-26/1223320773.PDF
600567,山鹰国际,2024年年度报告,2025-04-30 00:00:00,1223413849,reports_raw/companies/600_sh_main/600567_山鹰国际/2024/1223413849.pdf,https://static.cninfo.com.cn/finalpage/2025-04-30/1223413849.PDF
600568,ST中珠,中珠医疗控股股份有限公司2024年年度报告,2025-04-19 00:00:00,1223157151,reports_raw/companies/600_sh_main/600568_ST中珠/2024/1223157151.pdf,https://static.cninfo.com.cn/finalpage/2025-04-19/1223157151.PDF
600569,安阳钢铁,安阳钢铁股份有限公司2024年年度报告,2025-04-30 00:00:00,1223420542,reports_raw/companies/600_sh_main/600569_安阳钢铁/2024/1223420542.pdf,https://static.cninfo.com.cn/finalpage/2025-04-30/1223420542.PDF
600570,恒生电子,恒生电子股份有限公司2024年年度报告,2025-03-29 00:00:00,1222946269,reports_raw/companies/600_sh_main/600570_恒生电子/2024/1222946269.pdf,https://static.cninfo.com.cn/finalpage/2025-03-29/1222946269.PDF
600571,信雅达,信雅达科技股份有限公司2024年年度报告,2025-04-19 00:00:00,1223145834,reports_raw/companies/600_sh_main/600571_信雅达/2024/1223145834.pdf,https://static.cninfo.com.cn/finalpage/2025-04-19/1223145834.PDF
600573,惠泉啤酒,福建省燕京惠泉啤酒股份有限公司2024年年度报告,2025-04-16 00:00:00,1223100958,reports_raw/companies/600_sh_main/600573_惠泉啤酒/2024/1223100958.pdf,https://static.cninfo.com.cn/finalpage/2025-04-16/1223100958.PDF
600575,淮河能源,淮河能源（集团）股份有限公司2024年年度报告,2025-03-28 00:00:00,1222927103,reports_raw/companies/600_sh_main/600575_淮河能源/2024/1222927103.pdf,https://static.cninfo.com.cn/finalpage/2025-03-28/1222927103.PDF
600576,祥源文旅,2024年年度报告,2025-04-18 00:00:00,1223130620,reports_raw/companies/600_sh_main/600576_祥源文旅/2024/1223130620.pdf,https://static.cninfo.com.cn/finalpage/2025-04-18/1223130620.PDF
600577,精达股份,精达股份2024年年度报告,2025-03-25 00:00:00,1222881322,reports_raw/companies/600_sh_main/600577_精达股份/2024/1222881322.pdf,https://static.cninfo.com.cn/finalpage/2025-03-25/1222881322.PDF
600579,中化装备,中化装备科技（青岛）股份有限公司2024年年度报告,2025-04-30 00:00:00,1223426041,reports_raw/companies/600_sh_main/600579_中化装备/2024/1223426041.pdf,https://static.cninfo.com.cn/finalpage/2025-04-30/1223426041.PDF
600580,卧龙电驱,卧龙电驱2024年年度报告,2025-04-26 00:00:00,1223319716,reports_raw/companies/600_sh_main/600580_卧龙电驱/2024/1223319716.pdf,https://static.cninfo.com.cn/finalpage/2025-04-26/1223319716.PDF
600581,八一钢铁,八一钢铁2024年年度报告,2025-04-26 00:00:00,1223318716,reports_raw/companies/600_sh_main/600581_八一钢铁/2024/1223318716.pdf,https://static.cninfo.com.cn/finalpage/2025-04-26/1223318716.PDF
600582,天地科技,天地科技2024年年度报告,2025-03-21 00:00:00,1222856657,reports_raw/companies/600_sh_main/600582_天地科技/2024/1222856657.pdf,https://static.cninfo.com.cn/finalpage/2025-03-21/1222856657.PDF
600583,海油工程,海油工程2024年年度报告,2025-03-18 00:00:00,1222821781,reports_raw/companies/600_sh_main/600583_海油工程/2024/1222821781.pdf,https://static.cninfo.com.cn/finalpage/2025-03-18/1222821781.PDF
600587,新华医疗,新华医疗2024年年度报告,2025-04-30 00:00:00,1223413874,reports_raw/companies/600_sh_main/600587_新华医疗/2024/1223413874.pdf,https://static.cninfo.com.cn/finalpage/2025-04-30/1223413874.PDF
600588,用友网络,用友网络2024年年度报告,2025-03-29 00:00:00,1222946316,reports_raw/companies/600_sh_main/600588_用友网络/2024/1222946316.pdf,https://static.cninfo.com.cn/finalpage/2025-03-29/1222946316.PDF
600589,大位科技,2024年年度报告,2025-03-19 00:00:00,1222835636,reports_raw/companies/600_sh_main/600589_大位科技/2024/1222835636.pdf,https://static.cninfo.com.cn/finalpage/2025-03-19/1222835636.PDF
600590,泰豪科技,2024年年度报告,2025-04-29 00:00:00,1223374970,reports_raw/companies/600_sh_main/600590_泰豪科技/2024/1223374970.pdf,https://static.cninfo.com.cn/finalpage/2025-04-29/1223374970.PDF
600592,龙溪股份,龙溪股份2024年年度报告,2025-04-30 00:00:00,1223426115,reports_raw/companies/600_sh_main/600592_龙溪股份/2024/1223426115.pdf,https://static.cninfo.com.cn/finalpage/2025-04-30/1223426115.PDF
600595,中孚实业,河南中孚实业股份有限公司2024年年度报告,2025-04-16 00:00:00,1223101362,reports_raw/companies/600_sh_main/600595_中孚实业/2024/1223101362.pdf,https://static.cninfo.com.cn/finalpage/2025-04-16/1223101362.PDF
600596,新安股份,新安股份2024年年度报告,2025-04-30 00:00:00,1223420565,reports_raw/companies/600_sh_main/600596_新安股份/2024/1223420565.pdf,https://static.cninfo.com.cn/finalpage/2025-04-30/1223420565.PDF
600597,光明乳业,光明乳业2024年年度报告,2025-04-30 00:00:00,1223413933,reports_raw/companies/600_sh_main/600597_光明乳业/2024/1223413933.pdf,https://static.cninfo.com.cn/finalpage/2025-04-30/1223413933.PDF
600598,北大荒,黑龙江北大荒农业股份有限公司2024年年度报告,2025-03-29 00:00:00,1222948836,reports_raw/companies/600_sh_main/600598_北大荒/2024/1222948836.pdf,https://static.cninfo.com.cn/finalpage/2025-03-29/1222948836.PDF
600599,ST熊猫,ST熊猫2024年年度报告全文,2025-04-30 00:00:00,1223420602,reports_raw/companies/600_sh_main/600599_ST熊猫/2024/1223420602.pdf,https://static.cninfo.com.cn/finalpage/2025-04-30/1223420602.PDF
600600,青岛啤酒,青岛啤酒股份有限公司2024年年度报告,2025-03-31 00:00:00,1222962014,reports_raw/companies/600_sh_main/600600_青岛啤酒/2024/1222962014.pdf,https://static.cninfo.com.cn/finalpage/2025-03-31/1222962014.PDF
600601,方正科技,方正科技2024年年度报告,2025-03-29 00:00:00,1222946366,reports_raw/companies/600_sh_main/600601_方正科技/2024/1222946366.pdf,https://static.cninfo.com.cn/finalpage/2025-03-29/1222946366.PDF
600602,云赛智联,云赛智联2024年年度报告,2025-03-27 00:00:00,1222911565,reports_raw/companies/600_sh_main/600602_云赛智联/2024/1222911565.pdf,https://static.cninfo.com.cn/finalpage/2025-03-27/1222911565.PDF
600604,市北高新,市北高新2024年年度报告,2025-04-12 00:00:00,1223069636,reports_raw/companies/600_sh_main/600604_市北高新/2024/1223069636.pdf,https://static.cninfo.com.cn/finalpage/2025-04-12/1223069636.PDF
600605,汇通能源,2024年年度报告,2025-03-08 00:00:00,1222744690,reports_raw/companies/600_sh_main/600605_汇通能源/2024/1222744690.pdf,https://static.cninfo.com.cn/finalpage/2025-03-08/1222744690.PDF
600606,绿地控股,绿地控股2024年年度报告,2025-04-29 00:00:00,1223390055,reports_raw/companies/600_sh_main/600606_绿地控股/2024/1223390055.pdf,https://static.cninfo.com.cn/finalpage/2025-04-29/1223390055.PDF
600608,ST沪科,ST沪科2024年年度报告,2025-04-29 00:00:00,1223383763,reports_raw/companies/600_sh_main/600608_ST沪科/2024/1223383763.pdf,https://static.cninfo.com.cn/finalpage/2025-04-29/1223383763.PDF
600609,金杯汽车,金杯汽车2024年年度报告,2025-04-03 00:00:00,1222992696,reports_raw/companies/600_sh_main/600609_金杯汽车/2024/1222992696.pdf,https://static.cninfo.com.cn/finalpage/2025-04-03/1222992696.PDF
600610,中毅达,中毅达：2024年年度报告,2025-03-22 00:00:00,1222866749,reports_raw/companies/600_sh_main/600610_中毅达/2024/1222866749.pdf,https://static.cninfo.com.cn/finalpage/2025-03-22/1222866749.PDF
600611,大众交通,大众交通（集团）股份有限公司2024年年度报告全文,2025-03-29 00:00:00,1222950307,reports_raw/companies/600_sh_main/600611_大众交通/2024/1222950307.pdf,https://static.cninfo.com.cn/finalpage/2025-03-29/1222950307.PDF
600612,老凤祥,老凤祥股份有限公司2024年年度报告全文,2025-04-29 00:00:00,1223368310,reports_raw/companies/600_sh_main/600612_老凤祥/2024/1223368310.pdf,https://static.cninfo.com.cn/finalpage/2025-04-29/1223368310.PDF
600615,丰华股份,重庆丰华（集团）股份有限公司2024年年度报告,2025-03-29 00:00:00,1222943736,reports_raw/companies/600_sh_main/600615_丰华股份/2024/1222943736.pdf,https://static.cninfo.com.cn/finalpage/2025-03-29/1222943736.PDF
600617,国新能源,山西省国新能源股份有限公司2024年年度报告,2025-04-15 00:00:00,1223095368,reports_raw/companies/600_sh_main/600617_国新能源/2024/1223095368.pdf,https://static.cninfo.com.cn/finalpage/2025-04-15/1223095368.PDF
600618,氯碱化工,氯碱化工2024年年度报告,2025-04-15 00:00:00,1223093383,reports_raw/companies/600_sh_main/600618_氯碱化工/2024/1223093383.pdf,https://static.cninfo.com.cn/finalpage/2025-04-15/1223093383.PDF
600619,海立股份,海立股份2024年年度报告,2025-04-30 00:00:00,1223406446,reports_raw/companies/600_sh_main/600619_海立股份/2024/1223406446.pdf,https://static.cninfo.com.cn/finalpage/2025-04-30/1223406446.PDF
600621,华鑫股份,华鑫股份2024年年度报告,2025-03-31 00:00:00,1222962039,reports_raw/companies/600_sh_main/600621_华鑫股份/2024/1222962039.pdf,https://static.cninfo.com.cn/finalpage/2025-03-31/1222962039.PDF
600622,光大嘉宝,光大嘉宝股份有限公司2024年年度报告,2025-04-30 00:00:00,1223426168,reports_raw/companies/600_sh_main/600622_光大嘉宝/2024/1223426168.pdf,https://static.cninfo.com.cn/finalpage/2025-04-30/1223426168.PDF
600624,复旦复华,上海复旦复华科技股份有限公司2024年年度报告,2025-04-30 00:00:00,1223426175,reports_raw/companies/600_sh_main/600624_复旦复华/2024/1223426175.pdf,https://static.cninfo.com.cn/finalpage/2025-04-30/1223426175.PDF
600626,申达股份,申达股份2024年年度报告,2025-04-29 00:00:00,1223375014,reports_raw/companies/600_sh_main/600626_申达股份/2024/1223375014.pdf,https://static.cninfo.com.cn/finalpage/2025-04-29/1223375014.PDF
600628,新世界,新世界2024年年度报告,2025-04-12 00:00:00,1223073292,reports_raw/companies/600_sh_main/600628_新世界/2024/1223073292.pdf,https://static.cninfo.com.cn/finalpage/2025-04-12/1223073292.PDF
600629,华建集团,华东建筑集团股份有限公司2024年年度报告,2025-03-31 00:00:00,1222962081,reports_raw/companies/600_sh_main/600629_华建集团/2024/1222962081.pdf,https://static.cninfo.com.cn/finalpage/2025-03-31/1222962081.PDF
600630,龙头股份,龙头股份2024年年度报告全文,2025-04-29 00:00:00,1223368533,reports_raw/companies/600_sh_main/600630_龙头股份/2024/1223368533.pdf,https://static.cninfo.com.cn/finalpage/2025-04-29/1223368533.PDF
600633,浙数文化,浙数文化2024年年度报告,2025-03-29 00:00:00,1222951394,reports_raw/companies/600_sh_main/600633_浙数文化/2024/1222951394.pdf,https://static.cninfo.com.cn/finalpage/2025-03-29/1222951394.PDF
600635,大众公用,上海大众公用事业（集团）股份有限公司2024年年度报告,2025-03-29 00:00:00,1222940940,reports_raw/companies/600_sh_main/600635_大众公用/2024/1222940940.pdf,https://static.cninfo.com.cn/finalpage/2025-03-29/1222940940.PDF
600637,东方明珠,东方明珠2024年年度报告（更正版）,2025-06-28 00:00:00,1224015328,reports_raw/companies/600_sh_main/600637_东方明珠/2024/1224015328.pdf,https://static.cninfo.com.cn/finalpage/2025-06-28/1224015328.PDF
600638,新黄浦,新黄浦2024年年度报告,2025-04-30 00:00:00,1223413984,reports_raw/companies/600_sh_main/600638_新黄浦/2024/1223413984.pdf,https://static.cninfo.com.cn/finalpage/2025-04-30/1223413984.PDF
600639,浦东金桥,浦东金桥2024年年度报告,2025-04-15 00:00:00,1223095385,reports_raw/companies/600_sh_main/600639_浦东金桥/2024/1223095385.pdf,https://static.cninfo.com.cn/finalpage/2025-04-15/1223095385.PDF
600641,万业企业,上海万业企业股份有限公司2024年年度报告,2025-04-26 00:00:00,1223325940,reports_raw/companies/600_sh_main/600641_万业企业/2024/1223325940.pdf,https://static.cninfo.com.cn/finalpage/2025-04-26/1223325940.PDF
600643,爱建集团,爱建集团2024年年度报告,2025-04-30 00:00:00,1223420668,reports_raw/companies/600_sh_main/600643_爱建集团/2024/1223420668.pdf,https://static.cninfo.com.cn/finalpage/2025-04-30/1223420668.PDF
600644,乐山电力,乐山电力股份有限公司2024年年度报告全文,2025-04-18 00:00:00,1223130651,reports_raw/companies/600_sh_main/600644_乐山电力/2024/1223130651.pdf,https://static.cninfo.com.cn/finalpage/2025-04-18/1223130651.PDF
600649,城投控股,上海城投控股股份有限公司2024年年度报告,2025-03-29 00:00:00,1222949865,reports_raw/companies/600_sh_main/600649_城投控股/2024/1222949865.pdf,https://static.cninfo.com.cn/finalpage/2025-03-29/1222949865.PDF
600651,飞乐音响,飞乐音响2024年年度报告,2025-03-28 00:00:00,1222927838,reports_raw/companies/600_sh_main/600651_飞乐音响/2024/1222927838.pdf,https://static.cninfo.com.cn/finalpage/2025-03-28/1222927838.PDF
600653,申华控股,申华控股2024年年度报告（修订版）,2025-07-12 00:00:00,1224145613,reports_raw/companies/600_sh_main/600653_申华控股/2024/1224145613.pdf,https://static.cninfo.com.cn/finalpage/2025-07-12/1224145613.PDF
600654,中安科,2024年年度报告,2025-04-19 00:00:00,1223158178,reports_raw/companies/600_sh_main/600654_中安科/2024/1223158178.pdf,https://static.cninfo.com.cn/finalpage/2025-04-19/1223158178.PDF
600655,豫园股份,上海豫园旅游商城（集团）股份有限公司2024年年度报告,2025-03-25 00:00:00,1222881098,reports_raw/companies/600_sh_main/600655_豫园股份/2024/1222881098.pdf,https://static.cninfo.com.cn/finalpage/2025-03-25/1222881098.PDF
600657,信达地产,信达地产2024年年度报告,2025-04-12 00:00:00,1223073009,reports_raw/companies/600_sh_main/600657_信达地产/2024/1223073009.pdf,https://static.cninfo.com.cn/finalpage/2025-04-12/1223073009.PDF
600658,电子城,电子城 2024年年度报告,2025-04-26 00:00:00,1223318757,reports_raw/companies/600_sh_main/600658_电子城/2024/1223318757.pdf,https://static.cninfo.com.cn/finalpage/2025-04-26/1223318757.PDF
600660,福耀玻璃,福耀玻璃2024年年度报告,2025-03-19 00:00:00,1222834034,reports_raw/companies/600_sh_main/600660_福耀玻璃/2024/1222834034.pdf,https://static.cninfo.com.cn/finalpage/2025-03-19/1222834034.PDF
600661,昂立教育,昂立教育2024年年度报告,2025-04-29 00:00:00,1223390091,reports_raw/companies/600_sh_main/600661_昂立教育/2024/1223390091.pdf,https://static.cninfo.com.cn/finalpage/2025-04-29/1223390091.PDF
600662,外服控股,外服控股2024年年度报告,2025-04-18 00:00:00,1223122288,reports_raw/companies/600_sh_main/600662_外服控股/2024/1223122288.pdf,https://static.cninfo.com.cn/finalpage/2025-04-18/1223122288.PDF
600664,哈药股份,哈药集团股份有限公司2024年年度报告,2025-04-26 00:00:00,1223325599,reports_raw/companies/600_sh_main/600664_哈药股份/2024/1223325599.pdf,https://static.cninfo.com.cn/finalpage/2025-04-26/1223325599.PDF
600665,天地源,天地源股份有限公司2024年年度报告,2025-04-30 00:00:00,1223426241,reports_raw/companies/600_sh_main/600665_天地源/2024/1223426241.pdf,https://static.cninfo.com.cn/finalpage/2025-04-30/1223426241.PDF
600666,奥瑞德,奥瑞德2024年年度报告,2025-04-19 00:00:00,1223198274,reports_raw/companies/600_sh_main/600666_奥瑞德/2024/1223198274.pdf,https://static.cninfo.com.cn/finalpage/2025-04-19/1223198274.pdf
600667,太极实业,2024年年度报告,2025-04-26 00:00:00,1223317604,reports_raw/companies/600_sh_main/600667_太极实业/2024/1223317604.pdf,https://static.cninfo.com.cn/finalpage/2025-04-26/1223317604.PDF
600673,东阳光,东阳光2024年年度报告,2025-04-10 00:00:00,1223046913,reports_raw/companies/600_sh_main/600673_东阳光/2024/1223046913.pdf,https://static.cninfo.com.cn/finalpage/2025-04-10/1223046913.PDF
600674,川投能源,四川川投能源股份有限公司2024年年度报告,2025-04-12 00:00:00,1223072843,reports_raw/companies/600_sh_main/600674_川投能源/2024/1223072843.pdf,https://static.cninfo.com.cn/finalpage/2025-04-12/1223072843.PDF
600675,中华企业,中华企业股份有限公司2024年年度报告,2025-04-17 00:00:00,1223113350,reports_raw/companies/600_sh_main/600675_中华企业/2024/1223113350.pdf,https://static.cninfo.com.cn/finalpage/2025-04-17/1223113350.PDF
600676,交运股份,上海交运集团股份有限公司2024年年度报告,2025-04-02 00:00:00,1222982203,reports_raw/companies/600_sh_main/600676_交运股份/2024/1222982203.pdf,https://static.cninfo.com.cn/finalpage/2025-04-02/1222982203.PDF
600679,上海凤凰,上海凤凰2024年年度报告,2025-04-30 00:00:00,1223426277,reports_raw/companies/600_sh_main/600679_上海凤凰/2024/1223426277.pdf,https://static.cninfo.com.cn/finalpage/2025-04-30/1223426277.PDF
600683,京投发展,京投发展股份有限公司2024年年度报告（更正后）,2025-04-03 00:00:00,1222992709,reports_raw/companies/600_sh_main/600683_京投发展/2024/1222992709.pdf,https://static.cninfo.com.cn/finalpage/2025-04-03/1222992709.PDF
600684,珠江股份,2024年年度报告,2025-04-02 00:00:00,1222984643,reports_raw/companies/600_sh_main/600684_珠江股份/2024/1222984643.pdf,https://static.cninfo.com.cn/finalpage/2025-04-02/1222984643.PDF
600685,中船防务,中船防务2024年年度报告,2025-03-29 00:00:00,1222947463,reports_raw/companies/600_sh_main/600685_中船防务/2024/1222947463.pdf,https://static.cninfo.com.cn/finalpage/2025-03-29/1222947463.PDF
600686,金龙汽车,金龙汽车2024年年度报告,2025-04-26 00:00:00,1223327464,reports_raw/companies/600_sh_main/600686_金龙汽车/2024/1223327464.pdf,https://static.cninfo.com.cn/finalpage/2025-04-26/1223327464.PDF
600688,上海石化,上海石化2024年年度报告,2025-03-20 00:00:00,1222846824,reports_raw/companies/600_sh_main/600688_上海石化/2024/1222846824.pdf,https://static.cninfo.com.cn/finalpage/2025-03-20/1222846824.PDF
600689,上海三毛,上海三毛企业（集团）股份有限公司2024年年度报告,2025-04-16 00:00:00,1223098381,reports_raw/companies/600_sh_main/600689_上海三毛/2024/1223098381.pdf,https://static.cninfo.com.cn/finalpage/2025-04-16/1223098381.PDF
600690,海尔智家,海尔智家股份有限公司2024年年度报告（英文版）,2025-04-12 00:00:00,1223067780,reports_raw/companies/600_sh_main/600690_海尔智家/2024/1223067780.pdf,https://static.cninfo.com.cn/finalpage/2025-04-12/1223067780.PDF
600691,阳煤化工,阳煤化工股份有限公司2024年年度报告,2025-04-19 00:00:00,1223141907,reports_raw/companies/600_sh_main/600691_阳煤化工/2024/1223141907.pdf,https://static.cninfo.com.cn/finalpage/2025-04-19/1223141907.PDF
600692,亚通股份,亚通股份2024年年度报告,2025-04-11 00:00:00,1223058648,reports_raw/companies/600_sh_main/600692_亚通股份/2024/1223058648.pdf,https://static.cninfo.com.cn/finalpage/2025-04-11/1223058648.PDF
600693,东百集团,东百集团2024年年度报告,2025-04-12 00:00:00,1223073201,reports_raw/companies/600_sh_main/600693_东百集团/2024/1223073201.pdf,https://static.cninfo.com.cn/finalpage/2025-04-12/1223073201.PDF
600697,欧亚集团,长春欧亚集团股份有限公司2024年年度报告,2025-04-17 00:00:00,1223112600,reports_raw/companies/600_sh_main/600697_欧亚集团/2024/1223112600.pdf,https://static.cninfo.com.cn/finalpage/2025-04-17/1223112600.PDF
600698,湖南天雁,湖南天雁机械股份有限公司2024年年度报告,2025-04-26 00:00:00,1223322426,reports_raw/companies/600_sh_main/600698_湖南天雁/2024/1223322426.pdf,https://static.cninfo.com.cn/finalpage/2025-04-26/1223322426.PDF
600699,均胜电子,均胜电子2024年年度报告,2025-03-28 00:00:00,1222927138,reports_raw/companies/600_sh_main/600699_均胜电子/2024/1222927138.pdf,https://static.cninfo.com.cn/finalpage/2025-03-28/1222927138.PDF
600702,舍得酒业,舍得酒业2024年年度报告,2025-03-22 00:00:00,1222869176,reports_raw/companies/600_sh_main/600702_舍得酒业/2024/1222869176.pdf,https://static.cninfo.com.cn/finalpage/2025-03-22/1222869176.PDF
600704,物产中大,物产中大2024年年度报告,2025-04-29 00:00:00,1223375082,reports_raw/companies/600_sh_main/600704_物产中大/2024/1223375082.pdf,https://static.cninfo.com.cn/finalpage/2025-04-29/1223375082.PDF
600706,曲江文旅,曲江文旅2024年年度报告,2025-04-29 00:00:00,1223390115,reports_raw/companies/600_sh_main/600706_曲江文旅/2024/1223390115.pdf,https://static.cninfo.com.cn/finalpage/2025-04-29/1223390115.PDF
600707,彩虹股份,彩虹股份2024年年度报告,2025-04-18 00:00:00,1223131046,reports_raw/companies/600_sh_main/600707_彩虹股份/2024/1223131046.pdf,https://static.cninfo.com.cn/finalpage/2025-04-18/1223131046.PDF
600708,光明地产,光明地产2024年年度报告,2025-04-29 00:00:00,1223390154,reports_raw/companies/600_sh_main/600708_光明地产/2024/1223390154.pdf,https://static.cninfo.com.cn/finalpage/2025-04-29/1223390154.PDF
600710,苏美达,2024年年度报告,2025-04-12 00:00:00,1223093837,reports_raw/companies/600_sh_main/600710_苏美达/2024/1223093837.pdf,https://static.cninfo.com.cn/finalpage/2025-04-12/1223093837.pdf
600711,ST盛屯,盛屯矿业集团股份有限公司2024年年度报告,2025-03-25 00:00:00,1222882027,reports_raw/companies/600_sh_main/600711_ST盛屯/2024/1222882027.pdf,https://static.cninfo.com.cn/finalpage/2025-03-25/1222882027.PDF
600712,南宁百货,南宁百货大楼股份有限公司董事、监事、高级管理人员对公司《2024年年度报告》的书面确认意见,2025-03-28 00:00:00,1222929940,reports_raw/companies/600_sh_main/600712_南宁百货/2024/1222929940.pdf,https://static.cninfo.com.cn/finalpage/2025-03-28/1222929940.PDF
600713,南京医药,南京医药2024年年度报告全文,2025-04-10 00:00:00,1223041398,reports_raw/companies/600_sh_main/600713_南京医药/2024/1223041398.pdf,https://static.cninfo.com.cn/finalpage/2025-04-10/1223041398.PDF
600715,*ST文投,文投控股股份有限公司2024年年度报告,2025-04-10 00:00:00,1223045016,reports_raw/companies/600_sh_main/600715_ST文投/2024/1223045016.pdf,https://static.cninfo.com.cn/finalpage/2025-04-10/1223045016.PDF
600716,凤凰股份,凤凰股份2024年年度报告,2025-03-29 00:00:00,1222947478,reports_raw/companies/600_sh_main/600716_凤凰股份/2024/1222947478.pdf,https://static.cninfo.com.cn/finalpage/2025-03-29/1222947478.PDF
600717,天津港,天津港股份有限公司2024年年度报告,2025-03-22 00:00:00,1222868231,reports_raw/companies/600_sh_main/600717_天津港/2024/1222868231.pdf,https://static.cninfo.com.cn/finalpage/2025-03-22/1222868231.PDF
600718,东软集团,东软集团2024年年度报告,2025-04-29 00:00:00,1223383841,reports_raw/companies/600_sh_main/600718_东软集团/2024/1223383841.pdf,https://static.cninfo.com.cn/finalpage/2025-04-29/1223383841.PDF
600719,大连热电,大连热电股份有限公司2024年年度报告,2025-03-14 00:00:00,1222788160,reports_raw/companies/600_sh_main/600719_大连热电/2024/1222788160.pdf,https://static.cninfo.com.cn/finalpage/2025-03-14/1222788160.PDF
600720,中交设计,中交设计咨询集团股份有限公司2024年年度报告,2025-03-28 00:00:00,1222929278,reports_raw/companies/600_sh_main/600720_中交设计/2024/1222929278.pdf,https://static.cninfo.com.cn/finalpage/2025-03-28/1222929278.PDF
600721,百花医药,新疆百花村医药集团股份有限公司2024年年度报告,2025-03-12 00:00:00,1222769761,reports_raw/companies/600_sh_main/600721_百花医药/2024/1222769761.pdf,https://static.cninfo.com.cn/finalpage/2025-03-12/1222769761.PDF
600722,金牛化工,金牛化工2024年年度报告,2025-04-12 00:00:00,1223071203,reports_raw/companies/600_sh_main/600722_金牛化工/2024/1223071203.pdf,https://static.cninfo.com.cn/finalpage/2025-04-12/1223071203.PDF
600724,宁波富达,宁波富达2024年年度报告,2025-03-28 00:00:00,1222924995,reports_raw/companies/600_sh_main/600724_宁波富达/2024/1222924995.pdf,https://static.cninfo.com.cn/finalpage/2025-03-28/1222924995.PDF
600725,云维股份,云维股份2024年年度报告,2025-04-12 00:00:00,1223069662,reports_raw/companies/600_sh_main/600725_云维股份/2024/1223069662.pdf,https://static.cninfo.com.cn/finalpage/2025-04-12/1223069662.PDF
600727,鲁北化工,鲁北化工2024年年度报告,2025-03-20 00:00:00,1222857570,reports_raw/companies/600_sh_main/600727_鲁北化工/2024/1222857570.pdf,https://static.cninfo.com.cn/finalpage/2025-03-20/1222857570.pdf
600728,佳都科技,佳都科技2024年年度报告,2025-04-11 00:00:00,1223058860,reports_raw/companies/600_sh_main/600728_佳都科技/2024/1223058860.pdf,https://static.cninfo.com.cn/finalpage/2025-04-11/1223058860.PDF
600729,重庆百货,重庆百货大楼股份有限公司2024年年度报告,2025-04-19 00:00:00,1223152819,reports_raw/companies/600_sh_main/600729_重庆百货/2024/1223152819.pdf,https://static.cninfo.com.cn/finalpage/2025-04-19/1223152819.PDF
600730,中国高科,中国高科2024年年度报告,2025-03-19 00:00:00,1222834827,reports_raw/companies/600_sh_main/600730_中国高科/2024/1222834827.pdf,https://static.cninfo.com.cn/finalpage/2025-03-19/1222834827.PDF
600731,湖南海利,湖南海利2024年年度报告,2025-04-29 00:00:00,1223361276,reports_raw/companies/600_sh_main/600731_湖南海利/2024/1223361276.pdf,https://static.cninfo.com.cn/finalpage/2025-04-29/1223361276.PDF
600732,爱旭股份,2024年年度报告,2025-04-30 00:00:00,1223420859,reports_raw/companies/600_sh_main/600732_爱旭股份/2024/1223420859.pdf,https://static.cninfo.com.cn/finalpage/2025-04-30/1223420859.PDF
600733,北汽蓝谷,2024年年度报告,2025-04-29 00:00:00,1223383884,reports_raw/companies/600_sh_main/600733_北汽蓝谷/2024/1223383884.pdf,https://static.cninfo.com.cn/finalpage/2025-04-29/1223383884.PDF
600734,实达集团,福建实达集团股份有限公司2024年年度报告,2025-04-16 00:00:00,1223103586,reports_raw/companies/600_sh_main/600734_实达集团/2024/1223103586.pdf,https://static.cninfo.com.cn/finalpage/2025-04-16/1223103586.PDF
600735,新华锦,新华锦2024年年度报告,2025-04-30 00:00:00,1223414210,reports_raw/companies/600_sh_main/600735_新华锦/2024/1223414210.pdf,https://static.cninfo.com.cn/finalpage/2025-04-30/1223414210.PDF
600736,苏州高新,苏州高新2024年年度报告,2025-04-26 00:00:00,1223317086,reports_raw/companies/600_sh_main/600736_苏州高新/2024/1223317086.pdf,https://static.cninfo.com.cn/finalpage/2025-04-26/1223317086.PDF
600738,丽尚国潮,丽尚国潮2024年年度报告,2025-04-30 00:00:00,1223414273,reports_raw/companies/600_sh_main/600738_丽尚国潮/2024/1223414273.pdf,https://static.cninfo.com.cn/finalpage/2025-04-30/1223414273.PDF
600739,辽宁成大,辽宁成大股份有限公司2024年年度报告,2025-04-26 00:00:00,1223321245,reports_raw/companies/600_sh_main/600739_辽宁成大/2024/1223321245.pdf,https://static.cninfo.com.cn/finalpage/2025-04-26/1223321245.PDF
600741,华域汽车,华域汽车2024年年度报告,2025-04-29 00:00:00,1223375149,reports_raw/companies/600_sh_main/600741_华域汽车/2024/1223375149.pdf,https://static.cninfo.com.cn/finalpage/2025-04-29/1223375149.PDF
600742,一汽富维,2024年年度报告,2025-04-10 00:00:00,1223046220,reports_raw/companies/600_sh_main/600742_一汽富维/2024/1223046220.pdf,https://static.cninfo.com.cn/finalpage/2025-04-10/1223046220.PDF
600743,华远地产,华远地产2024年年度报告,2025-04-30 00:00:00,1223414289,reports_raw/companies/600_sh_main/600743_华远地产/2024/1223414289.pdf,https://static.cninfo.com.cn/finalpage/2025-04-30/1223414289.PDF
600745,闻泰科技,2024年年度报告,2025-04-26 00:00:00,1223328102,reports_raw/companies/600_sh_main/600745_闻泰科技/2024/1223328102.pdf,https://static.cninfo.com.cn/finalpage/2025-04-26/1223328102.PDF
600746,江苏索普,江苏索普2024年年度报告,2025-04-16 00:00:00,1223100665,reports_raw/companies/600_sh_main/600746_江苏索普/2024/1223100665.pdf,https://static.cninfo.com.cn/finalpage/2025-04-16/1223100665.PDF
600748,上实发展,上实发展2024年年度报告,2025-03-22 00:00:00,1222865914,reports_raw/companies/600_sh_main/600748_上实发展/2024/1222865914.pdf,https://static.cninfo.com.cn/finalpage/2025-03-22/1222865914.PDF
600749,西藏旅游,西藏旅游2024年年度报告,2025-04-16 00:00:00,1223104188,reports_raw/companies/600_sh_main/600749_西藏旅游/2024/1223104188.pdf,https://static.cninfo.com.cn/finalpage/2025-04-16/1223104188.PDF
600750,江中药业,江中药业2024年年度报告,2025-03-20 00:00:00,1222846901,reports_raw/companies/600_sh_main/600750_江中药业/2024/1222846901.pdf,https://static.cninfo.com.cn/finalpage/2025-03-20/1222846901.PDF
600751,海航科技,海航科技股份有限公司2024年年度报告,2025-04-29 00:00:00,1223383936,reports_raw/companies/600_sh_main/600751_海航科技/2024/1223383936.pdf,https://static.cninfo.com.cn/finalpage/2025-04-29/1223383936.PDF
600753,庚星股份,庚星股份2024年年度报告,2025-04-26 00:00:00,1223327065,reports_raw/companies/600_sh_main/600753_庚星股份/2024/1223327065.pdf,https://static.cninfo.com.cn/finalpage/2025-04-26/1223327065.PDF
600756,浪潮软件,浪潮软件2024年年度报告全文,2025-03-29 00:00:00,1222947511,reports_raw/companies/600_sh_main/600756_浪潮软件/2024/1222947511.pdf,https://static.cninfo.com.cn/finalpage/2025-03-29/1222947511.PDF
600757,长江传媒,长江传媒2024年年度报告,2025-04-11 00:00:00,1223057246,reports_raw/companies/600_sh_main/600757_长江传媒/2024/1223057246.pdf,https://static.cninfo.com.cn/finalpage/2025-04-11/1223057246.PDF
600760,中航沈飞,中航沈飞股份有限公司2024年年度报告,2025-04-01 00:00:00,1222973339,reports_raw/companies/600_sh_main/600760_中航沈飞/2024/1222973339.pdf,https://static.cninfo.com.cn/finalpage/2025-04-01/1222973339.PDF
600761,安徽合力,安徽合力股份有限公司2024年年度报告,2025-04-07 00:00:00,1223013265,reports_raw/companies/600_sh_main/600761_安徽合力/2024/1223013265.pdf,https://static.cninfo.com.cn/finalpage/2025-04-07/1223013265.PDF
600764,中国海防,中国海防2024年年度报告,2025-04-30 00:00:00,1223414350,reports_raw/companies/600_sh_main/600764_中国海防/2024/1223414350.pdf,https://static.cninfo.com.cn/finalpage/2025-04-30/1223414350.PDF
600765,中航重机,2024年年度报告,2025-03-31 00:00:00,1222962752,reports_raw/companies/600_sh_main/600765_中航重机/2024/1222962752.pdf,https://static.cninfo.com.cn/finalpage/2025-03-31/1222962752.PDF
600768,宁波富邦,宁波富邦2024年年度报告,2025-04-29 00:00:00,1223364064,reports_raw/companies/600_sh_main/600768_宁波富邦/2024/1223364064.pdf,https://static.cninfo.com.cn/finalpage/2025-04-29/1223364064.PDF
600769,祥龙电业,武汉祥龙电业股份有限公司2024年年度报告,2025-03-20 00:00:00,1222846355,reports_raw/companies/600_sh_main/600769_祥龙电业/2024/1222846355.pdf,https://static.cninfo.com.cn/finalpage/2025-03-20/1222846355.PDF
600770,综艺股份,综艺股份2024年年度报告,2025-04-19 00:00:00,1223156803,reports_raw/companies/600_sh_main/600770_综艺股份/2024/1223156803.pdf,https://static.cninfo.com.cn/finalpage/2025-04-19/1223156803.PDF
600773,西藏城投,西藏城市发展投资股份有限公司2024年年度报告,2025-04-26 00:00:00,1223320781,reports_raw/companies/600_sh_main/600773_西藏城投/2024/1223320781.pdf,https://static.cninfo.com.cn/finalpage/2025-04-26/1223320781.PDF
600774,汉商集团,汉商集团2024年年度报告,2025-04-30 00:00:00,1223426349,reports_raw/companies/600_sh_main/600774_汉商集团/2024/1223426349.pdf,https://static.cninfo.com.cn/finalpage/2025-04-30/1223426349.PDF
600775,南京熊猫,南京熊猫2024年年度报告,2025-03-28 00:00:00,1222922864,reports_raw/companies/600_sh_main/600775_南京熊猫/2024/1222922864.pdf,https://static.cninfo.com.cn/finalpage/2025-03-28/1222922864.PDF
600776,东方通信,东方通信股份有限公司2024年年度报告,2025-04-29 00:00:00,1223375178,reports_raw/companies/600_sh_main/600776_东方通信/2024/1223375178.pdf,https://static.cninfo.com.cn/finalpage/2025-04-29/1223375178.PDF
600777,ST新潮,2024年年度报告,2025-07-05 00:00:00,1224085717,reports_raw/companies/600_sh_main/600777_ST新潮/2024/1224085717.pdf,https://static.cninfo.com.cn/finalpage/2025-07-05/1224085717.PDF
600779,水井坊,水井坊2024年年度报告,2025-04-30 00:00:00,1223414387,reports_raw/companies/600_sh_main/600779_水井坊/2024/1223414387.pdf,https://static.cninfo.com.cn/finalpage/2025-04-30/1223414387.PDF
600783,鲁信创投,鲁信创投2024年年度报告,2025-04-30 00:00:00,1223414513,reports_raw/companies/600_sh_main/600783_鲁信创投/2024/1223414513.pdf,https://static.cninfo.com.cn/finalpage/2025-04-30/1223414513.PDF
600785,新华百货,银川新华百货商业集团股份有限公司2024年年度报告,2025-03-21 00:00:00,1222858036,reports_raw/companies/600_sh_main/600785_新华百货/2024/1222858036.pdf,https://static.cninfo.com.cn/finalpage/2025-03-21/1222858036.PDF
600787,中储股份,中储发展股份有限公司2024年年度报告,2025-04-19 00:00:00,1223152855,reports_raw/companies/600_sh_main/600787_中储股份/2024/1223152855.pdf,https://static.cninfo.com.cn/finalpage/2025-04-19/1223152855.PDF
600789,鲁抗医药,鲁抗医药2024年年度报告,2025-03-22 00:00:00,1222868331,reports_raw/companies/600_sh_main/600789_鲁抗医药/2024/1222868331.pdf,https://static.cninfo.com.cn/finalpage/2025-03-22/1222868331.PDF
600790,轻纺城,轻纺城2024年年度报告,2025-04-18 00:00:00,1223124151,reports_raw/companies/600_sh_main/600790_轻纺城/2024/1223124151.pdf,https://static.cninfo.com.cn/finalpage/2025-04-18/1223124151.PDF
600791,京能置业,京能置业股份有限公司2024年年度报告,2025-04-30 00:00:00,1223420947,reports_raw/companies/600_sh_main/600791_京能置业/2024/1223420947.pdf,https://static.cninfo.com.cn/finalpage/2025-04-30/1223420947.PDF
600792,云煤能源,云南煤业能源股份有限公司2024年年度报告,2025-04-15 00:00:00,1223094893,reports_raw/companies/600_sh_main/600792_云煤能源/2024/1223094893.pdf,https://static.cninfo.com.cn/finalpage/2025-04-15/1223094893.PDF
600793,宜宾纸业,2024年年度报告,2025-04-30 00:00:00,1223420996,reports_raw/companies/600_sh_main/600793_宜宾纸业/2024/1223420996.pdf,https://static.cninfo.com.cn/finalpage/2025-04-30/1223420996.PDF
600794,保税科技,保税科技2024年年度报告,2025-03-18 00:00:00,1222819805,reports_raw/companies/600_sh_main/600794_保税科技/2024/1222819805.pdf,https://static.cninfo.com.cn/finalpage/2025-03-18/1222819805.PDF
600795,国电电力,国电电力2024年年度报告,2025-04-16 00:00:00,1223099977,reports_raw/companies/600_sh_main/600795_国电电力/2024/1223099977.pdf,https://static.cninfo.com.cn/finalpage/2025-04-16/1223099977.PDF
600796,钱江生化,钱江生化2024年年度报告,2025-04-19 00:00:00,1223142873,reports_raw/companies/600_sh_main/600796_钱江生化/2024/1223142873.pdf,https://static.cninfo.com.cn/finalpage/2025-04-19/1223142873.PDF
600798,宁波海运,宁波海运股份有限公司2024年年度报告,2025-04-28 00:00:00,1223346691,reports_raw/companies/600_sh_main/600798_宁波海运/2024/1223346691.pdf,https://static.cninfo.com.cn/finalpage/2025-04-28/1223346691.PDF
600801,华新水泥,2024年年度报告,2025-03-27 00:00:00,1222912425,reports_raw/companies/600_sh_main/600801_华新水泥/2024/1222912425.pdf,https://static.cninfo.com.cn/finalpage/2025-03-27/1222912425.PDF
600803,新奥股份,新奥股份2024年年度报告,2025-03-27 00:00:00,1222909079,reports_raw/companies/600_sh_main/600803_新奥股份/2024/1222909079.pdf,https://static.cninfo.com.cn/finalpage/2025-03-27/1222909079.PDF
600804,*ST鹏博,鹏博士2024年年度报告,2025-04-30 00:00:00,1223427914,reports_raw/companies/600_sh_main/600804_ST鹏博/2024/1223427914.pdf,https://static.cninfo.com.cn/finalpage/2025-04-30/1223427914.PDF
600805,悦达投资,悦达投资2024年年度报告,2025-03-29 00:00:00,1222944369,reports_raw/companies/600_sh_main/600805_悦达投资/2024/1222944369.pdf,https://static.cninfo.com.cn/finalpage/2025-03-29/1222944369.PDF
600807,济高发展,济高发展2024年年度报告,2025-04-30 00:00:00,1223421111,reports_raw/companies/600_sh_main/600807_济高发展/2024/1223421111.pdf,https://static.cninfo.com.cn/finalpage/2025-04-30/1223421111.PDF
600808,马钢股份,马鞍山钢铁股份有限公司2024年年度报告,2025-03-29 00:00:00,1222948856,reports_raw/companies/600_sh_main/600808_马钢股份/2024/1222948856.pdf,https://static.cninfo.com.cn/finalpage/2025-03-29/1222948856.PDF
600809,山西汾酒,2024年年度报告,2025-04-30 00:00:00,1223414537,reports_raw/companies/600_sh_main/600809_山西汾酒/2024/1223414537.pdf,https://static.cninfo.com.cn/finalpage/2025-04-30/1223414537.PDF
600810,神马股份,神马股份2024年年度报告（更新版）,2025-03-26 00:00:00,1222895769,reports_raw/companies/600_sh_main/600810_神马股份/2024/1222895769.pdf,https://static.cninfo.com.cn/finalpage/2025-03-26/1222895769.PDF
600812,华北制药,2024年年度报告,2025-03-28 00:00:00,1222928749,reports_raw/companies/600_sh_main/600812_华北制药/2024/1222928749.pdf,https://static.cninfo.com.cn/finalpage/2025-03-28/1222928749.PDF
600814,杭州解百,杭州解百集团股份有限公司2024年年度报告,2025-03-28 00:00:00,1222923040,reports_raw/companies/600_sh_main/600814_杭州解百/2024/1222923040.pdf,https://static.cninfo.com.cn/finalpage/2025-03-28/1222923040.PDF
600815,厦工股份,厦工股份2024年年度报告,2025-04-18 00:00:00,1223128443,reports_raw/companies/600_sh_main/600815_厦工股份/2024/1223128443.pdf,https://static.cninfo.com.cn/finalpage/2025-04-18/1223128443.PDF
600816,建元信托,2024年年度报告,2025-02-28 00:00:00,1222663037,reports_raw/companies/600_sh_main/600816_建元信托/2024/1222663037.pdf,https://static.cninfo.com.cn/finalpage/2025-02-28/1222663037.PDF
600817,宇通重工,2024年年度报告,2025-04-09 00:00:00,1223031602,reports_raw/companies/600_sh_main/600817_宇通重工/2024/1223031602.pdf,https://static.cninfo.com.cn/finalpage/2025-04-09/1223031602.PDF
600818,中路股份,2024年年度报告,2025-04-18 00:00:00,1223127135,reports_raw/companies/600_sh_main/600818_中路股份/2024/1223127135.pdf,https://static.cninfo.com.cn/finalpage/2025-04-18/1223127135.PDF
600819,耀皮玻璃,耀皮玻璃2024年年度报告全文,2025-03-29 00:00:00,1222944655,reports_raw/companies/600_sh_main/600819_耀皮玻璃/2024/1222944655.pdf,https://static.cninfo.com.cn/finalpage/2025-03-29/1222944655.PDF
600821,金开新能,2024年年度报告,2025-04-10 00:00:00,1223045833,reports_raw/companies/600_sh_main/600821_金开新能/2024/1223045833.pdf,https://static.cninfo.com.cn/finalpage/2025-04-10/1223045833.PDF
600824,益民集团,益民集团2024年年度报告,2025-04-29 00:00:00,1223358338,reports_raw/companies/600_sh_main/600824_益民集团/2024/1223358338.pdf,https://static.cninfo.com.cn/finalpage/2025-04-29/1223358338.PDF
600826,兰生股份,东浩兰生会展集团股份有限公司2024年年度报告,2025-04-12 00:00:00,1223072938,reports_raw/companies/600_sh_main/600826_兰生股份/2024/1223072938.pdf,https://static.cninfo.com.cn/finalpage/2025-04-12/1223072938.PDF
600827,百联股份,百联股份2024年年度报告,2025-04-15 00:00:00,1223097059,reports_raw/companies/600_sh_main/600827_百联股份/2024/1223097059.pdf,https://static.cninfo.com.cn/finalpage/2025-04-15/1223097059.PDF
600828,茂业商业,茂业商业股份有限公司2024年年度报告,2025-03-27 00:00:00,1222913586,reports_raw/companies/600_sh_main/600828_茂业商业/2024/1222913586.pdf,https://static.cninfo.com.cn/finalpage/2025-03-27/1222913586.PDF
600829,人民同泰,2024年年度报告,2025-04-12 00:00:00,1223071221,reports_raw/companies/600_sh_main/600829_人民同泰/2024/1223071221.pdf,https://static.cninfo.com.cn/finalpage/2025-04-12/1223071221.PDF
600830,香溢融通,香溢融通控股集团股份有限公司2024年年度报告,2025-03-08 00:00:00,1222744366,reports_raw/companies/600_sh_main/600830_香溢融通/2024/1222744366.pdf,https://static.cninfo.com.cn/finalpage/2025-03-08/1222744366.PDF
600833,第一医药,上海第一医药股份有限公司2024年年度报告,2025-04-09 00:00:00,1223029876,reports_raw/companies/600_sh_main/600833_第一医药/2024/1223029876.pdf,https://static.cninfo.com.cn/finalpage/2025-04-09/1223029876.PDF
600834,申通地铁,申通地铁2024年年度报告,2025-03-28 00:00:00,1222924167,reports_raw/companies/600_sh_main/600834_申通地铁/2024/1222924167.pdf,https://static.cninfo.com.cn/finalpage/2025-03-28/1222924167.PDF
600835,上海机电,上海机电2024年年度报告,2025-03-22 00:00:00,1222865964,reports_raw/companies/600_sh_main/600835_上海机电/2024/1222865964.pdf,https://static.cninfo.com.cn/finalpage/2025-03-22/1222865964.PDF
600839,四川长虹,四川长虹2024年年度报告,2025-04-26 00:00:00,1223330465,reports_raw/companies/600_sh_main/600839_四川长虹/2024/1223330465.pdf,https://static.cninfo.com.cn/finalpage/2025-04-26/1223330465.PDF
600841,动力新科,动力新科2024年年度报告,2025-04-26 00:00:00,1223329365,reports_raw/companies/600_sh_main/600841_动力新科/2024/1223329365.pdf,https://static.cninfo.com.cn/finalpage/2025-04-26/1223329365.PDF
600843,上工申贝,上工申贝（集团）股份有限公司2024年年度报告,2025-04-29 00:00:00,1223358373,reports_raw/companies/600_sh_main/600843_上工申贝/2024/1223358373.pdf,https://static.cninfo.com.cn/finalpage/2025-04-29/1223358373.PDF
600846,同济科技,同济科技2024年年度报告,2025-04-26 00:00:00,1223330930,reports_raw/companies/600_sh_main/600846_同济科技/2024/1223330930.pdf,https://static.cninfo.com.cn/finalpage/2025-04-26/1223330930.PDF
600847,万里股份,万里股份2024年年度报告,2025-04-30 00:00:00,1223426405,reports_raw/companies/600_sh_main/600847_万里股份/2024/1223426405.pdf,https://static.cninfo.com.cn/finalpage/2025-04-30/1223426405.PDF
600848,上海临港,2024年年度报告,2025-04-12 00:00:00,1223073233,reports_raw/companies/600_sh_main/600848_上海临港/2024/1223073233.pdf,https://static.cninfo.com.cn/finalpage/2025-04-12/1223073233.PDF
600850,电科数字,中电科数字技术股份有限公司2024年年度报告,2025-04-15 00:00:00,1223092827,reports_raw/companies/600_sh_main/600850_电科数字/2024/1223092827.pdf,https://static.cninfo.com.cn/finalpage/2025-04-15/1223092827.PDF
600851,海欣股份,上海海欣集团股份有限公司2024年年度报告,2025-04-19 00:00:00,1223143626,reports_raw/companies/600_sh_main/600851_海欣股份/2024/1223143626.pdf,https://static.cninfo.com.cn/finalpage/2025-04-19/1223143626.PDF
600853,龙建股份,龙建股份2024年年度报告全文,2025-03-29 00:00:00,1222948260,reports_raw/companies/600_sh_main/600853_龙建股份/2024/1222948260.pdf,https://static.cninfo.com.cn/finalpage/2025-03-29/1222948260.PDF
600854,春兰股份,春兰股份2024年年度报告,2025-04-19 00:00:00,1223154565,reports_raw/companies/600_sh_main/600854_春兰股份/2024/1223154565.pdf,https://static.cninfo.com.cn/finalpage/2025-04-19/1223154565.PDF
600855,航天长峰,北京航天长峰股份有限公司2024年年度报告,2025-04-29 00:00:00,1223364118,reports_raw/companies/600_sh_main/600855_航天长峰/2024/1223364118.pdf,https://static.cninfo.com.cn/finalpage/2025-04-29/1223364118.PDF
600857,宁波中百,宁波中百股份有限公司2024年年度报告,2025-04-15 00:00:00,1223096144,reports_raw/companies/600_sh_main/600857_宁波中百/2024/1223096144.pdf,https://static.cninfo.com.cn/finalpage/2025-04-15/1223096144.PDF
600858,银座股份,银座股份2024年年度报告,2025-03-26 00:00:00,1222895783,reports_raw/companies/600_sh_main/600858_银座股份/2024/1222895783.pdf,https://static.cninfo.com.cn/finalpage/2025-03-26/1222895783.PDF
600860,京城股份,京城股份2024年年度报告,2025-03-29 00:00:00,1222952260,reports_raw/companies/600_sh_main/600860_京城股份/2024/1222952260.pdf,https://static.cninfo.com.cn/finalpage/2025-03-29/1222952260.PDF
600862,中航高科,中航高科2024年年度报告,2025-03-15 00:00:00,1222806817,reports_raw/companies/600_sh_main/600862_中航高科/2024/1222806817.pdf,https://static.cninfo.com.cn/finalpage/2025-03-15/1222806817.PDF
600865,百大集团,百大集团股份有限公司2024年年度报告,2025-04-19 00:00:00,1223146695,reports_raw/companies/600_sh_main/600865_百大集团/2024/1223146695.pdf,https://static.cninfo.com.cn/finalpage/2025-04-19/1223146695.PDF
600867,通化东宝,通化东宝2024年年度报告,2025-04-30 00:00:00,1223414636,reports_raw/companies/600_sh_main/600867_通化东宝/2024/1223414636.pdf,https://static.cninfo.com.cn/finalpage/2025-04-30/1223414636.PDF
600868,梅雁吉祥,广东梅雁吉祥水电股份有限公司2024年年度报告,2025-04-29 00:00:00,1223384106,reports_raw/companies/600_sh_main/600868_梅雁吉祥/2024/1223384106.pdf,https://static.cninfo.com.cn/finalpage/2025-04-29/1223384106.PDF
600872,中炬高新,中炬高新2024年年度报告,2025-04-09 00:00:00,1223033026,reports_raw/companies/600_sh_main/600872_中炬高新/2024/1223033026.pdf,https://static.cninfo.com.cn/finalpage/2025-04-09/1223033026.PDF
600873,梅花生物,梅花生物2024年年度报告,2025-03-18 00:00:00,1222822807,reports_raw/companies/600_sh_main/600873_梅花生物/2024/1222822807.pdf,https://static.cninfo.com.cn/finalpage/2025-03-18/1222822807.PDF
600874,创业环保,创业环保2024年年度报告全文,2025-03-22 00:00:00,1222871761,reports_raw/companies/600_sh_main/600874_创业环保/2024/1222871761.pdf,https://static.cninfo.com.cn/finalpage/2025-03-22/1222871761.pdf
600875,东方电气,2024年年度报告,2025-04-30 00:00:00,1223414665,reports_raw/companies/600_sh_main/600875_东方电气/2024/1223414665.pdf,https://static.cninfo.com.cn/finalpage/2025-04-30/1223414665.PDF
600876,凯盛新能,凯盛新能2024年年度报告,2025-03-29 00:00:00,1222951458,reports_raw/companies/600_sh_main/600876_凯盛新能/2024/1222951458.pdf,https://static.cninfo.com.cn/finalpage/2025-03-29/1222951458.PDF
600879,航天电子,航天时代电子技术股份有限公司2024年年度报告,2025-03-27 00:00:00,1222911579,reports_raw/companies/600_sh_main/600879_航天电子/2024/1222911579.pdf,https://static.cninfo.com.cn/finalpage/2025-03-27/1222911579.PDF
600880,博瑞传播,博瑞传播2024年年度报告（更正版）,2025-04-26 00:00:00,1223320493,reports_raw/companies/600_sh_main/600880_博瑞传播/2024/1223320493.pdf,https://static.cninfo.com.cn/finalpage/2025-04-26/1223320493.PDF
600881,亚泰集团,吉林亚泰（集团）股份有限公司2024年年度报告,2025-04-29 00:00:00,1223390306,reports_raw/companies/600_sh_main/600881_亚泰集团/2024/1223390306.pdf,https://static.cninfo.com.cn/finalpage/2025-04-29/1223390306.PDF
600882,妙可蓝多,2024年年度报告,2025-03-22 00:00:00,1222870860,reports_raw/companies/600_sh_main/600882_妙可蓝多/2024/1222870860.pdf,https://static.cninfo.com.cn/finalpage/2025-03-22/1222870860.PDF
600884,杉杉股份,杉杉股份2024年年度报告,2025-04-26 00:00:00,1223329717,reports_raw/companies/600_sh_main/600884_杉杉股份/2024/1223329717.pdf,https://static.cninfo.com.cn/finalpage/2025-04-26/1223329717.PDF
600885,宏发股份,宏发股份：2024年年度报告,2025-03-29 00:00:00,1222939948,reports_raw/companies/600_sh_main/600885_宏发股份/2024/1222939948.pdf,https://static.cninfo.com.cn/finalpage/2025-03-29/1222939948.PDF
600886,国投电力,国投电力控股股份有限公司2024年年度报告,2025-04-30 00:00:00,1223414927,reports_raw/companies/600_sh_main/600886_国投电力/2024/1223414927.pdf,https://static.cninfo.com.cn/finalpage/2025-04-30/1223414927.PDF
600887,伊利股份,内蒙古伊利实业集团股份有限公司2024年年度报告,2025-04-30 00:00:00,1223421123,reports_raw/companies/600_sh_main/600887_伊利股份/2024/1223421123.pdf,https://static.cninfo.com.cn/finalpage/2025-04-30/1223421123.PDF
600888,新疆众和,新疆众和股份有限公司2024年年度报告,2025-03-25 00:00:00,1222882673,reports_raw/companies/600_sh_main/600888_新疆众和/2024/1222882673.pdf,https://static.cninfo.com.cn/finalpage/2025-03-25/1222882673.PDF
600892,大晟文化,2024年年度报告,2025-04-30 00:00:00,1223426407,reports_raw/companies/600_sh_main/600892_大晟文化/2024/1223426407.pdf,https://static.cninfo.com.cn/finalpage/2025-04-30/1223426407.PDF
600893,航发动力,中国航发动力股份有限公司2024年年度报告,2025-04-02 00:00:00,1222984263,reports_raw/companies/600_sh_main/600893_航发动力/2024/1222984263.pdf,https://static.cninfo.com.cn/finalpage/2025-04-02/1222984263.PDF
600894,广日股份,广州广日股份有限公司2024年年度报告,2025-04-09 00:00:00,1223030329,reports_raw/companies/600_sh_main/600894_广日股份/2024/1223030329.pdf,https://static.cninfo.com.cn/finalpage/2025-04-09/1223030329.PDF
600895,张江高科,2024年年度报告,2025-03-29 00:00:00,1222946501,reports_raw/companies/600_sh_main/600895_张江高科/2024/1222946501.pdf,https://static.cninfo.com.cn/finalpage/2025-03-29/1222946501.PDF
600897,厦门空港,厦门空港2024年年度报告,2025-04-30 00:00:00,1223415047,reports_raw/companies/600_sh_main/600897_厦门空港/2024/1223415047.pdf,https://static.cninfo.com.cn/finalpage/2025-04-30/1223415047.PDF
600900,长江电力,长江电力2024年年度报告,2025-04-30 00:00:00,1223421172,reports_raw/companies/600_sh_main/600900_长江电力/2024/1223421172.pdf,https://static.cninfo.com.cn/finalpage/2025-04-30/1223421172.PDF
600905,三峡能源,2024年年度报告,2025-04-30 00:00:00,1223415078,reports_raw/companies/600_sh_main/600905_三峡能源/2024/1223415078.pdf,https://static.cninfo.com.cn/finalpage/2025-04-30/1223415078.PDF
600906,财达证券,财达证券股份有限公司2024年年度报告,2025-04-26 00:00:00,1223323093,reports_raw/companies/600_sh_main/600906_财达证券/2024/1223323093.pdf,https://static.cninfo.com.cn/finalpage/2025-04-26/1223323093.PDF
600908,无锡银行,2024年年度报告,2025-03-29 00:00:00,1222945256,reports_raw/companies/600_sh_main/600908_无锡银行/2024/1222945256.pdf,https://static.cninfo.com.cn/finalpage/2025-03-29/1222945256.PDF
600909,华安证券,华安证券股份有限公司2024年年度报告,2025-03-28 00:00:00,1222925540,reports_raw/companies/600_sh_main/600909_华安证券/2024/1222925540.pdf,https://static.cninfo.com.cn/finalpage/2025-03-28/1222925540.PDF
600916,中国黄金,中国黄金集团黄金珠宝股份有限公司2024年年度报告,2025-04-30 00:00:00,1223421224,reports_raw/companies/600_sh_main/600916_中国黄金/2024/1223421224.pdf,https://static.cninfo.com.cn/finalpage/2025-04-30/1223421224.PDF
600918,中泰证券,中泰证券股份有限公司2024年年度报告,2025-03-22 00:00:00,1222869959,reports_raw/companies/600_sh_main/600918_中泰证券/2024/1222869959.pdf,https://static.cninfo.com.cn/finalpage/2025-03-22/1222869959.PDF
600919,江苏银行,江苏银行2024年年度报告,2025-04-19 00:00:00,1223143257,reports_raw/companies/600_sh_main/600919_江苏银行/2024/1223143257.pdf,https://static.cninfo.com.cn/finalpage/2025-04-19/1223143257.PDF
600926,杭州银行,杭州银行2024年年度报告,2025-04-12 00:00:00,1223072706,reports_raw/companies/600_sh_main/600926_杭州银行/2024/1223072706.pdf,https://static.cninfo.com.cn/finalpage/2025-04-12/1223072706.PDF
600928,西安银行,西安银行股份有限公司2024年年度报告,2025-04-30 00:00:00,1223421242,reports_raw/companies/600_sh_main/600928_西安银行/2024/1223421242.pdf,https://static.cninfo.com.cn/finalpage/2025-04-30/1223421242.PDF
600929,雪天盐业,2024年年度报告,2025-04-15 00:00:00,1223096740,reports_raw/companies/600_sh_main/600929_雪天盐业/2024/1223096740.pdf,https://static.cninfo.com.cn/finalpage/2025-04-15/1223096740.PDF
600933,爱柯迪,2024年年度报告,2025-03-31 00:00:00,1222962093,reports_raw/companies/600_sh_main/600933_爱柯迪/2024/1222962093.pdf,https://static.cninfo.com.cn/finalpage/2025-03-31/1222962093.PDF
600935,华塑股份,安徽华塑股份有限公司2024年年度报告,2025-04-12 00:00:00,1223068047,reports_raw/companies/600_sh_main/600935_华塑股份/2024/1223068047.pdf,https://static.cninfo.com.cn/finalpage/2025-04-12/1223068047.PDF
600936,广西广电,广西广电2024年年度报告,2025-04-29 00:00:00,1223384119,reports_raw/companies/600_sh_main/600936_广西广电/2024/1223384119.pdf,https://static.cninfo.com.cn/finalpage/2025-04-29/1223384119.PDF
600938,中国海油,中国海洋石油有限公司2024年年度报告,2025-03-28 00:00:00,1222929636,reports_raw/companies/600_sh_main/600938_中国海油/2024/1222929636.pdf,https://static.cninfo.com.cn/finalpage/2025-03-28/1222929636.PDF
600939,重庆建工,重庆建工2024年年度报告,2025-04-30 00:00:00,1223415125,reports_raw/companies/600_sh_main/600939_重庆建工/2024/1223415125.pdf,https://static.cninfo.com.cn/finalpage/2025-04-30/1223415125.PDF
600941,中国移动,中国移动：2024年年度报告,2025-03-21 00:00:00,1222856315,reports_raw/companies/600_sh_main/600941_中国移动/2024/1222856315.pdf,https://static.cninfo.com.cn/finalpage/2025-03-21/1222856315.PDF
600955,维远股份,利华益维远化学股份有限公司2024年年度报告,2025-04-17 00:00:00,1223111224,reports_raw/companies/600_sh_main/600955_维远股份/2024/1223111224.pdf,https://static.cninfo.com.cn/finalpage/2025-04-17/1223111224.PDF
600956,新天绿能,新天绿能2024年年度报告,2025-03-26 00:00:00,1222896462,reports_raw/companies/600_sh_main/600956_新天绿能/2024/1222896462.pdf,https://static.cninfo.com.cn/finalpage/2025-03-26/1222896462.PDF
600958,东方证券,东方证券股份有限公司2024年年度报告,2025-03-29 00:00:00,1222948888,reports_raw/companies/600_sh_main/600958_东方证券/2024/1222948888.pdf,https://static.cninfo.com.cn/finalpage/2025-03-29/1222948888.PDF
600959,江苏有线,江苏有线2024年年度报告,2025-04-10 00:00:00,1223045404,reports_raw/companies/600_sh_main/600959_江苏有线/2024/1223045404.pdf,https://static.cninfo.com.cn/finalpage/2025-04-10/1223045404.PDF
600961,株冶集团,株冶集团2024年年度报告,2025-04-11 00:00:00,1223057777,reports_raw/companies/600_sh_main/600961_株冶集团/2024/1223057777.pdf,https://static.cninfo.com.cn/finalpage/2025-04-11/1223057777.PDF
600962,国投中鲁,国投中鲁2024年年度报告,2025-03-29 00:00:00,1222946537,reports_raw/companies/600_sh_main/600962_国投中鲁/2024/1222946537.pdf,https://static.cninfo.com.cn/finalpage/2025-03-29/1222946537.PDF
600963,岳阳林纸,岳阳林纸股份有限公司2024年年度报告,2025-03-12 00:00:00,1222776591,reports_raw/companies/600_sh_main/600963_岳阳林纸/2024/1222776591.pdf,https://static.cninfo.com.cn/finalpage/2025-03-12/1222776591.pdf
600965,福成股份,福成股份：关于更正《2024年年度报告》的公告,2025-04-11 00:00:00,1223057356,reports_raw/companies/600_sh_main/600965_福成股份/2024/1223057356.pdf,https://static.cninfo.com.cn/finalpage/2025-04-11/1223057356.PDF
600966,博汇纸业,2024年年度报告,2025-04-30 00:00:00,1223406499,reports_raw/companies/600_sh_main/600966_博汇纸业/2024/1223406499.pdf,https://static.cninfo.com.cn/finalpage/2025-04-30/1223406499.PDF
600967,内蒙一机,内蒙古第一机械集团股份有限公司2024年年度报告,2025-04-26 00:00:00,1223320518,reports_raw/companies/600_sh_main/600967_内蒙一机/2024/1223320518.pdf,https://static.cninfo.com.cn/finalpage/2025-04-26/1223320518.PDF
600968,海油发展,2024年年度报告,2025-04-10 00:00:00,1223047052,reports_raw/companies/600_sh_main/600968_海油发展/2024/1223047052.pdf,https://static.cninfo.com.cn/finalpage/2025-04-10/1223047052.PDF
600970,中材国际,中国中材国际工程股份有限公司2024年年度报告,2025-03-26 00:00:00,1222896862,reports_raw/companies/600_sh_main/600970_中材国际/2024/1222896862.pdf,https://static.cninfo.com.cn/finalpage/2025-03-26/1222896862.PDF
600971,恒源煤电,恒源煤电2024年年度报告,2025-03-29 00:00:00,1222947562,reports_raw/companies/600_sh_main/600971_恒源煤电/2024/1222947562.pdf,https://static.cninfo.com.cn/finalpage/2025-03-29/1222947562.PDF
600973,宝胜股份,宝胜股份：2024年年度报告,2025-03-15 00:00:00,1222806852,reports_raw/companies/600_sh_main/600973_宝胜股份/2024/1222806852.pdf,https://static.cninfo.com.cn/finalpage/2025-03-15/1222806852.PDF
600975,新五丰,湖南新五丰股份有限公司2024年年度报告,2025-03-29 00:00:00,1222950354,reports_raw/companies/600_sh_main/600975_新五丰/2024/1222950354.pdf,https://static.cninfo.com.cn/finalpage/2025-03-29/1222950354.PDF
600976,健民集团,健民集团2024年年度报告,2025-03-22 00:00:00,1222867640,reports_raw/companies/600_sh_main/600976_健民集团/2024/1222867640.pdf,https://static.cninfo.com.cn/finalpage/2025-03-22/1222867640.PDF
600977,中国电影,中国电影2024年年度报告,2025-04-19 00:00:00,1223155089,reports_raw/companies/600_sh_main/600977_中国电影/2024/1223155089.pdf,https://static.cninfo.com.cn/finalpage/2025-04-19/1223155089.PDF
600979,广安爱众,四川广安爱众股份有限公司2024年年度报告,2025-04-30 00:00:00,1223426507,reports_raw/companies/600_sh_main/600979_广安爱众/2024/1223426507.pdf,https://static.cninfo.com.cn/finalpage/2025-04-30/1223426507.PDF
600980,北矿科技,北矿科技2024年年度报告,2025-04-01 00:00:00,1222973053,reports_raw/companies/600_sh_main/600980_北矿科技/2024/1222973053.pdf,https://static.cninfo.com.cn/finalpage/2025-04-01/1222973053.PDF
600981,汇鸿集团,2024年年度报告,2025-04-29 00:00:00,1223390315,reports_raw/companies/600_sh_main/600981_汇鸿集团/2024/1223390315.pdf,https://static.cninfo.com.cn/finalpage/2025-04-29/1223390315.PDF
600984,建设机械,建设机械2024年年度报告（修订版）,2025-04-19 00:00:00,1223145096,reports_raw/companies/600_sh_main/600984_建设机械/2024/1223145096.pdf,https://static.cninfo.com.cn/finalpage/2025-04-19/1223145096.PDF
600985,淮北矿业,淮北矿业控股股份有限公司2024年年度报告,2025-03-28 00:00:00,1222927459,reports_raw/companies/600_sh_main/600985_淮北矿业/2024/1222927459.pdf,https://static.cninfo.com.cn/finalpage/2025-03-28/1222927459.PDF
600986,浙文互联,浙文互联2024年年度报告,2025-04-12 00:00:00,1223073065,reports_raw/companies/600_sh_main/600986_浙文互联/2024/1223073065.pdf,https://static.cninfo.com.cn/finalpage/2025-04-12/1223073065.PDF
600987,航民股份,航民股份2024年年度报告,2025-03-29 00:00:00,1222941776,reports_raw/companies/600_sh_main/600987_航民股份/2024/1222941776.pdf,https://static.cninfo.com.cn/finalpage/2025-03-29/1222941776.PDF
600988,赤峰黄金,赤峰黄金2024年年度报告,2025-03-29 00:00:00,1222946558,reports_raw/companies/600_sh_main/600988_赤峰黄金/2024/1222946558.pdf,https://static.cninfo.com.cn/finalpage/2025-03-29/1222946558.PDF
600989,宝丰能源,宁夏宝丰能源集团股份有限公司2024年年度报告,2025-03-12 00:00:00,1222769512,reports_raw/companies/600_sh_main/600989_宝丰能源/2024/1222769512.pdf,https://static.cninfo.com.cn/finalpage/2025-03-12/1222769512.PDF
600990,四创电子,四创电子2024年年度报告,2025-04-30 00:00:00,1223421441,reports_raw/companies/600_sh_main/600990_四创电子/2024/1223421441.pdf,https://static.cninfo.com.cn/finalpage/2025-04-30/1223421441.PDF
600992,贵绳股份,贵州钢绳股份有限公司2024年年度报告,2025-03-29 00:00:00,1222952407,reports_raw/companies/600_sh_main/600992_贵绳股份/2024/1222952407.pdf,https://static.cninfo.com.cn/finalpage/2025-03-29/1222952407.pdf
600993,马应龙,马应龙2024年年度报告,2025-04-03 00:00:00,1222992788,reports_raw/companies/600_sh_main/600993_马应龙/2024/1222992788.pdf,https://static.cninfo.com.cn/finalpage/2025-04-03/1222992788.PDF
600995,南网储能,南方电网储能股份有限公司2024年年度报告,2025-03-29 00:00:00,1222947646,reports_raw/companies/600_sh_main/600995_南网储能/2024/1222947646.pdf,https://static.cninfo.com.cn/finalpage/2025-03-29/1222947646.PDF
600996,贵广网络,2024年年度报告,2025-04-26 00:00:00,1223318152,reports_raw/companies/600_sh_main/600996_贵广网络/2024/1223318152.pdf,https://static.cninfo.com.cn/finalpage/2025-04-26/1223318152.PDF
600998,九州通,九州通2024年年度报告,2025-04-29 00:00:00,1223384161,reports_raw/companies/600_sh_main/600998_九州通/2024/1223384161.pdf,https://static.cninfo.com.cn/finalpage/2025-04-29/1223384161.PDF
600999,招商证券,招商证券股份有限公司2024年年度报告,2025-03-28 00:00:00,1222929494,reports_raw/companies/600_sh_main/600999_招商证券/2024/1222929494.pdf,https://static.cninfo.com.cn/finalpage/2025-03-28/1222929494.PDF
601000,唐山港,唐山港集团股份有限公司2024年年度报告,2025-03-29 00:00:00,1222939780,reports_raw/companies/601_sh_main/601000_唐山港/2024/1222939780.pdf,https://static.cninfo.com.cn/finalpage/2025-03-29/1222939780.PDF
601002,晋亿实业,晋亿实业股份有限公司2024年年度报告,2025-03-18 00:00:00,1222821362,reports_raw/companies/601_sh_main/601002_晋亿实业/2024/1222821362.pdf,https://static.cninfo.com.cn/finalpage/2025-03-18/1222821362.PDF
601003,柳钢股份,柳钢股份2024年年度报告,2025-04-29 00:00:00,1223384221,reports_raw/companies/601_sh_main/601003_柳钢股份/2024/1223384221.pdf,https://static.cninfo.com.cn/finalpage/2025-04-29/1223384221.PDF
601005,重庆钢铁,2024年年度报告,2025-03-29 00:00:00,1222951512,reports_raw/companies/601_sh_main/601005_重庆钢铁/2024/1222951512.pdf,https://static.cninfo.com.cn/finalpage/2025-03-29/1222951512.PDF
601007,金陵饭店,金陵饭店股份有限公司2024年年度报告,2025-03-29 00:00:00,1222940967,reports_raw/companies/601_sh_main/601007_金陵饭店/2024/1222940967.pdf,https://static.cninfo.com.cn/finalpage/2025-03-29/1222940967.PDF
601008,连云港,江苏连云港港口股份有限公司2024年年度报告,2025-03-28 00:00:00,1222923860,reports_raw/companies/601_sh_main/601008_连云港/2024/1222923860.pdf,https://static.cninfo.com.cn/finalpage/2025-03-28/1222923860.PDF
601010,文峰股份,文峰股份2024年年度报告,2025-04-30 00:00:00,1223421459,reports_raw/companies/601_sh_main/601010_文峰股份/2024/1223421459.pdf,https://static.cninfo.com.cn/finalpage/2025-04-30/1223421459.PDF
601012,隆基绿能,2024年年度报告,2025-04-30 00:00:00,1223421477,reports_raw/companies/601_sh_main/601012_隆基绿能/2024/1223421477.pdf,https://static.cninfo.com.cn/finalpage/2025-04-30/1223421477.PDF
601015,陕西黑猫,陕西黑猫：2024年年度报告,2025-04-18 00:00:00,1223130121,reports_raw/companies/601_sh_main/601015_陕西黑猫/2024/1223130121.pdf,https://static.cninfo.com.cn/finalpage/2025-04-18/1223130121.PDF
601016,节能风电,中节能风力发电股份有限公司2024年年度报告,2025-03-28 00:00:00,1222921982,reports_raw/companies/601_sh_main/601016_节能风电/2024/1222921982.pdf,https://static.cninfo.com.cn/finalpage/2025-03-28/1222921982.PDF
601018,宁波港,宁波舟山港股份有限公司2024年年度报告,2025-03-28 00:00:00,1222928492,reports_raw/companies/601_sh_main/601018_宁波港/2024/1222928492.pdf,https://static.cninfo.com.cn/finalpage/2025-03-28/1222928492.PDF
601019,山东出版,山东出版2024年年度报告,2025-04-10 00:00:00,1223047110,reports_raw/companies/601_sh_main/601019_山东出版/2024/1223047110.pdf,https://static.cninfo.com.cn/finalpage/2025-04-10/1223047110.PDF
601020,华钰矿业,西藏华钰矿业股份有限公司2024年年度报告,2025-04-29 00:00:00,1223384265,reports_raw/companies/601_sh_main/601020_华钰矿业/2024/1223384265.pdf,https://static.cninfo.com.cn/finalpage/2025-04-29/1223384265.PDF
601021,春秋航空,春秋航空2024年年度报告,2025-04-30 00:00:00,1223415192,reports_raw/companies/601_sh_main/601021_春秋航空/2024/1223415192.pdf,https://static.cninfo.com.cn/finalpage/2025-04-30/1223415192.PDF
601022,宁波远洋,宁波远洋运输股份有限公司2024年年度报告,2025-03-26 00:00:00,1222895166,reports_raw/companies/601_sh_main/601022_宁波远洋/2024/1222895166.pdf,https://static.cninfo.com.cn/finalpage/2025-03-26/1222895166.PDF
601033,永兴股份,永兴股份2024年年度报告,2025-03-29 00:00:00,1222943765,reports_raw/companies/601_sh_main/601033_永兴股份/2024/1222943765.pdf,https://static.cninfo.com.cn/finalpage/2025-03-29/1222943765.PDF
601038,一拖股份,一拖股份2024年年度报告,2025-03-28 00:00:00,1222923068,reports_raw/companies/601_sh_main/601038_一拖股份/2024/1222923068.pdf,https://static.cninfo.com.cn/finalpage/2025-03-28/1222923068.PDF
601058,赛轮轮胎,赛轮轮胎2024年年度报告,2025-04-29 00:00:00,1223390356,reports_raw/companies/601_sh_main/601058_赛轮轮胎/2024/1223390356.pdf,https://static.cninfo.com.cn/finalpage/2025-04-29/1223390356.PDF
601059,信达证券,信达证券股份有限公司2024年年度报告,2025-03-26 00:00:00,1222895192,reports_raw/companies/601_sh_main/601059_信达证券/2024/1222895192.pdf,https://static.cninfo.com.cn/finalpage/2025-03-26/1222895192.PDF
601061,中信金属,中信金属股份有限公司2024年年度报告,2025-03-27 00:00:00,1222912936,reports_raw/companies/601_sh_main/601061_中信金属/2024/1222912936.pdf,https://static.cninfo.com.cn/finalpage/2025-03-27/1222912936.PDF
601065,江盐集团,2024年年度报告,2025-04-29 00:00:00,1223384285,reports_raw/companies/601_sh_main/601065_江盐集团/2024/1223384285.pdf,https://static.cninfo.com.cn/finalpage/2025-04-29/1223384285.PDF
601066,中信建投,中信建投证券股份有限公司2024年年度报告,2025-03-28 00:00:00,1222927482,reports_raw/companies/601_sh_main/601066_中信建投/2024/1222927482.pdf,https://static.cninfo.com.cn/finalpage/2025-03-28/1222927482.PDF
601068,中铝国际,中铝国际工程股份有限公司2024年年度报告,2025-03-29 00:00:00,1222951523,reports_raw/companies/601_sh_main/601068_中铝国际/2024/1222951523.pdf,https://static.cninfo.com.cn/finalpage/2025-03-29/1222951523.PDF
601069,西部黄金,西部黄金股份有限公司2024年年度报告,2025-04-02 00:00:00,1222983253,reports_raw/companies/601_sh_main/601069_西部黄金/2024/1222983253.pdf,https://static.cninfo.com.cn/finalpage/2025-04-02/1222983253.PDF
601077,渝农商行,重庆农村商业银行股份有限公司2024年年度报告,2025-03-26 00:00:00,1222896108,reports_raw/companies/601_sh_main/601077_渝农商行/2024/1222896108.pdf,https://static.cninfo.com.cn/finalpage/2025-03-26/1222896108.PDF
601083,锦江航运,锦江航运2024年年度报告,2025-04-01 00:00:00,1222973594,reports_raw/companies/601_sh_main/601083_锦江航运/2024/1222973594.pdf,https://static.cninfo.com.cn/finalpage/2025-04-01/1222973594.PDF
601086,国芳集团,国芳集团：2024年年度报告,2025-04-12 00:00:00,1223073313,reports_raw/companies/601_sh_main/601086_国芳集团/2024/1223073313.pdf,https://static.cninfo.com.cn/finalpage/2025-04-12/1223073313.PDF
601089,福元医药,北京福元医药股份有限公司2024年年度报告,2025-04-01 00:00:00,1222972306,reports_raw/companies/601_sh_main/601089_福元医药/2024/1222972306.pdf,https://static.cninfo.com.cn/finalpage/2025-04-01/1222972306.PDF
601096,宏盛华源,宏盛华源2024年年度报告,2025-04-11 00:00:00,1223058980,reports_raw/companies/601_sh_main/601096_宏盛华源/2024/1223058980.pdf,https://static.cninfo.com.cn/finalpage/2025-04-11/1223058980.PDF
601098,中南传媒,中南传媒2024年年度报告,2025-04-26 00:00:00,1223317748,reports_raw/companies/601_sh_main/601098_中南传媒/2024/1223317748.pdf,https://static.cninfo.com.cn/finalpage/2025-04-26/1223317748.PDF
601100,恒立液压,江苏恒立液压股份有限公司2024年年度报告,2025-04-29 00:00:00,1223384610,reports_raw/companies/601_sh_main/601100_恒立液压/2024/1223384610.pdf,https://static.cninfo.com.cn/finalpage/2025-04-29/1223384610.PDF
601101,昊华能源,北京昊华能源股份有限公司2024年年度报告,2025-04-29 00:00:00,1223390391,reports_raw/companies/601_sh_main/601101_昊华能源/2024/1223390391.pdf,https://static.cninfo.com.cn/finalpage/2025-04-29/1223390391.PDF
601107,四川成渝,四川成渝2024年年度报告,2025-03-29 00:00:00,1222952136,reports_raw/companies/601_sh_main/601107_四川成渝/2024/1222952136.pdf,https://static.cninfo.com.cn/finalpage/2025-03-29/1222952136.PDF
601108,财通证券,2024年年度报告,2025-04-26 00:00:00,1223320210,reports_raw/companies/601_sh_main/601108_财通证券/2024/1223320210.pdf,https://static.cninfo.com.cn/finalpage/2025-04-26/1223320210.PDF
601113,华鼎股份,义乌华鼎锦纶股份有限公司2024年年度报告,2025-04-10 00:00:00,1223043641,reports_raw/companies/601_sh_main/601113_华鼎股份/2024/1223043641.pdf,https://static.cninfo.com.cn/finalpage/2025-04-10/1223043641.PDF
601117,中国化学,中国化学2024年年度报告,2025-04-30 00:00:00,1223421525,reports_raw/companies/601_sh_main/601117_中国化学/2024/1223421525.pdf,https://static.cninfo.com.cn/finalpage/2025-04-30/1223421525.PDF
601118,海南橡胶,2024年年度报告,2025-04-26 00:00:00,1223325262,reports_raw/companies/601_sh_main/601118_海南橡胶/2024/1223325262.pdf,https://static.cninfo.com.cn/finalpage/2025-04-26/1223325262.PDF
601121,宝地矿业,新疆宝地矿业股份有限公司2024年年度报告,2025-03-29 00:00:00,1222943070,reports_raw/companies/601_sh_main/601121_宝地矿业/2024/1222943070.pdf,https://static.cninfo.com.cn/finalpage/2025-03-29/1222943070.PDF
601126,四方股份,四方股份2024年年度报告,2025-03-31 00:00:00,1222962147,reports_raw/companies/601_sh_main/601126_四方股份/2024/1222962147.pdf,https://static.cninfo.com.cn/finalpage/2025-03-31/1222962147.PDF
601127,赛力斯,2024年年度报告,2025-04-01 00:00:00,1222976168,reports_raw/companies/601_sh_main/601127_赛力斯/2024/1222976168.pdf,https://static.cninfo.com.cn/finalpage/2025-04-01/1222976168.PDF
601128,常熟银行,江苏常熟农村商业银行股份有限公司2024年年度报告,2025-03-28 00:00:00,1222926499,reports_raw/companies/601_sh_main/601128_常熟银行/2024/1222926499.pdf,https://static.cninfo.com.cn/finalpage/2025-03-28/1222926499.PDF
601136,首创证券,2024年年度报告,2025-04-12 00:00:00,1223071824,reports_raw/companies/601_sh_main/601136_首创证券/2024/1223071824.pdf,https://static.cninfo.com.cn/finalpage/2025-04-12/1223071824.PDF
601137,博威合金,博威合金2024年年度报告,2025-04-15 00:00:00,1223092371,reports_raw/companies/601_sh_main/601137_博威合金/2024/1223092371.pdf,https://static.cninfo.com.cn/finalpage/2025-04-15/1223092371.PDF
601138,工业富联,富士康工业互联网股份有限公司2024年年度报告,2025-04-30 00:00:00,1223421561,reports_raw/companies/601_sh_main/601138_工业富联/2024/1223421561.pdf,https://static.cninfo.com.cn/finalpage/2025-04-30/1223421561.PDF
601155,新城控股,新城控股2024年年度报告（更正版）,2025-10-01 00:00:00,1224697369,reports_raw/companies/601_sh_main/601155_新城控股/2024/1224697369.pdf,https://static.cninfo.com.cn/finalpage/2025-10-01/1224697369.PDF
601156,东航物流,东航物流2024年年度报告,2025-04-17 00:00:00,1223112624,reports_raw/companies/601_sh_main/601156_东航物流/2024/1223112624.pdf,https://static.cninfo.com.cn/finalpage/2025-04-17/1223112624.PDF
601158,重庆水务,重庆水务集团股份有限公司2024年年度报告,2025-04-02 00:00:00,1222982864,reports_raw/companies/601_sh_main/601158_重庆水务/2024/1222982864.pdf,https://static.cninfo.com.cn/finalpage/2025-04-02/1222982864.PDF
601162,天风证券,天风证券股份有限公司2024年年度报告,2025-04-30 00:00:00,1223421580,reports_raw/companies/601_sh_main/601162_天风证券/2024/1223421580.pdf,https://static.cninfo.com.cn/finalpage/2025-04-30/1223421580.PDF
601166,兴业银行,兴业银行2024年年度报告,2025-03-28 00:00:00,1222927176,reports_raw/companies/601_sh_main/601166_兴业银行/2024/1222927176.pdf,https://static.cninfo.com.cn/finalpage/2025-03-28/1222927176.PDF
601168,西部矿业,西部矿业2024年年度报告,2025-04-12 00:00:00,1223071030,reports_raw/companies/601_sh_main/601168_西部矿业/2024/1223071030.pdf,https://static.cninfo.com.cn/finalpage/2025-04-12/1223071030.PDF
601169,北京银行,北京银行股份有限公司2024年年度报告,2025-04-15 00:00:00,1223096760,reports_raw/companies/601_sh_main/601169_北京银行/2024/1223096760.pdf,https://static.cninfo.com.cn/finalpage/2025-04-15/1223096760.PDF
601177,杭齿前进,2024年年度报告,2025-04-17 00:00:00,1223107747,reports_raw/companies/601_sh_main/601177_杭齿前进/2024/1223107747.pdf,https://static.cninfo.com.cn/finalpage/2025-04-17/1223107747.PDF
601179,中国西电,中国西电2024年年度报告,2025-04-15 00:00:00,1223094946,reports_raw/companies/601_sh_main/601179_中国西电/2024/1223094946.pdf,https://static.cninfo.com.cn/finalpage/2025-04-15/1223094946.PDF
601186,中国铁建,中国铁建2024年年度报告,2025-03-29 00:00:00,1222941013,reports_raw/companies/601_sh_main/601186_中国铁建/2024/1222941013.pdf,https://static.cninfo.com.cn/finalpage/2025-03-29/1222941013.PDF
601187,厦门银行,厦门银行股份有限公司2024年年度报告,2025-04-29 00:00:00,1223384645,reports_raw/companies/601_sh_main/601187_厦门银行/2024/1223384645.pdf,https://static.cninfo.com.cn/finalpage/2025-04-29/1223384645.PDF
601188,龙江交通,龙江交通2024年年度报告,2025-03-29 00:00:00,1222948281,reports_raw/companies/601_sh_main/601188_龙江交通/2024/1222948281.pdf,https://static.cninfo.com.cn/finalpage/2025-03-29/1222948281.PDF
601198,东兴证券,东兴证券股份有限公司2024年年度报告,2025-04-04 00:00:00,1223004192,reports_raw/companies/601_sh_main/601198_东兴证券/2024/1223004192.pdf,https://static.cninfo.com.cn/finalpage/2025-04-04/1223004192.PDF
601200,上海环境,上海环境集团股份有限公司2024年年度报告,2025-03-28 00:00:00,1222928775,reports_raw/companies/601_sh_main/601200_上海环境/2024/1222928775.pdf,https://static.cninfo.com.cn/finalpage/2025-03-28/1222928775.PDF
601211,国泰君安,国泰君安证券股份有限公司2024年年度报告,2025-03-29 00:00:00,1222949883,reports_raw/companies/601_sh_main/601211_国泰君安/2024/1222949883.pdf,https://static.cninfo.com.cn/finalpage/2025-03-29/1222949883.PDF
601212,白银有色,白银有色集团股份有限公司2024年年度报告,2025-04-30 00:00:00,1223421624,reports_raw/companies/601_sh_main/601212_白银有色/2024/1223421624.pdf,https://static.cninfo.com.cn/finalpage/2025-04-30/1223421624.PDF
601218,吉鑫科技,江苏吉鑫风能科技股份有限公司2024年年度报告,2025-04-18 00:00:00,1223130681,reports_raw/companies/601_sh_main/601218_吉鑫科技/2024/1223130681.pdf,https://static.cninfo.com.cn/finalpage/2025-04-18/1223130681.PDF
601222,林洋能源,江苏林洋能源股份有限公司2024年年度报告,2025-04-26 00:00:00,1223326755,reports_raw/companies/601_sh_main/601222_林洋能源/2024/1223326755.pdf,https://static.cninfo.com.cn/finalpage/2025-04-26/1223326755.PDF
601228,广州港,广州港股份有限公司2024年年度报告,2025-04-09 00:00:00,1223032003,reports_raw/companies/601_sh_main/601228_广州港/2024/1223032003.pdf,https://static.cninfo.com.cn/finalpage/2025-04-09/1223032003.PDF
601231,环旭电子,2024年年度报告（英文版）,2025-04-18 00:00:00,1223121559,reports_raw/companies/601_sh_main/601231_环旭电子/2024/1223121559.pdf,https://static.cninfo.com.cn/finalpage/2025-04-18/1223121559.PDF
601236,红塔证券,红塔证券股份有限公司2024年年度报告,2025-03-29 00:00:00,1222941042,reports_raw/companies/601_sh_main/601236_红塔证券/2024/1222941042.pdf,https://static.cninfo.com.cn/finalpage/2025-03-29/1222941042.PDF
601238,广汽集团,广汽集团2024年年度报告全文,2025-03-29 00:00:00,1222952284,reports_raw/companies/601_sh_main/601238_广汽集团/2024/1222952284.pdf,https://static.cninfo.com.cn/finalpage/2025-03-29/1222952284.PDF
601279,英利汽车,长春英利汽车工业股份有限公司2024年年度报告,2025-03-29 00:00:00,1222945681,reports_raw/companies/601_sh_main/601279_英利汽车/2024/1222945681.pdf,https://static.cninfo.com.cn/finalpage/2025-03-29/1222945681.PDF
601298,青岛港,青岛港国际股份有限公司2024年年度报告,2025-03-29 00:00:00,1222947708,reports_raw/companies/601_sh_main/601298_青岛港/2024/1222947708.pdf,https://static.cninfo.com.cn/finalpage/2025-03-29/1222947708.PDF
601311,骆驼股份,骆驼股份2024年年度报告,2025-04-19 00:00:00,1223145871,reports_raw/companies/601_sh_main/601311_骆驼股份/2024/1223145871.pdf,https://static.cninfo.com.cn/finalpage/2025-04-19/1223145871.PDF
601318,中国平安,中国平安2024年年度报告,2025-03-20 00:00:00,1222847447,reports_raw/companies/601_sh_main/601318_中国平安/2024/1222847447.pdf,https://static.cninfo.com.cn/finalpage/2025-03-20/1222847447.PDF
601319,中国人保,中国人保2024年年度报告,2025-03-28 00:00:00,1222927515,reports_raw/companies/601_sh_main/601319_中国人保/2024/1222927515.pdf,https://static.cninfo.com.cn/finalpage/2025-03-28/1222927515.PDF
601326,秦港股份,秦皇岛港股份有限公司2024年年度报告,2025-03-29 00:00:00,1222950381,reports_raw/companies/601_sh_main/601326_秦港股份/2024/1222950381.pdf,https://static.cninfo.com.cn/finalpage/2025-03-29/1222950381.PDF
601330,绿色动力,2024年年度报告,2025-03-29 00:00:00,1222945707,reports_raw/companies/601_sh_main/601330_绿色动力/2024/1222945707.pdf,https://static.cninfo.com.cn/finalpage/2025-03-29/1222945707.PDF
601333,广深铁路,广深铁路2024年年度报告,2025-03-28 00:00:00,1222924196,reports_raw/companies/601_sh_main/601333_广深铁路/2024/1222924196.pdf,https://static.cninfo.com.cn/finalpage/2025-03-28/1222924196.PDF
601336,新华保险,新华保险2024年年度报告,2025-03-28 00:00:00,1222924627,reports_raw/companies/601_sh_main/601336_新华保险/2024/1222924627.pdf,https://static.cninfo.com.cn/finalpage/2025-03-28/1222924627.PDF
601339,百隆东方,百隆东方2024年年度报告,2025-04-16 00:00:00,1223099224,reports_raw/companies/601_sh_main/601339_百隆东方/2024/1223099224.pdf,https://static.cninfo.com.cn/finalpage/2025-04-16/1223099224.PDF
601360,三六零,三六零安全科技股份有限公司2024年年度报告,2025-04-26 00:00:00,1223325025,reports_raw/companies/601_sh_main/601360_三六零/2024/1223325025.pdf,https://static.cninfo.com.cn/finalpage/2025-04-26/1223325025.PDF
601368,绿城水务,广西绿城水务股份有限公司2024年年度报告,2025-03-27 00:00:00,1222911074,reports_raw/companies/601_sh_main/601368_绿城水务/2024/1222911074.pdf,https://static.cninfo.com.cn/finalpage/2025-03-27/1222911074.PDF
601369,陕鼓动力,西安陕鼓动力股份有限公司2024年年度报告全文,2025-04-18 00:00:00,1223123581,reports_raw/companies/601_sh_main/601369_陕鼓动力/2024/1223123581.pdf,https://static.cninfo.com.cn/finalpage/2025-04-18/1223123581.PDF
601375,中原证券,中原证券股份有限公司2024年年度报告,2025-03-29 00:00:00,1222951559,reports_raw/companies/601_sh_main/601375_中原证券/2024/1222951559.pdf,https://static.cninfo.com.cn/finalpage/2025-03-29/1222951559.PDF
601388,怡球资源,怡球资源2024年年度报告,2025-04-26 00:00:00,1223318991,reports_raw/companies/601_sh_main/601388_怡球资源/2024/1223318991.pdf,https://static.cninfo.com.cn/finalpage/2025-04-26/1223318991.PDF
601390,中国中铁,中国中铁2024年年度报告,2025-03-29 00:00:00,1222946654,reports_raw/companies/601_sh_main/601390_中国中铁/2024/1222946654.pdf,https://static.cninfo.com.cn/finalpage/2025-03-29/1222946654.PDF
601456,国联民生,国联民生证券股份有限公司2024年年度报告,2025-03-27 00:00:00,1222912089,reports_raw/companies/601_sh_main/601456_国联民生/2024/1222912089.pdf,https://static.cninfo.com.cn/finalpage/2025-03-27/1222912089.PDF
601500,通用股份,江苏通用科技股份有限公司2024年年度报告,2025-04-30 00:00:00,1223415504,reports_raw/companies/601_sh_main/601500_通用股份/2024/1223415504.pdf,https://static.cninfo.com.cn/finalpage/2025-04-30/1223415504.PDF
601518,吉林高速,吉林高速公路股份有限公司2024年年度报告,2025-04-11 00:00:00,1223057366,reports_raw/companies/601_sh_main/601518_吉林高速/2024/1223057366.pdf,https://static.cninfo.com.cn/finalpage/2025-04-11/1223057366.PDF
601519,大智慧,2024年年度报告,2025-04-12 00:00:00,1223069690,reports_raw/companies/601_sh_main/601519_大智慧/2024/1223069690.pdf,https://static.cninfo.com.cn/finalpage/2025-04-12/1223069690.PDF
601528,瑞丰银行,浙江绍兴瑞丰农村商业银行股份有限公司2024年年度报告,2025-03-28 00:00:00,1222926532,reports_raw/companies/601_sh_main/601528_瑞丰银行/2024/1222926532.pdf,https://static.cninfo.com.cn/finalpage/2025-03-28/1222926532.PDF
601579,会稽山,会稽山绍兴酒股份有限公司2024年年度报告,2025-04-02 00:00:00,1222984012,reports_raw/companies/601_sh_main/601579_会稽山/2024/1222984012.pdf,https://static.cninfo.com.cn/finalpage/2025-04-02/1222984012.PDF
601598,中国外运,2024年年度报告,2025-03-26 00:00:00,1222895896,reports_raw/companies/601_sh_main/601598_中国外运/2024/1222895896.pdf,https://static.cninfo.com.cn/finalpage/2025-03-26/1222895896.PDF
601599,浙文影业,2024年年度报告,2025-04-12 00:00:00,1223070412,reports_raw/companies/601_sh_main/601599_浙文影业/2024/1223070412.pdf,https://static.cninfo.com.cn/finalpage/2025-04-12/1223070412.PDF
601600,中国铝业,中国铝业2024年年度报告全文,2025-03-27 00:00:00,1222910000,reports_raw/companies/601_sh_main/601600_中国铝业/2024/1222910000.pdf,https://static.cninfo.com.cn/finalpage/2025-03-27/1222910000.PDF
601601,中国太保,中国太保2024年年度报告,2025-03-27 00:00:00,1222910802,reports_raw/companies/601_sh_main/601601_中国太保/2024/1222910802.pdf,https://static.cninfo.com.cn/finalpage/2025-03-27/1222910802.PDF
601608,中信重工,中信重工2024年年度报告,2025-03-15 00:00:00,1222807429,reports_raw/companies/601_sh_main/601608_中信重工/2024/1222807429.pdf,https://static.cninfo.com.cn/finalpage/2025-03-15/1222807429.PDF
601609,金田股份,金田股份2024年年度报告,2025-04-15 00:00:00,1223092595,reports_raw/companies/601_sh_main/601609_金田股份/2024/1223092595.pdf,https://static.cninfo.com.cn/finalpage/2025-04-15/1223092595.PDF
601611,中国核建,中国核建2024年年度报告,2025-04-30 00:00:00,1223426571,reports_raw/companies/601_sh_main/601611_中国核建/2024/1223426571.pdf,https://static.cninfo.com.cn/finalpage/2025-04-30/1223426571.PDF
601615,明阳智能,明阳智慧能源集团股份公司2024年年度报告,2025-04-26 00:00:00,1223322777,reports_raw/companies/601_sh_main/601615_明阳智能/2024/1223322777.pdf,https://static.cninfo.com.cn/finalpage/2025-04-26/1223322777.PDF
601616,广电电气,上海广电电气（集团）股份有限公司2024年年度报告,2025-03-27 00:00:00,1222909188,reports_raw/companies/601_sh_main/601616_广电电气/2024/1222909188.pdf,https://static.cninfo.com.cn/finalpage/2025-03-27/1222909188.PDF
601618,中国中冶,中国中冶2024年年度报告,2025-03-29 00:00:00,1222951596,reports_raw/companies/601_sh_main/601618_中国中冶/2024/1222951596.pdf,https://static.cninfo.com.cn/finalpage/2025-03-29/1222951596.PDF
601619,嘉泽新能,嘉泽新能源股份有限公司2024年年度报告,2025-03-26 00:00:00,1222896498,reports_raw/companies/601_sh_main/601619_嘉泽新能/2024/1222896498.pdf,https://static.cninfo.com.cn/finalpage/2025-03-26/1222896498.PDF
601628,中国人寿,中国人寿2024年年度报告,2025-03-27 00:00:00,1222910598,reports_raw/companies/601_sh_main/601628_中国人寿/2024/1222910598.pdf,https://static.cninfo.com.cn/finalpage/2025-03-27/1222910598.PDF
601633,长城汽车,长城汽车股份有限公司2024年年度报告,2025-03-29 00:00:00,1222951898,reports_raw/companies/601_sh_main/601633_长城汽车/2024/1222951898.pdf,https://static.cninfo.com.cn/finalpage/2025-03-29/1222951898.PDF
601658,邮储银行,中国邮政储蓄银行股份有限公司2024年年度报告,2025-03-28 00:00:00,1222927886,reports_raw/companies/601_sh_main/601658_邮储银行/2024/1222927886.pdf,https://static.cninfo.com.cn/finalpage/2025-03-28/1222927886.PDF
601666,平煤股份,平煤股份2024年年度报告,2025-03-21 00:00:00,1222858540,reports_raw/companies/601_sh_main/601666_平煤股份/2024/1222858540.pdf,https://static.cninfo.com.cn/finalpage/2025-03-21/1222858540.PDF
601668,中国建筑,中国建筑股份有限公司2024年年度报告,2025-04-16 00:00:00,1223102350,reports_raw/companies/601_sh_main/601668_中国建筑/2024/1223102350.pdf,https://static.cninfo.com.cn/finalpage/2025-04-16/1223102350.PDF
601669,中国电建,中国电力建设股份有限公司2024年年度报告,2025-04-28 00:00:00,1223346745,reports_raw/companies/601_sh_main/601669_中国电建/2024/1223346745.pdf,https://static.cninfo.com.cn/finalpage/2025-04-28/1223346745.PDF
601678,滨化股份,滨化股份2024年年度报告,2025-04-30 00:00:00,1223409460,reports_raw/companies/601_sh_main/601678_滨化股份/2024/1223409460.pdf,https://static.cninfo.com.cn/finalpage/2025-04-30/1223409460.PDF
601688,华泰证券,华泰证券股份有限公司2024年年度报告,2025-03-29 00:00:00,1222949445,reports_raw/companies/601_sh_main/601688_华泰证券/2024/1222949445.pdf,https://static.cninfo.com.cn/finalpage/2025-03-29/1222949445.PDF
601696,中银证券,2024年年度报告,2025-04-30 00:00:00,1223421823,reports_raw/companies/601_sh_main/601696_中银证券/2024/1223421823.pdf,https://static.cninfo.com.cn/finalpage/2025-04-30/1223421823.PDF
601698,中国卫通,中国卫通2024年年度报告,2025-04-02 00:00:00,1222982245,reports_raw/companies/601_sh_main/601698_中国卫通/2024/1222982245.pdf,https://static.cninfo.com.cn/finalpage/2025-04-02/1222982245.PDF
601699,潞安环能,潞安环能2024年年度报告,2025-04-29 00:00:00,1223390418,reports_raw/companies/601_sh_main/601699_潞安环能/2024/1223390418.pdf,https://static.cninfo.com.cn/finalpage/2025-04-29/1223390418.PDF
601702,华峰铝业,上海华峰铝业股份有限公司2024年年度报告,2025-04-19 00:00:00,1223150491,reports_raw/companies/601_sh_main/601702_华峰铝业/2024/1223150491.pdf,https://static.cninfo.com.cn/finalpage/2025-04-19/1223150491.PDF
601717,郑煤机,郑州煤矿机械集团股份有限公司2024年年度报告,2025-03-29 00:00:00,1222950393,reports_raw/companies/601_sh_main/601717_郑煤机/2024/1222950393.pdf,https://static.cninfo.com.cn/finalpage/2025-03-29/1222950393.PDF
601718,际华集团,际华集团2024年年度报告,2025-04-28 00:00:00,1223346796,reports_raw/companies/601_sh_main/601718_际华集团/2024/1223346796.pdf,https://static.cninfo.com.cn/finalpage/2025-04-28/1223346796.PDF
601727,上海电气,上海电气2024年年度报告,2025-03-29 00:00:00,1222949461,reports_raw/companies/601_sh_main/601727_上海电气/2024/1222949461.pdf,https://static.cninfo.com.cn/finalpage/2025-03-29/1222949461.PDF
601728,中国电信,中国电信股份有限公司2024年年度报告,2025-03-26 00:00:00,1222894586,reports_raw/companies/601_sh_main/601728_中国电信/2024/1222894586.pdf,https://static.cninfo.com.cn/finalpage/2025-03-26/1222894586.PDF
601766,中国中车,中国中车2024年年度报告,2025-03-29 00:00:00,1222949477,reports_raw/companies/601_sh_main/601766_中国中车/2024/1222949477.pdf,https://static.cninfo.com.cn/finalpage/2025-03-29/1222949477.PDF
601777,千里科技,重庆千里科技股份有限公司2024年年度报告,2025-04-19 00:00:00,1223151127,reports_raw/companies/601_sh_main/601777_千里科技/2024/1223151127.pdf,https://static.cninfo.com.cn/finalpage/2025-04-19/1223151127.PDF
601778,晶科科技,2024年年度报告,2025-04-18 00:00:00,1223129896,reports_raw/companies/601_sh_main/601778_晶科科技/2024/1223129896.pdf,https://static.cninfo.com.cn/finalpage/2025-04-18/1223129896.PDF
601788,光大证券,光大证券股份有限公司2024年年度报告,2025-03-28 00:00:00,1222930041,reports_raw/companies/601_sh_main/601788_光大证券/2024/1222930041.pdf,https://static.cninfo.com.cn/finalpage/2025-03-28/1222930041.PDF
601798,蓝科高新,甘肃蓝科石化高新装备股份有限公司2024年年度报告,2025-04-19 00:00:00,1223155627,reports_raw/companies/601_sh_main/601798_蓝科高新/2024/1223155627.pdf,https://static.cninfo.com.cn/finalpage/2025-04-19/1223155627.PDF
601799,星宇股份,星宇股份2024年年度报告全文,2025-03-20 00:00:00,1222846861,reports_raw/companies/601_sh_main/601799_星宇股份/2024/1222846861.pdf,https://static.cninfo.com.cn/finalpage/2025-03-20/1222846861.PDF
601800,中国交建,中国交建2024年年度报告,2025-03-28 00:00:00,1223403703,reports_raw/companies/601_sh_main/601800_中国交建/2024/1223403703.pdf,https://static.cninfo.com.cn/finalpage/2025-03-28/1223403703.pdf
601801,皖新传媒,皖新传媒2024年年度报告,2025-04-12 00:00:00,1223072661,reports_raw/companies/601_sh_main/601801_皖新传媒/2024/1223072661.pdf,https://static.cninfo.com.cn/finalpage/2025-04-12/1223072661.PDF
601808,中海油服,中海油服2024年年度报告,2025-03-26 00:00:00,1222896234,reports_raw/companies/601_sh_main/601808_中海油服/2024/1222896234.pdf,https://static.cninfo.com.cn/finalpage/2025-03-26/1222896234.PDF
601811,新华文轩,新华文轩2024年年度报告,2025-03-28 00:00:00,1222933654,reports_raw/companies/601_sh_main/601811_新华文轩/2024/1222933654.pdf,https://static.cninfo.com.cn/finalpage/2025-03-28/1222933654.pdf
601816,京沪高铁,京沪高速铁路股份有限公司2024年年度报告,2025-04-30 00:00:00,1223415927,reports_raw/companies/601_sh_main/601816_京沪高铁/2024/1223415927.pdf,https://static.cninfo.com.cn/finalpage/2025-04-30/1223415927.PDF
601818,光大银行,中国光大银行股份有限公司2024年年度报告,2025-03-29 00:00:00,1222947763,reports_raw/companies/601_sh_main/601818_光大银行/2024/1222947763.pdf,https://static.cninfo.com.cn/finalpage/2025-03-29/1222947763.PDF
601827,三峰环境,2024年年度报告,2025-03-29 00:00:00,1222948927,reports_raw/companies/601_sh_main/601827_三峰环境/2024/1222948927.pdf,https://static.cninfo.com.cn/finalpage/2025-03-29/1222948927.PDF
601828,美凯龙,2024年年度报告,2025-03-28 00:00:00,1222927561,reports_raw/companies/601_sh_main/601828_美凯龙/2024/1222927561.pdf,https://static.cninfo.com.cn/finalpage/2025-03-28/1222927561.PDF
601838,成都银行,成都银行股份有限公司2024年年度报告,2025-04-29 00:00:00,1223384734,reports_raw/companies/601_sh_main/601838_成都银行/2024/1223384734.pdf,https://static.cninfo.com.cn/finalpage/2025-04-29/1223384734.PDF
601858,中国科传,中国科技出版传媒股份有限公司2024年年度报告,2025-04-29 00:00:00,1223384815,reports_raw/companies/601_sh_main/601858_中国科传/2024/1223384815.pdf,https://static.cninfo.com.cn/finalpage/2025-04-29/1223384815.PDF
601865,福莱特,福莱特玻璃集团股份有限公司2024年年度报告,2025-03-28 00:00:00,1222924227,reports_raw/companies/601_sh_main/601865_福莱特/2024/1222924227.pdf,https://static.cninfo.com.cn/finalpage/2025-03-28/1222924227.PDF
601866,中远海发,中远海发2024年年度报告,2025-03-29 00:00:00,1222948308,reports_raw/companies/601_sh_main/601866_中远海发/2024/1222948308.pdf,https://static.cninfo.com.cn/finalpage/2025-03-29/1222948308.PDF
601868,中国能建,中国能源建设股份有限公司2024年年度报告,2025-03-29 00:00:00,1222951618,reports_raw/companies/601_sh_main/601868_中国能建/2024/1222951618.pdf,https://static.cninfo.com.cn/finalpage/2025-03-29/1222951618.PDF
601869,长飞光纤,长飞光纤光缆股份有限公司2024年年度报告,2025-03-29 00:00:00,1222951657,reports_raw/companies/601_sh_main/601869_长飞光纤/2024/1222951657.pdf,https://static.cninfo.com.cn/finalpage/2025-03-29/1222951657.PDF
601872,招商轮船,招商轮船2024年年度报告,2025-03-28 00:00:00,1222929334,reports_raw/companies/601_sh_main/601872_招商轮船/2024/1222929334.pdf,https://static.cninfo.com.cn/finalpage/2025-03-28/1222929334.PDF
601877,正泰电器,正泰电器2024年年度报告,2025-04-30 00:00:00,1223409484,reports_raw/companies/601_sh_main/601877_正泰电器/2024/1223409484.pdf,https://static.cninfo.com.cn/finalpage/2025-04-30/1223409484.PDF
601878,浙商证券,浙商证券股份有限公司2024年年度报告,2025-04-11 00:00:00,1223057398,reports_raw/companies/601_sh_main/601878_浙商证券/2024/1223057398.pdf,https://static.cninfo.com.cn/finalpage/2025-04-11/1223057398.PDF
601880,辽港股份,辽宁港口股份有限公司2024年年度报告全文,2025-03-28 00:00:00,1222925850,reports_raw/companies/601_sh_main/601880_辽港股份/2024/1222925850.pdf,https://static.cninfo.com.cn/finalpage/2025-03-28/1222925850.PDF
601882,海天精工,宁波海天精工股份有限公司2024年年度报告,2025-03-25 00:00:00,1222881136,reports_raw/companies/601_sh_main/601882_海天精工/2024/1222881136.pdf,https://static.cninfo.com.cn/finalpage/2025-03-25/1222881136.PDF
601886,江河集团,江河集团2024年年度报告全文,2025-03-20 00:00:00,1222844929,reports_raw/companies/601_sh_main/601886_江河集团/2024/1222844929.pdf,https://static.cninfo.com.cn/finalpage/2025-03-20/1222844929.PDF
601888,中国中免,中国旅游集团中免股份有限公司2024年年度报告,2025-03-29 00:00:00,1222944381,reports_raw/companies/601_sh_main/601888_中国中免/2024/1222944381.pdf,https://static.cninfo.com.cn/finalpage/2025-03-29/1222944381.PDF
601890,亚星锚链,亚星锚链2024年年度报告,2025-04-29 00:00:00,1223375897,reports_raw/companies/601_sh_main/601890_亚星锚链/2024/1223375897.pdf,https://static.cninfo.com.cn/finalpage/2025-04-29/1223375897.PDF
601898,中煤能源,中国中煤能源股份有限公司2024年年度报告,2025-03-22 00:00:00,1222868868,reports_raw/companies/601_sh_main/601898_中煤能源/2024/1222868868.pdf,https://static.cninfo.com.cn/finalpage/2025-03-22/1222868868.PDF
601900,南方传媒,南方传媒2024年年度报告,2025-04-26 00:00:00,1223328820,reports_raw/companies/601_sh_main/601900_南方传媒/2024/1223328820.pdf,https://static.cninfo.com.cn/finalpage/2025-04-26/1223328820.PDF
601901,方正证券,2024年年度报告,2025-03-29 00:00:00,1222947770,reports_raw/companies/601_sh_main/601901_方正证券/2024/1222947770.pdf,https://static.cninfo.com.cn/finalpage/2025-03-29/1222947770.PDF
601908,京运通,2024年年度报告,2025-04-29 00:00:00,1223384853,reports_raw/companies/601_sh_main/601908_京运通/2024/1223384853.pdf,https://static.cninfo.com.cn/finalpage/2025-04-29/1223384853.PDF
601918,新集能源,新集能源2024年年度报告全文,2025-03-22 00:00:00,1222866043,reports_raw/companies/601_sh_main/601918_新集能源/2024/1222866043.pdf,https://static.cninfo.com.cn/finalpage/2025-03-22/1222866043.PDF
601919,中远海控,中远海控2024年年度报告,2025-03-22 00:00:00,1222870528,reports_raw/companies/601_sh_main/601919_中远海控/2024/1222870528.pdf,https://static.cninfo.com.cn/finalpage/2025-03-22/1222870528.PDF
601929,吉视传媒,吉视传媒股份有限公司2024年年度报告,2025-03-15 00:00:00,1222807817,reports_raw/companies/601_sh_main/601929_吉视传媒/2024/1222807817.pdf,https://static.cninfo.com.cn/finalpage/2025-03-15/1222807817.PDF
601933,永辉超市,永辉超市股份有限公司2024年年度报告,2025-04-26 00:00:00,1223319424,reports_raw/companies/601_sh_main/601933_永辉超市/2024/1223319424.pdf,https://static.cninfo.com.cn/finalpage/2025-04-26/1223319424.PDF
601939,建设银行,建设银行2024年年度报告,2025-03-29 00:00:00,1222940501,reports_raw/companies/601_sh_main/601939_建设银行/2024/1222940501.pdf,https://static.cninfo.com.cn/finalpage/2025-03-29/1222940501.PDF
601949,中国出版,中国出版传媒股份有限公司2024年年度报告,2025-04-26 00:00:00,1223327597,reports_raw/companies/601_sh_main/601949_中国出版/2024/1223327597.pdf,https://static.cninfo.com.cn/finalpage/2025-04-26/1223327597.PDF
601956,东贝集团,湖北东贝机电集团股份有限公司2024年年度报告,2025-04-11 00:00:00,1223055397,reports_raw/companies/601_sh_main/601956_东贝集团/2024/1223055397.pdf,https://static.cninfo.com.cn/finalpage/2025-04-11/1223055397.PDF
601958,金钼股份,金钼股份2024年年度报告,2025-04-03 00:00:00,1222992853,reports_raw/companies/601_sh_main/601958_金钼股份/2024/1222992853.pdf,https://static.cninfo.com.cn/finalpage/2025-04-03/1222992853.PDF
601969,海南矿业,海南矿业股份有限公司2024年年度报告,2025-03-26 00:00:00,1222896344,reports_raw/companies/601_sh_main/601969_海南矿业/2024/1222896344.pdf,https://static.cninfo.com.cn/finalpage/2025-03-26/1222896344.PDF
601975,招商南油,招商局南京油运股份有限公司2024年年度报告,2025-03-25 00:00:00,1222880917,reports_raw/companies/601_sh_main/601975_招商南油/2024/1222880917.pdf,https://static.cninfo.com.cn/finalpage/2025-03-25/1222880917.PDF
601985,中国核电,中国核能电力股份有限公司2024年年度报告,2025-04-29 00:00:00,1223364592,reports_raw/companies/601_sh_main/601985_中国核电/2024/1223364592.pdf,https://static.cninfo.com.cn/finalpage/2025-04-29/1223364592.PDF
601988,中国银行,H股公告-2024年年度报告,2025-03-27 00:00:00,1222911381,reports_raw/companies/601_sh_main/601988_中国银行/2024/1222911381.pdf,https://static.cninfo.com.cn/finalpage/2025-03-27/1222911381.PDF
601989,中国重工,中国重工2024年年度报告,2025-04-30 00:00:00,1223421937,reports_raw/companies/601_sh_main/601989_中国重工/2024/1223421937.pdf,https://static.cninfo.com.cn/finalpage/2025-04-30/1223421937.PDF
601990,南京证券,南京证券股份有限公司2024年年度报告,2025-03-22 00:00:00,1222866049,reports_raw/companies/601_sh_main/601990_南京证券/2024/1222866049.pdf,https://static.cninfo.com.cn/finalpage/2025-03-22/1222866049.PDF
601991,大唐发电,大唐发电2024年年度报告（修订版）,2025-07-19 00:00:00,1224216219,reports_raw/companies/601_sh_main/601991_大唐发电/2024/1224216219.pdf,https://static.cninfo.com.cn/finalpage/2025-07-19/1224216219.PDF
601992,金隅集团,北京金隅集团股份有限公司2024年年度报告（更正版）,2025-04-12 00:00:00,1223071054,reports_raw/companies/601_sh_main/601992_金隅集团/2024/1223071054.pdf,https://static.cninfo.com.cn/finalpage/2025-04-12/1223071054.PDF
601995,中金公司,中金公司2024年年度报告,2025-03-29 00:00:00,1222948339,reports_raw/companies/601_sh_main/601995_中金公司/2024/1222948339.pdf,https://static.cninfo.com.cn/finalpage/2025-03-29/1222948339.PDF
601996,丰林集团,广西丰林木业集团股份有限公司2024年年度报告,2025-04-12 00:00:00,1223073258,reports_raw/companies/601_sh_main/601996_丰林集团/2024/1223073258.pdf,https://static.cninfo.com.cn/finalpage/2025-04-12/1223073258.PDF
601997,贵阳银行,贵阳银行股份有限公司2024年年度报告,2025-04-29 00:00:00,1223385076,reports_raw/companies/601_sh_main/601997_贵阳银行/2024/1223385076.pdf,https://static.cninfo.com.cn/finalpage/2025-04-29/1223385076.PDF
601998,中信银行,中信银行股份有限公司2024年年度报告,2025-03-27 00:00:00,1222911392,reports_raw/companies/601_sh_main/601998_中信银行/2024/1222911392.pdf,https://static.cninfo.com.cn/finalpage/2025-03-27/1222911392.PDF
601999,出版传媒,出版传媒2024年年度报告,2025-04-10 00:00:00,1223046815,reports_raw/companies/601_sh_main/601999_出版传媒/2024/1223046815.pdf,https://static.cninfo.com.cn/finalpage/2025-04-10/1223046815.PDF
603001,奥康国际,2024年年度报告,2025-04-16 00:00:00,1223101202,reports_raw/companies/603_sh_main/603001_奥康国际/2024/1223101202.pdf,https://static.cninfo.com.cn/finalpage/2025-04-16/1223101202.PDF
603003,*ST龙宇,上海龙宇数据股份有限公司2024年年度报告,2025-04-30 00:00:00,1223426590,reports_raw/companies/603_sh_main/603003_ST龙宇/2024/1223426590.pdf,https://static.cninfo.com.cn/finalpage/2025-04-30/1223426590.PDF
603004,鼎龙科技,2024年年度报告,2025-04-29 00:00:00,1223375988,reports_raw/companies/603_sh_main/603004_鼎龙科技/2024/1223375988.pdf,https://static.cninfo.com.cn/finalpage/2025-04-29/1223375988.PDF
603005,晶方科技,晶方科技2024年年度报告,2025-04-19 00:00:00,1223157814,reports_raw/companies/603_sh_main/603005_晶方科技/2024/1223157814.pdf,https://static.cninfo.com.cn/finalpage/2025-04-19/1223157814.PDF
603007,ST花王,2024年年度报告,2025-04-30 00:00:00,1223426622,reports_raw/companies/603_sh_main/603007_ST花王/2024/1223426622.pdf,https://static.cninfo.com.cn/finalpage/2025-04-30/1223426622.PDF
603009,北特科技,北特科技2024年年度报告,2025-02-28 00:00:00,1222661481,reports_raw/companies/603_sh_main/603009_北特科技/2024/1222661481.pdf,https://static.cninfo.com.cn/finalpage/2025-02-28/1222661481.PDF
603010,万盛股份,浙江万盛股份有限公司2024年年度报告,2025-03-25 00:00:00,1222880125,reports_raw/companies/603_sh_main/603010_万盛股份/2024/1222880125.pdf,https://static.cninfo.com.cn/finalpage/2025-03-25/1222880125.PDF
603011,合锻智能,合肥合锻智能制造股份有限公司2024年年度报告,2025-04-29 00:00:00,1223364660,reports_raw/companies/603_sh_main/603011_合锻智能/2024/1223364660.pdf,https://static.cninfo.com.cn/finalpage/2025-04-29/1223364660.PDF
603013,亚普股份,亚普汽车部件股份有限公司2024年年度报告,2025-04-04 00:00:00,1223003826,reports_raw/companies/603_sh_main/603013_亚普股份/2024/1223003826.pdf,https://static.cninfo.com.cn/finalpage/2025-04-04/1223003826.PDF
603019,中科曙光,中科曙光2024年年度报告,2025-03-05 00:00:00,1222707755,reports_raw/companies/603_sh_main/603019_中科曙光/2024/1222707755.pdf,https://static.cninfo.com.cn/finalpage/2025-03-05/1222707755.PDF
603023,*ST威帝,哈尔滨威帝电子股份有限公司2024年年度报告,2025-04-29 00:00:00,1223390460,reports_raw/companies/603_sh_main/603023_ST威帝/2024/1223390460.pdf,https://static.cninfo.com.cn/finalpage/2025-04-29/1223390460.PDF
603025,大豪科技,北京大豪科技股份有限公司2024年年度报告,2025-03-21 00:00:00,1222857260,reports_raw/companies/603_sh_main/603025_大豪科技/2024/1222857260.pdf,https://static.cninfo.com.cn/finalpage/2025-03-21/1222857260.PDF
603026,石大胜华,石大胜华2024年年度报告,2025-04-11 00:00:00,1223058924,reports_raw/companies/603_sh_main/603026_石大胜华/2024/1223058924.pdf,https://static.cninfo.com.cn/finalpage/2025-04-11/1223058924.PDF
603027,千禾味业,千禾味业2024年年度报告全文,2025-04-16 00:00:00,1223103749,reports_raw/companies/603_sh_main/603027_千禾味业/2024/1223103749.pdf,https://static.cninfo.com.cn/finalpage/2025-04-16/1223103749.PDF
603029,天鹅股份,山东天鹅棉业机械股份有限公司2024年年度报告,2025-04-10 00:00:00,1223043328,reports_raw/companies/603_sh_main/603029_天鹅股份/2024/1223043328.pdf,https://static.cninfo.com.cn/finalpage/2025-04-10/1223043328.PDF
603030,全筑股份,全筑股份2024年年度报告,2025-04-26 00:00:00,1223356214,reports_raw/companies/603_sh_main/603030_全筑股份/2024/1223356214.pdf,https://static.cninfo.com.cn/finalpage/2025-04-26/1223356214.pdf
603031,安孚科技,安徽安孚电池科技股份有限公司2024年年度报告,2025-03-22 00:00:00,1222870114,reports_raw/companies/603_sh_main/603031_安孚科技/2024/1222870114.pdf,https://static.cninfo.com.cn/finalpage/2025-03-22/1222870114.PDF
603032,德新科技,德力西新能源科技股份有限公司2024年年度报告,2025-04-29 00:00:00,1223390567,reports_raw/companies/603_sh_main/603032_德新科技/2024/1223390567.pdf,https://static.cninfo.com.cn/finalpage/2025-04-29/1223390567.PDF
603033,三维股份,三维控股集团股份有限公司2024年年度报告,2025-04-29 00:00:00,1223364721,reports_raw/companies/603_sh_main/603033_三维股份/2024/1223364721.pdf,https://static.cninfo.com.cn/finalpage/2025-04-29/1223364721.PDF
603035,常熟汽饰,江苏常熟汽饰集团股份有限公司2024年年度报告（全文）,2025-04-19 00:00:00,1223143655,reports_raw/companies/603_sh_main/603035_常熟汽饰/2024/1223143655.pdf,https://static.cninfo.com.cn/finalpage/2025-04-19/1223143655.PDF
603036,如通股份,如通股份2024年年度报告,2025-04-15 00:00:00,1223091610,reports_raw/companies/603_sh_main/603036_如通股份/2024/1223091610.pdf,https://static.cninfo.com.cn/finalpage/2025-04-15/1223091610.PDF
603037,凯众股份,2024年年度报告,2025-04-29 00:00:00,1223385106,reports_raw/companies/603_sh_main/603037_凯众股份/2024/1223385106.pdf,https://static.cninfo.com.cn/finalpage/2025-04-29/1223385106.PDF
603039,泛微网络,泛微网络2024年年度报告,2025-03-28 00:00:00,1222929358,reports_raw/companies/603_sh_main/603039_泛微网络/2024/1222929358.pdf,https://static.cninfo.com.cn/finalpage/2025-03-28/1222929358.PDF
603040,新坐标,新坐标2024年年度报告,2025-04-29 00:00:00,1223364816,reports_raw/companies/603_sh_main/603040_新坐标/2024/1223364816.pdf,https://static.cninfo.com.cn/finalpage/2025-04-29/1223364816.PDF
603041,美思德,2024年年度报告,2025-04-26 00:00:00,1223318216,reports_raw/companies/603_sh_main/603041_美思德/2024/1223318216.pdf,https://static.cninfo.com.cn/finalpage/2025-04-26/1223318216.PDF
603042,华脉科技,2024年年度报告,2025-04-19 00:00:00,1223149823,reports_raw/companies/603_sh_main/603042_华脉科技/2024/1223149823.pdf,https://static.cninfo.com.cn/finalpage/2025-04-19/1223149823.PDF
603043,广州酒家,广州酒家：2024年年度报告,2025-03-28 00:00:00,1222925572,reports_raw/companies/603_sh_main/603043_广州酒家/2024/1222925572.pdf,https://static.cninfo.com.cn/finalpage/2025-03-28/1222925572.PDF
603048,浙江黎明,2024年年度报告,2025-04-26 00:00:00,1223325149,reports_raw/companies/603_sh_main/603048_浙江黎明/2024/1223325149.pdf,https://static.cninfo.com.cn/finalpage/2025-04-26/1223325149.PDF
603051,鹿山新材,广州鹿山新材料股份有限公司2024年年度报告,2025-04-28 00:00:00,1223346811,reports_raw/companies/603_sh_main/603051_鹿山新材/2024/1223346811.pdf,https://static.cninfo.com.cn/finalpage/2025-04-28/1223346811.PDF
603052,可川科技,2024年年度报告,2025-04-30 00:00:00,1223421978,reports_raw/companies/603_sh_main/603052_可川科技/2024/1223421978.pdf,https://static.cninfo.com.cn/finalpage/2025-04-30/1223421978.PDF
603053,成都燃气,成都燃气2024年年度报告,2025-04-19 00:00:00,1223143692,reports_raw/companies/603_sh_main/603053_成都燃气/2024/1223143692.pdf,https://static.cninfo.com.cn/finalpage/2025-04-19/1223143692.PDF
603055,台华新材,浙江台华新材料集团股份有限公司2024年年度报告,2025-04-11 00:00:00,1223057859,reports_raw/companies/603_sh_main/603055_台华新材/2024/1223057859.pdf,https://static.cninfo.com.cn/finalpage/2025-04-11/1223057859.PDF
603057,紫燕食品,紫燕食品2024年年度报告,2025-04-18 00:00:00,1223130733,reports_raw/companies/603_sh_main/603057_紫燕食品/2024/1223130733.pdf,https://static.cninfo.com.cn/finalpage/2025-04-18/1223130733.PDF
603058,永吉股份,贵州永吉印务股份有限公司2024年年度报告,2025-03-28 00:00:00,1222927936,reports_raw/companies/603_sh_main/603058_永吉股份/2024/1222927936.pdf,https://static.cninfo.com.cn/finalpage/2025-03-28/1222927936.PDF
603059,倍加洁,倍加洁集团股份有限公司2024年年度报告,2025-04-30 00:00:00,1223416041,reports_raw/companies/603_sh_main/603059_倍加洁/2024/1223416041.pdf,https://static.cninfo.com.cn/finalpage/2025-04-30/1223416041.PDF
603061,金海通,2024年年度报告,2025-03-19 00:00:00,1222835057,reports_raw/companies/603_sh_main/603061_金海通/2024/1222835057.pdf,https://static.cninfo.com.cn/finalpage/2025-03-19/1222835057.PDF
603062,麦加芯彩,2024年年度报告,2025-03-25 00:00:00,1222882239,reports_raw/companies/603_sh_main/603062_麦加芯彩/2024/1222882239.pdf,https://static.cninfo.com.cn/finalpage/2025-03-25/1222882239.PDF
603063,禾望电气,深圳市禾望电气股份有限公司2024年年度报告,2025-03-14 00:00:00,1222790054,reports_raw/companies/603_sh_main/603063_禾望电气/2024/1222790054.pdf,https://static.cninfo.com.cn/finalpage/2025-03-14/1222790054.PDF
603065,宿迁联盛,宿迁联盛2024年年度报告,2025-04-29 00:00:00,1223365185,reports_raw/companies/603_sh_main/603065_宿迁联盛/2024/1223365185.pdf,https://static.cninfo.com.cn/finalpage/2025-04-29/1223365185.PDF
603067,振华股份,振华股份2024年年度报告,2025-04-28 00:00:00,1223346842,reports_raw/companies/603_sh_main/603067_振华股份/2024/1223346842.pdf,https://static.cninfo.com.cn/finalpage/2025-04-28/1223346842.PDF
603068,博通集成,博通集成2024年年度报告,2025-04-29 00:00:00,1223390602,reports_raw/companies/603_sh_main/603068_博通集成/2024/1223390602.pdf,https://static.cninfo.com.cn/finalpage/2025-04-29/1223390602.PDF
603069,海汽集团,海汽集团2024年年度报告,2025-04-29 00:00:00,1223390639,reports_raw/companies/603_sh_main/603069_海汽集团/2024/1223390639.pdf,https://static.cninfo.com.cn/finalpage/2025-04-29/1223390639.PDF
603072,天和磁材,2024年年度报告,2025-04-26 00:00:00,1223324264,reports_raw/companies/603_sh_main/603072_天和磁材/2024/1223324264.pdf,https://static.cninfo.com.cn/finalpage/2025-04-26/1223324264.PDF
603073,彩蝶实业,浙江彩蝶实业股份有限公司2024年年度报告,2025-04-29 00:00:00,1223368630,reports_raw/companies/603_sh_main/603073_彩蝶实业/2024/1223368630.pdf,https://static.cninfo.com.cn/finalpage/2025-04-29/1223368630.PDF
603075,热威股份,2024年年度报告,2025-04-09 00:00:00,1223032392,reports_raw/companies/603_sh_main/603075_热威股份/2024/1223032392.pdf,https://static.cninfo.com.cn/finalpage/2025-04-09/1223032392.PDF
603077,和邦生物,和邦生物2024年年度报告,2025-04-29 00:00:00,1223365226,reports_raw/companies/603_sh_main/603077_和邦生物/2024/1223365226.pdf,https://static.cninfo.com.cn/finalpage/2025-04-29/1223365226.PDF
603078,江化微,江阴江化微电子材料股份有限公司2024年年度报告,2025-03-22 00:00:00,1222869366,reports_raw/companies/603_sh_main/603078_江化微/2024/1222869366.pdf,https://static.cninfo.com.cn/finalpage/2025-03-22/1222869366.PDF
603079,圣达生物,浙江圣达生物药业股份有限公司2024年年度报告,2025-04-28 00:00:00,1223346876,reports_raw/companies/603_sh_main/603079_圣达生物/2024/1223346876.pdf,https://static.cninfo.com.cn/finalpage/2025-04-28/1223346876.PDF
603081,大丰实业,浙江大丰实业股份有限公司2024年年度报告,2025-04-29 00:00:00,1223385152,reports_raw/companies/603_sh_main/603081_大丰实业/2024/1223385152.pdf,https://static.cninfo.com.cn/finalpage/2025-04-29/1223385152.PDF
603083,剑桥科技,2024年年度报告,2025-04-08 00:00:00,1223020234,reports_raw/companies/603_sh_main/603083_剑桥科技/2024/1223020234.pdf,https://static.cninfo.com.cn/finalpage/2025-04-08/1223020234.PDF
603085,天成自控,天成自控2024年年度报告,2025-04-29 00:00:00,1223376056,reports_raw/companies/603_sh_main/603085_天成自控/2024/1223376056.pdf,https://static.cninfo.com.cn/finalpage/2025-04-29/1223376056.PDF
603088,宁波精达,宁波精达2024年年度报告,2025-04-03 00:00:00,1222989886,reports_raw/companies/603_sh_main/603088_宁波精达/2024/1222989886.pdf,https://static.cninfo.com.cn/finalpage/2025-04-03/1222989886.pdf
603090,宏盛股份,宏盛股份2024年年度报告,2025-03-29 00:00:00,1222939269,reports_raw/companies/603_sh_main/603090_宏盛股份/2024/1222939269.pdf,https://static.cninfo.com.cn/finalpage/2025-03-29/1222939269.PDF
603091,众鑫股份,2024年年度报告,2025-04-12 00:00:00,1223071525,reports_raw/companies/603_sh_main/603091_众鑫股份/2024/1223071525.pdf,https://static.cninfo.com.cn/finalpage/2025-04-12/1223071525.PDF
603093,南华期货,南华期货股份有限公司2024年年度报告,2025-03-11 00:00:00,1222760325,reports_raw/companies/603_sh_main/603093_南华期货/2024/1222760325.pdf,https://static.cninfo.com.cn/finalpage/2025-03-11/1222760325.PDF
603095,越剑智能,2024年年度报告,2025-04-12 00:00:00,1223068650,reports_raw/companies/603_sh_main/603095_越剑智能/2024/1223068650.pdf,https://static.cninfo.com.cn/finalpage/2025-04-12/1223068650.PDF
603097,江苏华辰,江苏华辰2024年年度报告,2025-04-29 00:00:00,1223361750,reports_raw/companies/603_sh_main/603097_江苏华辰/2024/1223361750.pdf,https://static.cninfo.com.cn/finalpage/2025-04-29/1223361750.PDF
603101,汇嘉时代,2024年年度报告,2025-04-04 00:00:00,1223006870,reports_raw/companies/603_sh_main/603101_汇嘉时代/2024/1223006870.pdf,https://static.cninfo.com.cn/finalpage/2025-04-04/1223006870.PDF
603102,百合股份,威海百合生物技术股份有限公司2024年年度报告,2025-04-15 00:00:00,1223095881,reports_raw/companies/603_sh_main/603102_百合股份/2024/1223095881.pdf,https://static.cninfo.com.cn/finalpage/2025-04-15/1223095881.PDF
603103,横店影视,横店影视股份有限公司2024年年度报告,2025-03-07 00:00:00,1222733437,reports_raw/companies/603_sh_main/603103_横店影视/2024/1222733437.pdf,https://static.cninfo.com.cn/finalpage/2025-03-07/1222733437.PDF
603106,恒银科技,恒银金融科技股份有限公司2024年年度报告（更新版）,2025-07-03 00:00:00,1224069052,reports_raw/companies/603_sh_main/603106_恒银科技/2024/1224069052.pdf,https://static.cninfo.com.cn/finalpage/2025-07-03/1224069052.PDF
603109,神驰机电,2024年年度报告,2025-04-18 00:00:00,1223121336,reports_raw/companies/603_sh_main/603109_神驰机电/2024/1223121336.pdf,https://static.cninfo.com.cn/finalpage/2025-04-18/1223121336.PDF
603111,康尼机电,康尼机电2024年年度报告,2025-04-29 00:00:00,1223376108,reports_raw/companies/603_sh_main/603111_康尼机电/2024/1223376108.pdf,https://static.cninfo.com.cn/finalpage/2025-04-29/1223376108.PDF
603112,华翔股份,2024年年度报告,2025-04-18 00:00:00,1223126598,reports_raw/companies/603_sh_main/603112_华翔股份/2024/1223126598.pdf,https://static.cninfo.com.cn/finalpage/2025-04-18/1223126598.PDF
603115,海星股份,2024年年度报告,2025-04-18 00:00:00,1223126654,reports_raw/companies/603_sh_main/603115_海星股份/2024/1223126654.pdf,https://static.cninfo.com.cn/finalpage/2025-04-18/1223126654.PDF
603116,红蜻蜓,2024年年度报告,2025-04-29 00:00:00,1223376126,reports_raw/companies/603_sh_main/603116_红蜻蜓/2024/1223376126.pdf,https://static.cninfo.com.cn/finalpage/2025-04-29/1223376126.PDF
603117,万林物流,江苏万林现代物流股份有限公司2024年年度报告,2025-04-29 00:00:00,1223385182,reports_raw/companies/603_sh_main/603117_万林物流/2024/1223385182.pdf,https://static.cninfo.com.cn/finalpage/2025-04-29/1223385182.PDF
603118,共进股份,2024年年度报告,2025-04-29 00:00:00,1223376901,reports_raw/companies/603_sh_main/603118_共进股份/2024/1223376901.pdf,https://static.cninfo.com.cn/finalpage/2025-04-29/1223376901.PDF
603119,浙江荣泰,浙江荣泰电工器材股份有限公司2024年年度报告,2025-04-30 00:00:00,1223406527,reports_raw/companies/603_sh_main/603119_浙江荣泰/2024/1223406527.pdf,https://static.cninfo.com.cn/finalpage/2025-04-30/1223406527.PDF
603122,合富中国,合富中国2024年年度报告,2025-03-12 00:00:00,1222769702,reports_raw/companies/603_sh_main/603122_合富中国/2024/1222769702.pdf,https://static.cninfo.com.cn/finalpage/2025-03-12/1222769702.PDF
603123,翠微股份,翠微股份2024年年度报告,2025-04-30 00:00:00,1223409617,reports_raw/companies/603_sh_main/603123_翠微股份/2024/1223409617.pdf,https://static.cninfo.com.cn/finalpage/2025-04-30/1223409617.PDF
603124,江南新材,2024年年度报告,2025-04-29 00:00:00,1223365281,reports_raw/companies/603_sh_main/603124_江南新材/2024/1223365281.pdf,https://static.cninfo.com.cn/finalpage/2025-04-29/1223365281.PDF
603125,常青科技,2024年年度报告,2025-04-12 00:00:00,1223072727,reports_raw/companies/603_sh_main/603125_常青科技/2024/1223072727.pdf,https://static.cninfo.com.cn/finalpage/2025-04-12/1223072727.PDF
603126,中材节能,中材节能股份有限公司2024年年度报告,2025-04-02 00:00:00,1222984438,reports_raw/companies/603_sh_main/603126_中材节能/2024/1222984438.pdf,https://static.cninfo.com.cn/finalpage/2025-04-02/1222984438.PDF
603127,昭衍新药,昭衍新药2024年年度报告,2025-03-29 00:00:00,1222952405,reports_raw/companies/603_sh_main/603127_昭衍新药/2024/1222952405.pdf,https://static.cninfo.com.cn/finalpage/2025-03-29/1222952405.pdf
603128,华贸物流,港中旅华贸国际物流股份有限公司2024年年度报告,2025-04-18 00:00:00,1223130350,reports_raw/companies/603_sh_main/603128_华贸物流/2024/1223130350.pdf,https://static.cninfo.com.cn/finalpage/2025-04-18/1223130350.PDF
603129,春风动力,春风动力2024年年度报告,2025-04-16 00:00:00,1223102372,reports_raw/companies/603_sh_main/603129_春风动力/2024/1223102372.pdf,https://static.cninfo.com.cn/finalpage/2025-04-16/1223102372.PDF
603132,金徽股份,金徽股份2024年年度报告,2025-03-11 00:00:00,1222758862,reports_raw/companies/603_sh_main/603132_金徽股份/2024/1222758862.pdf,https://static.cninfo.com.cn/finalpage/2025-03-11/1222758862.PDF
603135,中重科技,中重科技2024年年度报告,2025-04-29 00:00:00,1223361807,reports_raw/companies/603_sh_main/603135_中重科技/2024/1223361807.pdf,https://static.cninfo.com.cn/finalpage/2025-04-29/1223361807.PDF
603138,海量数据,海量数据2024年年度报告,2025-04-18 00:00:00,1223124167,reports_raw/companies/603_sh_main/603138_海量数据/2024/1223124167.pdf,https://static.cninfo.com.cn/finalpage/2025-04-18/1223124167.PDF
603139,康惠制药,康惠制药2024年年度报告,2025-04-29 00:00:00,1223357736,reports_raw/companies/603_sh_main/603139_康惠制药/2024/1223357736.pdf,https://static.cninfo.com.cn/finalpage/2025-04-29/1223357736.PDF
603160,汇顶科技,2024年年度报告,2025-03-21 00:00:00,1222858307,reports_raw/companies/603_sh_main/603160_汇顶科技/2024/1222858307.pdf,https://static.cninfo.com.cn/finalpage/2025-03-21/1222858307.PDF
603161,科华控股,科华控股股份有限公司2024年年度报告,2025-04-16 00:00:00,1223101915,reports_raw/companies/603_sh_main/603161_科华控股/2024/1223101915.pdf,https://static.cninfo.com.cn/finalpage/2025-04-16/1223101915.PDF
603162,海通发展,福建海通发展股份有限公司2024年年度报告,2025-03-20 00:00:00,1222846115,reports_raw/companies/603_sh_main/603162_海通发展/2024/1222846115.pdf,https://static.cninfo.com.cn/finalpage/2025-03-20/1222846115.PDF
603163,圣晖集成,圣晖集成2024年年度报告,2025-03-29 00:00:00,1222945761,reports_raw/companies/603_sh_main/603163_圣晖集成/2024/1222945761.pdf,https://static.cninfo.com.cn/finalpage/2025-03-29/1222945761.PDF
603165,荣晟环保,浙江荣晟环保纸业股份有限公司2024年年度报告,2025-03-26 00:00:00,1222894446,reports_raw/companies/603_sh_main/603165_荣晟环保/2024/1222894446.pdf,https://static.cninfo.com.cn/finalpage/2025-03-26/1222894446.PDF
603166,福达股份,福达股份2024年年度报告,2025-03-27 00:00:00,1222913649,reports_raw/companies/603_sh_main/603166_福达股份/2024/1222913649.pdf,https://static.cninfo.com.cn/finalpage/2025-03-27/1222913649.PDF
603167,渤海轮渡,渤海轮渡集团股份有限公司2024年年度报告（更正版）,2025-08-30 00:00:00,1224623894,reports_raw/companies/603_sh_main/603167_渤海轮渡/2024/1224623894.pdf,https://static.cninfo.com.cn/finalpage/2025-08-30/1224623894.PDF
603168,莎普爱思,莎普爱思2024年年度报告,2025-04-30 00:00:00,1223422120,reports_raw/companies/603_sh_main/603168_莎普爱思/2024/1223422120.pdf,https://static.cninfo.com.cn/finalpage/2025-04-30/1223422120.PDF
603169,兰石重装,兰石重装2024年年度报告,2025-03-29 00:00:00,1222949901,reports_raw/companies/603_sh_main/603169_兰石重装/2024/1222949901.pdf,https://static.cninfo.com.cn/finalpage/2025-03-29/1222949901.PDF
603171,税友股份,2024年年度报告,2025-04-18 00:00:00,1223124217,reports_raw/companies/603_sh_main/603171_税友股份/2024/1223124217.pdf,https://static.cninfo.com.cn/finalpage/2025-04-18/1223124217.PDF
603172,万丰股份,浙江万丰化工股份有限公司2024年年度报告,2025-04-29 00:00:00,1223361876,reports_raw/companies/603_sh_main/603172_万丰股份/2024/1223361876.pdf,https://static.cninfo.com.cn/finalpage/2025-04-29/1223361876.PDF
603176,汇通集团,汇通集团2024年年度报告,2025-04-29 00:00:00,1223365312,reports_raw/companies/603_sh_main/603176_汇通集团/2024/1223365312.pdf,https://static.cninfo.com.cn/finalpage/2025-04-29/1223365312.PDF
603177,德创环保,603177：德创环保2024年年度报告,2025-04-29 00:00:00,1223376978,reports_raw/companies/603_sh_main/603177_德创环保/2024/1223376978.pdf,https://static.cninfo.com.cn/finalpage/2025-04-29/1223376978.PDF
603178,圣龙股份,圣龙股份2024年年度报告,2025-04-29 00:00:00,1223390669,reports_raw/companies/603_sh_main/603178_圣龙股份/2024/1223390669.pdf,https://static.cninfo.com.cn/finalpage/2025-04-29/1223390669.PDF
603179,新泉股份,江苏新泉汽车饰件股份有限公司2024年年度报告,2025-04-29 00:00:00,1223365371,reports_raw/companies/603_sh_main/603179_新泉股份/2024/1223365371.pdf,https://static.cninfo.com.cn/finalpage/2025-04-29/1223365371.PDF
603180,金牌家居,金牌家居2024年年度报告,2025-04-29 00:00:00,1223385230,reports_raw/companies/603_sh_main/603180_金牌家居/2024/1223385230.pdf,https://static.cninfo.com.cn/finalpage/2025-04-29/1223385230.PDF
603181,皇马科技,皇马科技2024年年度报告,2025-04-18 00:00:00,1223124567,reports_raw/companies/603_sh_main/603181_皇马科技/2024/1223124567.pdf,https://static.cninfo.com.cn/finalpage/2025-04-18/1223124567.PDF
603182,嘉华股份,嘉华股份2024年年度报告,2025-04-16 00:00:00,1223099734,reports_raw/companies/603_sh_main/603182_嘉华股份/2024/1223099734.pdf,https://static.cninfo.com.cn/finalpage/2025-04-16/1223099734.pdf
603183,建研院,2024年年度报告,2025-04-16 00:00:00,1223100680,reports_raw/companies/603_sh_main/603183_建研院/2024/1223100680.pdf,https://static.cninfo.com.cn/finalpage/2025-04-16/1223100680.PDF
603185,弘元绿能,2024年年度报告,2025-04-30 00:00:00,1223422199,reports_raw/companies/603_sh_main/603185_弘元绿能/2024/1223422199.pdf,https://static.cninfo.com.cn/finalpage/2025-04-30/1223422199.PDF
603186,华正新材,浙江华正新材料股份有限公司2024年年度报告,2025-03-18 00:00:00,1222821549,reports_raw/companies/603_sh_main/603186_华正新材/2024/1222821549.pdf,https://static.cninfo.com.cn/finalpage/2025-03-18/1222821549.PDF
603188,亚邦股份,亚邦股份2024年年度报告,2025-04-30 00:00:00,1223426667,reports_raw/companies/603_sh_main/603188_亚邦股份/2024/1223426667.pdf,https://static.cninfo.com.cn/finalpage/2025-04-30/1223426667.PDF
603189,网达软件,网达软件2024年年度报告,2025-04-15 00:00:00,1223093669,reports_raw/companies/603_sh_main/603189_网达软件/2024/1223093669.pdf,https://static.cninfo.com.cn/finalpage/2025-04-15/1223093669.PDF
603190,亚通精工,2024年年度报告,2025-04-29 00:00:00,1223368684,reports_raw/companies/603_sh_main/603190_亚通精工/2024/1223368684.pdf,https://static.cninfo.com.cn/finalpage/2025-04-29/1223368684.PDF
603197,保隆科技,保隆科技2024年年度报告,2025-04-30 00:00:00,1223422247,reports_raw/companies/603_sh_main/603197_保隆科技/2024/1223422247.pdf,https://static.cninfo.com.cn/finalpage/2025-04-30/1223422247.PDF
603198,迎驾贡酒,安徽迎驾贡酒股份有限公司2024年年度报告,2025-04-29 00:00:00,1223377012,reports_raw/companies/603_sh_main/603198_迎驾贡酒/2024/1223377012.pdf,https://static.cninfo.com.cn/finalpage/2025-04-29/1223377012.PDF
603199,九华旅游,九华旅游2024年年度报告,2025-03-19 00:00:00,1222835210,reports_raw/companies/603_sh_main/603199_九华旅游/2024/1222835210.pdf,https://static.cninfo.com.cn/finalpage/2025-03-19/1222835210.PDF
603200,上海洗霸,上海洗霸科技股份有限公司2024年年度报告,2025-04-29 00:00:00,1223377024,reports_raw/companies/603_sh_main/603200_上海洗霸/2024/1223377024.pdf,https://static.cninfo.com.cn/finalpage/2025-04-29/1223377024.PDF
603201,常润股份,常熟通润汽车零部件股份有限公司2024年年度报告,2025-04-29 00:00:00,1223392498,reports_raw/companies/603_sh_main/603201_常润股份/2024/1223392498.pdf,https://static.cninfo.com.cn/finalpage/2025-04-29/1223392498.PDF
603203,快克智能,快克智能2024年年度报告,2025-04-29 00:00:00,1223403806,reports_raw/companies/603_sh_main/603203_快克智能/2024/1223403806.pdf,https://static.cninfo.com.cn/finalpage/2025-04-29/1223403806.pdf
603207,小方制药,小方制药2024年年度报告,2025-04-30 00:00:00,1223416123,reports_raw/companies/603_sh_main/603207_小方制药/2024/1223416123.pdf,https://static.cninfo.com.cn/finalpage/2025-04-30/1223416123.PDF
603208,江山欧派,江山欧派2024年年度报告,2025-04-30 00:00:00,1223406562,reports_raw/companies/603_sh_main/603208_江山欧派/2024/1223406562.pdf,https://static.cninfo.com.cn/finalpage/2025-04-30/1223406562.PDF
603209,兴通股份,兴通海运股份有限公司2024年年度报告,2025-03-25 00:00:00,1222882679,reports_raw/companies/603_sh_main/603209_兴通股份/2024/1222882679.pdf,https://static.cninfo.com.cn/finalpage/2025-03-25/1222882679.PDF
603212,赛伍技术,2024年年度报告,2025-04-30 00:00:00,1223422278,reports_raw/companies/603_sh_main/603212_赛伍技术/2024/1223422278.pdf,https://static.cninfo.com.cn/finalpage/2025-04-30/1223422278.PDF
603213,镇洋发展,浙江镇洋发展股份有限公司2024年年度报告,2025-04-18 00:00:00,1223122311,reports_raw/companies/603_sh_main/603213_镇洋发展/2024/1223122311.pdf,https://static.cninfo.com.cn/finalpage/2025-04-18/1223122311.PDF
603214,爱婴室,2024年年度报告,2025-04-03 00:00:00,1222993024,reports_raw/companies/603_sh_main/603214_爱婴室/2024/1222993024.pdf,https://static.cninfo.com.cn/finalpage/2025-04-03/1222993024.PDF
603216,梦天家居,梦天家居2024年年度报告,2025-04-29 00:00:00,1223377074,reports_raw/companies/603_sh_main/603216_梦天家居/2024/1223377074.pdf,https://static.cninfo.com.cn/finalpage/2025-04-29/1223377074.PDF
603218,日月股份,日月重工股份有限公司2024年年度报告（图文版）,2025-05-21 00:00:00,1223606274,reports_raw/companies/603_sh_main/603218_日月股份/2024/1223606274.pdf,https://static.cninfo.com.cn/finalpage/2025-05-21/1223606274.PDF
603221,爱丽家居,爱丽家居科技股份有限公司2024年年度报告,2025-04-29 00:00:00,1223361925,reports_raw/companies/603_sh_main/603221_爱丽家居/2024/1223361925.pdf,https://static.cninfo.com.cn/finalpage/2025-04-29/1223361925.PDF
603222,济民健康,济民健康管理股份有限公司2024年年度报告,2025-04-29 00:00:00,1223368738,reports_raw/companies/603_sh_main/603222_济民健康/2024/1223368738.pdf,https://static.cninfo.com.cn/finalpage/2025-04-29/1223368738.PDF
603223,恒通股份,恒通物流股份有限公司2024年年度报告,2025-03-18 00:00:00,1222821581,reports_raw/companies/603_sh_main/603223_恒通股份/2024/1222821581.pdf,https://static.cninfo.com.cn/finalpage/2025-03-18/1222821581.PDF
603226,菲林格尔,2024年年度报告,2025-04-30 00:00:00,1223422303,reports_raw/companies/603_sh_main/603226_菲林格尔/2024/1223422303.pdf,https://static.cninfo.com.cn/finalpage/2025-04-30/1223422303.PDF
603227,雪峰科技,新疆雪峰科技（集团）股份有限公司2024年年度报告,2025-04-17 00:00:00,1223111003,reports_raw/companies/603_sh_main/603227_雪峰科技/2024/1223111003.pdf,https://static.cninfo.com.cn/finalpage/2025-04-17/1223111003.PDF
603228,景旺电子,深圳市景旺电子股份有限公司2024年年度报告,2025-04-29 00:00:00,1223377812,reports_raw/companies/603_sh_main/603228_景旺电子/2024/1223377812.pdf,https://static.cninfo.com.cn/finalpage/2025-04-29/1223377812.PDF
603229,奥翔药业,奥翔药业2024年年度报告,2025-04-30 00:00:00,1223406889,reports_raw/companies/603_sh_main/603229_奥翔药业/2024/1223406889.pdf,https://static.cninfo.com.cn/finalpage/2025-04-30/1223406889.PDF
603230,内蒙新华,内蒙古新华发行集团股份有限公司2024年年度报告,2025-04-11 00:00:00,1223057581,reports_raw/companies/603_sh_main/603230_内蒙新华/2024/1223057581.pdf,https://static.cninfo.com.cn/finalpage/2025-04-11/1223057581.PDF
603233,大参林,大参林医药集团股份有限公司2024年年度报告,2025-04-26 00:00:00,1223325451,reports_raw/companies/603_sh_main/603233_大参林/2024/1223325451.pdf,https://static.cninfo.com.cn/finalpage/2025-04-26/1223325451.PDF
603237,五芳斋,浙江五芳斋实业股份有限公司2024年年度报告,2025-04-16 00:00:00,1223102222,reports_raw/companies/603_sh_main/603237_五芳斋/2024/1223102222.pdf,https://static.cninfo.com.cn/finalpage/2025-04-16/1223102222.PDF
603255,鼎际得,辽宁鼎际得石化股份有限公司2024年年度报告,2025-04-29 00:00:00,1223392527,reports_raw/companies/603_sh_main/603255_鼎际得/2024/1223392527.pdf,https://static.cninfo.com.cn/finalpage/2025-04-29/1223392527.PDF
603256,宏和科技,宏和科技2024年年度报告,2025-04-29 00:00:00,1223369070,reports_raw/companies/603_sh_main/603256_宏和科技/2024/1223369070.pdf,https://static.cninfo.com.cn/finalpage/2025-04-29/1223369070.PDF
603259,药明康德,2024年年度报告,2025-03-18 00:00:00,1222822835,reports_raw/companies/603_sh_main/603259_药明康德/2024/1222822835.pdf,https://static.cninfo.com.cn/finalpage/2025-03-18/1222822835.PDF
603267,鸿远电子,鸿远电子2024年年度报告,2025-03-28 00:00:00,1222925022,reports_raw/companies/603_sh_main/603267_鸿远电子/2024/1222925022.pdf,https://static.cninfo.com.cn/finalpage/2025-03-28/1222925022.PDF
603268,松发股份,松发股份：2024年年度报告,2025-04-28 00:00:00,1223346934,reports_raw/companies/603_sh_main/603268_松发股份/2024/1223346934.pdf,https://static.cninfo.com.cn/finalpage/2025-04-28/1223346934.PDF
603269,海鸥股份,江苏海鸥冷却塔股份有限公司2024年年度报告,2025-04-29 00:00:00,1223369103,reports_raw/companies/603_sh_main/603269_海鸥股份/2024/1223369103.pdf,https://static.cninfo.com.cn/finalpage/2025-04-29/1223369103.PDF
603270,金帝股份,山东金帝精密机械科技股份有限公司2024年年度报告,2025-04-29 00:00:00,1223369139,reports_raw/companies/603_sh_main/603270_金帝股份/2024/1223369139.pdf,https://static.cninfo.com.cn/finalpage/2025-04-29/1223369139.PDF
603272,联翔股份,2024年年度报告,2025-04-29 00:00:00,1223385569,reports_raw/companies/603_sh_main/603272_联翔股份/2024/1223385569.pdf,https://static.cninfo.com.cn/finalpage/2025-04-29/1223385569.PDF
603273,天元智能,2024年年度报告,2025-04-29 00:00:00,1223390740,reports_raw/companies/603_sh_main/603273_天元智能/2024/1223390740.pdf,https://static.cninfo.com.cn/finalpage/2025-04-29/1223390740.PDF
603276,恒兴新材,2024年年度报告,2025-04-29 00:00:00,1223361990,reports_raw/companies/603_sh_main/603276_恒兴新材/2024/1223361990.pdf,https://static.cninfo.com.cn/finalpage/2025-04-29/1223361990.PDF
603277,银都股份,银都餐饮设备股份有限公司2024年年度报告,2025-04-29 00:00:00,1223357778,reports_raw/companies/603_sh_main/603277_银都股份/2024/1223357778.pdf,https://static.cninfo.com.cn/finalpage/2025-04-29/1223357778.PDF
603278,大业股份,大业股份2024年年度报告,2025-04-29 00:00:00,1223377881,reports_raw/companies/603_sh_main/603278_大业股份/2024/1223377881.pdf,https://static.cninfo.com.cn/finalpage/2025-04-29/1223377881.PDF
603281,江瀚新材,2024年年度报告,2025-04-29 00:00:00,1223385591,reports_raw/companies/603_sh_main/603281_江瀚新材/2024/1223385591.pdf,https://static.cninfo.com.cn/finalpage/2025-04-29/1223385591.PDF
603282,亚光股份,亚光股份：公司2024年年度报告全文,2025-04-30 00:00:00,1223422399,reports_raw/companies/603_sh_main/603282_亚光股份/2024/1223422399.pdf,https://static.cninfo.com.cn/finalpage/2025-04-30/1223422399.PDF
603283,赛腾股份,苏州赛腾精密电子股份有限公司2024年年度报告,2025-04-30 00:00:00,1223410191,reports_raw/companies/603_sh_main/603283_赛腾股份/2024/1223410191.pdf,https://static.cninfo.com.cn/finalpage/2025-04-30/1223410191.PDF
603286,日盈电子,2024年年度报告,2025-03-29 00:00:00,1222940540,reports_raw/companies/603_sh_main/603286_日盈电子/2024/1222940540.pdf,https://static.cninfo.com.cn/finalpage/2025-03-29/1222940540.PDF
603288,海天味业,海天味业2024年年度报告,2025-04-03 00:00:00,1222994233,reports_raw/companies/603_sh_main/603288_海天味业/2024/1222994233.pdf,https://static.cninfo.com.cn/finalpage/2025-04-03/1222994233.PDF
603290,斯达半导,2024年年度报告,2025-04-26 00:00:00,1223325294,reports_raw/companies/603_sh_main/603290_斯达半导/2024/1223325294.pdf,https://static.cninfo.com.cn/finalpage/2025-04-26/1223325294.PDF
603297,永新光学,宁波永新光学股份有限公司2024年年度报告,2025-04-26 00:00:00,1223331241,reports_raw/companies/603_sh_main/603297_永新光学/2024/1223331241.pdf,https://static.cninfo.com.cn/finalpage/2025-04-26/1223331241.PDF
603298,杭叉集团,杭叉集团：2024年年度报告,2025-04-18 00:00:00,1223129293,reports_raw/companies/603_sh_main/603298_杭叉集团/2024/1223129293.pdf,https://static.cninfo.com.cn/finalpage/2025-04-18/1223129293.PDF
603299,苏盐井神,江苏苏盐井神股份有限公司2024年年度报告,2025-04-29 00:00:00,1223390939,reports_raw/companies/603_sh_main/603299_苏盐井神/2024/1223390939.pdf,https://static.cninfo.com.cn/finalpage/2025-04-29/1223390939.PDF
603301,振德医疗,振德医疗2024年年度报告,2025-04-26 00:00:00,1223317788,reports_raw/companies/603_sh_main/603301_振德医疗/2024/1223317788.pdf,https://static.cninfo.com.cn/finalpage/2025-04-26/1223317788.PDF
603303,得邦照明,横店集团得邦照明股份有限公司2024年年度报告,2025-03-08 00:00:00,1222743498,reports_raw/companies/603_sh_main/603303_得邦照明/2024/1222743498.pdf,https://static.cninfo.com.cn/finalpage/2025-03-08/1222743498.PDF
603306,华懋科技,华懋科技2024年年度报告,2025-04-29 00:00:00,1223377908,reports_raw/companies/603_sh_main/603306_华懋科技/2024/1223377908.pdf,https://static.cninfo.com.cn/finalpage/2025-04-29/1223377908.PDF
603307,扬州金泉,2024年年度报告,2025-04-26 00:00:00,1223325983,reports_raw/companies/603_sh_main/603307_扬州金泉/2024/1223325983.pdf,https://static.cninfo.com.cn/finalpage/2025-04-26/1223325983.PDF
603310,巍华新材,2024年年度报告,2025-04-29 00:00:00,1223377960,reports_raw/companies/603_sh_main/603310_巍华新材/2024/1223377960.pdf,https://static.cninfo.com.cn/finalpage/2025-04-29/1223377960.PDF
603312,西典新能,2024年年度报告,2025-03-29 00:00:00,1222943105,reports_raw/companies/603_sh_main/603312_西典新能/2024/1222943105.pdf,https://static.cninfo.com.cn/finalpage/2025-03-29/1222943105.PDF
603316,诚邦股份,诚邦生态环境股份有限公司2024年年度报告,2025-04-30 00:00:00,1223422454,reports_raw/companies/603_sh_main/603316_诚邦股份/2024/1223422454.pdf,https://static.cninfo.com.cn/finalpage/2025-04-30/1223422454.PDF
603317,天味食品,2024年年度报告,2025-03-28 00:00:00,1222926554,reports_raw/companies/603_sh_main/603317_天味食品/2024/1222926554.pdf,https://static.cninfo.com.cn/finalpage/2025-03-28/1222926554.PDF
603319,美湖股份,2024年年度报告,2025-04-26 00:00:00,1223324308,reports_raw/companies/603_sh_main/603319_美湖股份/2024/1223324308.pdf,https://static.cninfo.com.cn/finalpage/2025-04-26/1223324308.PDF
603320,迪贝电气,2024年年度报告,2025-04-17 00:00:00,1223112304,reports_raw/companies/603_sh_main/603320_迪贝电气/2024/1223112304.pdf,https://static.cninfo.com.cn/finalpage/2025-04-17/1223112304.PDF
603321,梅轮电梯,浙江梅轮电梯股份有限公司2024年年度报告,2025-04-29 00:00:00,1223365823,reports_raw/companies/603_sh_main/603321_梅轮电梯/2024/1223365823.pdf,https://static.cninfo.com.cn/finalpage/2025-04-29/1223365823.PDF
603322,超讯通信,超讯通信：2024年年度报告,2025-04-30 00:00:00,1223422515,reports_raw/companies/603_sh_main/603322_超讯通信/2024/1223422515.pdf,https://static.cninfo.com.cn/finalpage/2025-04-30/1223422515.PDF
603323,苏农银行,苏农银行2024年年度报告,2025-04-30 00:00:00,1223422525,reports_raw/companies/603_sh_main/603323_苏农银行/2024/1223422525.pdf,https://static.cninfo.com.cn/finalpage/2025-04-30/1223422525.PDF
603326,我乐家居,2024年年度报告,2025-04-19 00:00:00,1223157167,reports_raw/companies/603_sh_main/603326_我乐家居/2024/1223157167.pdf,https://static.cninfo.com.cn/finalpage/2025-04-19/1223157167.PDF
603328,依顿电子,2024年年度报告,2025-03-29 00:00:00,1222944687,reports_raw/companies/603_sh_main/603328_依顿电子/2024/1222944687.pdf,https://static.cninfo.com.cn/finalpage/2025-03-29/1222944687.PDF
603330,天洋新材,2024年年度报告,2025-04-26 00:00:00,1223319748,reports_raw/companies/603_sh_main/603330_天洋新材/2024/1223319748.pdf,https://static.cninfo.com.cn/finalpage/2025-04-26/1223319748.PDF
603331,百达精工,百达精工2024年年度报告,2025-04-28 00:00:00,1223346977,reports_raw/companies/603_sh_main/603331_百达精工/2024/1223346977.pdf,https://static.cninfo.com.cn/finalpage/2025-04-28/1223346977.PDF
603335,迪生力,迪生力2024年年度报告,2025-04-30 00:00:00,1223422556,reports_raw/companies/603_sh_main/603335_迪生力/2024/1223422556.pdf,https://static.cninfo.com.cn/finalpage/2025-04-30/1223422556.PDF
603337,杰克股份,杰克股份：2024年年度报告,2025-04-15 00:00:00,1223094228,reports_raw/companies/603_sh_main/603337_杰克股份/2024/1223094228.pdf,https://static.cninfo.com.cn/finalpage/2025-04-15/1223094228.PDF
603338,浙江鼎力,浙江鼎力机械股份有限公司2024年年度报告,2025-04-18 00:00:00,1223122580,reports_raw/companies/603_sh_main/603338_浙江鼎力/2024/1223122580.pdf,https://static.cninfo.com.cn/finalpage/2025-04-18/1223122580.PDF
603339,四方科技,四方科技集团股份有限公司2024年年度报告,2025-04-17 00:00:00,1223107888,reports_raw/companies/603_sh_main/603339_四方科技/2024/1223107888.pdf,https://static.cninfo.com.cn/finalpage/2025-04-17/1223107888.PDF
603341,龙旗科技,2024年年度报告（更正后）,2025-06-19 00:00:00,1223910188,reports_raw/companies/603_sh_main/603341_龙旗科技/2024/1223910188.pdf,https://static.cninfo.com.cn/finalpage/2025-06-19/1223910188.PDF
603344,星德胜,星德胜2024年年度报告,2025-04-19 00:00:00,1223144259,reports_raw/companies/603_sh_main/603344_星德胜/2024/1223144259.pdf,https://static.cninfo.com.cn/finalpage/2025-04-19/1223144259.PDF
603345,安井食品,安井食品2024年年度报告,2025-04-29 00:00:00,1223385636,reports_raw/companies/603_sh_main/603345_安井食品/2024/1223385636.pdf,https://static.cninfo.com.cn/finalpage/2025-04-29/1223385636.PDF
603348,文灿股份,2024年年度报告,2025-04-26 00:00:00,1223319457,reports_raw/companies/603_sh_main/603348_文灿股份/2024/1223319457.pdf,https://static.cninfo.com.cn/finalpage/2025-04-26/1223319457.PDF
603350,安乃达,2024年年度报告,2025-04-30 00:00:00,1223410242,reports_raw/companies/603_sh_main/603350_安乃达/2024/1223410242.pdf,https://static.cninfo.com.cn/finalpage/2025-04-30/1223410242.PDF
603355,莱克电气,莱克电气2024年年度报告,2025-04-16 00:00:00,1223100059,reports_raw/companies/603_sh_main/603355_莱克电气/2024/1223100059.pdf,https://static.cninfo.com.cn/finalpage/2025-04-16/1223100059.PDF
603356,华菱精工,2024年年度报告,2025-04-15 00:00:00,1223097178,reports_raw/companies/603_sh_main/603356_华菱精工/2024/1223097178.pdf,https://static.cninfo.com.cn/finalpage/2025-04-15/1223097178.PDF
603357,设计总院,2024年年度报告,2025-03-28 00:00:00,1222928806,reports_raw/companies/603_sh_main/603357_设计总院/2024/1222928806.pdf,https://static.cninfo.com.cn/finalpage/2025-03-28/1222928806.PDF
603358,华达科技,2024年年度报告,2025-04-30 00:00:00,1223422623,reports_raw/companies/603_sh_main/603358_华达科技/2024/1223422623.pdf,https://static.cninfo.com.cn/finalpage/2025-04-30/1223422623.PDF
603359,东珠生态,东珠生态环保股份有限公司2024年年度报告,2025-04-29 00:00:00,1223385666,reports_raw/companies/603_sh_main/603359_东珠生态/2024/1223385666.pdf,https://static.cninfo.com.cn/finalpage/2025-04-29/1223385666.PDF
603363,*ST傲农,福建傲农生物科技集团股份有限公司2024年年度报告,2025-04-30 00:00:00,1223410275,reports_raw/companies/603_sh_main/603363_ST傲农/2024/1223410275.pdf,https://static.cninfo.com.cn/finalpage/2025-04-30/1223410275.PDF
603365,水星家纺,上海水星家用纺织品股份有限公司2024年年度报告,2025-04-29 00:00:00,1223369236,reports_raw/companies/603_sh_main/603365_水星家纺/2024/1223369236.pdf,https://static.cninfo.com.cn/finalpage/2025-04-29/1223369236.PDF
603366,日出东方,日出东方控股股份有限公司2024年年度报告(更正后）,2025-08-28 00:00:00,1224593984,reports_raw/companies/603_sh_main/603366_日出东方/2024/1224593984.pdf,https://static.cninfo.com.cn/finalpage/2025-08-28/1224593984.PDF
603368,柳药集团,广西柳药集团股份有限公司2024年年度报告,2025-03-27 00:00:00,1222909604,reports_raw/companies/603_sh_main/603368_柳药集团/2024/1222909604.pdf,https://static.cninfo.com.cn/finalpage/2025-03-27/1222909604.PDF
603369,今世缘,江苏今世缘酒业股份有限公司2024年年度报告,2025-04-30 00:00:00,1223416277,reports_raw/companies/603_sh_main/603369_今世缘/2024/1223416277.pdf,https://static.cninfo.com.cn/finalpage/2025-04-30/1223416277.PDF
603375,盛景微,2024年年度报告,2025-04-29 00:00:00,1223378035,reports_raw/companies/603_sh_main/603375_盛景微/2024/1223378035.pdf,https://static.cninfo.com.cn/finalpage/2025-04-29/1223378035.PDF
603377,ST东时,2024年年度报告,2025-04-30 00:00:00,1223426714,reports_raw/companies/603_sh_main/603377_ST东时/2024/1223426714.pdf,https://static.cninfo.com.cn/finalpage/2025-04-30/1223426714.PDF
603378,亚士创能,亚士创能2024年年度报告,2025-04-30 00:00:00,1223422714,reports_raw/companies/603_sh_main/603378_亚士创能/2024/1223422714.pdf,https://static.cninfo.com.cn/finalpage/2025-04-30/1223422714.PDF
603379,三美股份,浙江三美化工股份有限公司2024年年度报告,2025-04-29 00:00:00,1223378634,reports_raw/companies/603_sh_main/603379_三美股份/2024/1223378634.pdf,https://static.cninfo.com.cn/finalpage/2025-04-29/1223378634.PDF
603380,易德龙,苏州易德龙科技股份有限公司2024年年度报告,2025-04-26 00:00:00,1223323421,reports_raw/companies/603_sh_main/603380_易德龙/2024/1223323421.pdf,https://static.cninfo.com.cn/finalpage/2025-04-26/1223323421.PDF
603381,永臻股份,2024年年度报告,2025-04-30 00:00:00,1223406935,reports_raw/companies/603_sh_main/603381_永臻股份/2024/1223406935.pdf,https://static.cninfo.com.cn/finalpage/2025-04-30/1223406935.PDF
603383,顶点软件,顶点软件2024年年度报告,2025-04-11 00:00:00,1223057988,reports_raw/companies/603_sh_main/603383_顶点软件/2024/1223057988.pdf,https://static.cninfo.com.cn/finalpage/2025-04-11/1223057988.PDF
603385,惠达卫浴,2024年年度报告,2025-04-29 00:00:00,1223365846,reports_raw/companies/603_sh_main/603385_惠达卫浴/2024/1223365846.pdf,https://static.cninfo.com.cn/finalpage/2025-04-29/1223365846.PDF
603386,骏亚科技,骏亚科技：2024年年度报告,2025-04-26 00:00:00,1223317311,reports_raw/companies/603_sh_main/603386_骏亚科技/2024/1223317311.pdf,https://static.cninfo.com.cn/finalpage/2025-04-26/1223317311.PDF
603387,基蛋生物,基蛋生物：2024年年度报告,2025-04-30 00:00:00,1223422742,reports_raw/companies/603_sh_main/603387_基蛋生物/2024/1223422742.pdf,https://static.cninfo.com.cn/finalpage/2025-04-30/1223422742.PDF
603388,*ST元成,元成环境股份有限公司2024年年度报告（更正后）,2025-06-18 00:00:00,1223900761,reports_raw/companies/603_sh_main/603388_ST元成/2024/1223900761.pdf,https://static.cninfo.com.cn/finalpage/2025-06-18/1223900761.PDF
603389,亚振家居,2024年年度报告,2025-04-30 00:00:00,1223426816,reports_raw/companies/603_sh_main/603389_亚振家居/2024/1223426816.pdf,https://static.cninfo.com.cn/finalpage/2025-04-30/1223426816.PDF
603391,力聚热能,2024年年度报告,2025-04-10 00:00:00,1223042012,reports_raw/companies/603_sh_main/603391_力聚热能/2024/1223042012.pdf,https://static.cninfo.com.cn/finalpage/2025-04-10/1223042012.PDF
603392,万泰生物,万泰生物2024年年度报告,2025-04-12 00:00:00,1223071956,reports_raw/companies/603_sh_main/603392_万泰生物/2024/1223071956.pdf,https://static.cninfo.com.cn/finalpage/2025-04-12/1223071956.PDF
603398,沐邦高科,江西沐邦高科股份有限公司2024年年度报告,2025-04-30 00:00:00,1223426841,reports_raw/companies/603_sh_main/603398_沐邦高科/2024/1223426841.pdf,https://static.cninfo.com.cn/finalpage/2025-04-30/1223426841.PDF
603399,永杉锂业,永杉锂业2024年年度报告,2025-04-16 00:00:00,1223104081,reports_raw/companies/603_sh_main/603399_永杉锂业/2024/1223104081.pdf,https://static.cninfo.com.cn/finalpage/2025-04-16/1223104081.PDF
603409,汇通控股,2024年年度报告,2025-04-18 00:00:00,1223126727,reports_raw/companies/603_sh_main/603409_汇通控股/2024/1223126727.pdf,https://static.cninfo.com.cn/finalpage/2025-04-18/1223126727.PDF
603416,信捷电气,无锡信捷电气股份有限公司2024年年度报告,2025-04-26 00:00:00,1223319027,reports_raw/companies/603_sh_main/603416_信捷电气/2024/1223319027.pdf,https://static.cninfo.com.cn/finalpage/2025-04-26/1223319027.PDF
603444,吉比特,厦门吉比特网络技术股份有限公司2024年年度报告,2025-03-28 00:00:00,1222922127,reports_raw/companies/603_sh_main/603444_吉比特/2024/1222922127.pdf,https://static.cninfo.com.cn/finalpage/2025-03-28/1222922127.PDF
603458,勘设股份,勘设股份2024年年度报告,2025-04-04 00:00:00,1223005117,reports_raw/companies/603_sh_main/603458_勘设股份/2024/1223005117.pdf,https://static.cninfo.com.cn/finalpage/2025-04-04/1223005117.PDF
603466,风语筑,上海风语筑文化科技股份有限公司2024年年度报告,2025-04-17 00:00:00,1223111892,reports_raw/companies/603_sh_main/603466_风语筑/2024/1223111892.pdf,https://static.cninfo.com.cn/finalpage/2025-04-17/1223111892.PDF
603477,巨星农牧,巨星农牧2024年年度报告,2025-03-22 00:00:00,1222867672,reports_raw/companies/603_sh_main/603477_巨星农牧/2024/1222867672.pdf,https://static.cninfo.com.cn/finalpage/2025-03-22/1222867672.PDF
603486,科沃斯,2024年年度报告,2025-04-26 00:00:00,1223323879,reports_raw/companies/603_sh_main/603486_科沃斯/2024/1223323879.pdf,https://static.cninfo.com.cn/finalpage/2025-04-26/1223323879.PDF
603488,展鹏科技,展鹏科技股份有限公司2024年年度报告,2025-04-30 00:00:00,1223422780,reports_raw/companies/603_sh_main/603488_展鹏科技/2024/1223422780.pdf,https://static.cninfo.com.cn/finalpage/2025-04-30/1223422780.PDF
603489,八方股份,2024年年度报告,2025-04-30 00:00:00,1223422806,reports_raw/companies/603_sh_main/603489_八方股份/2024/1223422806.pdf,https://static.cninfo.com.cn/finalpage/2025-04-30/1223422806.PDF
603496,恒为科技,2024年年度报告,2025-04-15 00:00:00,1223097459,reports_raw/companies/603_sh_main/603496_恒为科技/2024/1223097459.pdf,https://static.cninfo.com.cn/finalpage/2025-04-15/1223097459.PDF
603500,祥和实业,浙江天台祥和实业股份有限公司2024年年度报告,2025-04-10 00:00:00,1223043507,reports_raw/companies/603_sh_main/603500_祥和实业/2024/1223043507.pdf,https://static.cninfo.com.cn/finalpage/2025-04-10/1223043507.PDF
603501,韦尔股份,2024年年度报告,2025-04-16 00:00:00,1223104428,reports_raw/companies/603_sh_main/603501_韦尔股份/2024/1223104428.pdf,https://static.cninfo.com.cn/finalpage/2025-04-16/1223104428.pdf
603506,南都物业,南都物业服务集团股份有限公司2024年年度报告,2025-04-19 00:00:00,1223154590,reports_raw/companies/603_sh_main/603506_南都物业/2024/1223154590.pdf,https://static.cninfo.com.cn/finalpage/2025-04-19/1223154590.PDF
603507,振江股份,振江股份2024年年度报告,2025-04-04 00:00:00,1223006903,reports_raw/companies/603_sh_main/603507_振江股份/2024/1223006903.pdf,https://static.cninfo.com.cn/finalpage/2025-04-04/1223006903.PDF
603508,思维列控,思维列控2024年年度报告,2025-04-12 00:00:00,1223072290,reports_raw/companies/603_sh_main/603508_思维列控/2024/1223072290.pdf,https://static.cninfo.com.cn/finalpage/2025-04-12/1223072290.pdf
603515,欧普照明,欧普照明股份有限公司2024年年度报告,2025-04-29 00:00:00,1223369296,reports_raw/companies/603_sh_main/603515_欧普照明/2024/1223369296.pdf,https://static.cninfo.com.cn/finalpage/2025-04-29/1223369296.PDF
603517,绝味食品,绝味食品2024年年度报告全文,2025-04-10 00:00:00,1223045873,reports_raw/companies/603_sh_main/603517_绝味食品/2024/1223045873.pdf,https://static.cninfo.com.cn/finalpage/2025-04-10/1223045873.PDF
603518,锦泓集团,锦泓时装集团股份有限公司2024年年度报告,2025-03-27 00:00:00,1222910941,reports_raw/companies/603_sh_main/603518_锦泓集团/2024/1222910941.pdf,https://static.cninfo.com.cn/finalpage/2025-03-27/1222910941.PDF
603519,立霸股份,立霸股份：2024年年度报告,2025-04-18 00:00:00,1223124587,reports_raw/companies/603_sh_main/603519_立霸股份/2024/1223124587.pdf,https://static.cninfo.com.cn/finalpage/2025-04-18/1223124587.PDF
603520,司太立,浙江司太立制药股份有限公司2024年年度报告,2025-04-30 00:00:00,1223422851,reports_raw/companies/603_sh_main/603520_司太立/2024/1223422851.pdf,https://static.cninfo.com.cn/finalpage/2025-04-30/1223422851.PDF
603527,众源新材,众源新材2024年年度报告,2025-04-26 00:00:00,1223326652,reports_raw/companies/603_sh_main/603527_众源新材/2024/1223326652.pdf,https://static.cninfo.com.cn/finalpage/2025-04-26/1223326652.PDF
603528,多伦科技,多伦科技2024年年度报告,2025-04-26 00:00:00,1223316779,reports_raw/companies/603_sh_main/603528_多伦科技/2024/1223316779.pdf,https://static.cninfo.com.cn/finalpage/2025-04-26/1223316779.PDF
603529,爱玛科技,爱玛科技2024年年度报告,2025-04-16 00:00:00,1223103373,reports_raw/companies/603_sh_main/603529_爱玛科技/2024/1223103373.pdf,https://static.cninfo.com.cn/finalpage/2025-04-16/1223103373.PDF
603530,神马电力,神马电力2024年年度报告,2025-04-03 00:00:00,1222993090,reports_raw/companies/603_sh_main/603530_神马电力/2024/1222993090.pdf,https://static.cninfo.com.cn/finalpage/2025-04-03/1222993090.PDF
603533,掌阅科技,掌阅科技股份有限公司2024年年度报告,2025-04-19 00:00:00,1223154623,reports_raw/companies/603_sh_main/603533_掌阅科技/2024/1223154623.pdf,https://static.cninfo.com.cn/finalpage/2025-04-19/1223154623.PDF
603536,惠发食品,惠发食品2024年年度报告,2025-03-28 00:00:00,1222925611,reports_raw/companies/603_sh_main/603536_惠发食品/2024/1222925611.pdf,https://static.cninfo.com.cn/finalpage/2025-03-28/1222925611.PDF
603538,美诺华,宁波美诺华药业股份有限公司2024年年度报告,2025-04-18 00:00:00,1223130508,reports_raw/companies/603_sh_main/603538_美诺华/2024/1223130508.pdf,https://static.cninfo.com.cn/finalpage/2025-04-18/1223130508.PDF
603551,奥普科技,奥普智能科技股份有限公司2024年年度报告,2025-04-26 00:00:00,1223322514,reports_raw/companies/603_sh_main/603551_奥普科技/2024/1223322514.pdf,https://static.cninfo.com.cn/finalpage/2025-04-26/1223322514.PDF
603557,ST起步,ST起步：2024年年度报告,2025-04-30 00:00:00,1223416325,reports_raw/companies/603_sh_main/603557_ST起步/2024/1223416325.pdf,https://static.cninfo.com.cn/finalpage/2025-04-30/1223416325.PDF
603558,健盛集团,健盛集团2024年年度报告（修订版）,2025-07-12 00:00:00,1224144675,reports_raw/companies/603_sh_main/603558_健盛集团/2024/1224144675.pdf,https://static.cninfo.com.cn/finalpage/2025-07-12/1224144675.PDF
603559,*ST通脉,中通国脉通信股份有限公司2024年年度报告,2025-04-29 00:00:00,1223385746,reports_raw/companies/603_sh_main/603559_ST通脉/2024/1223385746.pdf,https://static.cninfo.com.cn/finalpage/2025-04-29/1223385746.PDF
603567,珍宝岛,黑龙江珍宝岛药业股份有限公司2024年年度报告,2025-04-30 00:00:00,1223422928,reports_raw/companies/603_sh_main/603567_珍宝岛/2024/1223422928.pdf,https://static.cninfo.com.cn/finalpage/2025-04-30/1223422928.PDF
603568,伟明环保,伟明环保2024年年度报告,2025-04-19 00:00:00,1223144638,reports_raw/companies/603_sh_main/603568_伟明环保/2024/1223144638.pdf,https://static.cninfo.com.cn/finalpage/2025-04-19/1223144638.PDF
603577,汇金通,汇金通2024年年度报告,2025-03-25 00:00:00,1222878933,reports_raw/companies/603_sh_main/603577_汇金通/2024/1222878933.pdf,https://static.cninfo.com.cn/finalpage/2025-03-25/1222878933.PDF
603578,三星新材,2024年年度报告,2025-04-29 00:00:00,1223378681,reports_raw/companies/603_sh_main/603578_三星新材/2024/1223378681.pdf,https://static.cninfo.com.cn/finalpage/2025-04-29/1223378681.PDF
603580,艾艾精工,艾艾精工2024年年度报告,2025-04-29 00:00:00,1223392574,reports_raw/companies/603_sh_main/603580_艾艾精工/2024/1223392574.pdf,https://static.cninfo.com.cn/finalpage/2025-04-29/1223392574.PDF
603583,捷昌驱动,2024年年度报告,2025-04-28 00:00:00,1223347044,reports_raw/companies/603_sh_main/603583_捷昌驱动/2024/1223347044.pdf,https://static.cninfo.com.cn/finalpage/2025-04-28/1223347044.PDF
603586,金麒麟,山东金麒麟股份有限公司2024年年度报告全文,2025-04-26 00:00:00,1223330506,reports_raw/companies/603_sh_main/603586_金麒麟/2024/1223330506.pdf,https://static.cninfo.com.cn/finalpage/2025-04-26/1223330506.PDF
603587,地素时尚,地素时尚2024年年度报告,2025-04-29 00:00:00,1223385908,reports_raw/companies/603_sh_main/603587_地素时尚/2024/1223385908.pdf,https://static.cninfo.com.cn/finalpage/2025-04-29/1223385908.PDF
603588,高能环境,高能环境2024年年度报告,2025-03-20 00:00:00,1222847022,reports_raw/companies/603_sh_main/603588_高能环境/2024/1222847022.pdf,https://static.cninfo.com.cn/finalpage/2025-03-20/1222847022.PDF
603589,口子窖,安徽口子酒业股份有限公司2024年年度报告,2025-04-29 00:00:00,1223370055,reports_raw/companies/603_sh_main/603589_口子窖/2024/1223370055.pdf,https://static.cninfo.com.cn/finalpage/2025-04-29/1223370055.PDF
603590,康辰药业,康辰药业2024年年度报告,2025-04-26 00:00:00,1223328846,reports_raw/companies/603_sh_main/603590_康辰药业/2024/1223328846.pdf,https://static.cninfo.com.cn/finalpage/2025-04-26/1223328846.PDF
603595,东尼电子,东尼电子2024年年度报告,2025-04-19 00:00:00,1223146779,reports_raw/companies/603_sh_main/603595_东尼电子/2024/1223146779.pdf,https://static.cninfo.com.cn/finalpage/2025-04-19/1223146779.PDF
603598,引力传媒,引力传媒：2024年年度报告(修订版2),2025-06-28 00:00:00,1224017438,reports_raw/companies/603_sh_main/603598_引力传媒/2024/1224017438.pdf,https://static.cninfo.com.cn/finalpage/2025-06-28/1224017438.PDF
603599,广信股份,2024年年度报告,2025-04-28 00:00:00,1223347077,reports_raw/companies/603_sh_main/603599_广信股份/2024/1223347077.pdf,https://static.cninfo.com.cn/finalpage/2025-04-28/1223347077.PDF
603602,纵横通信,纵横通信2024年年度报告,2025-04-26 00:00:00,1223328115,reports_raw/companies/603_sh_main/603602_纵横通信/2024/1223328115.pdf,https://static.cninfo.com.cn/finalpage/2025-04-26/1223328115.PDF
603606,东方电缆,东方电缆2024年年度报告,2025-03-27 00:00:00,1222910332,reports_raw/companies/603_sh_main/603606_东方电缆/2024/1222910332.pdf,https://static.cninfo.com.cn/finalpage/2025-03-27/1222910332.PDF
603607,京华激光,京华激光2024年年度报告,2025-04-29 00:00:00,1223378714,reports_raw/companies/603_sh_main/603607_京华激光/2024/1223378714.pdf,https://static.cninfo.com.cn/finalpage/2025-04-29/1223378714.PDF
603608,*ST天创,天创时尚股份有限公司2024年年度报告,2025-04-19 00:00:00,1223153993,reports_raw/companies/603_sh_main/603608_ST天创/2024/1223153993.pdf,https://static.cninfo.com.cn/finalpage/2025-04-19/1223153993.PDF
603609,禾丰股份,禾丰股份2024年年度报告（英文版）,2025-07-23 00:00:00,1224255112,reports_raw/companies/603_sh_main/603609_禾丰股份/2024/1224255112.pdf,https://static.cninfo.com.cn/finalpage/2025-07-23/1224255112.PDF
603610,麒盛科技,麒盛科技2024年年度报告,2025-04-19 00:00:00,1223158473,reports_raw/companies/603_sh_main/603610_麒盛科技/2024/1223158473.pdf,https://static.cninfo.com.cn/finalpage/2025-04-19/1223158473.PDF
603611,诺力股份,诺力股份2024年年度报告,2025-04-28 00:00:00,1223347087,reports_raw/companies/603_sh_main/603611_诺力股份/2024/1223347087.pdf,https://static.cninfo.com.cn/finalpage/2025-04-28/1223347087.PDF
603615,茶花股份,2024年年度报告,2025-03-29 00:00:00,1222943161,reports_raw/companies/603_sh_main/603615_茶花股份/2024/1222943161.pdf,https://static.cninfo.com.cn/finalpage/2025-03-29/1222943161.PDF
603616,韩建河山,韩建河山2024年年度报告,2025-04-30 00:00:00,1223426931,reports_raw/companies/603_sh_main/603616_韩建河山/2024/1223426931.pdf,https://static.cninfo.com.cn/finalpage/2025-04-30/1223426931.PDF
603617,君禾股份,君禾股份2024年年度报告（更正版）,2025-06-14 00:00:00,1223878083,reports_raw/companies/603_sh_main/603617_君禾股份/2024/1223878083.pdf,https://static.cninfo.com.cn/finalpage/2025-06-14/1223878083.PDF
603626,科森科技,2024年年度报告,2025-04-29 00:00:00,1223370079,reports_raw/companies/603_sh_main/603626_科森科技/2024/1223370079.pdf,https://static.cninfo.com.cn/finalpage/2025-04-29/1223370079.PDF
603628,清源股份,2024年年度报告,2025-04-30 00:00:00,1223422933,reports_raw/companies/603_sh_main/603628_清源股份/2024/1223422933.pdf,https://static.cninfo.com.cn/finalpage/2025-04-30/1223422933.PDF
603629,利通电子,603629：利通电子2024年年度报告（更正版）,2025-06-14 00:00:00,1223877797,reports_raw/companies/603_sh_main/603629_利通电子/2024/1223877797.pdf,https://static.cninfo.com.cn/finalpage/2025-06-14/1223877797.PDF
603630,拉芳家化,2024年年度报告,2025-04-29 00:00:00,1223378805,reports_raw/companies/603_sh_main/603630_拉芳家化/2024/1223378805.pdf,https://static.cninfo.com.cn/finalpage/2025-04-29/1223378805.PDF
603633,徕木股份,徕木股份2024年年度报告,2025-04-29 00:00:00,1223370131,reports_raw/companies/603_sh_main/603633_徕木股份/2024/1223370131.pdf,https://static.cninfo.com.cn/finalpage/2025-04-29/1223370131.PDF
603636,南威软件,南威软件：2024年年度报告,2025-04-26 00:00:00,1223331004,reports_raw/companies/603_sh_main/603636_南威软件/2024/1223331004.pdf,https://static.cninfo.com.cn/finalpage/2025-04-26/1223331004.PDF
603637,镇海股份,镇海石化工程股份有限公司2024年年度报告全文,2025-04-18 00:00:00,1223121868,reports_raw/companies/603_sh_main/603637_镇海股份/2024/1223121868.pdf,https://static.cninfo.com.cn/finalpage/2025-04-18/1223121868.PDF
603639,海利尔,海利尔药业集团股份有限公司2024年年度报告,2025-04-29 00:00:00,1223390993,reports_raw/companies/603_sh_main/603639_海利尔/2024/1223390993.pdf,https://static.cninfo.com.cn/finalpage/2025-04-29/1223390993.PDF
603648,畅联股份,上海畅联国际物流股份有限公司2024年年度报告,2025-04-28 00:00:00,1223347140,reports_raw/companies/603_sh_main/603648_畅联股份/2024/1223347140.pdf,https://static.cninfo.com.cn/finalpage/2025-04-28/1223347140.PDF
603650,彤程新材,彤程新材料集团股份有限公司2024年年度报告,2025-04-18 00:00:00,1223159664,reports_raw/companies/603_sh_main/603650_彤程新材/2024/1223159664.pdf,https://static.cninfo.com.cn/finalpage/2025-04-18/1223159664.pdf
603655,朗博科技,2024年年度报告,2025-04-29 00:00:00,1223358784,reports_raw/companies/603_sh_main/603655_朗博科技/2024/1223358784.pdf,https://static.cninfo.com.cn/finalpage/2025-04-29/1223358784.PDF
603656,泰禾智能,泰禾智能2024年年度报告,2025-03-22 00:00:00,1222869377,reports_raw/companies/603_sh_main/603656_泰禾智能/2024/1222869377.pdf,https://static.cninfo.com.cn/finalpage/2025-03-22/1222869377.PDF
603657,春光科技,春光科技2024年年度报告,2025-04-19 00:00:00,1223145925,reports_raw/companies/603_sh_main/603657_春光科技/2024/1223145925.pdf,https://static.cninfo.com.cn/finalpage/2025-04-19/1223145925.PDF
603658,安图生物,安图生物2024年年度报告,2025-04-18 00:00:00,1223121916,reports_raw/companies/603_sh_main/603658_安图生物/2024/1223121916.pdf,https://static.cninfo.com.cn/finalpage/2025-04-18/1223121916.PDF
603659,璞泰来,上海璞泰来新能源科技股份有限公司2024年年度报告,2025-04-26 00:00:00,1223327273,reports_raw/companies/603_sh_main/603659_璞泰来/2024/1223327273.pdf,https://static.cninfo.com.cn/finalpage/2025-04-26/1223327273.PDF
603661,恒林股份,恒林股份2024年年度报告,2025-04-26 00:00:00,1223322820,reports_raw/companies/603_sh_main/603661_恒林股份/2024/1223322820.pdf,https://static.cninfo.com.cn/finalpage/2025-04-26/1223322820.PDF
603662,柯力传感,柯力传感2024年年度报告（更正版）,2025-07-11 00:00:00,1224130636,reports_raw/companies/603_sh_main/603662_柯力传感/2024/1224130636.pdf,https://static.cninfo.com.cn/finalpage/2025-07-11/1224130636.PDF
603666,亿嘉和,亿嘉和科技股份有限公司2024年年度报告,2025-04-26 00:00:00,1223323138,reports_raw/companies/603_sh_main/603666_亿嘉和/2024/1223323138.pdf,https://static.cninfo.com.cn/finalpage/2025-04-26/1223323138.PDF
603667,五洲新春,五洲新春2024年年度报告,2025-04-29 00:00:00,1223385949,reports_raw/companies/603_sh_main/603667_五洲新春/2024/1223385949.pdf,https://static.cninfo.com.cn/finalpage/2025-04-29/1223385949.PDF
603668,天马科技,天马科技2024年年度报告全文,2025-04-30 00:00:00,1223422997,reports_raw/companies/603_sh_main/603668_天马科技/2024/1223422997.pdf,https://static.cninfo.com.cn/finalpage/2025-04-30/1223422997.PDF
603669,灵康药业,2024年年度报告,2025-04-19 00:00:00,1223151797,reports_raw/companies/603_sh_main/603669_灵康药业/2024/1223151797.pdf,https://static.cninfo.com.cn/finalpage/2025-04-19/1223151797.PDF
603677,奇精机械,2024年年度报告,2025-03-22 00:00:00,1222869793,reports_raw/companies/603_sh_main/603677_奇精机械/2024/1222869793.pdf,https://static.cninfo.com.cn/finalpage/2025-03-22/1222869793.PDF
603678,火炬电子,火炬电子2024年年度报告,2025-03-22 00:00:00,1222869828,reports_raw/companies/603_sh_main/603678_火炬电子/2024/1222869828.pdf,https://static.cninfo.com.cn/finalpage/2025-03-22/1222869828.PDF
603680,今创集团,2024年年度报告,2025-04-29 00:00:00,1223378851,reports_raw/companies/603_sh_main/603680_今创集团/2024/1223378851.pdf,https://static.cninfo.com.cn/finalpage/2025-04-29/1223378851.PDF
603681,永冠新材,上海永冠众诚新材料科技（集团）股份有限公司2024年年度报告,2025-04-29 00:00:00,1223385989,reports_raw/companies/603_sh_main/603681_永冠新材/2024/1223385989.pdf,https://static.cninfo.com.cn/finalpage/2025-04-29/1223385989.PDF
603682,锦和商管,上海锦和商业经营管理股份有限公司2024年年度报告,2025-03-29 00:00:00,1222946672,reports_raw/companies/603_sh_main/603682_锦和商管/2024/1222946672.pdf,https://static.cninfo.com.cn/finalpage/2025-03-29/1222946672.PDF
603685,晨丰科技,晨丰科技2024年年度报告全文,2025-04-29 00:00:00,1223379490,reports_raw/companies/603_sh_main/603685_晨丰科技/2024/1223379490.pdf,https://static.cninfo.com.cn/finalpage/2025-04-29/1223379490.PDF
603686,福龙马,福龙马：2024年年度报告,2025-04-29 00:00:00,1223362041,reports_raw/companies/603_sh_main/603686_福龙马/2024/1223362041.pdf,https://static.cninfo.com.cn/finalpage/2025-04-29/1223362041.PDF
603688,石英股份,江苏太平洋石英股份有限公司2024年年度报告,2025-04-26 00:00:00,1223319839,reports_raw/companies/603_sh_main/603688_石英股份/2024/1223319839.pdf,https://static.cninfo.com.cn/finalpage/2025-04-26/1223319839.PDF
603689,皖天然气,2024年年度报告,2025-04-12 00:00:00,1223067328,reports_raw/companies/603_sh_main/603689_皖天然气/2024/1223067328.pdf,https://static.cninfo.com.cn/finalpage/2025-04-12/1223067328.PDF
603690,至纯科技,2024年年度报告,2025-04-29 00:00:00,1223391045,reports_raw/companies/603_sh_main/603690_至纯科技/2024/1223391045.pdf,https://static.cninfo.com.cn/finalpage/2025-04-29/1223391045.PDF
603697,有友食品,有友食品2024年年度报告,2025-03-20 00:00:00,1222847035,reports_raw/companies/603_sh_main/603697_有友食品/2024/1222847035.pdf,https://static.cninfo.com.cn/finalpage/2025-03-20/1222847035.PDF
603700,宁水集团,2024年年度报告,2025-04-10 00:00:00,1223043138,reports_raw/companies/603_sh_main/603700_宁水集团/2024/1223043138.pdf,https://static.cninfo.com.cn/finalpage/2025-04-10/1223043138.PDF
603703,盛洋科技,盛洋科技2024年年度报告,2025-04-18 00:00:00,1223129602,reports_raw/companies/603_sh_main/603703_盛洋科技/2024/1223129602.pdf,https://static.cninfo.com.cn/finalpage/2025-04-18/1223129602.PDF
603707,健友股份,健友股份2024年年度报告,2025-04-29 00:00:00,1223386041,reports_raw/companies/603_sh_main/603707_健友股份/2024/1223386041.pdf,https://static.cninfo.com.cn/finalpage/2025-04-29/1223386041.PDF
603709,中源家居,中源家居股份有限公司2024年年度报告,2025-04-29 00:00:00,1223362418,reports_raw/companies/603_sh_main/603709_中源家居/2024/1223362418.pdf,https://static.cninfo.com.cn/finalpage/2025-04-29/1223362418.PDF
603713,密尔克卫,密尔克卫智能供应链服务集团股份有限公司2024年年度报告,2025-04-15 00:00:00,1223097269,reports_raw/companies/603_sh_main/603713_密尔克卫/2024/1223097269.pdf,https://static.cninfo.com.cn/finalpage/2025-04-15/1223097269.PDF
603716,塞力医疗,2024年年度报告,2025-04-29 00:00:00,1223365969,reports_raw/companies/603_sh_main/603716_塞力医疗/2024/1223365969.pdf,https://static.cninfo.com.cn/finalpage/2025-04-29/1223365969.PDF
603717,天域生物,2024年年度报告,2025-04-16 00:00:00,1223104038,reports_raw/companies/603_sh_main/603717_天域生物/2024/1223104038.pdf,https://static.cninfo.com.cn/finalpage/2025-04-16/1223104038.PDF
603719,良品铺子,良品铺子2024年年度报告,2025-04-29 00:00:00,1223379529,reports_raw/companies/603_sh_main/603719_良品铺子/2024/1223379529.pdf,https://static.cninfo.com.cn/finalpage/2025-04-29/1223379529.PDF
603721,中广天择,中广天择2024年年度报告,2025-04-30 00:00:00,1223423033,reports_raw/companies/603_sh_main/603721_中广天择/2024/1223423033.pdf,https://static.cninfo.com.cn/finalpage/2025-04-30/1223423033.PDF
603722,阿科力,无锡阿科力科技股份有限公司2024年年度报告,2025-04-30 00:00:00,1223410345,reports_raw/companies/603_sh_main/603722_阿科力/2024/1223410345.pdf,https://static.cninfo.com.cn/finalpage/2025-04-30/1223410345.PDF
603725,天安新材,天安新材2024年年度报告,2025-04-17 00:00:00,1223109678,reports_raw/companies/603_sh_main/603725_天安新材/2024/1223109678.pdf,https://static.cninfo.com.cn/finalpage/2025-04-17/1223109678.PDF
603726,朗迪集团,2024年年度报告,2025-04-29 00:00:00,1223379569,reports_raw/companies/603_sh_main/603726_朗迪集团/2024/1223379569.pdf,https://static.cninfo.com.cn/finalpage/2025-04-29/1223379569.PDF
603727,博迈科,博迈科海洋工程股份有限公司2024年年度报告,2025-03-21 00:00:00,1222855917,reports_raw/companies/603_sh_main/603727_博迈科/2024/1222855917.pdf,https://static.cninfo.com.cn/finalpage/2025-03-21/1222855917.PDF
603728,鸣志电器,鸣志电器2024年年度报告全文,2025-04-26 00:00:00,1223327773,reports_raw/companies/603_sh_main/603728_鸣志电器/2024/1223327773.pdf,https://static.cninfo.com.cn/finalpage/2025-04-26/1223327773.PDF
603729,龙韵股份,上海龙韵文创科技集团股份有限公司2024年年度报告,2025-04-19 00:00:00,1223157839,reports_raw/companies/603_sh_main/603729_龙韵股份/2024/1223157839.pdf,https://static.cninfo.com.cn/finalpage/2025-04-19/1223157839.PDF
603730,岱美股份,上海岱美汽车内饰件股份有限公司2024年年度报告,2025-04-30 00:00:00,1223416541,reports_raw/companies/603_sh_main/603730_岱美股份/2024/1223416541.pdf,https://static.cninfo.com.cn/finalpage/2025-04-30/1223416541.PDF
603733,仙鹤股份,仙鹤股份2024年年度报告,2025-04-29 00:00:00,1223379633,reports_raw/companies/603_sh_main/603733_仙鹤股份/2024/1223379633.pdf,https://static.cninfo.com.cn/finalpage/2025-04-29/1223379633.PDF
603738,泰晶科技,泰晶科技股份有限公司2024年年度报告,2025-04-29 00:00:00,1223370198,reports_raw/companies/603_sh_main/603738_泰晶科技/2024/1223370198.pdf,https://static.cninfo.com.cn/finalpage/2025-04-29/1223370198.PDF
603739,蔚蓝生物,青岛蔚蓝生物股份有限公司2024年年度报告,2025-04-26 00:00:00,1223325709,reports_raw/companies/603_sh_main/603739_蔚蓝生物/2024/1223325709.pdf,https://static.cninfo.com.cn/finalpage/2025-04-26/1223325709.PDF
603757,大元泵业,浙江大元泵业股份有限公司2024年年度报告,2025-04-28 00:00:00,1223347175,reports_raw/companies/603_sh_main/603757_大元泵业/2024/1223347175.pdf,https://static.cninfo.com.cn/finalpage/2025-04-28/1223347175.PDF
603758,秦安股份,秦安股份2024年年度报告,2025-03-22 00:00:00,1222867227,reports_raw/companies/603_sh_main/603758_秦安股份/2024/1222867227.pdf,https://static.cninfo.com.cn/finalpage/2025-03-22/1222867227.PDF
603759,海天股份,海天股份2024年年度报告,2025-03-06 00:00:00,1222721960,reports_raw/companies/603_sh_main/603759_海天股份/2024/1222721960.pdf,https://static.cninfo.com.cn/finalpage/2025-03-06/1222721960.PDF
603766,隆鑫通用,隆鑫通用动力股份有限公司2024年年度报告,2025-04-29 00:00:00,1223357821,reports_raw/companies/603_sh_main/603766_隆鑫通用/2024/1223357821.pdf,https://static.cninfo.com.cn/finalpage/2025-04-29/1223357821.PDF
603767,中马传动,2024年年度报告,2025-04-03 00:00:00,1222993146,reports_raw/companies/603_sh_main/603767_中马传动/2024/1222993146.pdf,https://static.cninfo.com.cn/finalpage/2025-04-03/1222993146.PDF
603768,常青股份,常青股份2024年年度报告,2025-04-28 00:00:00,1223347197,reports_raw/companies/603_sh_main/603768_常青股份/2024/1223347197.pdf,https://static.cninfo.com.cn/finalpage/2025-04-28/1223347197.PDF
603776,永安行,永安行：2024年年度报告,2025-04-12 00:00:00,1223073071,reports_raw/companies/603_sh_main/603776_永安行/2024/1223073071.pdf,https://static.cninfo.com.cn/finalpage/2025-04-12/1223073071.PDF
603777,来伊份,2024年年度报告,2025-04-29 00:00:00,1223386078,reports_raw/companies/603_sh_main/603777_来伊份/2024/1223386078.pdf,https://static.cninfo.com.cn/finalpage/2025-04-29/1223386078.PDF
603778,国晟科技,2024年年度报告,2025-04-26 00:00:00,1223331116,reports_raw/companies/603_sh_main/603778_国晟科技/2024/1223331116.pdf,https://static.cninfo.com.cn/finalpage/2025-04-26/1223331116.PDF
603779,威龙股份,威龙葡萄酒股份有限公司2024年年度报告,2025-04-29 00:00:00,1223386316,reports_raw/companies/603_sh_main/603779_威龙股份/2024/1223386316.pdf,https://static.cninfo.com.cn/finalpage/2025-04-29/1223386316.PDF
603789,星光农机,星光农机2024年年度报告,2025-04-30 00:00:00,1223423063,reports_raw/companies/603_sh_main/603789_星光农机/2024/1223423063.pdf,https://static.cninfo.com.cn/finalpage/2025-04-30/1223423063.PDF
603797,联泰环保,广东联泰环保股份有限公司2024年年度报告,2025-04-29 00:00:00,1223386342,reports_raw/companies/603_sh_main/603797_联泰环保/2024/1223386342.pdf,https://static.cninfo.com.cn/finalpage/2025-04-29/1223386342.PDF
603798,康普顿,青岛康普顿科技股份有限公司2024年年度报告全文,2025-04-30 00:00:00,1223423143,reports_raw/companies/603_sh_main/603798_康普顿/2024/1223423143.pdf,https://static.cninfo.com.cn/finalpage/2025-04-30/1223423143.PDF
603799,华友钴业,华友钴业2024年年度报告,2025-04-19 00:00:00,1223152968,reports_raw/companies/603_sh_main/603799_华友钴业/2024/1223152968.pdf,https://static.cninfo.com.cn/finalpage/2025-04-19/1223152968.PDF
603803,瑞斯康达,公司2024年年度报告,2025-04-26 00:00:00,1223327514,reports_raw/companies/603_sh_main/603803_瑞斯康达/2024/1223327514.pdf,https://static.cninfo.com.cn/finalpage/2025-04-26/1223327514.PDF
603806,福斯特,福斯特2024年年度报告,2025-04-10 00:00:00,1223042603,reports_raw/companies/603_sh_main/603806_福斯特/2024/1223042603.pdf,https://static.cninfo.com.cn/finalpage/2025-04-10/1223042603.PDF
603808,歌力思,2024年年度报告,2025-04-29 00:00:00,1223379681,reports_raw/companies/603_sh_main/603808_歌力思/2024/1223379681.pdf,https://static.cninfo.com.cn/finalpage/2025-04-29/1223379681.PDF
603809,豪能股份,2024年年度报告,2025-03-22 00:00:00,1222866524,reports_raw/companies/603_sh_main/603809_豪能股份/2024/1222866524.pdf,https://static.cninfo.com.cn/finalpage/2025-03-22/1222866524.PDF
603810,丰山集团,2024年年度报告,2025-04-29 00:00:00,1223386430,reports_raw/companies/603_sh_main/603810_丰山集团/2024/1223386430.pdf,https://static.cninfo.com.cn/finalpage/2025-04-29/1223386430.PDF
603811,诚意药业,浙江诚意药业股份有限公司2024年年度报告,2025-04-30 00:00:00,1223406993,reports_raw/companies/603_sh_main/603811_诚意药业/2024/1223406993.pdf,https://static.cninfo.com.cn/finalpage/2025-04-30/1223406993.PDF
603813,原尚股份,原尚股份2024年年度报告,2025-04-29 00:00:00,1223370226,reports_raw/companies/603_sh_main/603813_原尚股份/2024/1223370226.pdf,https://static.cninfo.com.cn/finalpage/2025-04-29/1223370226.PDF
603815,交建股份,安徽省交通建设股份有限公司2024年年度报告,2025-04-29 00:00:00,1223362442,reports_raw/companies/603_sh_main/603815_交建股份/2024/1223362442.pdf,https://static.cninfo.com.cn/finalpage/2025-04-29/1223362442.PDF
603816,顾家家居,顾家家居2024年年度报告,2025-04-29 00:00:00,1223386613,reports_raw/companies/603_sh_main/603816_顾家家居/2024/1223386613.pdf,https://static.cninfo.com.cn/finalpage/2025-04-29/1223386613.PDF
603818,曲美家居,2024年年度报告,2025-04-30 00:00:00,1223416584,reports_raw/companies/603_sh_main/603818_曲美家居/2024/1223416584.pdf,https://static.cninfo.com.cn/finalpage/2025-04-30/1223416584.PDF
603819,神力股份,神力股份：2024年年度报告,2025-04-29 00:00:00,1223386627,reports_raw/companies/603_sh_main/603819_神力股份/2024/1223386627.pdf,https://static.cninfo.com.cn/finalpage/2025-04-29/1223386627.PDF
603822,嘉澳环保,2024年年度报告,2025-04-29 00:00:00,1223386657,reports_raw/companies/603_sh_main/603822_嘉澳环保/2024/1223386657.pdf,https://static.cninfo.com.cn/finalpage/2025-04-29/1223386657.PDF
603825,华扬联众,华扬联众数字技术股份有限公司2024年年度报告,2025-04-29 00:00:00,1223386673,reports_raw/companies/603_sh_main/603825_华扬联众/2024/1223386673.pdf,https://static.cninfo.com.cn/finalpage/2025-04-29/1223386673.PDF
603826,坤彩科技,2024年年度报告,2025-04-26 00:00:00,1223322136,reports_raw/companies/603_sh_main/603826_坤彩科技/2024/1223322136.pdf,https://static.cninfo.com.cn/finalpage/2025-04-26/1223322136.PDF
603836,海程邦达,2024年年度报告,2025-04-18 00:00:00,1223123207,reports_raw/companies/603_sh_main/603836_海程邦达/2024/1223123207.pdf,https://static.cninfo.com.cn/finalpage/2025-04-18/1223123207.PDF
603838,四通股份,四通股份2024年年度报告,2025-04-29 00:00:00,1223370287,reports_raw/companies/603_sh_main/603838_四通股份/2024/1223370287.pdf,https://static.cninfo.com.cn/finalpage/2025-04-29/1223370287.PDF
603839,安正时尚,安正时尚集团股份有限公司2024年年度报告,2025-04-30 00:00:00,1223416619,reports_raw/companies/603_sh_main/603839_安正时尚/2024/1223416619.pdf,https://static.cninfo.com.cn/finalpage/2025-04-30/1223416619.PDF
603843,正平股份,正平股份2024年年度报告,2025-04-30 00:00:00,1223426983,reports_raw/companies/603_sh_main/603843_正平股份/2024/1223426983.pdf,https://static.cninfo.com.cn/finalpage/2025-04-30/1223426983.PDF
603855,华荣股份,2024年年度报告,2025-03-28 00:00:00,1222922420,reports_raw/companies/603_sh_main/603855_华荣股份/2024/1222922420.pdf,https://static.cninfo.com.cn/finalpage/2025-03-28/1222922420.pdf
603858,步长制药,山东步长制药股份有限公司2024年年度报告,2025-04-26 00:00:00,1223325841,reports_raw/companies/603_sh_main/603858_步长制药/2024/1223325841.pdf,https://static.cninfo.com.cn/finalpage/2025-04-26/1223325841.PDF
603860,中公高科,中公高科2024年年度报告,2025-03-18 00:00:00,1222820975,reports_raw/companies/603_sh_main/603860_中公高科/2024/1222820975.pdf,https://static.cninfo.com.cn/finalpage/2025-03-18/1222820975.PDF
603861,白云电器,白云电器2024年年度报告,2025-04-30 00:00:00,1223423180,reports_raw/companies/603_sh_main/603861_白云电器/2024/1223423180.pdf,https://static.cninfo.com.cn/finalpage/2025-04-30/1223423180.PDF
603863,松炀资源,广东松炀再生资源股份有限公司2024年年度报告,2025-04-30 00:00:00,1223416646,reports_raw/companies/603_sh_main/603863_松炀资源/2024/1223416646.pdf,https://static.cninfo.com.cn/finalpage/2025-04-30/1223416646.PDF
603866,桃李面包,桃李面包2024年年度报告,2025-03-21 00:00:00,1222856789,reports_raw/companies/603_sh_main/603866_桃李面包/2024/1222856789.pdf,https://static.cninfo.com.cn/finalpage/2025-03-21/1222856789.PDF
603867,新化股份,新化股份2024年年度报告,2025-05-15 00:00:00,1223542602,reports_raw/companies/603_sh_main/603867_新化股份/2024/1223542602.pdf,https://static.cninfo.com.cn/finalpage/2025-05-15/1223542602.PDF
603868,飞科电器,上海飞科电器股份有限公司2024年年度报告,2025-04-30 00:00:00,1223423209,reports_raw/companies/603_sh_main/603868_飞科电器/2024/1223423209.pdf,https://static.cninfo.com.cn/finalpage/2025-04-30/1223423209.PDF
603869,ST智知,新智认知数字科技股份有限公司2024年年度报告,2025-04-29 00:00:00,1223386713,reports_raw/companies/603_sh_main/603869_ST智知/2024/1223386713.pdf,https://static.cninfo.com.cn/finalpage/2025-04-29/1223386713.PDF
603876,鼎胜新材,江苏鼎胜新能源材料股份有限公司2024年年度报告,2025-04-29 00:00:00,1223362461,reports_raw/companies/603_sh_main/603876_鼎胜新材/2024/1223362461.pdf,https://static.cninfo.com.cn/finalpage/2025-04-29/1223362461.PDF
603877,太平鸟,2024年年度报告,2025-03-28 00:00:00,1222923564,reports_raw/companies/603_sh_main/603877_太平鸟/2024/1222923564.pdf,https://static.cninfo.com.cn/finalpage/2025-03-28/1222923564.PDF
603878,武进不锈,江苏武进不锈股份有限公司2024年年度报告,2025-04-28 00:00:00,1223347243,reports_raw/companies/603_sh_main/603878_武进不锈/2024/1223347243.pdf,https://static.cninfo.com.cn/finalpage/2025-04-28/1223347243.PDF
603879,ST永悦,永悦科技股份有限公司2024年年度报告,2025-04-03 00:00:00,1222993760,reports_raw/companies/603_sh_main/603879_ST永悦/2024/1222993760.pdf,https://static.cninfo.com.cn/finalpage/2025-04-03/1222993760.PDF
603880,南卫股份,南卫股份2024年年度报告,2025-04-30 00:00:00,1223427006,reports_raw/companies/603_sh_main/603880_南卫股份/2024/1223427006.pdf,https://static.cninfo.com.cn/finalpage/2025-04-30/1223427006.PDF
603881,数据港,上海数据港股份有限公司2024年年度报告,2025-03-22 00:00:00,1222868663,reports_raw/companies/603_sh_main/603881_数据港/2024/1222868663.pdf,https://static.cninfo.com.cn/finalpage/2025-03-22/1222868663.PDF
603882,金域医学,广州金域医学检验集团股份有限公司2024年年度报告,2025-04-26 00:00:00,1223325500,reports_raw/companies/603_sh_main/603882_金域医学/2024/1223325500.pdf,https://static.cninfo.com.cn/finalpage/2025-04-26/1223325500.PDF
603883,老百姓,老百姓2024年年度报告,2025-04-30 00:00:00,1223423272,reports_raw/companies/603_sh_main/603883_老百姓/2024/1223423272.pdf,https://static.cninfo.com.cn/finalpage/2025-04-30/1223423272.PDF
603886,元祖股份,元祖股份2024年年度报告,2025-03-26 00:00:00,1222895703,reports_raw/companies/603_sh_main/603886_元祖股份/2024/1222895703.pdf,https://static.cninfo.com.cn/finalpage/2025-03-26/1222895703.PDF
603887,城地香江,城地香江2024年年度报告（更正版）,2025-07-15 00:00:00,1224164759,reports_raw/companies/603_sh_main/603887_城地香江/2024/1224164759.pdf,https://static.cninfo.com.cn/finalpage/2025-07-15/1224164759.PDF
603889,新澳股份,新澳股份2024年年度报告,2025-04-18 00:00:00,1223127948,reports_raw/companies/603_sh_main/603889_新澳股份/2024/1223127948.pdf,https://static.cninfo.com.cn/finalpage/2025-04-18/1223127948.PDF
603896,寿仙谷,寿仙谷2024年年度报告,2025-04-18 00:00:00,1223130837,reports_raw/companies/603_sh_main/603896_寿仙谷/2024/1223130837.pdf,https://static.cninfo.com.cn/finalpage/2025-04-18/1223130837.PDF
603897,长城科技,长城科技2024年年度报告,2025-04-02 00:00:00,1222980763,reports_raw/companies/603_sh_main/603897_长城科技/2024/1222980763.pdf,https://static.cninfo.com.cn/finalpage/2025-04-02/1222980763.PDF
603898,好莱客,广州好莱客创意家居股份有限公司2024年年度报告,2025-04-29 00:00:00,1223356573,reports_raw/companies/603_sh_main/603898_好莱客/2024/1223356573.pdf,https://static.cninfo.com.cn/finalpage/2025-04-29/1223356573.PDF
603899,晨光股份,上海晨光文具股份有限公司2024年年度报告,2025-03-26 00:00:00,1222895351,reports_raw/companies/603_sh_main/603899_晨光股份/2024/1222895351.pdf,https://static.cninfo.com.cn/finalpage/2025-03-26/1222895351.PDF
603906,龙蟠科技,江苏龙蟠科技股份有限公司2024年年度报告,2025-03-29 00:00:00,1222951920,reports_raw/companies/603_sh_main/603906_龙蟠科技/2024/1222951920.pdf,https://static.cninfo.com.cn/finalpage/2025-03-29/1222951920.PDF
603908,牧高笛,牧高笛户外用品股份有限公司2024年年度报告,2025-04-29 00:00:00,1223386764,reports_raw/companies/603_sh_main/603908_牧高笛/2024/1223386764.pdf,https://static.cninfo.com.cn/finalpage/2025-04-29/1223386764.PDF
603909,建发合诚,建发合诚2024年年度报告,2025-03-22 00:00:00,1222866157,reports_raw/companies/603_sh_main/603909_建发合诚/2024/1222866157.pdf,https://static.cninfo.com.cn/finalpage/2025-03-22/1222866157.PDF
603912,佳力图,603912：佳力图2024年年度报告,2025-03-22 00:00:00,1222866188,reports_raw/companies/603_sh_main/603912_佳力图/2024/1222866188.pdf,https://static.cninfo.com.cn/finalpage/2025-03-22/1222866188.PDF
603915,国茂股份,国茂股份2024年年度报告,2025-04-29 00:00:00,1223380152,reports_raw/companies/603_sh_main/603915_国茂股份/2024/1223380152.pdf,https://static.cninfo.com.cn/finalpage/2025-04-29/1223380152.PDF
603916,苏博特,2024年年度报告,2025-04-29 00:00:00,1223380178,reports_raw/companies/603_sh_main/603916_苏博特/2024/1223380178.pdf,https://static.cninfo.com.cn/finalpage/2025-04-29/1223380178.PDF
603918,金桥信息,2024年年度报告,2025-04-19 00:00:00,1223147434,reports_raw/companies/603_sh_main/603918_金桥信息/2024/1223147434.pdf,https://static.cninfo.com.cn/finalpage/2025-04-19/1223147434.PDF
603919,金徽酒,金徽酒股份有限公司2024年年度报告,2025-03-22 00:00:00,1222870156,reports_raw/companies/603_sh_main/603919_金徽酒/2024/1222870156.pdf,https://static.cninfo.com.cn/finalpage/2025-03-22/1222870156.PDF
603920,世运电路,世运电路2024年年度报告,2025-04-16 00:00:00,1223102435,reports_raw/companies/603_sh_main/603920_世运电路/2024/1223102435.pdf,https://static.cninfo.com.cn/finalpage/2025-04-16/1223102435.PDF
603922,金鸿顺,金鸿顺2024年年度报告,2025-04-30 00:00:00,1223423312,reports_raw/companies/603_sh_main/603922_金鸿顺/2024/1223423312.pdf,https://static.cninfo.com.cn/finalpage/2025-04-30/1223423312.PDF
603927,中科软,中科软2024年年度报告,2025-04-12 00:00:00,1223072507,reports_raw/companies/603_sh_main/603927_中科软/2024/1223072507.pdf,https://static.cninfo.com.cn/finalpage/2025-04-12/1223072507.PDF
603928,兴业股份,兴业股份2024年年度报告,2025-04-29 00:00:00,1223380239,reports_raw/companies/603_sh_main/603928_兴业股份/2024/1223380239.pdf,https://static.cninfo.com.cn/finalpage/2025-04-29/1223380239.PDF
603936,博敏电子,博敏电子2024年年度报告,2025-04-26 00:00:00,1223322160,reports_raw/companies/603_sh_main/603936_博敏电子/2024/1223322160.pdf,https://static.cninfo.com.cn/finalpage/2025-04-26/1223322160.PDF
603938,三孚股份,三孚股份：2024年年度报告,2025-04-16 00:00:00,1223100095,reports_raw/companies/603_sh_main/603938_三孚股份/2024/1223100095.pdf,https://static.cninfo.com.cn/finalpage/2025-04-16/1223100095.PDF
603939,益丰药房,益丰药房2024年年度报告（英文版）,2025-04-29 00:00:00,1223386869,reports_raw/companies/603_sh_main/603939_益丰药房/2024/1223386869.pdf,https://static.cninfo.com.cn/finalpage/2025-04-29/1223386869.PDF
603949,雪龙集团,雪龙集团股份有限公司2024年年度报告,2025-03-28 00:00:00,1222925867,reports_raw/companies/603_sh_main/603949_雪龙集团/2024/1222925867.pdf,https://static.cninfo.com.cn/finalpage/2025-03-28/1222925867.PDF
603950,长源东谷,襄阳长源东谷实业股份有限公司2024年年度报告,2025-03-29 00:00:00,1222945783,reports_raw/companies/603_sh_main/603950_长源东谷/2024/1222945783.pdf,https://static.cninfo.com.cn/finalpage/2025-03-29/1222945783.PDF
603955,大千生态,大千生态2024年年度报告,2025-03-27 00:00:00,1222912601,reports_raw/companies/603_sh_main/603955_大千生态/2024/1222912601.pdf,https://static.cninfo.com.cn/finalpage/2025-03-27/1222912601.PDF
603958,哈森股份,2024年年度报告,2025-04-29 00:00:00,1223380262,reports_raw/companies/603_sh_main/603958_哈森股份/2024/1223380262.pdf,https://static.cninfo.com.cn/finalpage/2025-04-29/1223380262.PDF
603959,ST百利,湖南百利工程科技股份有限公司2024年年度报告,2025-04-30 00:00:00,1223423399,reports_raw/companies/603_sh_main/603959_ST百利/2024/1223423399.pdf,https://static.cninfo.com.cn/finalpage/2025-04-30/1223423399.PDF
603960,克来机电,克来机电2024年年度报告,2025-04-26 00:00:00,1223326280,reports_raw/companies/603_sh_main/603960_克来机电/2024/1223326280.pdf,https://static.cninfo.com.cn/finalpage/2025-04-26/1223326280.PDF
603967,中创物流,中创物流股份有限公司2024年年度报告,2025-03-29 00:00:00,1222942563,reports_raw/companies/603_sh_main/603967_中创物流/2024/1222942563.pdf,https://static.cninfo.com.cn/finalpage/2025-03-29/1222942563.PDF
603970,中农立华,中农立华2024年年度报告,2025-04-18 00:00:00,1223127526,reports_raw/companies/603_sh_main/603970_中农立华/2024/1223127526.pdf,https://static.cninfo.com.cn/finalpage/2025-04-18/1223127526.PDF
603976,正川股份,2024年年度报告,2025-04-10 00:00:00,1223043683,reports_raw/companies/603_sh_main/603976_正川股份/2024/1223043683.pdf,https://static.cninfo.com.cn/finalpage/2025-04-10/1223043683.PDF
603977,国泰集团,江西国泰集团股份有限公司2024年年度报告全文,2025-04-18 00:00:00,1223124626,reports_raw/companies/603_sh_main/603977_国泰集团/2024/1223124626.pdf,https://static.cninfo.com.cn/finalpage/2025-04-18/1223124626.PDF
603980,吉华集团,吉华集团2024年年度报告,2025-04-29 00:00:00,1223386878,reports_raw/companies/603_sh_main/603980_吉华集团/2024/1223386878.pdf,https://static.cninfo.com.cn/finalpage/2025-04-29/1223386878.PDF
603983,丸美生物,广东丸美生物技术股份有限公司2024年年度报告,2025-04-26 00:00:00,1223320239,reports_raw/companies/603_sh_main/603983_丸美生物/2024/1223320239.pdf,https://static.cninfo.com.cn/finalpage/2025-04-26/1223320239.PDF
603985,恒润股份,江阴市恒润重工股份有限公司2024年年度报告,2025-03-29 00:00:00,1222951753,reports_raw/companies/603_sh_main/603985_恒润股份/2024/1222951753.pdf,https://static.cninfo.com.cn/finalpage/2025-03-29/1222951753.PDF
603987,康德莱,上海康德莱企业发展集团股份有限公司2024年年度报告,2025-04-19 00:00:00,1223146804,reports_raw/companies/603_sh_main/603987_康德莱/2024/1223146804.pdf,https://static.cninfo.com.cn/finalpage/2025-04-19/1223146804.PDF
603988,中电电机,中电电机2024年年度报告,2025-04-19 00:00:00,1223156480,reports_raw/companies/603_sh_main/603988_中电电机/2024/1223156480.pdf,https://static.cninfo.com.cn/finalpage/2025-04-19/1223156480.PDF
603989,艾华集团,湖南艾华集团股份有限公司2024年年度报告,2025-04-30 00:00:00,1223416714,reports_raw/companies/603_sh_main/603989_艾华集团/2024/1223416714.pdf,https://static.cninfo.com.cn/finalpage/2025-04-30/1223416714.PDF
603990,麦迪科技,苏州麦迪斯顿医疗科技股份有限公司2024年年度报告,2025-04-30 00:00:00,1223427093,reports_raw/companies/603_sh_main/603990_麦迪科技/2024/1223427093.pdf,https://static.cninfo.com.cn/finalpage/2025-04-30/1223427093.PDF
603991,至正股份,至正股份2024年年度报告,2025-04-16 00:00:00,1223103940,reports_raw/companies/603_sh_main/603991_至正股份/2024/1223103940.pdf,https://static.cninfo.com.cn/finalpage/2025-04-16/1223103940.PDF
603992,松霖科技,2024年年度报告,2025-03-31 00:00:00,1222962236,reports_raw/companies/603_sh_main/603992_松霖科技/2024/1222962236.pdf,https://static.cninfo.com.cn/finalpage/2025-03-31/1222962236.PDF
603993,洛阳钼业,洛阳钼业2024年年度报告,2025-03-22 00:00:00,1222869207,reports_raw/companies/603_sh_main/603993_洛阳钼业/2024/1222869207.pdf,https://static.cninfo.com.cn/finalpage/2025-03-22/1222869207.PDF
603995,甬金股份,2024年年度报告,2025-04-10 00:00:00,1223046413,reports_raw/companies/603_sh_main/603995_甬金股份/2024/1223046413.pdf,https://static.cninfo.com.cn/finalpage/2025-04-10/1223046413.PDF
603997,继峰股份,继峰股份2024年年度报告,2025-03-29 00:00:00,1222941430,reports_raw/companies/603_sh_main/603997_继峰股份/2024/1222941430.pdf,https://static.cninfo.com.cn/finalpage/2025-03-29/1222941430.PDF
603998,方盛制药,湖南方盛制药股份有限公司2024年年度报告,2025-04-29 00:00:00,1223386938,reports_raw/companies/603_sh_main/603998_方盛制药/2024/1223386938.pdf,https://static.cninfo.com.cn/finalpage/2025-04-29/1223386938.PDF
603999,读者传媒,读者出版传媒股份有限公司2024年年度报告,2025-03-28 00:00:00,1222929651,reports_raw/companies/603_sh_main/603999_读者传媒/2024/1222929651.pdf,https://static.cninfo.com.cn/finalpage/2025-03-28/1222929651.PDF
605006,山东玻纤,山东玻纤集团股份有限公司2024年年度报告,2025-04-09 00:00:00,1223033185,reports_raw/companies/605_sh_main/605006_山东玻纤/2024/1223033185.pdf,https://static.cninfo.com.cn/finalpage/2025-04-09/1223033185.PDF
605007,五洲特纸,五洲特种纸业集团股份有限公司2024年年度报告,2025-04-11 00:00:00,1223055602,reports_raw/companies/605_sh_main/605007_五洲特纸/2024/1223055602.pdf,https://static.cninfo.com.cn/finalpage/2025-04-11/1223055602.PDF
605008,长鸿高科,2024年年度报告,2025-03-20 00:00:00,1222846193,reports_raw/companies/605_sh_main/605008_长鸿高科/2024/1222846193.pdf,https://static.cninfo.com.cn/finalpage/2025-03-20/1222846193.PDF
605009,豪悦护理,杭州豪悦护理用品股份有限公司2024年年度报告,2025-04-15 00:00:00,1223094654,reports_raw/companies/605_sh_main/605009_豪悦护理/2024/1223094654.pdf,https://static.cninfo.com.cn/finalpage/2025-04-15/1223094654.PDF
605011,杭州热电,杭州热电集团股份有限公司2024年年度报告,2025-04-19 00:00:00,1223155113,reports_raw/companies/605_sh_main/605011_杭州热电/2024/1223155113.pdf,https://static.cninfo.com.cn/finalpage/2025-04-19/1223155113.PDF
605028,世茂能源,宁波世茂能源股份有限公司2024年年度报告,2025-03-19 00:00:00,1222834648,reports_raw/companies/605_sh_main/605028_世茂能源/2024/1222834648.pdf,https://static.cninfo.com.cn/finalpage/2025-03-19/1222834648.PDF
605055,迎丰股份,迎丰股份2024年年度报告,2025-04-30 00:00:00,1223410931,reports_raw/companies/605_sh_main/605055_迎丰股份/2024/1223410931.pdf,https://static.cninfo.com.cn/finalpage/2025-04-30/1223410931.PDF
605058,澳弘电子,澳弘电子2024年年度报告,2025-03-18 00:00:00,1222823076,reports_raw/companies/605_sh_main/605058_澳弘电子/2024/1222823076.pdf,https://static.cninfo.com.cn/finalpage/2025-03-18/1222823076.pdf
605066,天正电气,2024年年度报告,2025-03-29 00:00:00,1222945303,reports_raw/companies/605_sh_main/605066_天正电气/2024/1222945303.pdf,https://static.cninfo.com.cn/finalpage/2025-03-29/1222945303.PDF
605069,正和生态,2024年年度报告,2025-04-30 00:00:00,1223423440,reports_raw/companies/605_sh_main/605069_正和生态/2024/1223423440.pdf,https://static.cninfo.com.cn/finalpage/2025-04-30/1223423440.PDF
605077,华康股份,华康股份2024年年度报告,2025-02-28 00:00:00,1222662617,reports_raw/companies/605_sh_main/605077_华康股份/2024/1222662617.pdf,https://static.cninfo.com.cn/finalpage/2025-02-28/1222662617.PDF
605080,浙江自然,浙江自然2024年年度报告,2025-04-29 00:00:00,1223380347,reports_raw/companies/605_sh_main/605080_浙江自然/2024/1223380347.pdf,https://static.cninfo.com.cn/finalpage/2025-04-29/1223380347.PDF
605081,太和水,上海太和水科技发展股份有限公司2024年年度报告,2025-04-26 00:00:00,1223331429,reports_raw/companies/605_sh_main/605081_太和水/2024/1223331429.pdf,https://static.cninfo.com.cn/finalpage/2025-04-26/1223331429.PDF
605086,龙高股份,龙岩高岭土股份有限公司2024年年度报告,2025-04-10 00:00:00,1223046118,reports_raw/companies/605_sh_main/605086_龙高股份/2024/1223046118.pdf,https://static.cninfo.com.cn/finalpage/2025-04-10/1223046118.PDF
605088,冠盛股份,2024年年度报告,2025-03-29 00:00:00,1222947854,reports_raw/companies/605_sh_main/605088_冠盛股份/2024/1222947854.pdf,https://static.cninfo.com.cn/finalpage/2025-03-29/1222947854.PDF
605089,味知香,2024年年度报告,2025-04-29 00:00:00,1223380638,reports_raw/companies/605_sh_main/605089_味知香/2024/1223380638.pdf,https://static.cninfo.com.cn/finalpage/2025-04-29/1223380638.PDF
605090,九丰能源,2024年年度报告,2025-04-18 00:00:00,1223124690,reports_raw/companies/605_sh_main/605090_九丰能源/2024/1223124690.pdf,https://static.cninfo.com.cn/finalpage/2025-04-18/1223124690.PDF
605098,行动教育,2024年年度报告,2025-04-15 00:00:00,1223094441,reports_raw/companies/605_sh_main/605098_行动教育/2024/1223094441.pdf,https://static.cninfo.com.cn/finalpage/2025-04-15/1223094441.PDF
605099,共创草坪,2024年年度报告,2025-04-28 00:00:00,1223347273,reports_raw/companies/605_sh_main/605099_共创草坪/2024/1223347273.pdf,https://static.cninfo.com.cn/finalpage/2025-04-28/1223347273.PDF
605100,华丰股份,华丰动力股份有限公司2024年年度报告（更新后）,2025-04-30 00:00:00,1223405825,reports_raw/companies/605_sh_main/605100_华丰股份/2024/1223405825.pdf,https://static.cninfo.com.cn/finalpage/2025-04-30/1223405825.PDF
605108,同庆楼,同庆楼2024年年度报告,2025-04-29 00:00:00,1223491964,reports_raw/companies/605_sh_main/605108_同庆楼/2024/1223491964.pdf,https://static.cninfo.com.cn/finalpage/2025-04-29/1223491964.pdf
605117,德业股份,2024年年度报告,2025-04-30 00:00:00,1223427135,reports_raw/companies/605_sh_main/605117_德业股份/2024/1223427135.pdf,https://static.cninfo.com.cn/finalpage/2025-04-30/1223427135.PDF
605122,四方新材,重庆四方新材股份有限公司2024年年度报告,2025-04-29 00:00:00,1223387021,reports_raw/companies/605_sh_main/605122_四方新材/2024/1223387021.pdf,https://static.cninfo.com.cn/finalpage/2025-04-29/1223387021.PDF
605123,派克新材,派克新材2024年年度报告,2025-04-29 00:00:00,1223359731,reports_raw/companies/605_sh_main/605123_派克新材/2024/1223359731.pdf,https://static.cninfo.com.cn/finalpage/2025-04-29/1223359731.PDF
605128,上海沿浦,上海沿浦金属制品股份有限公司2024年年度报告,2025-03-28 00:00:00,1222928511,reports_raw/companies/605_sh_main/605128_上海沿浦/2024/1222928511.pdf,https://static.cninfo.com.cn/finalpage/2025-03-28/1222928511.PDF
605133,嵘泰股份,嵘泰股份2024年年度报告,2025-04-19 00:00:00,1223151206,reports_raw/companies/605_sh_main/605133_嵘泰股份/2024/1223151206.pdf,https://static.cninfo.com.cn/finalpage/2025-04-19/1223151206.PDF
605136,丽人丽妆,上海丽人丽妆化妆品股份有限公司2024年年度报告,2025-03-28 00:00:00,1222925909,reports_raw/companies/605_sh_main/605136_丽人丽妆/2024/1222925909.pdf,https://static.cninfo.com.cn/finalpage/2025-03-28/1222925909.PDF
605155,西大门,2024年年度报告,2025-03-29 00:00:00,1222948343,reports_raw/companies/605_sh_main/605155_西大门/2024/1222948343.pdf,https://static.cninfo.com.cn/finalpage/2025-03-29/1222948343.PDF
605162,新中港,2024年年度报告,2025-04-30 00:00:00,1223407043,reports_raw/companies/605_sh_main/605162_新中港/2024/1223407043.pdf,https://static.cninfo.com.cn/finalpage/2025-04-30/1223407043.PDF
605166,聚合顺,聚合顺新材料股份有限公司2024年年度报告,2025-04-10 00:00:00,1223046934,reports_raw/companies/605_sh_main/605166_聚合顺/2024/1223046934.pdf,https://static.cninfo.com.cn/finalpage/2025-04-10/1223046934.PDF
605167,利柏特,2024年年度报告,2025-04-30 00:00:00,1223405246,reports_raw/companies/605_sh_main/605167_利柏特/2024/1223405246.pdf,https://static.cninfo.com.cn/finalpage/2025-04-30/1223405246.PDF
605168,三人行,三人行：2024年年度报告全文,2025-04-19 00:00:00,1223155654,reports_raw/companies/605_sh_main/605168_三人行/2024/1223155654.pdf,https://static.cninfo.com.cn/finalpage/2025-04-19/1223155654.PDF
605169,洪通燃气,新疆洪通燃气股份有限公司2024年年度报告,2025-04-18 00:00:00,1223121008,reports_raw/companies/605_sh_main/605169_洪通燃气/2024/1223121008.pdf,https://static.cninfo.com.cn/finalpage/2025-04-18/1223121008.PDF
605177,东亚药业,东亚药业2024年年度报告,2025-04-30 00:00:00,1223405270,reports_raw/companies/605_sh_main/605177_东亚药业/2024/1223405270.pdf,https://static.cninfo.com.cn/finalpage/2025-04-30/1223405270.PDF
605178,时空科技,2024年年度报告,2025-04-29 00:00:00,1223387149,reports_raw/companies/605_sh_main/605178_时空科技/2024/1223387149.pdf,https://static.cninfo.com.cn/finalpage/2025-04-29/1223387149.PDF
605179,一鸣食品,2024年年度报告,2025-04-30 00:00:00,1223417132,reports_raw/companies/605_sh_main/605179_一鸣食品/2024/1223417132.pdf,https://static.cninfo.com.cn/finalpage/2025-04-30/1223417132.PDF
605186,健麾信息,2024年年度报告,2025-04-30 00:00:00,1223423476,reports_raw/companies/605_sh_main/605186_健麾信息/2024/1223423476.pdf,https://static.cninfo.com.cn/finalpage/2025-04-30/1223423476.PDF
605188,国光连锁,江西国光商业连锁股份有限公司2024年年度报告,2025-04-29 00:00:00,1223370386,reports_raw/companies/605_sh_main/605188_国光连锁/2024/1223370386.pdf,https://static.cninfo.com.cn/finalpage/2025-04-29/1223370386.PDF
605196,华通线缆,华通线缆2024年年度报告,2025-04-18 00:00:00,1223129924,reports_raw/companies/605_sh_main/605196_华通线缆/2024/1223129924.pdf,https://static.cninfo.com.cn/finalpage/2025-04-18/1223129924.PDF
605198,安德利,安德利：2024年年度报告,2025-03-27 00:00:00,1222911421,reports_raw/companies/605_sh_main/605198_安德利/2024/1222911421.pdf,https://static.cninfo.com.cn/finalpage/2025-03-27/1222911421.PDF
605199,葫芦娃,海南葫芦娃药业集团股份有限公司2024年年度报告,2025-04-29 00:00:00,1223387311,reports_raw/companies/605_sh_main/605199_葫芦娃/2024/1223387311.pdf,https://static.cninfo.com.cn/finalpage/2025-04-29/1223387311.PDF
605208,永茂泰,2024年年度报告,2025-04-19 00:00:00,1223145962,reports_raw/companies/605_sh_main/605208_永茂泰/2024/1223145962.pdf,https://static.cninfo.com.cn/finalpage/2025-04-19/1223145962.PDF
605218,伟时电子,伟时电子股份有限公司2024年年度报告,2025-03-15 00:00:00,1222807477,reports_raw/companies/605_sh_main/605218_伟时电子/2024/1222807477.pdf,https://static.cninfo.com.cn/finalpage/2025-03-15/1222807477.PDF
605258,协和电子,2024年年度报告,2025-04-15 00:00:00,1223093415,reports_raw/companies/605_sh_main/605258_协和电子/2024/1223093415.pdf,https://static.cninfo.com.cn/finalpage/2025-04-15/1223093415.PDF
605259,绿田机械,绿田机械2024年年度报告,2025-04-26 00:00:00,1223317382,reports_raw/companies/605_sh_main/605259_绿田机械/2024/1223317382.pdf,https://static.cninfo.com.cn/finalpage/2025-04-26/1223317382.PDF
605268,王力安防,王力安防2024年年度报告,2025-04-29 00:00:00,1223362576,reports_raw/companies/605_sh_main/605268_王力安防/2024/1223362576.pdf,https://static.cninfo.com.cn/finalpage/2025-04-29/1223362576.PDF
605277,新亚电子,新亚电子股份有限公司2024年年度报告,2025-04-29 00:00:00,1223387345,reports_raw/companies/605_sh_main/605277_新亚电子/2024/1223387345.pdf,https://static.cninfo.com.cn/finalpage/2025-04-29/1223387345.PDF
605286,同力日升,同力日升2024年年度报告,2025-04-26 00:00:00,1223320846,reports_raw/companies/605_sh_main/605286_同力日升/2024/1223320846.pdf,https://static.cninfo.com.cn/finalpage/2025-04-26/1223320846.PDF
605287,德才股份,德才股份2024年年度报告,2025-04-30 00:00:00,1223423532,reports_raw/companies/605_sh_main/605287_德才股份/2024/1223423532.pdf,https://static.cninfo.com.cn/finalpage/2025-04-30/1223423532.PDF
605288,凯迪股份,常州市凯迪电器股份有限公司2024年年度报告,2025-04-30 00:00:00,1223417172,reports_raw/companies/605_sh_main/605288_凯迪股份/2024/1223417172.pdf,https://static.cninfo.com.cn/finalpage/2025-04-30/1223417172.PDF
605289,罗曼股份,罗曼股份：2024年年度报告,2025-04-28 00:00:00,1223347289,reports_raw/companies/605_sh_main/605289_罗曼股份/2024/1223347289.pdf,https://static.cninfo.com.cn/finalpage/2025-04-28/1223347289.PDF
605296,神农集团,云南神农农业产业集团股份有限公司2024年年度报告,2025-04-29 00:00:00,1223366038,reports_raw/companies/605_sh_main/605296_神农集团/2024/1223366038.pdf,https://static.cninfo.com.cn/finalpage/2025-04-29/1223366038.PDF
605298,必得科技,江苏必得科技股份有限公司2024年年度报告,2025-04-26 00:00:00,1223317833,reports_raw/companies/605_sh_main/605298_必得科技/2024/1223317833.pdf,https://static.cninfo.com.cn/finalpage/2025-04-26/1223317833.PDF
605299,舒华体育,舒华体育股份有限公司2024年年度报告（修订版）,2025-06-21 00:00:00,1223951978,reports_raw/companies/605_sh_main/605299_舒华体育/2024/1223951978.pdf,https://static.cninfo.com.cn/finalpage/2025-06-21/1223951978.PDF
605300,佳禾食品,佳禾食品工业股份有限公司2024年年度报告,2025-04-26 00:00:00,1223326155,reports_raw/companies/605_sh_main/605300_佳禾食品/2024/1223326155.pdf,https://static.cninfo.com.cn/finalpage/2025-04-26/1223326155.PDF
605303,园林股份,2024年年度报告,2025-04-30 00:00:00,1223417192,reports_raw/companies/605_sh_main/605303_园林股份/2024/1223417192.pdf,https://static.cninfo.com.cn/finalpage/2025-04-30/1223417192.PDF
605305,中际联合,中际联合2024年年度报告,2025-04-19 00:00:00,1223142895,reports_raw/companies/605_sh_main/605305_中际联合/2024/1223142895.pdf,https://static.cninfo.com.cn/finalpage/2025-04-19/1223142895.PDF
605318,法狮龙,法狮龙家居建材股份有限公司2024年年度报告,2025-04-28 00:00:00,1223347357,reports_raw/companies/605_sh_main/605318_法狮龙/2024/1223347357.pdf,https://static.cninfo.com.cn/finalpage/2025-04-28/1223347357.PDF
605333,沪光股份,2024年年度报告,2025-04-26 00:00:00,1223316677,reports_raw/companies/605_sh_main/605333_沪光股份/2024/1223316677.pdf,https://static.cninfo.com.cn/finalpage/2025-04-26/1223316677.PDF
605336,帅丰电器,浙江帅丰电器股份有限公司2024年年度报告全文,2025-04-18 00:00:00,1223127595,reports_raw/companies/605_sh_main/605336_帅丰电器/2024/1223127595.pdf,https://static.cninfo.com.cn/finalpage/2025-04-18/1223127595.PDF
605337,李子园,浙江李子园食品股份有限公司2024年年度报告,2025-04-29 00:00:00,1223358850,reports_raw/companies/605_sh_main/605337_李子园/2024/1223358850.pdf,https://static.cninfo.com.cn/finalpage/2025-04-29/1223358850.PDF
605338,巴比食品,2024年年度报告,2025-03-28 00:00:00,1222924268,reports_raw/companies/605_sh_main/605338_巴比食品/2024/1222924268.pdf,https://static.cninfo.com.cn/finalpage/2025-03-28/1222924268.PDF
605339,南侨食品,南侨食品集团（上海）股份有限公司2024年年度报告,2025-03-11 00:00:00,1222758908,reports_raw/companies/605_sh_main/605339_南侨食品/2024/1222758908.pdf,https://static.cninfo.com.cn/finalpage/2025-03-11/1222758908.PDF
605358,立昂微,立昂微2024年年度报告,2025-04-29 00:00:00,1223380678,reports_raw/companies/605_sh_main/605358_立昂微/2024/1223380678.pdf,https://static.cninfo.com.cn/finalpage/2025-04-29/1223380678.PDF
605366,宏柏新材,江西宏柏新材料股份有限公司2024年年度报告,2025-04-30 00:00:00,1223417229,reports_raw/companies/605_sh_main/605366_宏柏新材/2024/1223417229.pdf,https://static.cninfo.com.cn/finalpage/2025-04-30/1223417229.PDF
605368,蓝天燃气,蓝天燃气2024年年度报告,2025-03-26 00:00:00,1222895244,reports_raw/companies/605_sh_main/605368_蓝天燃气/2024/1222895244.pdf,https://static.cninfo.com.cn/finalpage/2025-03-26/1222895244.PDF
605376,博迁新材,江苏博迁新材料股份有限公司2024年年度报告,2025-04-19 00:00:00,1223151809,reports_raw/companies/605_sh_main/605376_博迁新材/2024/1223151809.pdf,https://static.cninfo.com.cn/finalpage/2025-04-19/1223151809.PDF
605377,华旺科技,杭州华旺新材料科技股份有限公司2024年年度报告,2025-04-30 00:00:00,1223417332,reports_raw/companies/605_sh_main/605377_华旺科技/2024/1223417332.pdf,https://static.cninfo.com.cn/finalpage/2025-04-30/1223417332.PDF
605378,野马电池,浙江野马电池股份有限公司2024年年度报告,2025-04-28 00:00:00,1223347363,reports_raw/companies/605_sh_main/605378_野马电池/2024/1223347363.pdf,https://static.cninfo.com.cn/finalpage/2025-04-28/1223347363.PDF
605388,均瑶健康,湖北均瑶大健康饮品股份有限公司2024年年度报告,2025-04-30 00:00:00,1223427175,reports_raw/companies/605_sh_main/605388_均瑶健康/2024/1223427175.pdf,https://static.cninfo.com.cn/finalpage/2025-04-30/1223427175.PDF
605488,福莱新材,福莱新材2024年年度报告,2025-03-29 00:00:00,1222940603,reports_raw/companies/605_sh_main/605488_福莱新材/2024/1222940603.pdf,https://static.cninfo.com.cn/finalpage/2025-03-29/1222940603.PDF
605499,东鹏饮料,东鹏饮料（集团）股份有限公司2024年年度报告,2025-03-08 00:00:00,1222744419,reports_raw/companies/605_sh_main/605499_东鹏饮料/2024/1222744419.pdf,https://static.cninfo.com.cn/finalpage/2025-03-08/1222744419.PDF
605500,森林包装,森林包装集团股份有限公司2024年年度报告,2025-04-29 00:00:00,1223380748,reports_raw/companies/605_sh_main/605500_森林包装/2024/1223380748.pdf,https://static.cninfo.com.cn/finalpage/2025-04-29/1223380748.PDF
605507,国邦医药,国邦医药2024年年度报告,2025-03-28 00:00:00,1222925277,reports_raw/companies/605_sh_main/605507_国邦医药/2024/1222925277.pdf,https://static.cninfo.com.cn/finalpage/2025-03-28/1222925277.PDF
605566,福莱蒽特,福莱蒽特2024年年度报告全文,2025-04-28 00:00:00,1223347416,reports_raw/companies/605_sh_main/605566_福莱蒽特/2024/1223347416.pdf,https://static.cninfo.com.cn/finalpage/2025-04-28/1223347416.PDF
605567,春雪食品,春雪食品集团股份有限公司2024年年度报告（更正版）,2025-05-10 00:00:00,1223511003,reports_raw/companies/605_sh_main/605567_春雪食品/2024/1223511003.pdf,https://static.cninfo.com.cn/finalpage/2025-05-10/1223511003.PDF
605580,恒盛能源,恒盛能源股份有限公司2024年年度报告全文,2025-04-15 00:00:00,1223095417,reports_raw/companies/605_sh_main/605580_恒盛能源/2024/1223095417.pdf,https://static.cninfo.com.cn/finalpage/2025-04-15/1223095417.PDF
605589,圣泉集团,圣泉集团2024年年度报告,2025-04-01 00:00:00,1222976730,reports_raw/companies/605_sh_main/605589_圣泉集团/2024/1222976730.pdf,https://static.cninfo.com.cn/finalpage/2025-04-01/1222976730.PDF
605598,上海港湾,2024年年度报告,2025-04-30 00:00:00,1223417361,reports_raw/companies/605_sh_main/605598_上海港湾/2024/1223417361.pdf,https://static.cninfo.com.cn/finalpage/2025-04-30/1223417361.PDF
605599,菜百股份,北京菜市口百货股份有限公司2024年年度报告,2025-04-29 00:00:00,1223371577,reports_raw/companies/605_sh_main/605599_菜百股份/2024/1223371577.pdf,https://static.cninfo.com.cn/finalpage/2025-04-29/1223371577.PDF
688001,华兴源创,华兴源创：2024年年度报告,2025-04-30 00:00:00,1223423550,reports_raw/companies/688_star/688001_华兴源创/2024/1223423550.pdf,https://static.cninfo.com.cn/finalpage/2025-04-30/1223423550.PDF
688002,睿创微纳,2024年年度报告,2025-04-11 00:00:00,1223058665,reports_raw/companies/688_star/688002_睿创微纳/2024/1223058665.pdf,https://static.cninfo.com.cn/finalpage/2025-04-11/1223058665.PDF
688003,天准科技,2024年年度报告,2025-04-12 00:00:00,1223073105,reports_raw/companies/688_star/688003_天准科技/2024/1223073105.pdf,https://static.cninfo.com.cn/finalpage/2025-04-12/1223073105.PDF
688004,博汇科技,博汇科技2024年年度报告,2025-04-18 00:00:00,1223129609,reports_raw/companies/688_star/688004_博汇科技/2024/1223129609.pdf,https://static.cninfo.com.cn/finalpage/2025-04-18/1223129609.PDF
688005,容百科技,2024年年度报告简版（英文版）,2025-04-30 00:00:00,1223423574,reports_raw/companies/688_star/688005_容百科技/2024/1223423574.pdf,https://static.cninfo.com.cn/finalpage/2025-04-30/1223423574.PDF
688006,杭可科技,浙江杭可科技股份有限公司2024年年度报告,2025-04-29 00:00:00,1223391203,reports_raw/companies/688_star/688006_杭可科技/2024/1223391203.pdf,https://static.cninfo.com.cn/finalpage/2025-04-29/1223391203.PDF
688007,光峰科技,2024年年度报告（英文版）,2025-07-05 00:00:00,1224083917,reports_raw/companies/688_star/688007_光峰科技/2024/1224083917.pdf,https://static.cninfo.com.cn/finalpage/2025-07-05/1224083917.PDF
688008,澜起科技,澜起科技2024年年度报告,2025-04-11 00:00:00,1223058389,reports_raw/companies/688_star/688008_澜起科技/2024/1223058389.pdf,https://static.cninfo.com.cn/finalpage/2025-04-11/1223058389.PDF
688009,中国通号,2024年年度报告,2025-03-29 00:00:00,1222948951,reports_raw/companies/688_star/688009_中国通号/2024/1222948951.pdf,https://static.cninfo.com.cn/finalpage/2025-03-29/1222948951.PDF
688011,新光光电,哈尔滨新光光电科技股份有限公司2024年年度报告,2025-04-26 00:00:00,1223327904,reports_raw/companies/688_star/688011_新光光电/2024/1223327904.pdf,https://static.cninfo.com.cn/finalpage/2025-04-26/1223327904.PDF
688012,中微公司,2024年年度报告,2025-04-18 00:00:00,1223127191,reports_raw/companies/688_star/688012_中微公司/2024/1223127191.pdf,https://static.cninfo.com.cn/finalpage/2025-04-18/1223127191.PDF
688013,天臣医疗,天臣医疗2024年年度报告,2025-04-28 00:00:00,1223347454,reports_raw/companies/688_star/688013_天臣医疗/2024/1223347454.pdf,https://static.cninfo.com.cn/finalpage/2025-04-28/1223347454.PDF
688016,心脉医疗,心脉医疗：2024年年度报告,2025-03-29 00:00:00,1222950955,reports_raw/companies/688_star/688016_心脉医疗/2024/1222950955.pdf,https://static.cninfo.com.cn/finalpage/2025-03-29/1222950955.PDF
688017,绿的谐波,2024年年度报告,2025-04-30 00:00:00,1223423684,reports_raw/companies/688_star/688017_绿的谐波/2024/1223423684.pdf,https://static.cninfo.com.cn/finalpage/2025-04-30/1223423684.PDF
688018,乐鑫科技,乐鑫科技2024年年度报告,2025-03-22 00:00:00,1222869605,reports_raw/companies/688_star/688018_乐鑫科技/2024/1222869605.pdf,https://static.cninfo.com.cn/finalpage/2025-03-22/1222869605.PDF
688019,安集科技,2024年年度报告,2025-04-16 00:00:00,1223101942,reports_raw/companies/688_star/688019_安集科技/2024/1223101942.pdf,https://static.cninfo.com.cn/finalpage/2025-04-16/1223101942.PDF
688020,方邦股份,2024年年度报告,2025-04-17 00:00:00,1223112844,reports_raw/companies/688_star/688020_方邦股份/2024/1223112844.pdf,https://static.cninfo.com.cn/finalpage/2025-04-17/1223112844.PDF
688021,奥福环保,山东奥福环保科技股份有限公司2024年年度报告,2025-04-26 00:00:00,1223321462,reports_raw/companies/688_star/688021_奥福环保/2024/1223321462.pdf,https://static.cninfo.com.cn/finalpage/2025-04-26/1223321462.PDF
688022,瀚川智能,2024年年度报告（更正版）,2025-07-12 00:00:00,1224146481,reports_raw/companies/688_star/688022_瀚川智能/2024/1224146481.pdf,https://static.cninfo.com.cn/finalpage/2025-07-12/1224146481.PDF
688023,安恒信息,2024年年度报告,2025-04-30 00:00:00,1223423725,reports_raw/companies/688_star/688023_安恒信息/2024/1223423725.pdf,https://static.cninfo.com.cn/finalpage/2025-04-30/1223423725.PDF
688025,杰普特,深圳市杰普特光电股份有限公司2024年年度报告,2025-03-25 00:00:00,1222881177,reports_raw/companies/688_star/688025_杰普特/2024/1222881177.pdf,https://static.cninfo.com.cn/finalpage/2025-03-25/1222881177.PDF
688026,洁特生物,2024年年度报告,2025-04-16 00:00:00,1223103775,reports_raw/companies/688_star/688026_洁特生物/2024/1223103775.pdf,https://static.cninfo.com.cn/finalpage/2025-04-16/1223103775.PDF
688029,南微医学,南微医学科技股份有限公司2024年年度报告,2025-04-29 00:00:00,1223387389,reports_raw/companies/688_star/688029_南微医学/2024/1223387389.pdf,https://static.cninfo.com.cn/finalpage/2025-04-29/1223387389.PDF
688030,山石网科,2024年年度报告,2025-03-28 00:00:00,1222927602,reports_raw/companies/688_star/688030_山石网科/2024/1222927602.pdf,https://static.cninfo.com.cn/finalpage/2025-03-28/1222927602.PDF
688031,星环科技,2024年年度报告,2025-04-26 00:00:00,1223325316,reports_raw/companies/688_star/688031_星环科技/2024/1223325316.pdf,https://static.cninfo.com.cn/finalpage/2025-04-26/1223325316.PDF
688032,禾迈股份,2024年年度报告,2025-04-30 00:00:00,1223417404,reports_raw/companies/688_star/688032_禾迈股份/2024/1223417404.pdf,https://static.cninfo.com.cn/finalpage/2025-04-30/1223417404.PDF
688035,德邦科技,烟台德邦科技股份有限公司2024年年度报告,2025-04-19 00:00:00,1223155144,reports_raw/companies/688_star/688035_德邦科技/2024/1223155144.pdf,https://static.cninfo.com.cn/finalpage/2025-04-19/1223155144.PDF
688037,芯源微,芯源微2024年年度报告,2025-04-26 00:00:00,1223330378,reports_raw/companies/688_star/688037_芯源微/2024/1223330378.pdf,https://static.cninfo.com.cn/finalpage/2025-04-26/1223330378.PDF
688045,必易微,必易微2024年年度报告,2025-03-15 00:00:00,1222807032,reports_raw/companies/688_star/688045_必易微/2024/1222807032.pdf,https://static.cninfo.com.cn/finalpage/2025-03-15/1222807032.PDF
688046,药康生物,药康生物2024年年度报告,2025-04-26 00:00:00,1223325045,reports_raw/companies/688_star/688046_药康生物/2024/1223325045.pdf,https://static.cninfo.com.cn/finalpage/2025-04-26/1223325045.PDF
688047,龙芯中科,龙芯中科2024年年度报告,2025-04-29 00:00:00,1223391254,reports_raw/companies/688_star/688047_龙芯中科/2024/1223391254.pdf,https://static.cninfo.com.cn/finalpage/2025-04-29/1223391254.PDF
688049,炬芯科技,炬芯科技2024年年度报告,2025-03-31 00:00:00,1222962247,reports_raw/companies/688_star/688049_炬芯科技/2024/1222962247.pdf,https://static.cninfo.com.cn/finalpage/2025-03-31/1222962247.PDF
688051,佳华科技,2024年年度报告,2025-04-30 00:00:00,1223423775,reports_raw/companies/688_star/688051_佳华科技/2024/1223423775.pdf,https://static.cninfo.com.cn/finalpage/2025-04-30/1223423775.PDF
688052,纳芯微,2024年年度报告,2025-04-10 00:00:00,1223046572,reports_raw/companies/688_star/688052_纳芯微/2024/1223046572.pdf,https://static.cninfo.com.cn/finalpage/2025-04-10/1223046572.PDF
688053,思科瑞,成都思科瑞微电子股份有限公司2024年年度报告,2025-04-26 00:00:00,1223332089,reports_raw/companies/688_star/688053_思科瑞/2024/1223332089.pdf,https://static.cninfo.com.cn/finalpage/2025-04-26/1223332089.PDF
688055,龙腾光电,龙腾光电2024年年度报告,2025-04-26 00:00:00,1223326920,reports_raw/companies/688_star/688055_龙腾光电/2024/1223326920.pdf,https://static.cninfo.com.cn/finalpage/2025-04-26/1223326920.PDF
688057,金达莱,2024年年度报告,2025-04-29 00:00:00,1223358877,reports_raw/companies/688_star/688057_金达莱/2024/1223358877.pdf,https://static.cninfo.com.cn/finalpage/2025-04-29/1223358877.PDF
688059,华锐精密,2024年年度报告,2025-04-29 00:00:00,1223371635,reports_raw/companies/688_star/688059_华锐精密/2024/1223371635.pdf,https://static.cninfo.com.cn/finalpage/2025-04-29/1223371635.PDF
688061,灿瑞科技,2024年年度报告,2025-04-26 00:00:00,1223325170,reports_raw/companies/688_star/688061_灿瑞科技/2024/1223325170.pdf,https://static.cninfo.com.cn/finalpage/2025-04-26/1223325170.PDF
688062,迈威生物,迈威生物2024年年度报告,2025-03-31 00:00:00,1222962675,reports_raw/companies/688_star/688062_迈威生物/2024/1222962675.pdf,https://static.cninfo.com.cn/finalpage/2025-03-31/1222962675.PDF
688063,派能科技,上海派能能源科技股份有限公司2024年年度报告,2025-04-12 00:00:00,1223071587,reports_raw/companies/688_star/688063_派能科技/2024/1223071587.pdf,https://static.cninfo.com.cn/finalpage/2025-04-12/1223071587.PDF
688066,航天宏图,2024年年度报告,2025-04-29 00:00:00,1223387419,reports_raw/companies/688_star/688066_航天宏图/2024/1223387419.pdf,https://static.cninfo.com.cn/finalpage/2025-04-29/1223387419.PDF
688067,爱威科技,爱威科技2024年年度报告,2025-04-29 00:00:00,1223359770,reports_raw/companies/688_star/688067_爱威科技/2024/1223359770.pdf,https://static.cninfo.com.cn/finalpage/2025-04-29/1223359770.PDF
688068,热景生物,北京热景生物技术股份有限公司2024年年度报告,2025-04-30 00:00:00,1223427228,reports_raw/companies/688_star/688068_热景生物/2024/1223427228.pdf,https://static.cninfo.com.cn/finalpage/2025-04-30/1223427228.PDF
688070,纵横股份,2024年年度报告,2025-04-18 00:00:00,1223128738,reports_raw/companies/688_star/688070_纵横股份/2024/1223128738.pdf,https://static.cninfo.com.cn/finalpage/2025-04-18/1223128738.PDF
688071,华依科技,上海华依科技集团股份有限公司2024年年度报告,2025-04-30 00:00:00,1223410964,reports_raw/companies/688_star/688071_华依科技/2024/1223410964.pdf,https://static.cninfo.com.cn/finalpage/2025-04-30/1223410964.PDF
688075,安旭生物,安旭生物2024年年度报告,2025-04-30 00:00:00,1223423799,reports_raw/companies/688_star/688075_安旭生物/2024/1223423799.pdf,https://static.cninfo.com.cn/finalpage/2025-04-30/1223423799.PDF
688077,大地熊,大地熊2024年年度报告,2025-03-29 00:00:00,1222951670,reports_raw/companies/688_star/688077_大地熊/2024/1222951670.pdf,https://static.cninfo.com.cn/finalpage/2025-03-29/1222951670.PDF
688078,龙软科技,北京龙软科技股份有限公司2024年年度报告,2025-04-18 00:00:00,1223130527,reports_raw/companies/688_star/688078_龙软科技/2024/1223130527.pdf,https://static.cninfo.com.cn/finalpage/2025-04-18/1223130527.PDF
688079,美迪凯,美迪凯2024年年度报告,2025-04-30 00:00:00,1223427309,reports_raw/companies/688_star/688079_美迪凯/2024/1223427309.pdf,https://static.cninfo.com.cn/finalpage/2025-04-30/1223427309.PDF
688081,兴图新科,2024年年度报告,2025-03-29 00:00:00,1222948415,reports_raw/companies/688_star/688081_兴图新科/2024/1222948415.pdf,https://static.cninfo.com.cn/finalpage/2025-03-29/1222948415.PDF
688082,盛美上海,2024年年度报告,2025-02-27 00:00:00,1222651596,reports_raw/companies/688_star/688082_盛美上海/2024/1222651596.pdf,https://static.cninfo.com.cn/finalpage/2025-02-27/1222651596.PDF
688084,晶品特装,2024年年度报告,2025-04-29 00:00:00,1223380866,reports_raw/companies/688_star/688084_晶品特装/2024/1223380866.pdf,https://static.cninfo.com.cn/finalpage/2025-04-29/1223380866.PDF
688085,三友医疗,2024年年度报告,2025-04-29 00:00:00,1223387465,reports_raw/companies/688_star/688085_三友医疗/2024/1223387465.pdf,https://static.cninfo.com.cn/finalpage/2025-04-29/1223387465.PDF
688087,英科再生,英科再生资源股份有限公司2024年年度报告,2025-04-28 00:00:00,1223347492,reports_raw/companies/688_star/688087_英科再生/2024/1223347492.pdf,https://static.cninfo.com.cn/finalpage/2025-04-28/1223347492.PDF
688088,虹软科技,2024年年度报告,2025-04-15 00:00:00,1223097370,reports_raw/companies/688_star/688088_虹软科技/2024/1223097370.pdf,https://static.cninfo.com.cn/finalpage/2025-04-15/1223097370.PDF
688089,嘉必优,嘉必优生物技术(武汉)股份有限公司2024年年度报告,2025-03-28 00:00:00,1222924654,reports_raw/companies/688_star/688089_嘉必优/2024/1222924654.pdf,https://static.cninfo.com.cn/finalpage/2025-03-28/1222924654.PDF
688090,瑞松科技,2024年年度报告,2025-04-29 00:00:00,1223391292,reports_raw/companies/688_star/688090_瑞松科技/2024/1223391292.pdf,https://static.cninfo.com.cn/finalpage/2025-04-29/1223391292.PDF
688092,爱科科技,杭州爱科科技股份有限公司2024年年度报告,2025-04-28 00:00:00,1223347559,reports_raw/companies/688_star/688092_爱科科技/2024/1223347559.pdf,https://static.cninfo.com.cn/finalpage/2025-04-28/1223347559.PDF
688093,世华科技,2024年年度报告,2025-03-11 00:00:00,1222760415,reports_raw/companies/688_star/688093_世华科技/2024/1222760415.pdf,https://static.cninfo.com.cn/finalpage/2025-03-11/1222760415.PDF
688095,福昕软件,福建福昕软件开发股份有限公司2024年年度报告,2025-04-29 00:00:00,1223381137,reports_raw/companies/688_star/688095_福昕软件/2024/1223381137.pdf,https://static.cninfo.com.cn/finalpage/2025-04-29/1223381137.PDF
688097,博众精工,2024年年度报告,2025-04-26 00:00:00,1223328775,reports_raw/companies/688_star/688097_博众精工/2024/1223328775.pdf,https://static.cninfo.com.cn/finalpage/2025-04-26/1223328775.PDF
688098,申联生物,申联生物医药（上海）股份有限公司2024年年度报告,2025-04-30 00:00:00,1223423965,reports_raw/companies/688_star/688098_申联生物/2024/1223423965.pdf,https://static.cninfo.com.cn/finalpage/2025-04-30/1223423965.PDF
688099,晶晨股份,晶晨股份2024年年度报告,2025-04-11 00:00:00,1223058176,reports_raw/companies/688_star/688099_晶晨股份/2024/1223058176.pdf,https://static.cninfo.com.cn/finalpage/2025-04-11/1223058176.PDF
688100,威胜信息,2024年年度报告,2025-02-28 00:00:00,1222663570,reports_raw/companies/688_star/688100_威胜信息/2024/1222663570.pdf,https://static.cninfo.com.cn/finalpage/2025-02-28/1222663570.PDF
688101,三达膜,2024年年度报告,2025-04-18 00:00:00,1223122911,reports_raw/companies/688_star/688101_三达膜/2024/1223122911.pdf,https://static.cninfo.com.cn/finalpage/2025-04-18/1223122911.PDF
688102,斯瑞新材,2024年年度报告,2025-04-29 00:00:00,1223387479,reports_raw/companies/688_star/688102_斯瑞新材/2024/1223387479.pdf,https://static.cninfo.com.cn/finalpage/2025-04-29/1223387479.PDF
688103,国力股份,昆山国力电子科技股份有限公司2024年年度报告,2025-04-29 00:00:00,1223387510,reports_raw/companies/688_star/688103_国力股份/2024/1223387510.pdf,https://static.cninfo.com.cn/finalpage/2025-04-29/1223387510.PDF
688105,诺唯赞,2024年年度报告,2025-04-10 00:00:00,1223046699,reports_raw/companies/688_star/688105_诺唯赞/2024/1223046699.pdf,https://static.cninfo.com.cn/finalpage/2025-04-10/1223046699.PDF
688106,金宏气体,金宏气体：2024年年度报告,2025-03-26 00:00:00,1222895371,reports_raw/companies/688_star/688106_金宏气体/2024/1222895371.pdf,https://static.cninfo.com.cn/finalpage/2025-03-26/1222895371.PDF
688107,安路科技,安路科技2024年年度报告,2025-04-26 00:00:00,1223327844,reports_raw/companies/688_star/688107_安路科技/2024/1223327844.pdf,https://static.cninfo.com.cn/finalpage/2025-04-26/1223327844.PDF
688108,赛诺医疗,赛诺医疗科学技术股份有限公司2024年年度报告,2025-04-26 00:00:00,1223328651,reports_raw/companies/688_star/688108_赛诺医疗/2024/1223328651.pdf,https://static.cninfo.com.cn/finalpage/2025-04-26/1223328651.PDF
688109,品茗科技,2024年年度报告,2025-04-19 00:00:00,1223145145,reports_raw/companies/688_star/688109_品茗科技/2024/1223145145.pdf,https://static.cninfo.com.cn/finalpage/2025-04-19/1223145145.PDF
688111,金山办公,金山办公2024年年度报告,2025-03-20 00:00:00,1222847501,reports_raw/companies/688_star/688111_金山办公/2024/1222847501.pdf,https://static.cninfo.com.cn/finalpage/2025-03-20/1222847501.PDF
688113,联测科技,江苏联测机电科技股份有限公司2024年年度报告,2025-04-28 00:00:00,1223348162,reports_raw/companies/688_star/688113_联测科技/2024/1223348162.pdf,https://static.cninfo.com.cn/finalpage/2025-04-28/1223348162.PDF
688114,华大智造,2024年年度报告,2025-04-30 00:00:00,1223427376,reports_raw/companies/688_star/688114_华大智造/2024/1223427376.pdf,https://static.cninfo.com.cn/finalpage/2025-04-30/1223427376.PDF
688116,天奈科技,天奈科技2024年年度报告,2025-04-30 00:00:00,1223411029,reports_raw/companies/688_star/688116_天奈科技/2024/1223411029.pdf,https://static.cninfo.com.cn/finalpage/2025-04-30/1223411029.PDF
688119,中钢洛耐,中钢洛耐2024年年度报告,2025-04-29 00:00:00,1223391492,reports_raw/companies/688_star/688119_中钢洛耐/2024/1223391492.pdf,https://static.cninfo.com.cn/finalpage/2025-04-29/1223391492.PDF
688120,华海清科,2024年年度报告,2025-04-29 00:00:00,1223387671,reports_raw/companies/688_star/688120_华海清科/2024/1223387671.pdf,https://static.cninfo.com.cn/finalpage/2025-04-29/1223387671.PDF
688123,聚辰股份,聚辰股份2024年年度报告,2025-03-25 00:00:00,1222882057,reports_raw/companies/688_star/688123_聚辰股份/2024/1222882057.pdf,https://static.cninfo.com.cn/finalpage/2025-03-25/1222882057.PDF
688128,中国电研,中国电研2024年年度报告,2025-04-29 00:00:00,1223371668,reports_raw/companies/688_star/688128_中国电研/2024/1223371668.pdf,https://static.cninfo.com.cn/finalpage/2025-04-29/1223371668.PDF
688129,东来技术,2024年年度报告,2025-04-26 00:00:00,1223320565,reports_raw/companies/688_star/688129_东来技术/2024/1223320565.pdf,https://static.cninfo.com.cn/finalpage/2025-04-26/1223320565.PDF
688130,晶华微,晶华微2024年年度报告,2025-04-19 00:00:00,1223159063,reports_raw/companies/688_star/688130_晶华微/2024/1223159063.pdf,https://static.cninfo.com.cn/finalpage/2025-04-19/1223159063.PDF
688131,皓元医药,上海皓元医药股份有限公司2024年年度报告（更新后）,2025-04-08 00:00:00,1223022172,reports_raw/companies/688_star/688131_皓元医药/2024/1223022172.pdf,https://static.cninfo.com.cn/finalpage/2025-04-08/1223022172.PDF
688132,邦彦技术,2024年年度报告,2025-04-10 00:00:00,1223044610,reports_raw/companies/688_star/688132_邦彦技术/2024/1223044610.pdf,https://static.cninfo.com.cn/finalpage/2025-04-10/1223044610.PDF
688135,利扬芯片,2024年年度报告,2025-04-30 00:00:00,1223424018,reports_raw/companies/688_star/688135_利扬芯片/2024/1223424018.pdf,https://static.cninfo.com.cn/finalpage/2025-04-30/1223424018.PDF
688136,科兴制药,2024年年度报告,2025-04-11 00:00:00,1223058448,reports_raw/companies/688_star/688136_科兴制药/2024/1223058448.pdf,https://static.cninfo.com.cn/finalpage/2025-04-11/1223058448.PDF
688137,近岸蛋白,2024年年度报告,2025-04-29 00:00:00,1223391508,reports_raw/companies/688_star/688137_近岸蛋白/2024/1223391508.pdf,https://static.cninfo.com.cn/finalpage/2025-04-29/1223391508.PDF
688138,清溢光电,2024年年度报告,2025-04-30 00:00:00,1223427407,reports_raw/companies/688_star/688138_清溢光电/2024/1223427407.pdf,https://static.cninfo.com.cn/finalpage/2025-04-30/1223427407.PDF
688139,海尔生物,海尔生物2024年年度报告,2025-03-29 00:00:00,1222950969,reports_raw/companies/688_star/688139_海尔生物/2024/1222950969.pdf,https://static.cninfo.com.cn/finalpage/2025-03-29/1222950969.PDF
688143,长盈通,2024年年度报告,2025-04-11 00:00:00,1223057272,reports_raw/companies/688_star/688143_长盈通/2024/1223057272.pdf,https://static.cninfo.com.cn/finalpage/2025-04-11/1223057272.PDF
688147,微导纳米,江苏微导纳米科技股份有限公司2024年年度报告,2025-04-26 00:00:00,1223321525,reports_raw/companies/688_star/688147_微导纳米/2024/1223321525.pdf,https://static.cninfo.com.cn/finalpage/2025-04-26/1223321525.PDF
688148,芳源股份,芳源股份2024年年度报告,2025-04-18 00:00:00,1223124726,reports_raw/companies/688_star/688148_芳源股份/2024/1223124726.pdf,https://static.cninfo.com.cn/finalpage/2025-04-18/1223124726.PDF
688150,莱特光电,陕西莱特光电材料股份有限公司2024年年度报告,2025-04-10 00:00:00,1223046633,reports_raw/companies/688_star/688150_莱特光电/2024/1223046633.pdf,https://static.cninfo.com.cn/finalpage/2025-04-10/1223046633.PDF
688152,麒麟信安,麒麟信安：2024年年度报告,2025-04-30 00:00:00,1223443581,reports_raw/companies/688_star/688152_麒麟信安/2024/1223443581.pdf,https://static.cninfo.com.cn/finalpage/2025-04-30/1223443581.pdf
688155,先惠技术,上海先惠自动化技术股份有限公司2024年年度报告,2025-04-18 00:00:00,1223128787,reports_raw/companies/688_star/688155_先惠技术/2024/1223128787.pdf,https://static.cninfo.com.cn/finalpage/2025-04-18/1223128787.PDF
688156,路德环境,2024年年度报告,2025-04-18 00:00:00,1223159665,reports_raw/companies/688_star/688156_路德环境/2024/1223159665.pdf,https://static.cninfo.com.cn/finalpage/2025-04-18/1223159665.pdf
688157,松井股份,松井新材料集团股份有限公司2024年年度报告,2025-04-29 00:00:00,1223362899,reports_raw/companies/688_star/688157_松井股份/2024/1223362899.pdf,https://static.cninfo.com.cn/finalpage/2025-04-29/1223362899.PDF
688158,优刻得,优刻得2024年年度报告,2025-04-19 00:00:00,1223158539,reports_raw/companies/688_star/688158_优刻得/2024/1223158539.pdf,https://static.cninfo.com.cn/finalpage/2025-04-19/1223158539.PDF
688159,有方科技,有方科技：2024年年度报告,2025-04-30 00:00:00,1223424100,reports_raw/companies/688_star/688159_有方科技/2024/1223424100.pdf,https://static.cninfo.com.cn/finalpage/2025-04-30/1223424100.PDF
688161,威高骨科,山东威高骨科材料股份有限公司2024年年度报告,2025-03-27 00:00:00,1222912641,reports_raw/companies/688_star/688161_威高骨科/2024/1222912641.pdf,https://static.cninfo.com.cn/finalpage/2025-03-27/1222912641.PDF
688163,赛伦生物,赛伦生物：2024年年度报告,2025-04-26 00:00:00,1223326207,reports_raw/companies/688_star/688163_赛伦生物/2024/1223326207.pdf,https://static.cninfo.com.cn/finalpage/2025-04-26/1223326207.PDF
688165,埃夫特,埃夫特2024年年度报告,2025-04-30 00:00:00,1223424150,reports_raw/companies/688_star/688165_埃夫特/2024/1223424150.pdf,https://static.cninfo.com.cn/finalpage/2025-04-30/1223424150.PDF
688166,博瑞医药,2024年年度报告,2025-04-03 00:00:00,1222993679,reports_raw/companies/688_star/688166_博瑞医药/2024/1222993679.pdf,https://static.cninfo.com.cn/finalpage/2025-04-03/1222993679.PDF
688167,炬光科技,西安炬光科技股份有限公司2024年年度报告,2025-04-26 00:00:00,1223328399,reports_raw/companies/688_star/688167_炬光科技/2024/1223328399.pdf,https://static.cninfo.com.cn/finalpage/2025-04-26/1223328399.PDF
688168,安博通,2024年年度报告,2025-04-30 00:00:00,1223424157,reports_raw/companies/688_star/688168_安博通/2024/1223424157.pdf,https://static.cninfo.com.cn/finalpage/2025-04-30/1223424157.PDF
688169,石头科技,北京石头世纪科技股份有限公司2024年年度报告,2025-04-04 00:00:00,1223005304,reports_raw/companies/688_star/688169_石头科技/2024/1223005304.pdf,https://static.cninfo.com.cn/finalpage/2025-04-04/1223005304.PDF
688170,德龙激光,德龙激光2024年年度报告,2025-04-29 00:00:00,1223371735,reports_raw/companies/688_star/688170_德龙激光/2024/1223371735.pdf,https://static.cninfo.com.cn/finalpage/2025-04-29/1223371735.PDF
688171,纬德信息,2024年年度报告,2025-04-30 00:00:00,1223424273,reports_raw/companies/688_star/688171_纬德信息/2024/1223424273.pdf,https://static.cninfo.com.cn/finalpage/2025-04-30/1223424273.PDF
688172,燕东微,2024年年度报告,2025-04-26 00:00:00,1223323327,reports_raw/companies/688_star/688172_燕东微/2024/1223323327.pdf,https://static.cninfo.com.cn/finalpage/2025-04-26/1223323327.PDF
688175,高凌信息,2024年年度报告,2025-03-31 00:00:00,1222962269,reports_raw/companies/688_star/688175_高凌信息/2024/1222962269.pdf,https://static.cninfo.com.cn/finalpage/2025-03-31/1222962269.PDF
688176,亚虹医药,江苏亚虹医药科技股份有限公司2024年年度报告,2025-04-19 00:00:00,1223156150,reports_raw/companies/688_star/688176_亚虹医药/2024/1223156150.pdf,https://static.cninfo.com.cn/finalpage/2025-04-19/1223156150.PDF
688177,百奥泰,百奥泰 2024年年度报告,2025-04-09 00:00:00,1223031380,reports_raw/companies/688_star/688177_百奥泰/2024/1223031380.pdf,https://static.cninfo.com.cn/finalpage/2025-04-09/1223031380.PDF
688178,万德斯,南京万德斯环保科技股份有限公司2024年年度报告,2025-04-30 00:00:00,1223417535,reports_raw/companies/688_star/688178_万德斯/2024/1223417535.pdf,https://static.cninfo.com.cn/finalpage/2025-04-30/1223417535.PDF
688180,君实生物,君实生物2024年年度报告,2025-03-28 00:00:00,1222924305,reports_raw/companies/688_star/688180_君实生物/2024/1222924305.pdf,https://static.cninfo.com.cn/finalpage/2025-03-28/1222924305.PDF
688181,八亿时空,八亿时空2024年年度报告,2025-04-26 00:00:00,1223321553,reports_raw/companies/688_star/688181_八亿时空/2024/1223321553.pdf,https://static.cninfo.com.cn/finalpage/2025-04-26/1223321553.PDF
688182,灿勤科技,江苏灿勤科技股份有限公司2024年年度报告,2025-04-08 00:00:00,1223021603,reports_raw/companies/688_star/688182_灿勤科技/2024/1223021603.pdf,https://static.cninfo.com.cn/finalpage/2025-04-08/1223021603.PDF
688183,生益电子,生益电子2024年年度报告,2025-03-28 00:00:00,1222921458,reports_raw/companies/688_star/688183_生益电子/2024/1222921458.pdf,https://static.cninfo.com.cn/finalpage/2025-03-28/1222921458.PDF
688184,帕瓦股份,浙江帕瓦新能源股份有限公司2024年年度报告,2025-04-30 00:00:00,1223427414,reports_raw/companies/688_star/688184_帕瓦股份/2024/1223427414.pdf,https://static.cninfo.com.cn/finalpage/2025-04-30/1223427414.PDF
688185,康希诺,2024年年度报告,2025-03-26 00:00:00,1222896814,reports_raw/companies/688_star/688185_康希诺/2024/1222896814.pdf,https://static.cninfo.com.cn/finalpage/2025-03-26/1222896814.PDF
688187,时代电气,株洲中车时代电气股份有限公司2024年年度报告,2025-03-29 00:00:00,1222946706,reports_raw/companies/688_star/688187_时代电气/2024/1222946706.pdf,https://static.cninfo.com.cn/finalpage/2025-03-29/1222946706.PDF
688188,柏楚电子,2024年年度报告,2025-04-03 00:00:00,1222993275,reports_raw/companies/688_star/688188_柏楚电子/2024/1222993275.pdf,https://static.cninfo.com.cn/finalpage/2025-04-03/1222993275.PDF
688189,南新制药,南新制药2024年年度报告,2025-04-30 00:00:00,1223427478,reports_raw/companies/688_star/688189_南新制药/2024/1223427478.pdf,https://static.cninfo.com.cn/finalpage/2025-04-30/1223427478.PDF
688190,云路股份,2024年年度报告,2025-03-29 00:00:00,1222948986,reports_raw/companies/688_star/688190_云路股份/2024/1222948986.pdf,https://static.cninfo.com.cn/finalpage/2025-03-29/1222948986.PDF
688191,智洋创新,2024年年度报告,2025-04-26 00:00:00,1223319517,reports_raw/companies/688_star/688191_智洋创新/2024/1223319517.pdf,https://static.cninfo.com.cn/finalpage/2025-04-26/1223319517.PDF
688192,迪哲医药,迪哲医药：2024年年度报告,2025-04-30 00:00:00,1223417689,reports_raw/companies/688_star/688192_迪哲医药/2024/1223417689.pdf,https://static.cninfo.com.cn/finalpage/2025-04-30/1223417689.PDF
688193,仁度生物,2024年年度报告,2025-04-30 00:00:00,1223417716,reports_raw/companies/688_star/688193_仁度生物/2024/1223417716.pdf,https://static.cninfo.com.cn/finalpage/2025-04-30/1223417716.PDF
688195,腾景科技,腾景科技2024年年度报告,2025-03-22 00:00:00,1222868017,reports_raw/companies/688_star/688195_腾景科技/2024/1222868017.pdf,https://static.cninfo.com.cn/finalpage/2025-03-22/1222868017.PDF
688196,卓越新能,卓越新能2024年年度报告,2025-04-19 00:00:00,1223145990,reports_raw/companies/688_star/688196_卓越新能/2024/1223145990.pdf,https://static.cninfo.com.cn/finalpage/2025-04-19/1223145990.PDF
688197,首药控股,首药控股（北京）股份有限公司2024年年度报告,2025-04-28 00:00:00,1223347604,reports_raw/companies/688_star/688197_首药控股/2024/1223347604.pdf,https://static.cninfo.com.cn/finalpage/2025-04-28/1223347604.PDF
688199,久日新材,天津久日新材料股份有限公司2024年年度报告,2025-04-19 00:00:00,1223148165,reports_raw/companies/688_star/688199_久日新材/2024/1223148165.pdf,https://static.cninfo.com.cn/finalpage/2025-04-19/1223148165.PDF
688200,华峰测控,华峰测控2024年年度报告,2025-03-14 00:00:00,1222788332,reports_raw/companies/688_star/688200_华峰测控/2024/1222788332.pdf,https://static.cninfo.com.cn/finalpage/2025-03-14/1222788332.PDF
688201,信安世纪,2024年年度报告,2025-04-29 00:00:00,1223366610,reports_raw/companies/688_star/688201_信安世纪/2024/1223366610.pdf,https://static.cninfo.com.cn/finalpage/2025-04-29/1223366610.PDF
688203,海正生材,浙江海正生物材料股份有限公司2024年年度报告,2025-04-15 00:00:00,1223093918,reports_raw/companies/688_star/688203_海正生材/2024/1223093918.pdf,https://static.cninfo.com.cn/finalpage/2025-04-15/1223093918.PDF
688206,概伦电子,2024年年度报告,2025-04-30 00:00:00,1223424311,reports_raw/companies/688_star/688206_概伦电子/2024/1223424311.pdf,https://static.cninfo.com.cn/finalpage/2025-04-30/1223424311.PDF
688207,格灵深瞳,格灵深瞳2024年年度报告,2025-04-26 00:00:00,1223325180,reports_raw/companies/688_star/688207_格灵深瞳/2024/1223325180.pdf,https://static.cninfo.com.cn/finalpage/2025-04-26/1223325180.PDF
688208,道通科技,道通科技2024年年度报告,2025-03-29 00:00:00,1222984716,reports_raw/companies/688_star/688208_道通科技/2024/1222984716.pdf,https://static.cninfo.com.cn/finalpage/2025-03-29/1222984716.pdf
688209,英集芯,英集芯2024年年度报告,2025-04-29 00:00:00,1223387702,reports_raw/companies/688_star/688209_英集芯/2024/1223387702.pdf,https://static.cninfo.com.cn/finalpage/2025-04-29/1223387702.PDF
688211,中科微至,中科微至2024年年度报告（修订版）,2025-07-12 00:00:00,1224145249,reports_raw/companies/688_star/688211_中科微至/2024/1224145249.pdf,https://static.cninfo.com.cn/finalpage/2025-07-12/1224145249.PDF
688212,澳华内镜,2024年年度报告,2025-04-10 00:00:00,1223045728,reports_raw/companies/688_star/688212_澳华内镜/2024/1223045728.pdf,https://static.cninfo.com.cn/finalpage/2025-04-10/1223045728.PDF
688213,思特威,2024年年度报告,2025-04-19 00:00:00,1223155210,reports_raw/companies/688_star/688213_思特威/2024/1223155210.pdf,https://static.cninfo.com.cn/finalpage/2025-04-19/1223155210.PDF
688215,瑞晟智能,浙江瑞晟智能科技股份有限公司2024年年度报告,2025-04-26 00:00:00,1223324357,reports_raw/companies/688_star/688215_瑞晟智能/2024/1223324357.pdf,https://static.cninfo.com.cn/finalpage/2025-04-26/1223324357.PDF
688217,睿昂基因,睿昂基因2024年年度报告,2025-04-18 00:00:00,1223129636,reports_raw/companies/688_star/688217_睿昂基因/2024/1223129636.pdf,https://static.cninfo.com.cn/finalpage/2025-04-18/1223129636.PDF
688218,江苏北人,2024年年度报告,2025-04-30 00:00:00,1223407096,reports_raw/companies/688_star/688218_江苏北人/2024/1223407096.pdf,https://static.cninfo.com.cn/finalpage/2025-04-30/1223407096.PDF
688220,翱捷科技,2024年年度报告,2025-04-08 00:00:00,1223022032,reports_raw/companies/688_star/688220_翱捷科技/2024/1223022032.pdf,https://static.cninfo.com.cn/finalpage/2025-04-08/1223022032.pdf
688221,前沿生物,前沿生物2024年年度报告,2025-04-30 00:00:00,1223417780,reports_raw/companies/688_star/688221_前沿生物/2024/1223417780.pdf,https://static.cninfo.com.cn/finalpage/2025-04-30/1223417780.PDF
688222,成都先导,成都先导药物开发股份有限公司2024年年度报告,2025-04-26 00:00:00,1223325652,reports_raw/companies/688_star/688222_成都先导/2024/1223325652.pdf,https://static.cninfo.com.cn/finalpage/2025-04-26/1223325652.PDF
688223,晶科能源,晶科能源2024年年度报告,2025-04-30 00:00:00,1223417809,reports_raw/companies/688_star/688223_晶科能源/2024/1223417809.pdf,https://static.cninfo.com.cn/finalpage/2025-04-30/1223417809.PDF
688225,亚信安全,2024年年度报告,2025-04-29 00:00:00,1223381153,reports_raw/companies/688_star/688225_亚信安全/2024/1223381153.pdf,https://static.cninfo.com.cn/finalpage/2025-04-29/1223381153.PDF
688226,威腾电气,威腾电气集团股份有限公司2024年年度报告,2025-04-26 00:00:00,1223326322,reports_raw/companies/688_star/688226_威腾电气/2024/1223326322.pdf,https://static.cninfo.com.cn/finalpage/2025-04-26/1223326322.PDF
688227,品高股份,2024年年度报告,2025-04-28 00:00:00,1223347625,reports_raw/companies/688_star/688227_品高股份/2024/1223347625.pdf,https://static.cninfo.com.cn/finalpage/2025-04-28/1223347625.PDF
688228,开普云,2024年年度报告,2025-03-31 00:00:00,1222962305,reports_raw/companies/688_star/688228_开普云/2024/1222962305.pdf,https://static.cninfo.com.cn/finalpage/2025-03-31/1222962305.PDF
688230,芯导科技,2024年年度报告,2025-04-16 00:00:00,1223100362,reports_raw/companies/688_star/688230_芯导科技/2024/1223100362.pdf,https://static.cninfo.com.cn/finalpage/2025-04-16/1223100362.PDF
688231,隆达股份,2024年年度报告（更正版）,2025-07-03 00:00:00,1224069206,reports_raw/companies/688_star/688231_隆达股份/2024/1224069206.pdf,https://static.cninfo.com.cn/finalpage/2025-07-03/1224069206.PDF
688232,新点软件,新点软件2024年年度报告,2025-04-12 00:00:00,1223070052,reports_raw/companies/688_star/688232_新点软件/2024/1223070052.pdf,https://static.cninfo.com.cn/finalpage/2025-04-12/1223070052.PDF
688233,神工股份,锦州神工半导体股份有限公司2024年年度报告,2025-03-27 00:00:00,1222912993,reports_raw/companies/688_star/688233_神工股份/2024/1222912993.pdf,https://static.cninfo.com.cn/finalpage/2025-03-27/1222912993.PDF
688234,天岳先进,山东天岳先进科技股份有限公司2024年年度报告,2025-03-28 00:00:00,1222928209,reports_raw/companies/688_star/688234_天岳先进/2024/1222928209.pdf,https://static.cninfo.com.cn/finalpage/2025-03-28/1222928209.PDF
688235,百济神州,百济神州有限公司2024年年度报告,2025-04-29 00:00:00,1223387705,reports_raw/companies/688_star/688235_百济神州/2024/1223387705.pdf,https://static.cninfo.com.cn/finalpage/2025-04-29/1223387705.PDF
688237,超卓航科,超卓航科2024年年度报告,2025-04-26 00:00:00,1223325991,reports_raw/companies/688_star/688237_超卓航科/2024/1223325991.pdf,https://static.cninfo.com.cn/finalpage/2025-04-26/1223325991.PDF
688238,和元生物,2024年年度报告,2025-04-18 00:00:00,1223130373,reports_raw/companies/688_star/688238_和元生物/2024/1223130373.pdf,https://static.cninfo.com.cn/finalpage/2025-04-18/1223130373.PDF
688239,航宇科技,2024年年度报告,2025-04-08 00:00:00,1223020969,reports_raw/companies/688_star/688239_航宇科技/2024/1223020969.pdf,https://static.cninfo.com.cn/finalpage/2025-04-08/1223020969.PDF
688244,永信至诚,2024年年度报告,2025-04-29 00:00:00,1223362960,reports_raw/companies/688_star/688244_永信至诚/2024/1223362960.pdf,https://static.cninfo.com.cn/finalpage/2025-04-29/1223362960.PDF
688246,嘉和美康,嘉和美康2024年年度报告,2025-04-30 00:00:00,1223427496,reports_raw/companies/688_star/688246_嘉和美康/2024/1223427496.pdf,https://static.cninfo.com.cn/finalpage/2025-04-30/1223427496.PDF
688247,宣泰医药,2024年年度报告,2025-04-30 00:00:00,1223424354,reports_raw/companies/688_star/688247_宣泰医药/2024/1223424354.pdf,https://static.cninfo.com.cn/finalpage/2025-04-30/1223424354.PDF
688248,南网科技,南网科技：2024年年度报告,2025-03-29 00:00:00,1222946778,reports_raw/companies/688_star/688248_南网科技/2024/1222946778.pdf,https://static.cninfo.com.cn/finalpage/2025-03-29/1222946778.PDF
688251,井松智能,井松智能2024年年度报告,2025-04-26 00:00:00,1223324505,reports_raw/companies/688_star/688251_井松智能/2024/1223324505.pdf,https://static.cninfo.com.cn/finalpage/2025-04-26/1223324505.PDF
688252,天德钰,深圳天德钰科技股份有限公司2024年年度报告,2025-03-27 00:00:00,1222913556,reports_raw/companies/688_star/688252_天德钰/2024/1222913556.pdf,https://static.cninfo.com.cn/finalpage/2025-03-27/1222913556.PDF
688256,寒武纪,2024年年度报告,2025-04-19 00:00:00,1223155683,reports_raw/companies/688_star/688256_寒武纪/2024/1223155683.pdf,https://static.cninfo.com.cn/finalpage/2025-04-19/1223155683.PDF
688257,新锐股份,新锐股份2024年年度报告,2025-04-18 00:00:00,1223125020,reports_raw/companies/688_star/688257_新锐股份/2024/1223125020.pdf,https://static.cninfo.com.cn/finalpage/2025-04-18/1223125020.PDF
688258,卓易信息,江苏卓易信息科技股份有限公司2024年年度报告,2025-04-18 00:00:00,1223130563,reports_raw/companies/688_star/688258_卓易信息/2024/1223130563.pdf,https://static.cninfo.com.cn/finalpage/2025-04-18/1223130563.PDF
688261,东微半导,苏州东微半导体股份有限公司2024年年度报告,2025-04-26 00:00:00,1223356212,reports_raw/companies/688_star/688261_东微半导/2024/1223356212.pdf,https://static.cninfo.com.cn/finalpage/2025-04-26/1223356212.pdf
688262,国芯科技,2024年年度报告,2025-04-29 00:00:00,1223387736,reports_raw/companies/688_star/688262_国芯科技/2024/1223387736.pdf,https://static.cninfo.com.cn/finalpage/2025-04-29/1223387736.PDF
688265,南模生物,2024年年度报告,2025-04-29 00:00:00,1223387760,reports_raw/companies/688_star/688265_南模生物/2024/1223387760.pdf,https://static.cninfo.com.cn/finalpage/2025-04-29/1223387760.PDF
688266,泽璟制药,泽璟制药2024年年度报告,2025-04-19 00:00:00,1223156534,reports_raw/companies/688_star/688266_泽璟制药/2024/1223156534.pdf,https://static.cninfo.com.cn/finalpage/2025-04-19/1223156534.PDF
688268,华特气体,广东华特气体股份有限公司2024年年度报告,2025-04-10 00:00:00,1223044748,reports_raw/companies/688_star/688268_华特气体/2024/1223044748.pdf,https://static.cninfo.com.cn/finalpage/2025-04-10/1223044748.PDF
688270,臻镭科技,浙江臻镭科技股份有限公司2024年年度报告,2025-03-29 00:00:00,1222947880,reports_raw/companies/688_star/688270_臻镭科技/2024/1222947880.pdf,https://static.cninfo.com.cn/finalpage/2025-03-29/1222947880.PDF
688271,联影医疗,联影医疗2024年年度报告,2025-04-29 00:00:00,1223362977,reports_raw/companies/688_star/688271_联影医疗/2024/1223362977.pdf,https://static.cninfo.com.cn/finalpage/2025-04-29/1223362977.PDF
688272,富吉瑞,2024年年度报告,2025-04-26 00:00:00,1223321750,reports_raw/companies/688_star/688272_富吉瑞/2024/1223321750.pdf,https://static.cninfo.com.cn/finalpage/2025-04-26/1223321750.PDF
688275,万润新能,2024年年度报告,2025-04-30 00:00:00,1223424397,reports_raw/companies/688_star/688275_万润新能/2024/1223424397.pdf,https://static.cninfo.com.cn/finalpage/2025-04-30/1223424397.PDF
688277,天智航,2024年年度报告,2025-04-29 00:00:00,1223387799,reports_raw/companies/688_star/688277_天智航/2024/1223387799.pdf,https://static.cninfo.com.cn/finalpage/2025-04-29/1223387799.PDF
688278,特宝生物,特宝生物：2024年年度报告,2025-03-28 00:00:00,1222926573,reports_raw/companies/688_star/688278_特宝生物/2024/1222926573.pdf,https://static.cninfo.com.cn/finalpage/2025-03-28/1222926573.PDF
688279,峰岹科技,2024年年度报告,2025-03-31 00:00:00,1222962350,reports_raw/companies/688_star/688279_峰岹科技/2024/1222962350.pdf,https://static.cninfo.com.cn/finalpage/2025-03-31/1222962350.PDF
688283,坤恒顺维,成都坤恒顺维科技股份有限公司2024年年度报告,2025-04-29 00:00:00,1223381194,reports_raw/companies/688_star/688283_坤恒顺维/2024/1223381194.pdf,https://static.cninfo.com.cn/finalpage/2025-04-29/1223381194.PDF
688285,高铁电气,高铁电气：2024年年度报告,2025-03-26 00:00:00,1222895957,reports_raw/companies/688_star/688285_高铁电气/2024/1222895957.pdf,https://static.cninfo.com.cn/finalpage/2025-03-26/1222895957.PDF
688286,敏芯股份,苏州敏芯微电子技术股份有限公司2024年年度报告全文,2025-04-26 00:00:00,1223316869,reports_raw/companies/688_star/688286_敏芯股份/2024/1223316869.pdf,https://static.cninfo.com.cn/finalpage/2025-04-26/1223316869.PDF
688287,*ST观典,2024年年度报告（修订版）,2025-07-15 00:00:00,1224177908,reports_raw/companies/688_star/688287_ST观典/2024/1224177908.pdf,https://static.cninfo.com.cn/finalpage/2025-07-15/1224177908.pdf
688288,鸿泉物联,鸿泉物联：2024年年度报告,2025-04-29 00:00:00,1223391534,reports_raw/companies/688_star/688288_鸿泉物联/2024/1223391534.pdf,https://static.cninfo.com.cn/finalpage/2025-04-29/1223391534.PDF
688289,圣湘生物,圣湘生物科技股份有限公司2024年年度报告全文,2025-04-29 00:00:00,1223391578,reports_raw/companies/688_star/688289_圣湘生物/2024/1223391578.pdf,https://static.cninfo.com.cn/finalpage/2025-04-29/1223391578.PDF
688290,景业智能,景业智能2024年年度报告,2025-04-18 00:00:00,1223126124,reports_raw/companies/688_star/688290_景业智能/2024/1223126124.pdf,https://static.cninfo.com.cn/finalpage/2025-04-18/1223126124.PDF
688291,金橙子,2024年年度报告,2025-04-19 00:00:00,1223148207,reports_raw/companies/688_star/688291_金橙子/2024/1223148207.pdf,https://static.cninfo.com.cn/finalpage/2025-04-19/1223148207.PDF
688293,奥浦迈,奥浦迈：2024年年度报告,2025-04-16 00:00:00,1223101646,reports_raw/companies/688_star/688293_奥浦迈/2024/1223101646.pdf,https://static.cninfo.com.cn/finalpage/2025-04-16/1223101646.PDF
688295,中复神鹰,中复神鹰碳纤维股份有限公司2024年年度报告,2025-03-26 00:00:00,1222896125,reports_raw/companies/688_star/688295_中复神鹰/2024/1222896125.pdf,https://static.cninfo.com.cn/finalpage/2025-03-26/1222896125.PDF
688296,和达科技,和达科技2024年年度报告,2025-04-16 00:00:00,1223101999,reports_raw/companies/688_star/688296_和达科技/2024/1223101999.pdf,https://static.cninfo.com.cn/finalpage/2025-04-16/1223101999.PDF
688297,中无人机,中无人机2024年年度报告,2025-04-01 00:00:00,1222974842,reports_raw/companies/688_star/688297_中无人机/2024/1222974842.pdf,https://static.cninfo.com.cn/finalpage/2025-04-01/1222974842.PDF
688298,东方生物,2024年年度报告,2025-04-30 00:00:00,1223427552,reports_raw/companies/688_star/688298_东方生物/2024/1223427552.pdf,https://static.cninfo.com.cn/finalpage/2025-04-30/1223427552.PDF
688300,联瑞新材,联瑞新材2024年年度报告,2025-03-26 00:00:00,1222895574,reports_raw/companies/688_star/688300_联瑞新材/2024/1222895574.pdf,https://static.cninfo.com.cn/finalpage/2025-03-26/1222895574.PDF
688301,奕瑞科技,奕瑞科技2024年年度报告,2025-04-26 00:00:00,1223318519,reports_raw/companies/688_star/688301_奕瑞科技/2024/1223318519.pdf,https://static.cninfo.com.cn/finalpage/2025-04-26/1223318519.PDF
688302,海创药业,海创药业股份有限公司2024年年度报告,2025-04-19 00:00:00,1223157873,reports_raw/companies/688_star/688302_海创药业/2024/1223157873.pdf,https://static.cninfo.com.cn/finalpage/2025-04-19/1223157873.PDF
688303,大全能源,新疆大全新能源股份有限公司2024年年度报告,2025-04-30 00:00:00,1223424424,reports_raw/companies/688_star/688303_大全能源/2024/1223424424.pdf,https://static.cninfo.com.cn/finalpage/2025-04-30/1223424424.PDF
688305,科德数控,科德数控股份有限公司2024年年度报告,2025-04-29 00:00:00,1223366666,reports_raw/companies/688_star/688305_科德数控/2024/1223366666.pdf,https://static.cninfo.com.cn/finalpage/2025-04-29/1223366666.PDF
688306,均普智能,宁波均普智能制造股份有限公司2024年年度报告,2025-04-19 00:00:00,1223156537,reports_raw/companies/688_star/688306_均普智能/2024/1223156537.pdf,https://static.cninfo.com.cn/finalpage/2025-04-19/1223156537.PDF
688307,中润光学,2024年年度报告,2025-03-29 00:00:00,1222951709,reports_raw/companies/688_star/688307_中润光学/2024/1222951709.pdf,https://static.cninfo.com.cn/finalpage/2025-03-29/1222951709.PDF
688309,恒誉环保,2024年年度报告（修订版）,2025-07-16 00:00:00,1224177276,reports_raw/companies/688_star/688309_恒誉环保/2024/1224177276.pdf,https://static.cninfo.com.cn/finalpage/2025-07-16/1224177276.PDF
688310,迈得医疗,迈得医疗工业设备股份有限公司2024年年度报告,2025-04-30 00:00:00,1223424486,reports_raw/companies/688_star/688310_迈得医疗/2024/1223424486.pdf,https://static.cninfo.com.cn/finalpage/2025-04-30/1223424486.PDF
688311,盟升电子,2024年年度报告-修订稿,2025-06-23 00:00:00,1223955035,reports_raw/companies/688_star/688311_盟升电子/2024/1223955035.pdf,https://static.cninfo.com.cn/finalpage/2025-06-23/1223955035.PDF
688313,仕佳光子,2024年年度报告,2025-04-19 00:00:00,1223157242,reports_raw/companies/688_star/688313_仕佳光子/2024/1223157242.pdf,https://static.cninfo.com.cn/finalpage/2025-04-19/1223157242.PDF
688314,康拓医疗,西安康拓医疗技术股份有限公司2024年年度报告,2025-03-28 00:00:00,1222925638,reports_raw/companies/688_star/688314_康拓医疗/2024/1222925638.pdf,https://static.cninfo.com.cn/finalpage/2025-03-28/1222925638.PDF
688315,诺禾致源,北京诺禾致源科技股份有限公司2024年年度报告,2025-04-15 00:00:00,1223094477,reports_raw/companies/688_star/688315_诺禾致源/2024/1223094477.pdf,https://static.cninfo.com.cn/finalpage/2025-04-15/1223094477.PDF
688316,青云科技,2024年年度报告,2025-04-28 00:00:00,1223347697,reports_raw/companies/688_star/688316_青云科技/2024/1223347697.pdf,https://static.cninfo.com.cn/finalpage/2025-04-28/1223347697.PDF
688318,财富趋势,2024年年度报告,2025-03-29 00:00:00,1222945335,reports_raw/companies/688_star/688318_财富趋势/2024/1222945335.pdf,https://static.cninfo.com.cn/finalpage/2025-03-29/1222945335.PDF
688319,欧林生物,成都欧林生物科技股份有限公司2024年年度报告,2025-03-29 00:00:00,1222951876,reports_raw/companies/688_star/688319_欧林生物/2024/1222951876.pdf,https://static.cninfo.com.cn/finalpage/2025-03-29/1222951876.PDF
688320,禾川科技,浙江禾川科技股份有限公司2024年年度报告,2025-04-26 00:00:00,1223330402,reports_raw/companies/688_star/688320_禾川科技/2024/1223330402.pdf,https://static.cninfo.com.cn/finalpage/2025-04-26/1223330402.PDF
688323,瑞华泰,瑞华泰：2024年年度报告,2025-03-22 00:00:00,1222866248,reports_raw/companies/688_star/688323_瑞华泰/2024/1222866248.pdf,https://static.cninfo.com.cn/finalpage/2025-03-22/1222866248.PDF
688325,赛微微电,2024年年度报告,2025-04-10 00:00:00,1223046444,reports_raw/companies/688_star/688325_赛微微电/2024/1223046444.pdf,https://static.cninfo.com.cn/finalpage/2025-04-10/1223046444.PDF
688326,经纬恒润,2024年年度报告,2025-04-29 00:00:00,1223381276,reports_raw/companies/688_star/688326_经纬恒润/2024/1223381276.pdf,https://static.cninfo.com.cn/finalpage/2025-04-29/1223381276.PDF
688327,云从科技,2024年年度报告,2025-04-30 00:00:00,1223424524,reports_raw/companies/688_star/688327_云从科技/2024/1223424524.pdf,https://static.cninfo.com.cn/finalpage/2025-04-30/1223424524.PDF
688328,深科达,2024年年度报告,2025-04-28 00:00:00,1223348179,reports_raw/companies/688_star/688328_深科达/2024/1223348179.pdf,https://static.cninfo.com.cn/finalpage/2025-04-28/1223348179.PDF
688329,艾隆科技,艾隆科技2024年年度报告,2025-04-29 00:00:00,1223388045,reports_raw/companies/688_star/688329_艾隆科技/2024/1223388045.pdf,https://static.cninfo.com.cn/finalpage/2025-04-29/1223388045.PDF
688330,宏力达,宏力达2024年年度报告,2025-04-15 00:00:00,1223094502,reports_raw/companies/688_star/688330_宏力达/2024/1223094502.pdf,https://static.cninfo.com.cn/finalpage/2025-04-15/1223094502.PDF
688331,荣昌生物,荣昌生物2024年年度报告,2025-03-28 00:00:00,1222926603,reports_raw/companies/688_star/688331_荣昌生物/2024/1222926603.pdf,https://static.cninfo.com.cn/finalpage/2025-03-28/1222926603.PDF
688332,中科蓝讯,2024年年度报告,2025-04-09 00:00:00,1223032847,reports_raw/companies/688_star/688332_中科蓝讯/2024/1223032847.pdf,https://static.cninfo.com.cn/finalpage/2025-04-09/1223032847.PDF
688333,铂力特,西安铂力特增材技术股份有限公司2024年年度报告（修订版）,2025-06-11 00:00:00,1223836812,reports_raw/companies/688_star/688333_铂力特/2024/1223836812.pdf,https://static.cninfo.com.cn/finalpage/2025-06-11/1223836812.PDF
688334,西高院,2024年年度报告,2025-04-11 00:00:00,1223056209,reports_raw/companies/688_star/688334_西高院/2024/1223056209.pdf,https://static.cninfo.com.cn/finalpage/2025-04-11/1223056209.PDF
688335,复洁环保,2024年年度报告,2025-03-29 00:00:00,1222941468,reports_raw/companies/688_star/688335_复洁环保/2024/1222941468.pdf,https://static.cninfo.com.cn/finalpage/2025-03-29/1222941468.PDF
688336,三生国健,三生国健：2024年年度报告,2025-03-26 00:00:00,1222896534,reports_raw/companies/688_star/688336_三生国健/2024/1222896534.pdf,https://static.cninfo.com.cn/finalpage/2025-03-26/1222896534.PDF
688337,普源精电,普源精电科技股份有限公司2024年年度报告,2025-04-01 00:00:00,1222972886,reports_raw/companies/688_star/688337_普源精电/2024/1222972886.pdf,https://static.cninfo.com.cn/finalpage/2025-04-01/1222972886.PDF
688339,亿华通,亿华通  2024年年度报告,2025-04-29 00:00:00,1223388104,reports_raw/companies/688_star/688339_亿华通/2024/1223388104.pdf,https://static.cninfo.com.cn/finalpage/2025-04-29/1223388104.PDF
688343,云天励飞,2024年年度报告,2025-04-26 00:00:00,1223327349,reports_raw/companies/688_star/688343_云天励飞/2024/1223327349.pdf,https://static.cninfo.com.cn/finalpage/2025-04-26/1223327349.PDF
688345,博力威,广东博力威科技股份有限公司2024年年度报告,2025-04-19 00:00:00,1223155231,reports_raw/companies/688_star/688345_博力威/2024/1223155231.pdf,https://static.cninfo.com.cn/finalpage/2025-04-19/1223155231.PDF
688347,华虹公司,2024年年度报告,2025-03-28 00:00:00,1222929549,reports_raw/companies/688_star/688347_华虹公司/2024/1222929549.pdf,https://static.cninfo.com.cn/finalpage/2025-03-28/1222929549.PDF
688348,昱能科技,2024年年度报告,2025-04-30 00:00:00,1223424566,reports_raw/companies/688_star/688348_昱能科技/2024/1223424566.pdf,https://static.cninfo.com.cn/finalpage/2025-04-30/1223424566.PDF
688349,三一重能,三一重能2024年年度报告,2025-04-29 00:00:00,1223371806,reports_raw/companies/688_star/688349_三一重能/2024/1223371806.pdf,https://static.cninfo.com.cn/finalpage/2025-04-29/1223371806.PDF
688350,富淼科技,江苏富淼科技股份有限公司2024年年度报告,2025-04-03 00:00:00,1222993371,reports_raw/companies/688_star/688350_富淼科技/2024/1222993371.pdf,https://static.cninfo.com.cn/finalpage/2025-04-03/1222993371.PDF
688351,微电生理,2024年年度报告,2025-03-28 00:00:00,1222926292,reports_raw/companies/688_star/688351_微电生理/2024/1222926292.pdf,https://static.cninfo.com.cn/finalpage/2025-03-28/1222926292.PDF
688352,颀中科技,合肥颀中科技股份有限公司2024年年度报告,2025-04-01 00:00:00,1222975427,reports_raw/companies/688_star/688352_颀中科技/2024/1222975427.pdf,https://static.cninfo.com.cn/finalpage/2025-04-01/1222975427.PDF
688355,明志科技,苏州明志科技股份有限公司2024年年度报告,2025-04-29 00:00:00,1223388156,reports_raw/companies/688_star/688355_明志科技/2024/1223388156.pdf,https://static.cninfo.com.cn/finalpage/2025-04-29/1223388156.PDF
688356,键凯科技,2024年年度报告,2025-04-29 00:00:00,1223381333,reports_raw/companies/688_star/688356_键凯科技/2024/1223381333.pdf,https://static.cninfo.com.cn/finalpage/2025-04-29/1223381333.PDF
688357,建龙微纳,2024年年度报告（更正版）,2025-07-03 00:00:00,1224069242,reports_raw/companies/688_star/688357_建龙微纳/2024/1224069242.pdf,https://static.cninfo.com.cn/finalpage/2025-07-03/1224069242.PDF
688360,德马科技,德马科技2024年年度报告,2025-04-29 00:00:00,1223391688,reports_raw/companies/688_star/688360_德马科技/2024/1223391688.pdf,https://static.cninfo.com.cn/finalpage/2025-04-29/1223391688.PDF
688361,中科飞测,深圳中科飞测科技股份有限公司2024年年度报告,2025-04-04 00:00:00,1223006264,reports_raw/companies/688_star/688361_中科飞测/2024/1223006264.pdf,https://static.cninfo.com.cn/finalpage/2025-04-04/1223006264.PDF
688363,华熙生物,华熙生物2024年年度报告（修订版）,2025-07-01 00:00:00,1224042888,reports_raw/companies/688_star/688363_华熙生物/2024/1224042888.pdf,https://static.cninfo.com.cn/finalpage/2025-07-01/1224042888.PDF
688365,光云科技,光云科技：2024年年度报告,2025-04-26 00:00:00,1223321800,reports_raw/companies/688_star/688365_光云科技/2024/1223321800.pdf,https://static.cninfo.com.cn/finalpage/2025-04-26/1223321800.PDF
688366,昊海生科,上海昊海生物科技股份有限公司2024年年度报告,2025-03-22 00:00:00,1222870186,reports_raw/companies/688_star/688366_昊海生科/2024/1222870186.pdf,https://static.cninfo.com.cn/finalpage/2025-03-22/1222870186.PDF
688367,工大高科,工大高科2024年年度报告,2025-04-30 00:00:00,1223411069,reports_raw/companies/688_star/688367_工大高科/2024/1223411069.pdf,https://static.cninfo.com.cn/finalpage/2025-04-30/1223411069.PDF
688368,晶丰明源,上海晶丰明源半导体股份有限公司2024年年度报告,2025-03-12 00:00:00,1222769237,reports_raw/companies/688_star/688368_晶丰明源/2024/1222769237.pdf,https://static.cninfo.com.cn/finalpage/2025-03-12/1222769237.PDF
688371,菲沃泰,2024年年度报告,2025-04-19 00:00:00,1223149867,reports_raw/companies/688_star/688371_菲沃泰/2024/1223149867.pdf,https://static.cninfo.com.cn/finalpage/2025-04-19/1223149867.PDF
688372,伟测科技,2024年年度报告,2025-04-29 00:00:00,1223372161,reports_raw/companies/688_star/688372_伟测科技/2024/1223372161.pdf,https://static.cninfo.com.cn/finalpage/2025-04-29/1223372161.PDF
688373,盟科药业,上海盟科药业股份有限公司2024年年度报告,2025-03-18 00:00:00,1222822061,reports_raw/companies/688_star/688373_盟科药业/2024/1222822061.pdf,https://static.cninfo.com.cn/finalpage/2025-03-18/1222822061.PDF
688375,国博电子,南京国博电子股份有限公司2024年年度报告,2025-04-11 00:00:00,1223058747,reports_raw/companies/688_star/688375_国博电子/2024/1223058747.pdf,https://static.cninfo.com.cn/finalpage/2025-04-11/1223058747.PDF
688376,美埃科技,2024年年度报告,2025-04-26 00:00:00,1223322209,reports_raw/companies/688_star/688376_美埃科技/2024/1223322209.pdf,https://static.cninfo.com.cn/finalpage/2025-04-26/1223322209.PDF
688378,奥来德,2024年年度报告,2025-04-17 00:00:00,1223112137,reports_raw/companies/688_star/688378_奥来德/2024/1223112137.pdf,https://static.cninfo.com.cn/finalpage/2025-04-17/1223112137.PDF
688379,华光新材,华光新材2024年年度报告,2025-04-03 00:00:00,1222993713,reports_raw/companies/688_star/688379_华光新材/2024/1222993713.pdf,https://static.cninfo.com.cn/finalpage/2025-04-03/1222993713.PDF
688380,中微半导,2024年年度报告,2025-04-11 00:00:00,1223058226,reports_raw/companies/688_star/688380_中微半导/2024/1223058226.pdf,https://static.cninfo.com.cn/finalpage/2025-04-11/1223058226.PDF
688383,新益昌,深圳新益昌科技股份有限公司2024年年度报告,2025-04-29 00:00:00,1223388335,reports_raw/companies/688_star/688383_新益昌/2024/1223388335.pdf,https://static.cninfo.com.cn/finalpage/2025-04-29/1223388335.PDF
688385,复旦微电,2024年年度报告,2025-03-26 00:00:00,1222896404,reports_raw/companies/688_star/688385_复旦微电/2024/1222896404.pdf,https://static.cninfo.com.cn/finalpage/2025-03-26/1222896404.PDF
688386,泛亚微透,泛亚微透2024年年度报告,2025-04-30 00:00:00,1223452204,reports_raw/companies/688_star/688386_泛亚微透/2024/1223452204.pdf,https://static.cninfo.com.cn/finalpage/2025-04-30/1223452204.pdf
688388,嘉元科技,广东嘉元科技股份有限公司2024年年度报告,2025-04-29 00:00:00,1223381371,reports_raw/companies/688_star/688388_嘉元科技/2024/1223381371.pdf,https://static.cninfo.com.cn/finalpage/2025-04-29/1223381371.PDF
688389,普门科技,深圳普门科技股份有限公司2024年年度报告,2025-04-11 00:00:00,1223058472,reports_raw/companies/688_star/688389_普门科技/2024/1223058472.pdf,https://static.cninfo.com.cn/finalpage/2025-04-11/1223058472.PDF
688390,固德威,2024年年度报告,2025-04-29 00:00:00,1223388354,reports_raw/companies/688_star/688390_固德威/2024/1223388354.pdf,https://static.cninfo.com.cn/finalpage/2025-04-29/1223388354.PDF
688391,钜泉科技,钜泉光电科技（上海）股份有限公司2024年年度报告,2025-04-17 00:00:00,1223110255,reports_raw/companies/688_star/688391_钜泉科技/2024/1223110255.pdf,https://static.cninfo.com.cn/finalpage/2025-04-17/1223110255.PDF
688392,骄成超声,2024年年度报告,2025-04-12 00:00:00,1223071618,reports_raw/companies/688_star/688392_骄成超声/2024/1223071618.pdf,https://static.cninfo.com.cn/finalpage/2025-04-12/1223071618.PDF
688395,正弦电气,2024年年度报告,2025-04-26 00:00:00,1223327209,reports_raw/companies/688_star/688395_正弦电气/2024/1223327209.pdf,https://static.cninfo.com.cn/finalpage/2025-04-26/1223327209.PDF
688396,华润微,2024年年度报告,2025-04-30 00:00:00,1223417959,reports_raw/companies/688_star/688396_华润微/2024/1223417959.pdf,https://static.cninfo.com.cn/finalpage/2025-04-30/1223417959.PDF
688399,硕世生物,江苏硕世生物科技股份有限公司2024年年度报告,2025-04-19 00:00:00,1223158219,reports_raw/companies/688_star/688399_硕世生物/2024/1223158219.pdf,https://static.cninfo.com.cn/finalpage/2025-04-19/1223158219.PDF
688400,凌云光,2024年年度报告,2025-04-29 00:00:00,1223391818,reports_raw/companies/688_star/688400_凌云光/2024/1223391818.pdf,https://static.cninfo.com.cn/finalpage/2025-04-29/1223391818.PDF
688401,路维光电,路维光电2024年年度报告,2025-04-19 00:00:00,1223159751,reports_raw/companies/688_star/688401_路维光电/2024/1223159751.pdf,https://static.cninfo.com.cn/finalpage/2025-04-19/1223159751.pdf
688403,汇成股份,合肥新汇成微电子股份有限公司2024年年度报告,2025-03-28 00:00:00,1222924742,reports_raw/companies/688_star/688403_汇成股份/2024/1222924742.pdf,https://static.cninfo.com.cn/finalpage/2025-03-28/1222924742.PDF
688408,中信博,中信博2024年年度报告,2025-04-17 00:00:00,1223111324,reports_raw/companies/688_star/688408_中信博/2024/1223111324.pdf,https://static.cninfo.com.cn/finalpage/2025-04-17/1223111324.PDF
688409,富创精密,2024年年度报告,2025-04-30 00:00:00,1223424645,reports_raw/companies/688_star/688409_富创精密/2024/1223424645.pdf,https://static.cninfo.com.cn/finalpage/2025-04-30/1223424645.PDF
688411,海博思创,北京海博思创科技股份有限公司2024年年度报告,2025-04-29 00:00:00,1223381675,reports_raw/companies/688_star/688411_海博思创/2024/1223381675.pdf,https://static.cninfo.com.cn/finalpage/2025-04-29/1223381675.PDF
688418,震有科技,2024年年度报告,2025-04-30 00:00:00,1223424684,reports_raw/companies/688_star/688418_震有科技/2024/1223424684.pdf,https://static.cninfo.com.cn/finalpage/2025-04-30/1223424684.PDF
688419,耐科装备,安徽耐科装备科技股份有限公司2024年年度报告,2025-04-12 00:00:00,1223071966,reports_raw/companies/688_star/688419_耐科装备/2024/1223071966.pdf,https://static.cninfo.com.cn/finalpage/2025-04-12/1223071966.PDF
688420,美腾科技,天津美腾科技股份有限公司2024年年度报告,2025-04-18 00:00:00,1223131161,reports_raw/companies/688_star/688420_美腾科技/2024/1223131161.pdf,https://static.cninfo.com.cn/finalpage/2025-04-18/1223131161.PDF
688425,铁建重工,中国铁建重工集团股份有限公司2024年年度报告,2025-03-29 00:00:00,1222943843,reports_raw/companies/688_star/688425_铁建重工/2024/1222943843.pdf,https://static.cninfo.com.cn/finalpage/2025-03-29/1222943843.PDF
688428,诺诚健华,诺诚健华医药有限公司2024年年度报告,2025-03-28 00:00:00,1222928222,reports_raw/companies/688_star/688428_诺诚健华/2024/1222928222.pdf,https://static.cninfo.com.cn/finalpage/2025-03-28/1222928222.PDF
688429,时创能源,常州时创能源股份有限公司2024年年度报告,2025-04-29 00:00:00,1223391861,reports_raw/companies/688_star/688429_时创能源/2024/1223391861.pdf,https://static.cninfo.com.cn/finalpage/2025-04-29/1223391861.PDF
688432,有研硅,有研硅2024年年度报告,2025-03-31 00:00:00,1222962370,reports_raw/companies/688_star/688432_有研硅/2024/1222962370.pdf,https://static.cninfo.com.cn/finalpage/2025-03-31/1222962370.PDF
688433,华曙高科,2024年年度报告,2025-03-20 00:00:00,1222846717,reports_raw/companies/688_star/688433_华曙高科/2024/1222846717.pdf,https://static.cninfo.com.cn/finalpage/2025-03-20/1222846717.PDF
688439,振华风光,贵州振华风光半导体股份有限公司2024年年度报告,2025-04-26 00:00:00,1223329277,reports_raw/companies/688_star/688439_振华风光/2024/1223329277.pdf,https://static.cninfo.com.cn/finalpage/2025-04-26/1223329277.PDF
688448,磁谷科技,南京磁谷科技股份有限公司2024年年度报告,2025-04-29 00:00:00,1223366797,reports_raw/companies/688_star/688448_磁谷科技/2024/1223366797.pdf,https://static.cninfo.com.cn/finalpage/2025-04-29/1223366797.PDF
688449,联芸科技,2024年年度报告,2025-04-17 00:00:00,1223112666,reports_raw/companies/688_star/688449_联芸科技/2024/1223112666.pdf,https://static.cninfo.com.cn/finalpage/2025-04-17/1223112666.PDF
688455,科捷智能,2024年年度报告,2025-04-26 00:00:00,1223328298,reports_raw/companies/688_star/688455_科捷智能/2024/1223328298.pdf,https://static.cninfo.com.cn/finalpage/2025-04-26/1223328298.PDF
688456,有研粉材,2024年年度报告,2025-04-26 00:00:00,1223324370,reports_raw/companies/688_star/688456_有研粉材/2024/1223324370.pdf,https://static.cninfo.com.cn/finalpage/2025-04-26/1223324370.PDF
688458,美芯晟,2024年年度报告,2025-04-30 00:00:00,1223417994,reports_raw/companies/688_star/688458_美芯晟/2024/1223417994.pdf,https://static.cninfo.com.cn/finalpage/2025-04-30/1223417994.PDF
688459,哈铁科技,哈铁科技2024年年度报告,2025-04-26 00:00:00,1223325215,reports_raw/companies/688_star/688459_哈铁科技/2024/1223325215.pdf,https://static.cninfo.com.cn/finalpage/2025-04-26/1223325215.PDF
688468,科美诊断,科美诊断技术股份有限公司2024年年度报告,2025-04-29 00:00:00,1223381723,reports_raw/companies/688_star/688468_科美诊断/2024/1223381723.pdf,https://static.cninfo.com.cn/finalpage/2025-04-29/1223381723.PDF
688469,芯联集成,芯联集成电路制造股份有限公司2024年年度报告,2025-04-29 00:00:00,1223388408,reports_raw/companies/688_star/688469_芯联集成/2024/1223388408.pdf,https://static.cninfo.com.cn/finalpage/2025-04-29/1223388408.PDF
688472,阿特斯,阿特斯阳光电力集团股份有限公司2024年年度报告,2025-04-29 00:00:00,1223391888,reports_raw/companies/688_star/688472_阿特斯/2024/1223391888.pdf,https://static.cninfo.com.cn/finalpage/2025-04-29/1223391888.PDF
688475,萤石网络,2024年年度报告,2025-04-12 00:00:00,1223072966,reports_raw/companies/688_star/688475_萤石网络/2024/1223072966.pdf,https://static.cninfo.com.cn/finalpage/2025-04-12/1223072966.PDF
688478,晶升股份,南京晶升装备股份有限公司2024年年度报告,2025-04-29 00:00:00,1223388429,reports_raw/companies/688_star/688478_晶升股份/2024/1223388429.pdf,https://static.cninfo.com.cn/finalpage/2025-04-29/1223388429.PDF
688479,友车科技,2024年年度报告,2025-03-29 00:00:00,1222947947,reports_raw/companies/688_star/688479_友车科技/2024/1222947947.pdf,https://static.cninfo.com.cn/finalpage/2025-03-29/1222947947.PDF
688484,南芯科技,南芯科技2024年年度报告,2025-04-29 00:00:00,1223391931,reports_raw/companies/688_star/688484_南芯科技/2024/1223391931.pdf,https://static.cninfo.com.cn/finalpage/2025-04-29/1223391931.PDF
688485,九州一轨,北京九州一轨环境科技股份有限公司2024年年度报告,2025-04-28 00:00:00,1223347725,reports_raw/companies/688_star/688485_九州一轨/2024/1223347725.pdf,https://static.cninfo.com.cn/finalpage/2025-04-28/1223347725.PDF
688486,龙迅股份,龙迅股份2024年年度报告,2025-02-28 00:00:00,1222663156,reports_raw/companies/688_star/688486_龙迅股份/2024/1222663156.pdf,https://static.cninfo.com.cn/finalpage/2025-02-28/1222663156.PDF
688488,艾迪药业,艾迪药业2024年年度报告,2025-04-30 00:00:00,1223424742,reports_raw/companies/688_star/688488_艾迪药业/2024/1223424742.pdf,https://static.cninfo.com.cn/finalpage/2025-04-30/1223424742.PDF
688489,三未信安,2024年年度报告,2025-03-31 00:00:00,1222962416,reports_raw/companies/688_star/688489_三未信安/2024/1222962416.pdf,https://static.cninfo.com.cn/finalpage/2025-03-31/1222962416.PDF
688496,清越科技,清越科技2024年年度报告,2025-04-28 00:00:00,1223347751,reports_raw/companies/688_star/688496_清越科技/2024/1223347751.pdf,https://static.cninfo.com.cn/finalpage/2025-04-28/1223347751.PDF
688499,利元亨,广东利元亨智能装备股份有限公司2024年年度报告,2025-04-30 00:00:00,1223424804,reports_raw/companies/688_star/688499_利元亨/2024/1223424804.pdf,https://static.cninfo.com.cn/finalpage/2025-04-30/1223424804.PDF
688500,慧辰股份,2024年年度报告,2025-04-19 00:00:00,1223156585,reports_raw/companies/688_star/688500_慧辰股份/2024/1223156585.pdf,https://static.cninfo.com.cn/finalpage/2025-04-19/1223156585.PDF
688502,茂莱光学,2024年年度报告,2025-03-29 00:00:00,1222951065,reports_raw/companies/688_star/688502_茂莱光学/2024/1222951065.pdf,https://static.cninfo.com.cn/finalpage/2025-03-29/1222951065.PDF
688503,聚和材料,2024年年度报告,2025-04-28 00:00:00,1223347795,reports_raw/companies/688_star/688503_聚和材料/2024/1223347795.pdf,https://static.cninfo.com.cn/finalpage/2025-04-28/1223347795.PDF
688505,复旦张江,复旦张江2024年年度报告,2025-03-28 00:00:00,1222929133,reports_raw/companies/688_star/688505_复旦张江/2024/1222929133.pdf,https://static.cninfo.com.cn/finalpage/2025-03-28/1222929133.PDF
688506,百利天恒,四川百利天恒药业股份有限公司2024年年度报告,2025-03-29 00:00:00,1222948012,reports_raw/companies/688_star/688506_百利天恒/2024/1222948012.pdf,https://static.cninfo.com.cn/finalpage/2025-03-29/1222948012.PDF
688508,芯朋微,2024年年度报告,2025-03-29 00:00:00,1222948434,reports_raw/companies/688_star/688508_芯朋微/2024/1222948434.pdf,https://static.cninfo.com.cn/finalpage/2025-03-29/1222948434.PDF
688509,正元地信,正元地信2024年年度报告,2025-04-29 00:00:00,1223391955,reports_raw/companies/688_star/688509_正元地信/2024/1223391955.pdf,https://static.cninfo.com.cn/finalpage/2025-04-29/1223391955.PDF
688510,航亚科技,无锡航亚科技股份有限公司2024年年度报告,2025-03-28 00:00:00,1222924759,reports_raw/companies/688_star/688510_航亚科技/2024/1222924759.pdf,https://static.cninfo.com.cn/finalpage/2025-03-28/1222924759.PDF
688511,天微电子,2024年年度报告,2025-04-30 00:00:00,1223424872,reports_raw/companies/688_star/688511_天微电子/2024/1223424872.pdf,https://static.cninfo.com.cn/finalpage/2025-04-30/1223424872.PDF
688512,慧智微,2024年年度报告,2025-04-28 00:00:00,1223347856,reports_raw/companies/688_star/688512_慧智微/2024/1223347856.pdf,https://static.cninfo.com.cn/finalpage/2025-04-28/1223347856.PDF
688515,裕太微,2024年年度报告,2025-04-29 00:00:00,1223372244,reports_raw/companies/688_star/688515_裕太微/2024/1223372244.pdf,https://static.cninfo.com.cn/finalpage/2025-04-29/1223372244.PDF
688518,联赢激光,深圳市联赢激光股份有限公司2024年年度报告,2025-04-15 00:00:00,1223096969,reports_raw/companies/688_star/688518_联赢激光/2024/1223096969.pdf,https://static.cninfo.com.cn/finalpage/2025-04-15/1223096969.PDF
688519,南亚新材,南亚新材2024年年度报告,2025-04-17 00:00:00,1223110521,reports_raw/companies/688_star/688519_南亚新材/2024/1223110521.pdf,https://static.cninfo.com.cn/finalpage/2025-04-17/1223110521.PDF
688520,神州细胞,神州细胞2024年年度报告,2025-04-26 00:00:00,1223323161,reports_raw/companies/688_star/688520_神州细胞/2024/1223323161.pdf,https://static.cninfo.com.cn/finalpage/2025-04-26/1223323161.PDF
688522,纳睿雷达,广东纳睿雷达科技股份有限公司2024年年度报告,2025-04-19 00:00:00,1223148252,reports_raw/companies/688_star/688522_纳睿雷达/2024/1223148252.pdf,https://static.cninfo.com.cn/finalpage/2025-04-19/1223148252.PDF
688523,航天环宇,航天环宇2024年年度报告,2025-04-29 00:00:00,1223372306,reports_raw/companies/688_star/688523_航天环宇/2024/1223372306.pdf,https://static.cninfo.com.cn/finalpage/2025-04-29/1223372306.PDF
688525,佰维存储,2024年年度报告,2025-04-30 00:00:00,1223427605,reports_raw/companies/688_star/688525_佰维存储/2024/1223427605.pdf,https://static.cninfo.com.cn/finalpage/2025-04-30/1223427605.PDF
688526,科前生物,武汉科前生物股份有限公司2024年年度报告,2025-04-29 00:00:00,1223388529,reports_raw/companies/688_star/688526_科前生物/2024/1223388529.pdf,https://static.cninfo.com.cn/finalpage/2025-04-29/1223388529.PDF
688528,秦川物联,2024年年度报告,2025-04-29 00:00:00,1223381757,reports_raw/companies/688_star/688528_秦川物联/2024/1223381757.pdf,https://static.cninfo.com.cn/finalpage/2025-04-29/1223381757.PDF
688529,豪森智能,豪森智能2024年年度报告,2025-04-15 00:00:00,1223097087,reports_raw/companies/688_star/688529_豪森智能/2024/1223097087.pdf,https://static.cninfo.com.cn/finalpage/2025-04-15/1223097087.PDF
688530,欧莱新材,欧莱新材2024年年度报告,2025-04-26 00:00:00,1223325664,reports_raw/companies/688_star/688530_欧莱新材/2024/1223325664.pdf,https://static.cninfo.com.cn/finalpage/2025-04-26/1223325664.PDF
688531,日联科技,2024年年度报告,2025-04-26 00:00:00,1223324566,reports_raw/companies/688_star/688531_日联科技/2024/1223324566.pdf,https://static.cninfo.com.cn/finalpage/2025-04-26/1223324566.PDF
688533,上声电子,苏州上声电子股份有限公司2024年年度报告,2025-04-30 00:00:00,1223418073,reports_raw/companies/688_star/688533_上声电子/2024/1223418073.pdf,https://static.cninfo.com.cn/finalpage/2025-04-30/1223418073.PDF
688536,思瑞浦,2024年年度报告,2025-04-29 00:00:00,1223363024,reports_raw/companies/688_star/688536_思瑞浦/2024/1223363024.pdf,https://static.cninfo.com.cn/finalpage/2025-04-29/1223363024.PDF
688538,和辉光电,上海和辉光电股份有限公司2024年年度报告,2025-03-29 00:00:00,1222950423,reports_raw/companies/688_star/688538_和辉光电/2024/1222950423.pdf,https://static.cninfo.com.cn/finalpage/2025-03-29/1222950423.PDF
688539,高华科技,高华科技2024年年度报告,2025-04-19 00:00:00,1223144677,reports_raw/companies/688_star/688539_高华科技/2024/1223144677.pdf,https://static.cninfo.com.cn/finalpage/2025-04-19/1223144677.PDF
688543,国科军工,江西国科军工集团股份有限公司2024年年度报告,2025-03-26 00:00:00,1222896908,reports_raw/companies/688_star/688543_国科军工/2024/1222896908.pdf,https://static.cninfo.com.cn/finalpage/2025-03-26/1222896908.PDF
688545,兴福电子,湖北兴福电子材料股份有限公司2024年年度报告,2025-04-01 00:00:00,1222975632,reports_raw/companies/688_star/688545_兴福电子/2024/1222975632.pdf,https://static.cninfo.com.cn/finalpage/2025-04-01/1222975632.PDF
688548,广钢气体,2024年年度报告,2025-03-29 00:00:00,1222949946,reports_raw/companies/688_star/688548_广钢气体/2024/1222949946.pdf,https://static.cninfo.com.cn/finalpage/2025-03-29/1222949946.PDF
688549,中巨芯,2024年年度报告,2025-04-11 00:00:00,1223058299,reports_raw/companies/688_star/688549_中巨芯/2024/1223058299.pdf,https://static.cninfo.com.cn/finalpage/2025-04-11/1223058299.PDF
688550,瑞联新材,2024年年度报告,2025-04-19 00:00:00,1223158262,reports_raw/companies/688_star/688550_瑞联新材/2024/1223158262.pdf,https://static.cninfo.com.cn/finalpage/2025-04-19/1223158262.PDF
688551,科威尔,2024年年度报告,2025-04-26 00:00:00,1223324400,reports_raw/companies/688_star/688551_科威尔/2024/1223324400.pdf,https://static.cninfo.com.cn/finalpage/2025-04-26/1223324400.PDF
688553,汇宇制药,2024年年度报告,2025-04-26 00:00:00,1223325869,reports_raw/companies/688_star/688553_汇宇制药/2024/1223325869.pdf,https://static.cninfo.com.cn/finalpage/2025-04-26/1223325869.PDF
688556,高测股份,2024年年度报告,2025-04-29 00:00:00,1223388586,reports_raw/companies/688_star/688556_高测股份/2024/1223388586.pdf,https://static.cninfo.com.cn/finalpage/2025-04-29/1223388586.PDF
688557,兰剑智能,兰剑智能科技股份有限公司2024年年度报告,2025-03-29 00:00:00,1222943880,reports_raw/companies/688_star/688557_兰剑智能/2024/1222943880.pdf,https://static.cninfo.com.cn/finalpage/2025-03-29/1222943880.PDF
688558,国盛智科,国盛智科2024年年度报告,2025-04-19 00:00:00,1223149132,reports_raw/companies/688_star/688558_国盛智科/2024/1223149132.pdf,https://static.cninfo.com.cn/finalpage/2025-04-19/1223149132.PDF
688559,海目星,海目星2024年年度报告,2025-04-30 00:00:00,1223443540,reports_raw/companies/688_star/688559_海目星/2024/1223443540.pdf,https://static.cninfo.com.cn/finalpage/2025-04-30/1223443540.pdf
688560,明冠新材,明冠新材2024年年度报告,2025-04-29 00:00:00,1223391991,reports_raw/companies/688_star/688560_明冠新材/2024/1223391991.pdf,https://static.cninfo.com.cn/finalpage/2025-04-29/1223391991.PDF
688561,奇安信,奇安信2024年年度报告,2025-04-30 00:00:00,1223425012,reports_raw/companies/688_star/688561_奇安信/2024/1223425012.pdf,https://static.cninfo.com.cn/finalpage/2025-04-30/1223425012.PDF
688562,航天软件,北京神舟航天软件技术股份有限公司2024年年度报告,2025-03-31 00:00:00,1222962432,reports_raw/companies/688_star/688562_航天软件/2024/1222962432.pdf,https://static.cninfo.com.cn/finalpage/2025-03-31/1222962432.PDF
688563,航材股份,2024年年度报告,2025-03-31 00:00:00,1222962473,reports_raw/companies/688_star/688563_航材股份/2024/1222962473.pdf,https://static.cninfo.com.cn/finalpage/2025-03-31/1222962473.PDF
688566,吉贝尔,吉贝尔2024年年度报告,2025-04-15 00:00:00,1223096183,reports_raw/companies/688_star/688566_吉贝尔/2024/1223096183.pdf,https://static.cninfo.com.cn/finalpage/2025-04-15/1223096183.PDF
688567,孚能科技,孚能科技2024年年度报告,2025-04-30 00:00:00,1223418150,reports_raw/companies/688_star/688567_孚能科技/2024/1223418150.pdf,https://static.cninfo.com.cn/finalpage/2025-04-30/1223418150.PDF
688568,中科星图,中科星图股份有限公司2024年年度报告,2025-03-04 00:00:00,1222694858,reports_raw/companies/688_star/688568_中科星图/2024/1222694858.pdf,https://static.cninfo.com.cn/finalpage/2025-03-04/1222694858.PDF
688569,铁科轨道,铁科轨道2024年年度报告,2025-03-29 00:00:00,1222945843,reports_raw/companies/688_star/688569_铁科轨道/2024/1222945843.pdf,https://static.cninfo.com.cn/finalpage/2025-03-29/1222945843.PDF
688570,天玛智控,天玛智控2024年年度报告,2025-03-21 00:00:00,1222856491,reports_raw/companies/688_star/688570_天玛智控/2024/1222856491.pdf,https://static.cninfo.com.cn/finalpage/2025-03-21/1222856491.PDF
688573,信宇人,深圳市信宇人科技股份有限公司2024年年度报告（更正后）,2025-07-08 00:00:00,1224091937,reports_raw/companies/688_star/688573_信宇人/2024/1224091937.pdf,https://static.cninfo.com.cn/finalpage/2025-07-08/1224091937.PDF
688576,西山科技,重庆西山科技股份有限公司2024年年度报告,2025-04-29 00:00:00,1223392033,reports_raw/companies/688_star/688576_西山科技/2024/1223392033.pdf,https://static.cninfo.com.cn/finalpage/2025-04-29/1223392033.PDF
688577,浙海德曼,浙海德曼2024年年度报告(修订版),2025-06-13 00:00:00,1223858997,reports_raw/companies/688_star/688577_浙海德曼/2024/1223858997.pdf,https://static.cninfo.com.cn/finalpage/2025-06-13/1223858997.PDF
688579,山大地纬,山大地纬2024年年度报告,2025-04-12 00:00:00,1223072333,reports_raw/companies/688_star/688579_山大地纬/2024/1223072333.pdf,https://static.cninfo.com.cn/finalpage/2025-04-12/1223072333.PDF
688582,芯动联科,2024年年度报告,2025-03-18 00:00:00,1222821956,reports_raw/companies/688_star/688582_芯动联科/2024/1222821956.pdf,https://static.cninfo.com.cn/finalpage/2025-03-18/1222821956.PDF
688583,思看科技,2024年年度报告,2025-04-26 00:00:00,1223321821,reports_raw/companies/688_star/688583_思看科技/2024/1223321821.pdf,https://static.cninfo.com.cn/finalpage/2025-04-26/1223321821.PDF
688584,上海合晶,上海合晶2024年年度报告,2025-03-19 00:00:00,1222835927,reports_raw/companies/688_star/688584_上海合晶/2024/1222835927.pdf,https://static.cninfo.com.cn/finalpage/2025-03-19/1222835927.PDF
688585,上纬新材,上纬新材2024年年度报告,2025-04-03 00:00:00,1222993410,reports_raw/companies/688_star/688585_上纬新材/2024/1222993410.pdf,https://static.cninfo.com.cn/finalpage/2025-04-03/1222993410.PDF
688586,江航装备,江航装备2024年年度报告,2025-03-17 00:00:00,1222816122,reports_raw/companies/688_star/688586_江航装备/2024/1222816122.pdf,https://static.cninfo.com.cn/finalpage/2025-03-17/1222816122.PDF
688588,凌志软件,凌志软件2024年年度报告,2025-04-18 00:00:00,1223128838,reports_raw/companies/688_star/688588_凌志软件/2024/1223128838.pdf,https://static.cninfo.com.cn/finalpage/2025-04-18/1223128838.PDF
688589,力合微,2024年年度报告,2025-03-27 00:00:00,1222911454,reports_raw/companies/688_star/688589_力合微/2024/1222911454.pdf,https://static.cninfo.com.cn/finalpage/2025-03-27/1222911454.PDF
688590,新致软件,2024年年度报告,2025-04-29 00:00:00,1223366936,reports_raw/companies/688_star/688590_新致软件/2024/1223366936.pdf,https://static.cninfo.com.cn/finalpage/2025-04-29/1223366936.PDF
688591,泰凌微,2024年年度报告,2025-04-18 00:00:00,1223125580,reports_raw/companies/688_star/688591_泰凌微/2024/1223125580.pdf,https://static.cninfo.com.cn/finalpage/2025-04-18/1223125580.PDF
688592,司南导航,司南导航2024年年度报告（更正）,2025-07-05 00:00:00,1224085405,reports_raw/companies/688_star/688592_司南导航/2024/1224085405.pdf,https://static.cninfo.com.cn/finalpage/2025-07-05/1224085405.PDF
688596,正帆科技,2024年年度报告,2025-04-29 00:00:00,1223388804,reports_raw/companies/688_star/688596_正帆科技/2024/1223388804.pdf,https://static.cninfo.com.cn/finalpage/2025-04-29/1223388804.PDF
688597,煜邦电力,2024年年度报告,2025-03-28 00:00:00,1222925935,reports_raw/companies/688_star/688597_煜邦电力/2024/1222925935.pdf,https://static.cninfo.com.cn/finalpage/2025-03-28/1222925935.PDF
688598,金博股份,2024年年度报告,2025-04-29 00:00:00,1223392087,reports_raw/companies/688_star/688598_金博股份/2024/1223392087.pdf,https://static.cninfo.com.cn/finalpage/2025-04-29/1223392087.PDF
688599,天合光能,天合光能股份有限公司2024年年度报告,2025-04-30 00:00:00,1223425055,reports_raw/companies/688_star/688599_天合光能/2024/1223425055.pdf,https://static.cninfo.com.cn/finalpage/2025-04-30/1223425055.PDF
688600,皖仪科技,2024年年度报告,2025-04-29 00:00:00,1223381782,reports_raw/companies/688_star/688600_皖仪科技/2024/1223381782.pdf,https://static.cninfo.com.cn/finalpage/2025-04-29/1223381782.PDF
688601,力芯微,2024年年度报告,2025-04-12 00:00:00,1223072573,reports_raw/companies/688_star/688601_力芯微/2024/1223072573.pdf,https://static.cninfo.com.cn/finalpage/2025-04-12/1223072573.PDF
688602,康鹏科技,上海康鹏科技股份有限公司2024年年度报告,2025-04-18 00:00:00,1223127977,reports_raw/companies/688_star/688602_康鹏科技/2024/1223127977.pdf,https://static.cninfo.com.cn/finalpage/2025-04-18/1223127977.PDF
688603,天承科技,2024年年度报告（修订版）,2025-05-15 00:00:00,1223545961,reports_raw/companies/688_star/688603_天承科技/2024/1223545961.pdf,https://static.cninfo.com.cn/finalpage/2025-05-15/1223545961.pdf
688605,先锋精科,先锋精科2024年年度报告,2025-04-29 00:00:00,1223372342,reports_raw/companies/688_star/688605_先锋精科/2024/1223372342.pdf,https://static.cninfo.com.cn/finalpage/2025-04-29/1223372342.PDF
688606,奥泰生物,2024年年度报告,2025-04-29 00:00:00,1223366974,reports_raw/companies/688_star/688606_奥泰生物/2024/1223366974.pdf,https://static.cninfo.com.cn/finalpage/2025-04-29/1223366974.PDF
688610,埃科光电,2024年年度报告,2025-04-18 00:00:00,1223130762,reports_raw/companies/688_star/688610_埃科光电/2024/1223130762.pdf,https://static.cninfo.com.cn/finalpage/2025-04-18/1223130762.PDF
688611,杭州柯林,杭州柯林电气股份有限公司2024年年度报告,2025-04-03 00:00:00,1222994089,reports_raw/companies/688_star/688611_杭州柯林/2024/1222994089.pdf,https://static.cninfo.com.cn/finalpage/2025-04-03/1222994089.PDF
688612,威迈斯,2024年年度报告,2025-04-26 00:00:00,1223323939,reports_raw/companies/688_star/688612_威迈斯/2024/1223323939.pdf,https://static.cninfo.com.cn/finalpage/2025-04-26/1223323939.PDF
688613,奥精医疗,奥精医疗：2024年年度报告（更正后）,2025-05-31 00:00:00,1223733364,reports_raw/companies/688_star/688613_奥精医疗/2024/1223733364.pdf,https://static.cninfo.com.cn/finalpage/2025-05-31/1223733364.PDF
688615,合合信息,上海合合信息科技股份有限公司2024年年度报告,2025-04-16 00:00:00,1223103971,reports_raw/companies/688_star/688615_合合信息/2024/1223103971.pdf,https://static.cninfo.com.cn/finalpage/2025-04-16/1223103971.PDF
688616,西力科技,杭州西力智能科技股份有限公司2024年年度报告,2025-04-28 00:00:00,1223347889,reports_raw/companies/688_star/688616_西力科技/2024/1223347889.pdf,https://static.cninfo.com.cn/finalpage/2025-04-28/1223347889.PDF
688618,三旺通信,深圳市三旺通信股份有限公司2024年年度报告,2025-04-30 00:00:00,1223418441,reports_raw/companies/688_star/688618_三旺通信/2024/1223418441.pdf,https://static.cninfo.com.cn/finalpage/2025-04-30/1223418441.PDF
688620,安凯微,广州安凯微电子股份有限公司2024年年度报告,2025-04-30 00:00:00,1223418456,reports_raw/companies/688_star/688620_安凯微/2024/1223418456.pdf,https://static.cninfo.com.cn/finalpage/2025-04-30/1223418456.PDF
688621,阳光诺和,2024年年度报告,2025-04-09 00:00:00,1223032504,reports_raw/companies/688_star/688621_阳光诺和/2024/1223032504.pdf,https://static.cninfo.com.cn/finalpage/2025-04-09/1223032504.PDF
688622,禾信仪器,2024年年度报告,2025-04-04 00:00:00,1223004969,reports_raw/companies/688_star/688622_禾信仪器/2024/1223004969.pdf,https://static.cninfo.com.cn/finalpage/2025-04-04/1223004969.PDF
688623,双元科技,2024年年度报告,2025-04-29 00:00:00,1223372401,reports_raw/companies/688_star/688623_双元科技/2024/1223372401.pdf,https://static.cninfo.com.cn/finalpage/2025-04-29/1223372401.PDF
688625,呈和科技,2024年年度报告,2025-04-30 00:00:00,1223418551,reports_raw/companies/688_star/688625_呈和科技/2024/1223418551.pdf,https://static.cninfo.com.cn/finalpage/2025-04-30/1223418551.PDF
688627,精智达,2024年年度报告,2025-04-26 00:00:00,1223323612,reports_raw/companies/688_star/688627_精智达/2024/1223323612.pdf,https://static.cninfo.com.cn/finalpage/2025-04-26/1223323612.PDF
688628,优利德,2024年年度报告,2025-04-12 00:00:00,1223070814,reports_raw/companies/688_star/688628_优利德/2024/1223070814.pdf,https://static.cninfo.com.cn/finalpage/2025-04-12/1223070814.PDF
688629,华丰科技,2024年年度报告,2025-04-29 00:00:00,1223372592,reports_raw/companies/688_star/688629_华丰科技/2024/1223372592.pdf,https://static.cninfo.com.cn/finalpage/2025-04-29/1223372592.PDF
688631,莱斯信息,莱斯信息2024年年度报告,2025-04-26 00:00:00,1223320255,reports_raw/companies/688_star/688631_莱斯信息/2024/1223320255.pdf,https://static.cninfo.com.cn/finalpage/2025-04-26/1223320255.PDF
688633,星球石墨,2024年年度报告,2025-04-28 00:00:00,1223347932,reports_raw/companies/688_star/688633_星球石墨/2024/1223347932.pdf,https://static.cninfo.com.cn/finalpage/2025-04-28/1223347932.PDF
688638,誉辰智能,深圳市誉辰智能装备股份有限公司2024年年度报告,2025-04-29 00:00:00,1223381825,reports_raw/companies/688_star/688638_誉辰智能/2024/1223381825.pdf,https://static.cninfo.com.cn/finalpage/2025-04-29/1223381825.PDF
688646,逸飞激光,逸飞激光2024年年度报告,2025-04-30 00:00:00,1223427694,reports_raw/companies/688_star/688646_逸飞激光/2024/1223427694.pdf,https://static.cninfo.com.cn/finalpage/2025-04-30/1223427694.PDF
688648,中邮科技,中邮科技股份有限公司2024年年度报告,2025-04-29 00:00:00,1223388823,reports_raw/companies/688_star/688648_中邮科技/2024/1223388823.pdf,https://static.cninfo.com.cn/finalpage/2025-04-29/1223388823.PDF
688651,盛邦安全,2024年年度报告,2025-04-29 00:00:00,1223392681,reports_raw/companies/688_star/688651_盛邦安全/2024/1223392681.pdf,https://static.cninfo.com.cn/finalpage/2025-04-29/1223392681.PDF
688652,京仪装备,北京京仪自动化装备技术股份有限公司2024年年度报告,2025-04-30 00:00:00,1223425097,reports_raw/companies/688_star/688652_京仪装备/2024/1223425097.pdf,https://static.cninfo.com.cn/finalpage/2025-04-30/1223425097.PDF
688653,康希通信,康希通信2024年年度报告,2025-04-30 00:00:00,1223425129,reports_raw/companies/688_star/688653_康希通信/2024/1223425129.pdf,https://static.cninfo.com.cn/finalpage/2025-04-30/1223425129.PDF
688655,迅捷兴,2024年年度报告,2025-03-18 00:00:00,1222822088,reports_raw/companies/688_star/688655_迅捷兴/2024/1222822088.pdf,https://static.cninfo.com.cn/finalpage/2025-03-18/1222822088.PDF
688656,浩欧博,江苏浩欧博生物医药股份有限公司2024年年度报告,2025-03-18 00:00:00,1222822249,reports_raw/companies/688_star/688656_浩欧博/2024/1222822249.pdf,https://static.cninfo.com.cn/finalpage/2025-03-18/1222822249.PDF
688657,浩辰软件,苏州浩辰软件股份有限公司2024年年度报告,2025-04-03 00:00:00,1222993432,reports_raw/companies/688_star/688657_浩辰软件/2024/1222993432.pdf,https://static.cninfo.com.cn/finalpage/2025-04-03/1222993432.PDF
688658,悦康药业,2024年年度报告,2025-03-15 00:00:00,1222807868,reports_raw/companies/688_star/688658_悦康药业/2024/1222807868.pdf,https://static.cninfo.com.cn/finalpage/2025-03-15/1222807868.PDF
688659,元琛科技,2024年年度报告,2025-04-29 00:00:00,1223367077,reports_raw/companies/688_star/688659_元琛科技/2024/1223367077.pdf,https://static.cninfo.com.cn/finalpage/2025-04-29/1223367077.PDF
688660,电气风电,上海电气风电集团股份有限公司2024年年度报告,2025-03-25 00:00:00,1222880362,reports_raw/companies/688_star/688660_电气风电/2024/1222880362.pdf,https://static.cninfo.com.cn/finalpage/2025-03-25/1222880362.PDF
688661,和林微纳,2024年年度报告,2025-04-30 00:00:00,1223418595,reports_raw/companies/688_star/688661_和林微纳/2024/1223418595.pdf,https://static.cninfo.com.cn/finalpage/2025-04-30/1223418595.PDF
688663,新风光,2024年年度报告,2025-04-09 00:00:00,1223032597,reports_raw/companies/688_star/688663_新风光/2024/1223032597.pdf,https://static.cninfo.com.cn/finalpage/2025-04-09/1223032597.PDF
688665,四方光电,四方光电2024年年度报告,2025-04-18 00:00:00,1223128454,reports_raw/companies/688_star/688665_四方光电/2024/1223128454.pdf,https://static.cninfo.com.cn/finalpage/2025-04-18/1223128454.PDF
688668,鼎通科技,2024年年度报告,2025-04-18 00:00:00,1223127213,reports_raw/companies/688_star/688668_鼎通科技/2024/1223127213.pdf,https://static.cninfo.com.cn/finalpage/2025-04-18/1223127213.PDF
688669,聚石化学,2024年年度报告,2025-04-29 00:00:00,1223392152,reports_raw/companies/688_star/688669_聚石化学/2024/1223392152.pdf,https://static.cninfo.com.cn/finalpage/2025-04-29/1223392152.PDF
688670,金迪克,江苏金迪克生物技术股份有限公司2024年年度报告,2025-04-18 00:00:00,1223129995,reports_raw/companies/688_star/688670_金迪克/2024/1223129995.pdf,https://static.cninfo.com.cn/finalpage/2025-04-18/1223129995.PDF
688671,碧兴物联,2024年年度报告,2025-03-26 00:00:00,1222896160,reports_raw/companies/688_star/688671_碧兴物联/2024/1222896160.pdf,https://static.cninfo.com.cn/finalpage/2025-03-26/1222896160.PDF
688676,金盘科技,2024年年度报告,2025-04-03 00:00:00,1222993457,reports_raw/companies/688_star/688676_金盘科技/2024/1222993457.pdf,https://static.cninfo.com.cn/finalpage/2025-04-03/1222993457.PDF
688679,通源环境,2024年年度报告,2025-04-15 00:00:00,1223094297,reports_raw/companies/688_star/688679_通源环境/2024/1223094297.pdf,https://static.cninfo.com.cn/finalpage/2025-04-15/1223094297.PDF
688682,霍莱沃,2024年年度报告,2025-04-11 00:00:00,1223058332,reports_raw/companies/688_star/688682_霍莱沃/2024/1223058332.pdf,https://static.cninfo.com.cn/finalpage/2025-04-11/1223058332.PDF
688686,奥普特,2024年年度报告,2025-04-29 00:00:00,1223381881,reports_raw/companies/688_star/688686_奥普特/2024/1223381881.pdf,https://static.cninfo.com.cn/finalpage/2025-04-29/1223381881.PDF
688687,凯因科技,凯因科技2024年年度报告,2025-04-29 00:00:00,1223388887,reports_raw/companies/688_star/688687_凯因科技/2024/1223388887.pdf,https://static.cninfo.com.cn/finalpage/2025-04-29/1223388887.PDF
688689,银河微电,2024年年度报告,2025-04-28 00:00:00,1223347988,reports_raw/companies/688_star/688689_银河微电/2024/1223347988.pdf,https://static.cninfo.com.cn/finalpage/2025-04-28/1223347988.PDF
688691,灿芯股份,2024年年度报告,2025-04-28 00:00:00,1223347998,reports_raw/companies/688_star/688691_灿芯股份/2024/1223347998.pdf,https://static.cninfo.com.cn/finalpage/2025-04-28/1223347998.PDF
688692,达梦数据,2024年年度报告,2025-04-15 00:00:00,1223095468,reports_raw/companies/688_star/688692_达梦数据/2024/1223095468.pdf,https://static.cninfo.com.cn/finalpage/2025-04-15/1223095468.PDF
688693,锴威特,苏州锴威特半导体股份有限公司2024年年度报告,2025-04-09 00:00:00,1223031889,reports_raw/companies/688_star/688693_锴威特/2024/1223031889.pdf,https://static.cninfo.com.cn/finalpage/2025-04-09/1223031889.PDF
688695,中创股份,山东中创软件商用中间件股份有限公司2024年年度报告,2025-04-28 00:00:00,1223348033,reports_raw/companies/688_star/688695_中创股份/2024/1223348033.pdf,https://static.cninfo.com.cn/finalpage/2025-04-28/1223348033.PDF
688698,伟创电气,2024年年度报告,2025-04-16 00:00:00,1223101017,reports_raw/companies/688_star/688698_伟创电气/2024/1223101017.pdf,https://static.cninfo.com.cn/finalpage/2025-04-16/1223101017.PDF
688700,东威科技,2024年年度报告,2025-04-26 00:00:00,1223322879,reports_raw/companies/688_star/688700_东威科技/2024/1223322879.pdf,https://static.cninfo.com.cn/finalpage/2025-04-26/1223322879.PDF
688701,卓锦股份,浙江卓锦环保科技股份有限公司2024年年度报告,2025-04-29 00:00:00,1223381947,reports_raw/companies/688_star/688701_卓锦股份/2024/1223381947.pdf,https://static.cninfo.com.cn/finalpage/2025-04-29/1223381947.PDF
688702,盛科通信,盛科通信2024年年度报告,2025-04-28 00:00:00,1223348061,reports_raw/companies/688_star/688702_盛科通信/2024/1223348061.pdf,https://static.cninfo.com.cn/finalpage/2025-04-28/1223348061.PDF
688707,振华新材,2024年年度报告,2025-04-26 00:00:00,1223316897,reports_raw/companies/688_star/688707_振华新材/2024/1223316897.pdf,https://static.cninfo.com.cn/finalpage/2025-04-26/1223316897.PDF
688708,佳驰科技,2024年年度报告,2025-04-18 00:00:00,1223122929,reports_raw/companies/688_star/688708_佳驰科技/2024/1223122929.pdf,https://static.cninfo.com.cn/finalpage/2025-04-18/1223122929.PDF
688709,成都华微,成都华微电子科技股份有限公司2024年年度报告,2025-04-30 00:00:00,1223427723,reports_raw/companies/688_star/688709_成都华微/2024/1223427723.pdf,https://static.cninfo.com.cn/finalpage/2025-04-30/1223427723.PDF
688710,益诺思,2024年年度报告,2025-04-30 00:00:00,1223425153,reports_raw/companies/688_star/688710_益诺思/2024/1223425153.pdf,https://static.cninfo.com.cn/finalpage/2025-04-30/1223425153.PDF
688711,宏微科技,江苏宏微科技股份有限公司2024年年度报告,2025-04-15 00:00:00,1223097019,reports_raw/companies/688_star/688711_宏微科技/2024/1223097019.pdf,https://static.cninfo.com.cn/finalpage/2025-04-15/1223097019.PDF
688717,艾罗能源,2024年年度报告,2025-04-29 00:00:00,1223392162,reports_raw/companies/688_star/688717_艾罗能源/2024/1223392162.pdf,https://static.cninfo.com.cn/finalpage/2025-04-29/1223392162.PDF
688718,唯赛勃,唯赛勃2024年年度报告,2025-04-29 00:00:00,1223367131,reports_raw/companies/688_star/688718_唯赛勃/2024/1223367131.pdf,https://static.cninfo.com.cn/finalpage/2025-04-29/1223367131.PDF
688719,爱科赛博,西安爱科赛博电气股份有限公司2024年年度报告,2025-04-18 00:00:00,1223125600,reports_raw/companies/688_star/688719_爱科赛博/2024/1223125600.pdf,https://static.cninfo.com.cn/finalpage/2025-04-18/1223125600.PDF
688720,艾森股份,2024年年度报告,2025-04-26 00:00:00,1223319132,reports_raw/companies/688_star/688720_艾森股份/2024/1223319132.pdf,https://static.cninfo.com.cn/finalpage/2025-04-26/1223319132.PDF
688721,龙图光罩,深圳市龙图光罩股份有限公司2024年年度报告,2025-03-28 00:00:00,1222929157,reports_raw/companies/688_star/688721_龙图光罩/2024/1222929157.pdf,https://static.cninfo.com.cn/finalpage/2025-03-28/1222929157.PDF
688722,同益中,同益中2024年年度报告,2025-03-29 00:00:00,1222944728,reports_raw/companies/688_star/688722_同益中/2024/1222944728.pdf,https://static.cninfo.com.cn/finalpage/2025-03-29/1222944728.PDF
688726,拉普拉斯,2024年年度报告,2025-04-17 00:00:00,1223111531,reports_raw/companies/688_star/688726_拉普拉斯/2024/1223111531.pdf,https://static.cninfo.com.cn/finalpage/2025-04-17/1223111531.PDF
688728,格科微,格科微有限公司2024年年度报告,2025-04-29 00:00:00,1223359800,reports_raw/companies/688_star/688728_格科微/2024/1223359800.pdf,https://static.cninfo.com.cn/finalpage/2025-04-29/1223359800.PDF
688733,壹石通,壹石通2024年年度报告,2025-04-18 00:00:00,1223128509,reports_raw/companies/688_star/688733_壹石通/2024/1223128509.pdf,https://static.cninfo.com.cn/finalpage/2025-04-18/1223128509.PDF
688737,中自科技,中自科技股份有限公司2024年年度报告,2025-04-30 00:00:00,1223425177,reports_raw/companies/688_star/688737_中自科技/2024/1223425177.pdf,https://static.cninfo.com.cn/finalpage/2025-04-30/1223425177.PDF
688750,金天钛业,2024年年度报告,2025-04-10 00:00:00,1223044173,reports_raw/companies/688_star/688750_金天钛业/2024/1223044173.pdf,https://static.cninfo.com.cn/finalpage/2025-04-10/1223044173.PDF
688758,赛分科技,苏州赛分科技股份有限公司2024年年度报告,2025-04-29 00:00:00,1223372635,reports_raw/companies/688_star/688758_赛分科技/2024/1223372635.pdf,https://static.cninfo.com.cn/finalpage/2025-04-29/1223372635.PDF
688766,普冉股份,普冉半导体（上海）股份有限公司2024年年度报告,2025-03-31 00:00:00,1222962492,reports_raw/companies/688_star/688766_普冉股份/2024/1222962492.pdf,https://static.cninfo.com.cn/finalpage/2025-03-31/1222962492.PDF
688767,博拓生物,博拓生物2024年年度报告,2025-04-26 00:00:00,1223319855,reports_raw/companies/688_star/688767_博拓生物/2024/1223319855.pdf,https://static.cninfo.com.cn/finalpage/2025-04-26/1223319855.PDF
688772,珠海冠宇,2024年年度报告,2025-03-31 00:00:00,1222962517,reports_raw/companies/688_star/688772_珠海冠宇/2024/1222962517.pdf,https://static.cninfo.com.cn/finalpage/2025-03-31/1222962517.PDF
688777,中控技术,中控技术股份有限公司2024年年度报告,2025-04-01 00:00:00,1222974884,reports_raw/companies/688_star/688777_中控技术/2024/1222974884.pdf,https://static.cninfo.com.cn/finalpage/2025-04-01/1222974884.PDF
688778,厦钨新能,厦门厦钨新能源材料股份有限公司2024年年度报告,2025-04-26 00:00:00,1223331830,reports_raw/companies/688_star/688778_厦钨新能/2024/1223331830.pdf,https://static.cninfo.com.cn/finalpage/2025-04-26/1223331830.PDF
688779,五矿新能,五矿新能源材料（湖南）股份有限公司2024年年度报告,2025-04-19 00:00:00,1223144711,reports_raw/companies/688_star/688779_五矿新能/2024/1223144711.pdf,https://static.cninfo.com.cn/finalpage/2025-04-19/1223144711.PDF
688787,海天瑞声,海天瑞声2024年年度报告,2025-04-26 00:00:00,1223328731,reports_raw/companies/688_star/688787_海天瑞声/2024/1223328731.pdf,https://static.cninfo.com.cn/finalpage/2025-04-26/1223328731.PDF
688789,宏华数科,杭州宏华数码科技股份有限公司2024年年度报告,2025-04-26 00:00:00,1223326047,reports_raw/companies/688_star/688789_宏华数科/2024/1223326047.pdf,https://static.cninfo.com.cn/finalpage/2025-04-26/1223326047.PDF
688793,倍轻松,2024年年度报告（更正版）,2025-07-05 00:00:00,1224085903,reports_raw/companies/688_star/688793_倍轻松/2024/1224085903.pdf,https://static.cninfo.com.cn/finalpage/2025-07-05/1224085903.pdf
688798,艾为电子,艾为电子2024年年度报告,2025-04-10 00:00:00,1223046125,reports_raw/companies/688_star/688798_艾为电子/2024/1223046125.pdf,https://static.cninfo.com.cn/finalpage/2025-04-10/1223046125.PDF
688800,瑞可达,2024年年度报告,2025-04-15 00:00:00,1223095502,reports_raw/companies/688_star/688800_瑞可达/2024/1223095502.pdf,https://static.cninfo.com.cn/finalpage/2025-04-15/1223095502.PDF
688819,天能股份,天能电池集团股份有限公司2024年年度报告,2025-03-28 00:00:00,1222925993,reports_raw/companies/688_star/688819_天能股份/2024/1222925993.pdf,https://static.cninfo.com.cn/finalpage/2025-03-28/1222925993.PDF
688981,中芯国际,中芯国际2024年年度报告,2025-03-28 00:00:00,1222924320,reports_raw/companies/688_star/688981_中芯国际/2024/1222924320.pdf,https://static.cninfo.com.cn/finalpage/2025-03-28/1222924320.PDF
689009,九号公司,九号有限公司2024年年度报告,2025-04-12 00:00:00,1223072410,reports_raw/companies/689_star/689009_九号公司/2024/1223072410.pdf,https://static.cninfo.com.cn/finalpage/2025-04-12/1223072410.PDF
830779,武汉蓝电,2024年年度报告,2025-03-20 00:00:00,1222858564,reports_raw/companies/830_other/830779_武汉蓝电/2024/1222858564.pdf,https://static.cninfo.com.cn/finalpage/2025-03-20/1222858564.PDF
830809,安达科技,2024年年度报告,2025-04-28 00:00:00,1223382197,reports_raw/companies/830_other/830809_安达科技/2024/1223382197.pdf,https://static.cninfo.com.cn/finalpage/2025-04-28/1223382197.PDF
830832,齐鲁华信,2024年年度报告,2025-04-29 00:00:00,1223422048,reports_raw/companies/830_other/830832_齐鲁华信/2024/1223422048.pdf,https://static.cninfo.com.cn/finalpage/2025-04-29/1223422048.PDF
830839,万通液压,2024年年度报告,2025-03-12 00:00:00,1222778815,reports_raw/companies/830_other/830839_万通液压/2024/1222778815.pdf,https://static.cninfo.com.cn/finalpage/2025-03-12/1222778815.PDF
830879,基康仪器,2024年年度报告,2025-03-28 00:00:00,1222952172,reports_raw/companies/830_other/830879_基康仪器/2024/1222952172.pdf,https://static.cninfo.com.cn/finalpage/2025-03-28/1222952172.PDF
830896,旺成科技,2024年年度报告,2025-04-28 00:00:00,1223383985,reports_raw/companies/830_other/830896_旺成科技/2024/1223383985.pdf,https://static.cninfo.com.cn/finalpage/2025-04-28/1223383985.PDF
830946,森萱医药,2024年年度报告,2025-04-14 00:00:00,1223096665,reports_raw/companies/830_other/830946_森萱医药/2024/1223096665.pdf,https://static.cninfo.com.cn/finalpage/2025-04-14/1223096665.PDF
830964,润农节水,2024年年度报告,2025-04-16 00:00:00,1223109778,reports_raw/companies/830_other/830964_润农节水/2024/1223109778.pdf,https://static.cninfo.com.cn/finalpage/2025-04-16/1223109778.PDF
830974,凯大催化,2024年年度报告,2025-04-29 00:00:00,1223424985,reports_raw/companies/830_other/830974_凯大催化/2024/1223424985.pdf,https://static.cninfo.com.cn/finalpage/2025-04-29/1223424985.PDF
831039,国义招标,2024年年度报告,2025-03-31 00:00:00,1222976824,reports_raw/companies/831_other/831039_国义招标/2024/1222976824.pdf,https://static.cninfo.com.cn/finalpage/2025-03-31/1222976824.PDF
831152,昆工科技,2024年年度报告,2025-04-28 00:00:00,1223383226,reports_raw/companies/831_other/831152_昆工科技/2024/1223383226.pdf,https://static.cninfo.com.cn/finalpage/2025-04-28/1223383226.PDF
831167,鑫汇科,2024年年度报告,2025-04-28 00:00:00,1223392971,reports_raw/companies/831_other/831167_鑫汇科/2024/1223392971.pdf,https://static.cninfo.com.cn/finalpage/2025-04-28/1223392971.PDF
831195,三祥科技,2024年年度报告,2025-04-28 00:00:00,1223368086,reports_raw/companies/831_other/831195_三祥科技/2024/1223368086.pdf,https://static.cninfo.com.cn/finalpage/2025-04-28/1223368086.PDF
831278,泰德股份,2024年年度报告,2025-04-18 00:00:00,1223153870,reports_raw/companies/831_other/831278_泰德股份/2024/1223153870.pdf,https://static.cninfo.com.cn/finalpage/2025-04-18/1223153870.PDF
831396,许昌智能,2024年年度报告,2025-03-28 00:00:00,1222951210,reports_raw/companies/831_other/831396_许昌智能/2024/1222951210.pdf,https://static.cninfo.com.cn/finalpage/2025-03-28/1222951210.PDF
831445,龙竹科技,2024年年度报告,2025-04-18 00:00:00,1223156911,reports_raw/companies/831_other/831445_龙竹科技/2024/1223156911.pdf,https://static.cninfo.com.cn/finalpage/2025-04-18/1223156911.PDF
831526,凯华材料,2024年年度报告,2025-04-18 00:00:00,1223157032,reports_raw/companies/831_other/831526_凯华材料/2024/1223157032.pdf,https://static.cninfo.com.cn/finalpage/2025-04-18/1223157032.PDF
831627,力王股份,2024年年度报告,2025-04-11 00:00:00,1223071660,reports_raw/companies/831_other/831627_力王股份/2024/1223071660.pdf,https://static.cninfo.com.cn/finalpage/2025-04-11/1223071660.PDF
831641,格利尔,2024年年度报告,2025-04-29 00:00:00,1223420705,reports_raw/companies/831_other/831641_格利尔/2024/1223420705.pdf,https://static.cninfo.com.cn/finalpage/2025-04-29/1223420705.PDF
831832,科达自控,2024年年度报告,2025-04-29 00:00:00,1223425612,reports_raw/companies/831_other/831832_科达自控/2024/1223425612.pdf,https://static.cninfo.com.cn/finalpage/2025-04-29/1223425612.PDF
832000,安徽凤凰,2024年年度报告,2025-03-31 00:00:00,1222976527,reports_raw/companies/832_other/832000_安徽凤凰/2024/1222976527.pdf,https://static.cninfo.com.cn/finalpage/2025-03-31/1222976527.PDF
832023,田野股份,2024年年度报告,2025-04-29 00:00:00,1223428830,reports_raw/companies/832_other/832023_田野股份/2024/1223428830.pdf,https://static.cninfo.com.cn/finalpage/2025-04-29/1223428830.PDF
832110,雷特科技,2024年年度报告,2025-04-10 00:00:00,1223058068,reports_raw/companies/832_other/832110_雷特科技/2024/1223058068.pdf,https://static.cninfo.com.cn/finalpage/2025-04-10/1223058068.PDF
832149,利尔达,2024年年度报告,2025-04-28 00:00:00,1223393940,reports_raw/companies/832_other/832149_利尔达/2024/1223393940.pdf,https://static.cninfo.com.cn/finalpage/2025-04-28/1223393940.PDF
832175,东方碳素,2024年年度报告,2025-04-16 00:00:00,1223113814,reports_raw/companies/832_other/832175_东方碳素/2024/1223113814.pdf,https://static.cninfo.com.cn/finalpage/2025-04-16/1223113814.PDF
832225,利通科技,2024年年度报告,2025-04-14 00:00:00,1223096706,reports_raw/companies/832_other/832225_利通科技/2024/1223096706.pdf,https://static.cninfo.com.cn/finalpage/2025-04-14/1223096706.PDF
832469,富恒新材,2024年年度报告,2025-04-29 00:00:00,1223428895,reports_raw/companies/832_other/832469_富恒新材/2024/1223428895.pdf,https://static.cninfo.com.cn/finalpage/2025-04-29/1223428895.PDF
832471,美邦科技,2024年年度报告,2025-04-29 00:00:00,1223424635,reports_raw/companies/832_other/832471_美邦科技/2024/1223424635.pdf,https://static.cninfo.com.cn/finalpage/2025-04-29/1223424635.PDF
832491,奥迪威,2024年年度报告,2025-03-25 00:00:00,1222897252,reports_raw/companies/832_other/832491_奥迪威/2024/1222897252.pdf,https://static.cninfo.com.cn/finalpage/2025-03-25/1222897252.PDF
832522,纳科诺尔,2024年年度报告,2025-04-18 00:00:00,1223158965,reports_raw/companies/832_other/832522_纳科诺尔/2024/1223158965.pdf,https://static.cninfo.com.cn/finalpage/2025-04-18/1223158965.PDF
832566,梓橦宫,2024年年度报告,2025-04-28 00:00:00,1223392017,reports_raw/companies/832_other/832566_梓橦宫/2024/1223392017.pdf,https://static.cninfo.com.cn/finalpage/2025-04-28/1223392017.PDF
832651,天罡股份,2024年年度报告,2025-04-28 00:00:00,1223384447,reports_raw/companies/832_other/832651_天罡股份/2024/1223384447.pdf,https://static.cninfo.com.cn/finalpage/2025-04-28/1223384447.PDF
832662,方盛股份,2024年年度报告,2025-04-15 00:00:00,1223101463,reports_raw/companies/832_other/832662_方盛股份/2024/1223101463.pdf,https://static.cninfo.com.cn/finalpage/2025-04-15/1223101463.PDF
832735,德源药业,2024年年度报告,2025-03-31 00:00:00,1222976079,reports_raw/companies/832_other/832735_德源药业/2024/1222976079.pdf,https://static.cninfo.com.cn/finalpage/2025-03-31/1222976079.PDF
832802,保丽洁,2024年年度报告,2025-04-29 00:00:00,1223418732,reports_raw/companies/832_other/832802_保丽洁/2024/1223418732.pdf,https://static.cninfo.com.cn/finalpage/2025-04-29/1223418732.PDF
832885,星辰科技,2024年年度报告,2025-04-16 00:00:00,1223113402,reports_raw/companies/832_other/832885_星辰科技/2024/1223113402.pdf,https://static.cninfo.com.cn/finalpage/2025-04-16/1223113402.PDF
833030,立方控股,2024年年度报告,2025-04-28 00:00:00,1223395097,reports_raw/companies/833_other/833030_立方控股/2024/1223395097.pdf,https://static.cninfo.com.cn/finalpage/2025-04-28/1223395097.PDF
833171,国航远洋,2024年年度报告,2025-03-24 00:00:00,1222883392,reports_raw/companies/833_other/833171_国航远洋/2024/1222883392.pdf,https://static.cninfo.com.cn/finalpage/2025-03-24/1222883392.PDF
833230,欧康医药,2024年年度报告,2025-04-17 00:00:00,1223130028,reports_raw/companies/833_other/833230_欧康医药/2024/1223130028.pdf,https://static.cninfo.com.cn/finalpage/2025-04-17/1223130028.PDF
833266,生物谷,2024年年度报告,2025-04-29 00:00:00,1223418366,reports_raw/companies/833_other/833266_生物谷/2024/1223418366.pdf,https://static.cninfo.com.cn/finalpage/2025-04-29/1223418366.PDF
833394,民士达,2024年年度报告,2025-03-19 00:00:00,1222846698,reports_raw/companies/833_other/833394_民士达/2024/1222846698.pdf,https://static.cninfo.com.cn/finalpage/2025-03-19/1222846698.PDF
833429,康比特,2024年年度报告,2025-04-18 00:00:00,1223156964,reports_raw/companies/833_other/833429_康比特/2024/1223156964.pdf,https://static.cninfo.com.cn/finalpage/2025-04-18/1223156964.PDF
833455,汇隆活塞,2024年年度报告（更正公告）,2025-05-15 00:00:00,1223558481,reports_raw/companies/833_other/833455_汇隆活塞/2024/1223558481.pdf,https://static.cninfo.com.cn/finalpage/2025-05-15/1223558481.PDF
833523,德瑞锂电,2024年年度报告,2025-04-28 00:00:00,1223394397,reports_raw/companies/833_other/833523_德瑞锂电/2024/1223394397.pdf,https://static.cninfo.com.cn/finalpage/2025-04-28/1223394397.PDF
833575,康乐卫士,2024年年度报告,2025-04-29 00:00:00,1223428715,reports_raw/companies/833_other/833575_康乐卫士/2024/1223428715.pdf,https://static.cninfo.com.cn/finalpage/2025-04-29/1223428715.PDF
833751,惠同新材,2024年年度报告,2025-03-31 00:00:00,1222976284,reports_raw/companies/833_other/833751_惠同新材/2024/1222976284.pdf,https://static.cninfo.com.cn/finalpage/2025-03-31/1222976284.PDF
833781,瑞奇智造,2024年年度报告,2025-04-01 00:00:00,1222984966,reports_raw/companies/833_other/833781_瑞奇智造/2024/1222984966.pdf,https://static.cninfo.com.cn/finalpage/2025-04-01/1222984966.PDF
833819,颖泰生物,2024年年度报告,2025-04-18 00:00:00,1223157950,reports_raw/companies/833_other/833819_颖泰生物/2024/1223157950.pdf,https://static.cninfo.com.cn/finalpage/2025-04-18/1223157950.PDF
833943,优机股份,2024年年度报告,2025-04-15 00:00:00,1223101540,reports_raw/companies/833_other/833943_优机股份/2024/1223101540.pdf,https://static.cninfo.com.cn/finalpage/2025-04-15/1223101540.PDF
834033,康普化学,2024年年度报告,2025-03-26 00:00:00,1222912147,reports_raw/companies/834_other/834033_康普化学/2024/1222912147.pdf,https://static.cninfo.com.cn/finalpage/2025-03-26/1222912147.PDF
834058,华洋赛车,2024年年度报告,2025-04-28 00:00:00,1223393198,reports_raw/companies/834_other/834058_华洋赛车/2024/1223393198.pdf,https://static.cninfo.com.cn/finalpage/2025-04-28/1223393198.PDF
834062,科润智控,2024年年度报告,2025-04-29 00:00:00,1223420374,reports_raw/companies/834_other/834062_科润智控/2024/1223420374.pdf,https://static.cninfo.com.cn/finalpage/2025-04-29/1223420374.PDF
834407,驰诚股份,2024年年度报告,2025-04-28 00:00:00,1223394697,reports_raw/companies/834_other/834407_驰诚股份/2024/1223394697.pdf,https://static.cninfo.com.cn/finalpage/2025-04-28/1223394697.PDF
834599,同力股份,2024年年度报告,2025-04-18 00:00:00,1223157339,reports_raw/companies/834_other/834599_同力股份/2024/1223157339.pdf,https://static.cninfo.com.cn/finalpage/2025-04-18/1223157339.PDF
834639,晨光电缆,2024年年度报告,2025-04-29 00:00:00,1223425371,reports_raw/companies/834_other/834639_晨光电缆/2024/1223425371.pdf,https://static.cninfo.com.cn/finalpage/2025-04-29/1223425371.PDF
834682,球冠电缆,2024年年度报告,2025-03-28 00:00:00,1222947033,reports_raw/companies/834_other/834682_球冠电缆/2024/1222947033.pdf,https://static.cninfo.com.cn/finalpage/2025-03-28/1222947033.PDF
834770,艾能聚,2024年年度报告,2025-04-28 00:00:00,1223394238,reports_raw/companies/834_other/834770_艾能聚/2024/1223394238.pdf,https://static.cninfo.com.cn/finalpage/2025-04-28/1223394238.PDF
834950,迅安科技,2024年年度报告,2025-04-17 00:00:00,1223130087,reports_raw/companies/834_other/834950_迅安科技/2024/1223130087.pdf,https://static.cninfo.com.cn/finalpage/2025-04-17/1223130087.PDF
835174,五新隧装,2024年年度报告,2025-04-28 00:00:00,1223379264,reports_raw/companies/835_other/835174_五新隧装/2024/1223379264.pdf,https://static.cninfo.com.cn/finalpage/2025-04-28/1223379264.PDF
835184,国源科技,2024年年度报告,2025-04-18 00:00:00,1223158331,reports_raw/companies/835_other/835184_国源科技/2024/1223158331.pdf,https://static.cninfo.com.cn/finalpage/2025-04-18/1223158331.PDF
835185,贝特瑞,2024年年度报告,2025-04-15 00:00:00,1223104318,reports_raw/companies/835_other/835185_贝特瑞/2024/1223104318.pdf,https://static.cninfo.com.cn/finalpage/2025-04-15/1223104318.PDF
835207,众诚科技,2024年年度报告,2025-04-29 00:00:00,1223428666,reports_raw/companies/835_other/835207_众诚科技/2024/1223428666.pdf,https://static.cninfo.com.cn/finalpage/2025-04-29/1223428666.PDF
835305,云创数据,2024年年度报告,2025-04-29 00:00:00,1223423828,reports_raw/companies/835_other/835305_云创数据/2024/1223423828.pdf,https://static.cninfo.com.cn/finalpage/2025-04-29/1223423828.PDF
835438,戈碧迦,2024年年度报告,2025-04-11 00:00:00,1223071427,reports_raw/companies/835_other/835438_戈碧迦/2024/1223071427.pdf,https://static.cninfo.com.cn/finalpage/2025-04-11/1223071427.PDF
835508,殷图网联,2024年年度报告,2025-04-28 00:00:00,1223394270,reports_raw/companies/835_other/835508_殷图网联/2024/1223394270.pdf,https://static.cninfo.com.cn/finalpage/2025-04-28/1223394270.PDF
835579,机科股份,2024年年度报告,2025-04-28 00:00:00,1223378527,reports_raw/companies/835_other/835579_机科股份/2024/1223378527.pdf,https://static.cninfo.com.cn/finalpage/2025-04-28/1223378527.PDF
835640,富士达,2024年年度报告,2025-03-28 00:00:00,1222951124,reports_raw/companies/835_other/835640_富士达/2024/1222951124.pdf,https://static.cninfo.com.cn/finalpage/2025-03-28/1222951124.PDF
835670,数字人,2024年年度报告,2025-04-29 00:00:00,1223423582,reports_raw/companies/835_other/835670_数字人/2024/1223423582.pdf,https://static.cninfo.com.cn/finalpage/2025-04-29/1223423582.PDF
835857,百甲科技,2024年年度报告,2025-04-29 00:00:00,1223429930,reports_raw/companies/835_other/835857_百甲科技/2024/1223429930.pdf,https://static.cninfo.com.cn/finalpage/2025-04-29/1223429930.PDF
835892,中科美菱,2024年年度报告,2025-03-21 00:00:00,1222871002,reports_raw/companies/835_other/835892_中科美菱/2024/1222871002.pdf,https://static.cninfo.com.cn/finalpage/2025-03-21/1222871002.PDF
836149,旭杰科技,2024年年度报告,2025-04-03 00:00:00,1223006487,reports_raw/companies/836_other/836149_旭杰科技/2024/1223006487.pdf,https://static.cninfo.com.cn/finalpage/2025-04-03/1223006487.PDF
836239,长虹能源,2024年年度报告,2025-04-18 00:00:00,1223158006,reports_raw/companies/836_other/836239_长虹能源/2024/1223158006.pdf,https://static.cninfo.com.cn/finalpage/2025-04-18/1223158006.PDF
836270,天铭科技,2024年年度报告,2025-04-02 00:00:00,1222994116,reports_raw/companies/836_other/836270_天铭科技/2024/1222994116.pdf,https://static.cninfo.com.cn/finalpage/2025-04-02/1222994116.PDF
836395,朗鸿科技,2024年年度报告,2025-03-25 00:00:00,1222897345,reports_raw/companies/836_other/836395_朗鸿科技/2024/1222897345.pdf,https://static.cninfo.com.cn/finalpage/2025-03-25/1222897345.PDF
836504,博迅生物,2024年年度报告,2025-04-07 00:00:00,1223021944,reports_raw/companies/836_other/836504_博迅生物/2024/1223021944.pdf,https://static.cninfo.com.cn/finalpage/2025-04-07/1223021944.PDF
836547,无锡晶海,2024年年度报告,2025-04-18 00:00:00,1223156736,reports_raw/companies/836_other/836547_无锡晶海/2024/1223156736.pdf,https://static.cninfo.com.cn/finalpage/2025-04-18/1223156736.PDF
836675,秉扬科技,2024年年度报告,2025-03-27 00:00:00,1222929025,reports_raw/companies/836_other/836675_秉扬科技/2024/1222929025.pdf,https://static.cninfo.com.cn/finalpage/2025-03-27/1222929025.PDF
836826,盖世食品,2024年年度报告,2025-04-11 00:00:00,1223072248,reports_raw/companies/836_other/836826_盖世食品/2024/1223072248.pdf,https://static.cninfo.com.cn/finalpage/2025-04-11/1223072248.PDF
836871,派特尔,2024年年度报告,2025-04-18 00:00:00,1223153347,reports_raw/companies/836_other/836871_派特尔/2024/1223153347.pdf,https://static.cninfo.com.cn/finalpage/2025-04-18/1223153347.PDF
836892,广咨国际,2024年年度报告,2025-04-03 00:00:00,1223008183,reports_raw/companies/836_other/836892_广咨国际/2024/1223008183.pdf,https://static.cninfo.com.cn/finalpage/2025-04-03/1223008183.PDF
836942,恒立钻具,2024年年度报告,2025-04-28 00:00:00,1223394814,reports_raw/companies/836_other/836942_恒立钻具/2024/1223394814.pdf,https://static.cninfo.com.cn/finalpage/2025-04-28/1223394814.PDF
836957,汉维科技,2024年年度报告,2025-04-16 00:00:00,1223112545,reports_raw/companies/836_other/836957_汉维科技/2024/1223112545.pdf,https://static.cninfo.com.cn/finalpage/2025-04-16/1223112545.PDF
837006,晟楠科技,2024年年度报告,2025-04-29 00:00:00,1223426217,reports_raw/companies/837_other/837006_晟楠科技/2024/1223426217.pdf,https://static.cninfo.com.cn/finalpage/2025-04-29/1223426217.PDF
837046,亿能电力,2024年年度报告,2025-04-29 00:00:00,1223424232,reports_raw/companies/837_other/837046_亿能电力/2024/1223424232.pdf,https://static.cninfo.com.cn/finalpage/2025-04-29/1223424232.PDF
837174,宏裕包材,2024年年度报告,2025-03-28 00:00:00,1222947698,reports_raw/companies/837_other/837174_宏裕包材/2024/1222947698.pdf,https://static.cninfo.com.cn/finalpage/2025-03-28/1222947698.PDF
837403,康农种业,2024年年度报告,2025-04-29 00:00:00,1223421627,reports_raw/companies/837_other/837403_康农种业/2024/1223421627.pdf,https://static.cninfo.com.cn/finalpage/2025-04-29/1223421627.PDF
837592,华信永道,2024年年度报告,2025-04-28 00:00:00,1223394516,reports_raw/companies/837_other/837592_华信永道/2024/1223394516.pdf,https://static.cninfo.com.cn/finalpage/2025-04-28/1223394516.PDF
837663,明阳科技,2024年年度报告,2025-04-17 00:00:00,1223131136,reports_raw/companies/837_other/837663_明阳科技/2024/1223131136.pdf,https://static.cninfo.com.cn/finalpage/2025-04-17/1223131136.PDF
837748,路桥信息,2024年年度报告,2025-04-28 00:00:00,1223394149,reports_raw/companies/837_other/837748_路桥信息/2024/1223394149.pdf,https://static.cninfo.com.cn/finalpage/2025-04-28/1223394149.PDF
838163,方大新材,2024年年度报告,2025-04-28 00:00:00,1223392780,reports_raw/companies/838_other/838163_方大新材/2024/1223392780.pdf,https://static.cninfo.com.cn/finalpage/2025-04-28/1223392780.PDF
838171,邦德股份,2024年年度报告,2025-03-28 00:00:00,1222952174,reports_raw/companies/838_other/838171_邦德股份/2024/1222952174.pdf,https://static.cninfo.com.cn/finalpage/2025-03-28/1222952174.PDF
838227,美登科技,2024年年度报告,2025-04-18 00:00:00,1223159021,reports_raw/companies/838_other/838227_美登科技/2024/1223159021.pdf,https://static.cninfo.com.cn/finalpage/2025-04-18/1223159021.PDF
838262,太湖雪,2024年年度报告,2025-04-01 00:00:00,1222985395,reports_raw/companies/838_other/838262_太湖雪/2024/1222985395.pdf,https://static.cninfo.com.cn/finalpage/2025-04-01/1222985395.PDF
838402,硅烷科技,2024年年度报告,2025-03-20 00:00:00,1222857618,reports_raw/companies/838_other/838402_硅烷科技/2024/1222857618.pdf,https://static.cninfo.com.cn/finalpage/2025-03-20/1222857618.PDF
838670,恒进感应,2024年年度报告,2025-04-18 00:00:00,1223157626,reports_raw/companies/838_other/838670_恒进感应/2024/1223157626.pdf,https://static.cninfo.com.cn/finalpage/2025-04-18/1223157626.PDF
838810,春光智能,2024年年度报告,2025-04-28 00:00:00,1223392367,reports_raw/companies/838_other/838810_春光智能/2024/1223392367.pdf,https://static.cninfo.com.cn/finalpage/2025-04-28/1223392367.PDF
838837,华原股份,2024年年度报告,2025-03-31 00:00:00,1222976418,reports_raw/companies/838_other/838837_华原股份/2024/1222976418.pdf,https://static.cninfo.com.cn/finalpage/2025-03-31/1222976418.PDF
838971,天马新材,2024年年度报告,2025-03-28 00:00:00,1222947445,reports_raw/companies/838_other/838971_天马新材/2024/1222947445.pdf,https://static.cninfo.com.cn/finalpage/2025-03-28/1222947445.PDF
839167,同享科技,2024年年度报告,2025-04-28 00:00:00,1223393607,reports_raw/companies/839_other/839167_同享科技/2024/1223393607.pdf,https://static.cninfo.com.cn/finalpage/2025-04-28/1223393607.PDF
839273,一致魔芋,2024年年度报告,2025-03-24 00:00:00,1222882909,reports_raw/companies/839_other/839273_一致魔芋/2024/1222882909.pdf,https://static.cninfo.com.cn/finalpage/2025-03-24/1222882909.PDF
839493,并行科技,2024年年度报告,2025-04-28 00:00:00,1223393860,reports_raw/companies/839_other/839493_并行科技/2024/1223393860.pdf,https://static.cninfo.com.cn/finalpage/2025-04-28/1223393860.PDF
839680,广道数字,2024年年度报告,2025-04-29 00:00:00,1223429009,reports_raw/companies/839_other/839680_广道数字/2024/1223429009.pdf,https://static.cninfo.com.cn/finalpage/2025-04-29/1223429009.PDF
839719,宁新新材,2024年年度报告,2025-04-28 00:00:00,1223393772,reports_raw/companies/839_other/839719_宁新新材/2024/1223393772.pdf,https://static.cninfo.com.cn/finalpage/2025-04-28/1223393772.PDF
839729,永顺生物,2024年年度报告,2025-04-28 00:00:00,1223382421,reports_raw/companies/839_other/839729_永顺生物/2024/1223382421.pdf,https://static.cninfo.com.cn/finalpage/2025-04-28/1223382421.PDF
839790,联迪信息,2024年年度报告,2025-03-28 00:00:00,1222946437,reports_raw/companies/839_other/839790_联迪信息/2024/1222946437.pdf,https://static.cninfo.com.cn/finalpage/2025-03-28/1222946437.PDF
839792,东和新材,2024年年度报告,2025-04-29 00:00:00,1223422183,reports_raw/companies/839_other/839792_东和新材/2024/1223422183.pdf,https://static.cninfo.com.cn/finalpage/2025-04-29/1223422183.PDF
870199,倍益康,2024年年度报告,2025-04-18 00:00:00,1223158865,reports_raw/companies/870_other/870199_倍益康/2024/1223158865.pdf,https://static.cninfo.com.cn/finalpage/2025-04-18/1223158865.PDF
870299,灿能电力,2024年年度报告,2025-04-18 00:00:00,1223157901,reports_raw/companies/870_other/870299_灿能电力/2024/1223157901.pdf,https://static.cninfo.com.cn/finalpage/2025-04-18/1223157901.PDF
870357,雅葆轩,2024年年度报告,2025-04-28 00:00:00,1223378949,reports_raw/companies/870_other/870357_雅葆轩/2024/1223378949.pdf,https://static.cninfo.com.cn/finalpage/2025-04-28/1223378949.PDF
870436,大地电气,2024年年度报告,2025-04-28 00:00:00,1223394051,reports_raw/companies/870_other/870436_大地电气/2024/1223394051.pdf,https://static.cninfo.com.cn/finalpage/2025-04-28/1223394051.PDF
870508,丰安股份,2024年年度报告,2025-04-18 00:00:00,1223153109,reports_raw/companies/870_other/870508_丰安股份/2024/1223153109.pdf,https://static.cninfo.com.cn/finalpage/2025-04-18/1223153109.PDF
871245,威博液压,2024年年度报告,2025-03-19 00:00:00,1222847532,reports_raw/companies/871_other/871245_威博液压/2024/1222847532.pdf,https://static.cninfo.com.cn/finalpage/2025-03-19/1222847532.PDF
871553,凯腾精工,2024年年度报告,2025-03-27 00:00:00,1222928961,reports_raw/companies/871_other/871553_凯腾精工/2024/1222928961.pdf,https://static.cninfo.com.cn/finalpage/2025-03-27/1222928961.PDF
871634,新威凌,2024年年度报告,2025-04-02 00:00:00,1222993222,reports_raw/companies/871_other/871634_新威凌/2024/1222993222.pdf,https://static.cninfo.com.cn/finalpage/2025-04-02/1222993222.PDF
871642,通易航天,2024年年度报告,2025-04-29 00:00:00,1223418799,reports_raw/companies/871_other/871642_通易航天/2024/1223418799.pdf,https://static.cninfo.com.cn/finalpage/2025-04-29/1223418799.PDF
871694,中裕科技,2024年年度报告,2025-03-18 00:00:00,1222835786,reports_raw/companies/871_other/871694_中裕科技/2024/1222835786.pdf,https://static.cninfo.com.cn/finalpage/2025-03-18/1222835786.PDF
871753,天纺标,2024年年度报告,2025-04-29 00:00:00,1223419266,reports_raw/companies/871_other/871753_天纺标/2024/1223419266.pdf,https://static.cninfo.com.cn/finalpage/2025-04-29/1223419266.PDF
871970,大禹生物,2024年年度报告,2025-04-28 00:00:00,1223360540,reports_raw/companies/871_other/871970_大禹生物/2024/1223360540.pdf,https://static.cninfo.com.cn/finalpage/2025-04-28/1223360540.PDF
872190,雷神科技,2024年年度报告,2025-04-28 00:00:00,1223393037,reports_raw/companies/872_other/872190_雷神科技/2024/1223393037.pdf,https://static.cninfo.com.cn/finalpage/2025-04-28/1223393037.PDF
872374,云里物里,2024年年度报告,2025-04-28 00:00:00,1223391455,reports_raw/companies/872_other/872374_云里物里/2024/1223391455.pdf,https://static.cninfo.com.cn/finalpage/2025-04-28/1223391455.PDF
872392,佳合科技,2024年年度报告,2025-04-28 00:00:00,1223367727,reports_raw/companies/872_other/872392_佳合科技/2024/1223367727.pdf,https://static.cninfo.com.cn/finalpage/2025-04-28/1223367727.PDF
872808,曙光数创,2024年年度报告,2025-03-04 00:00:00,1222707371,reports_raw/companies/872_other/872808_曙光数创/2024/1222707371.pdf,https://static.cninfo.com.cn/finalpage/2025-03-04/1222707371.PDF
872895,花溪科技,2024年年度报告,2025-04-29 00:00:00,1223421284,reports_raw/companies/872_other/872895_花溪科技/2024/1223421284.pdf,https://static.cninfo.com.cn/finalpage/2025-04-29/1223421284.PDF
872931,无锡鼎邦,2024年年度报告,2025-04-28 00:00:00,1223392909,reports_raw/companies/872_other/872931_无锡鼎邦/2024/1223392909.pdf,https://static.cninfo.com.cn/finalpage/2025-04-28/1223392909.PDF
873001,纬达光电,2024年年度报告,2025-03-28 00:00:00,1222946859,reports_raw/companies/873_other/873001_纬达光电/2024/1222946859.pdf,https://static.cninfo.com.cn/finalpage/2025-03-28/1222946859.PDF
873122,中纺标,2024年年度报告,2025-04-29 00:00:00,1223419496,reports_raw/companies/873_other/873122_中纺标/2024/1223419496.pdf,https://static.cninfo.com.cn/finalpage/2025-04-29/1223419496.PDF
873132,泰鹏智能,2024年年度报告,2025-04-29 00:00:00,1223425447,reports_raw/companies/873_other/873132_泰鹏智能/2024/1223425447.pdf,https://static.cninfo.com.cn/finalpage/2025-04-29/1223425447.PDF
873169,七丰精工,[定期报告]七丰精工:2024年年度报告,2025-04-28 00:00:00,1223395109,reports_raw/companies/873_other/873169_七丰精工/2024/1223395109.pdf,https://static.cninfo.com.cn/finalpage/2025-04-28/1223395109.PDF
873570,坤博精工,2024年年度报告,2025-04-28 00:00:00,1223392739,reports_raw/companies/873_other/873570_坤博精工/2024/1223392739.pdf,https://static.cninfo.com.cn/finalpage/2025-04-28/1223392739.PDF
873576,天力复合,2024年年度报告,2025-04-28 00:00:00,1223393422,reports_raw/companies/873_other/873576_天力复合/2024/1223393422.pdf,https://static.cninfo.com.cn/finalpage/2025-04-28/1223393422.PDF
873665,科强股份,2024年年度报告,2025-04-28 00:00:00,1223392242,reports_raw/companies/873_other/873665_科强股份/2024/1223392242.pdf,https://static.cninfo.com.cn/finalpage/2025-04-28/1223392242.PDF
873679,前进科技,2024年年度报告,2025-04-29 00:00:00,1223418926,reports_raw/companies/873_other/873679_前进科技/2024/1223418926.pdf,https://static.cninfo.com.cn/finalpage/2025-04-29/1223418926.PDF
873690,捷众科技,2024年年度报告,2025-04-28 00:00:00,1223394388,reports_raw/companies/873_other/873690_捷众科技/2024/1223394388.pdf,https://static.cninfo.com.cn/finalpage/2025-04-28/1223394388.PDF
873693,阿为特,2024年年度报告,2025-04-17 00:00:00,1223130281,reports_raw/companies/873_other/873693_阿为特/2024/1223130281.pdf,https://static.cninfo.com.cn/finalpage/2025-04-17/1223130281.PDF
873706,铁拓机械,2024年年度报告,2025-04-28 00:00:00,1223393248,reports_raw/companies/873_other/873706_铁拓机械/2024/1223393248.pdf,https://static.cninfo.com.cn/finalpage/2025-04-28/1223393248.PDF
873726,卓兆点胶,2024年年度报告,2025-04-28 00:00:00,1223393304,reports_raw/companies/873_other/873726_卓兆点胶/2024/1223393304.pdf,https://static.cninfo.com.cn/finalpage/2025-04-28/1223393304.PDF
873833,美心翼申,2024年年度报告,2025-03-31 00:00:00,1222976375,reports_raw/companies/873_other/873833_美心翼申/2024/1222976375.pdf,https://static.cninfo.com.cn/finalpage/2025-03-31/1222976375.PDF
900929,锦旅Ｂ股,锦旅B股2024年年度报告,2025-04-16 00:00:00,1223099005,reports_raw/companies/900_sh_b/900929_锦旅Ｂ股/2024/1223099005.pdf,https://static.cninfo.com.cn/finalpage/2025-04-16/1223099005.PDF
900939,汇丽B,上海汇丽建材股份有限公司2024年年度报告全文,2025-03-29 00:00:00,1222948565,reports_raw/companies/900_sh_b/900939_汇丽B/2024/1222948565.pdf,https://static.cninfo.com.cn/finalpage/2025-03-29/1222948565.PDF
900948,伊泰Ｂ股,内蒙古伊泰煤炭股份有限公司2024年年度报告,2025-04-29 00:00:00,1223392220,reports_raw/companies/900_sh_b/900948_伊泰Ｂ股/2024/1223392220.pdf,https://static.cninfo.com.cn/finalpage/2025-04-29/1223392220.PDF
920008,成电光信,2024年年度报告,2025-04-29 00:00:00,1223419940,reports_raw/companies/920_bse/920008_成电光信/2024/1223419940.pdf,https://static.cninfo.com.cn/finalpage/2025-04-29/1223419940.PDF
920016,中草香料,2024年年度报告,2025-04-18 00:00:00,1223157679,reports_raw/companies/920_bse/920016_中草香料/2024/1223157679.pdf,https://static.cninfo.com.cn/finalpage/2025-04-18/1223157679.PDF
920019,铜冠矿建,2024年年度报告,2025-04-29 00:00:00,1223421391,reports_raw/companies/920_bse/920019_铜冠矿建/2024/1223421391.pdf,https://static.cninfo.com.cn/finalpage/2025-04-29/1223421391.PDF
920030,德众汽车,2024年年度报告（更正公告）,2025-12-24 00:00:00,1224897441,reports_raw/companies/920_bse/920030_德众汽车/2024/1224897441.pdf,https://static.cninfo.com.cn/finalpage/2025-12-24/1224897441.PDF
920060,万源通,2024年年度报告,2025-03-31 00:00:00,1222976122,reports_raw/companies/920_bse/920060_万源通/2024/1222976122.pdf,https://static.cninfo.com.cn/finalpage/2025-03-31/1222976122.PDF
920066,科拜尔,2024年年度报告,2025-04-16 00:00:00,1223109715,reports_raw/companies/920_bse/920066_科拜尔/2024/1223109715.pdf,https://static.cninfo.com.cn/finalpage/2025-04-16/1223109715.PDF
920082,方正阀门,2024年年度报告,2025-04-18 00:00:00,1223152557,reports_raw/companies/920_bse/920082_方正阀门/2024/1223152557.pdf,https://static.cninfo.com.cn/finalpage/2025-04-18/1223152557.PDF
920088,科力股份,2024年年度报告,2025-04-28 00:00:00,1223390848,reports_raw/companies/920_bse/920088_科力股份/2024/1223390848.pdf,https://static.cninfo.com.cn/finalpage/2025-04-28/1223390848.PDF
920099,瑞华技术,2024年年度报告,2025-04-28 00:00:00,1223393470,reports_raw/companies/920_bse/920099_瑞华技术/2024/1223393470.pdf,https://static.cninfo.com.cn/finalpage/2025-04-28/1223393470.PDF
920106,林泰新材,2024年年度报告,2025-04-16 00:00:00,1223113268,reports_raw/companies/920_bse/920106_林泰新材/2024/1223113268.pdf,https://static.cninfo.com.cn/finalpage/2025-04-16/1223113268.PDF
920116,星图测控,2024年年度报告,2025-03-03 00:00:00,1222695185,reports_raw/companies/920_bse/920116_星图测控/2024/1222695185.pdf,https://static.cninfo.com.cn/finalpage/2025-03-03/1222695185.PDF
920670,数字人,2024年年度报告（更正公告）,2025-10-28 00:00:00,1224754464,reports_raw/companies/920_bse/920670_数字人/2024/1224754464.pdf,https://static.cninfo.com.cn/finalpage/2025-10-28/1224754464.PDF
920748,路桥信息,2024年年度报告（更正公告）,2025-11-24 00:00:00,1224824267,reports_raw/companies/920_bse/920748_路桥信息/2024/1224824267.pdf,https://static.cninfo.com.cn/finalpage/2025-11-24/1224824267.PDF
