sec_code,sec_name,announcement_title,announcement_time,announcement_id,local_path,source_url
000001,平安银行,2024年年度报告,2025-03-15 00:00:00,1222806505,reports_raw/companies/000_sz_main/000001_平安银行/2024/1222806505.pdf,https://static.cninfo.com.cn/finalpage/2025-03-15/1222806505.PDF
000011,深物业A,2024年年度报告,2025-03-29 00:00:00,1222946147,reports_raw/companies/000_sz_main/000011_深物业A/2024/1222946147.pdf,https://static.cninfo.com.cn/finalpage/2025-03-29/1222946147.PDF
000014,沙河股份,2024年年度报告,2025-03-29 00:00:00,1222943281,reports_raw/companies/000_sz_main/000014_沙河股份/2024/1222943281.pdf,https://static.cninfo.com.cn/finalpage/2025-03-29/1222943281.PDF
000025,特  力Ａ,2024年年度报告,2025-03-28 00:00:00,1222927703,reports_raw/companies/000_sz_main/000025_特_力Ａ/2024/1222927703.pdf,https://static.cninfo.com.cn/finalpage/2025-03-28/1222927703.PDF
000026,飞亚达,2024年年度报告,2025-03-14 00:00:00,1222788741,reports_raw/companies/000_sz_main/000026_飞亚达/2024/1222788741.pdf,https://static.cninfo.com.cn/finalpage/2025-03-14/1222788741.PDF
000029,深深房Ａ,2024年年度报告,2025-03-22 00:00:00,1222870093,reports_raw/companies/000_sz_main/000029_深深房Ａ/2024/1222870093.pdf,https://static.cninfo.com.cn/finalpage/2025-03-22/1222870093.PDF
000034,神州数码,2024年年度报告,2025-03-29 00:00:00,1222950126,reports_raw/companies/000_sz_main/000034_神州数码/2024/1222950126.pdf,https://static.cninfo.com.cn/finalpage/2025-03-29/1222950126.PDF
000039,中集集团,2024年年度报告,2025-03-28 00:00:00,1222938612,reports_raw/companies/000_sz_main/000039_中集集团/2024/1222938612.pdf,https://static.cninfo.com.cn/finalpage/2025-03-28/1222938612.pdf
000045,深纺织Ａ,2024年年度报告,2025-03-28 00:00:00,1222922190,reports_raw/companies/000_sz_main/000045_深纺织Ａ/2024/1222922190.pdf,https://static.cninfo.com.cn/finalpage/2025-03-28/1222922190.PDF
000048,京基智农,2024年年度报告,2025-03-31 00:00:00,1222944754,reports_raw/companies/000_sz_main/000048_京基智农/2024/1222944754.pdf,https://static.cninfo.com.cn/finalpage/2025-03-31/1222944754.PDF
000050,深天马Ａ,2024年年度报告,2025-03-15 00:00:00,1222806950,reports_raw/companies/000_sz_main/000050_深天马Ａ/2024/1222806950.pdf,https://static.cninfo.com.cn/finalpage/2025-03-15/1222806950.PDF
000058,深 赛 格,2024年年度报告,2025-03-28 00:00:00,1222923589,reports_raw/companies/000_sz_main/000058_深_赛_格/2024/1222923589.pdf,https://static.cninfo.com.cn/finalpage/2025-03-28/1222923589.PDF
000062,深圳华强,2024年年度报告,2025-03-14 00:00:00,1222788222,reports_raw/companies/000_sz_main/000062_深圳华强/2024/1222788222.pdf,https://static.cninfo.com.cn/finalpage/2025-03-14/1222788222.PDF
000063,中兴通讯,2024年年度报告,2025-03-01 00:00:00,1222675749,reports_raw/companies/000_sz_main/000063_中兴通讯/2024/1222675749.pdf,https://static.cninfo.com.cn/finalpage/2025-03-01/1222675749.PDF
000068,华控赛格,2024年年度报告,2025-03-15 00:00:00,1222807544,reports_raw/companies/000_sz_main/000068_华控赛格/2024/1222807544.pdf,https://static.cninfo.com.cn/finalpage/2025-03-15/1222807544.PDF
000069,华侨城Ａ,2024年年度报告,2025-03-29 00:00:00,1222949848,reports_raw/companies/000_sz_main/000069_华侨城Ａ/2024/1222949848.pdf,https://static.cninfo.com.cn/finalpage/2025-03-29/1222949848.PDF
000099,中信海直,2024年年度报告,2025-03-18 00:00:00,1222821612,reports_raw/companies/000_sz_main/000099_中信海直/2024/1222821612.pdf,https://static.cninfo.com.cn/finalpage/2025-03-18/1222821612.PDF
000156,华数传媒,2024年年度报告,2025-03-20 00:00:00,1222845993,reports_raw/companies/000_sz_main/000156_华数传媒/2024/1222845993.pdf,https://static.cninfo.com.cn/finalpage/2025-03-20/1222845993.PDF
000157,中联重科,2024年年度报告,2025-03-25 00:00:00,1222882571,reports_raw/companies/000_sz_main/000157_中联重科/2024/1222882571.pdf,https://static.cninfo.com.cn/finalpage/2025-03-25/1222882571.PDF
000159,国际实业,2024年年度报告,2025-03-28 00:00:00,1222926795,reports_raw/companies/000_sz_main/000159_国际实业/2024/1222926795.pdf,https://static.cninfo.com.cn/finalpage/2025-03-28/1222926795.PDF
000166,申万宏源,2024年年度报告,2025-03-29 00:00:00,1222948663,reports_raw/companies/000_sz_main/000166_申万宏源/2024/1222948663.pdf,https://static.cninfo.com.cn/finalpage/2025-03-29/1222948663.PDF
000333,美的集团,2024年年度报告,2025-03-29 00:00:00,1222951181,reports_raw/companies/000_sz_main/000333_美的集团/2024/1222951181.pdf,https://static.cninfo.com.cn/finalpage/2025-03-29/1222951181.PDF
000338,潍柴动力,2024年年度报告,2025-03-28 00:00:00,1222927979,reports_raw/companies/000_sz_main/000338_潍柴动力/2024/1222927979.pdf,https://static.cninfo.com.cn/finalpage/2025-03-28/1222927979.PDF
000401,冀东水泥,2024年年度报告,2025-03-28 00:00:00,1222928055,reports_raw/companies/000_sz_main/000401_冀东水泥/2024/1222928055.pdf,https://static.cninfo.com.cn/finalpage/2025-03-28/1222928055.PDF
000407,胜利股份,2024年年度报告,2025-03-22 00:00:00,1222867698,reports_raw/companies/000_sz_main/000407_胜利股份/2024/1222867698.pdf,https://static.cninfo.com.cn/finalpage/2025-03-22/1222867698.PDF
000408,藏格矿业,2024年年度报告,2025-03-29 00:00:00,1222951087,reports_raw/companies/000_sz_main/000408_藏格矿业/2024/1222951087.pdf,https://static.cninfo.com.cn/finalpage/2025-03-29/1222951087.PDF
000423,东阿阿胶,2024年年度报告,2025-03-18 00:00:00,1222822269,reports_raw/companies/000_sz_main/000423_东阿阿胶/2024/1222822269.pdf,https://static.cninfo.com.cn/finalpage/2025-03-18/1222822269.PDF
000429,粤高速Ａ,2024年年度报告,2025-03-04 00:00:00,1222693905,reports_raw/companies/000_sz_main/000429_粤高速Ａ/2024/1222693905.pdf,https://static.cninfo.com.cn/finalpage/2025-03-04/1222693905.PDF
000501,武商集团,2024年年度报告,2025-03-29 00:00:00,1222948771,reports_raw/companies/000_sz_main/000501_武商集团/2024/1222948771.pdf,https://static.cninfo.com.cn/finalpage/2025-03-29/1222948771.PDF
000505,京粮控股,2024年年度报告,2025-03-29 00:00:00,1222943403,reports_raw/companies/000_sz_main/000505_京粮控股/2024/1222943403.pdf,https://static.cninfo.com.cn/finalpage/2025-03-29/1222943403.PDF
000513,丽珠集团,2024年年度报告,2025-03-27 00:00:00,1222910377,reports_raw/companies/000_sz_main/000513_丽珠集团/2024/1222910377.pdf,https://static.cninfo.com.cn/finalpage/2025-03-27/1222910377.PDF
000524,岭南控股,2024年年度报告,2025-03-29 00:00:00,1222947116,reports_raw/companies/000_sz_main/000524_岭南控股/2024/1222947116.pdf,https://static.cninfo.com.cn/finalpage/2025-03-29/1222947116.PDF
000528,柳    工,2024年年度报告,2025-03-29 00:00:00,1222950803,reports_raw/companies/000_sz_main/000528_柳_工/2024/1222950803.pdf,https://static.cninfo.com.cn/finalpage/2025-03-29/1222950803.PDF
000532,华金资本,2024年年度报告,2025-03-27 00:00:00,1222911896,reports_raw/companies/000_sz_main/000532_华金资本/2024/1222911896.pdf,https://static.cninfo.com.cn/finalpage/2025-03-27/1222911896.PDF
000534,万泽股份,2024年年度报告,2025-03-07 00:00:00,1222733484,reports_raw/companies/000_sz_main/000534_万泽股份/2024/1222733484.pdf,https://static.cninfo.com.cn/finalpage/2025-03-07/1222733484.PDF
000539,粤电力Ａ,2024年年度报告,2025-03-29 00:00:00,1222950454,reports_raw/companies/000_sz_main/000539_粤电力Ａ/2024/1222950454.pdf,https://static.cninfo.com.cn/finalpage/2025-03-29/1222950454.PDF
000544,中原环保,2024年年度报告,2025-03-22 00:00:00,1222870764,reports_raw/companies/000_sz_main/000544_中原环保/2024/1222870764.pdf,https://static.cninfo.com.cn/finalpage/2025-03-22/1222870764.PDF
000550,江铃汽车,2024年年度报告,2025-03-29 00:00:00,1222949820,reports_raw/companies/000_sz_main/000550_江铃汽车/2024/1222949820.pdf,https://static.cninfo.com.cn/finalpage/2025-03-29/1222949820.PDF
000553,安道麦A,2024年年度报告,2025-03-14 00:00:00,1222789218,reports_raw/companies/000_sz_main/000553_安道麦A/2024/1222789218.pdf,https://static.cninfo.com.cn/finalpage/2025-03-14/1222789218.PDF
000555,神州信息,2024年年度报告,2025-03-29 00:00:00,1222949593,reports_raw/companies/000_sz_main/000555_神州信息/2024/1222949593.pdf,https://static.cninfo.com.cn/finalpage/2025-03-29/1222949593.PDF
000563,陕国投Ａ,2024年年度报告,2025-03-18 00:00:00,1222822535,reports_raw/companies/000_sz_main/000563_陕国投Ａ/2024/1222822535.pdf,https://static.cninfo.com.cn/finalpage/2025-03-18/1222822535.PDF
000586,汇源通信,2024年年度报告,2025-03-27 00:00:00,1222911056,reports_raw/companies/000_sz_main/000586_汇源通信/2024/1222911056.pdf,https://static.cninfo.com.cn/finalpage/2025-03-27/1222911056.PDF
000590,启迪药业,2024年年度报告,2025-03-28 00:00:00,1222926038,reports_raw/companies/000_sz_main/000590_启迪药业/2024/1222926038.pdf,https://static.cninfo.com.cn/finalpage/2025-03-28/1222926038.PDF
000599,青岛双星,2024年年度报告,2025-03-28 00:00:00,1222925060,reports_raw/companies/000_sz_main/000599_青岛双星/2024/1222925060.pdf,https://static.cninfo.com.cn/finalpage/2025-03-28/1222925060.PDF
000612,焦作万方,2024年年度报告,2025-03-29 00:00:00,1222940732,reports_raw/companies/000_sz_main/000612_焦作万方/2024/1222940732.pdf,https://static.cninfo.com.cn/finalpage/2025-03-29/1222940732.PDF
000619,海螺新材,2024年年度报告,2025-03-29 00:00:00,1222944549,reports_raw/companies/000_sz_main/000619_海螺新材/2024/1222944549.pdf,https://static.cninfo.com.cn/finalpage/2025-03-29/1222944549.PDF
000629,钒钛股份,2024年年度报告,2025-03-29 00:00:00,1222949317,reports_raw/companies/000_sz_main/000629_钒钛股份/2024/1222949317.pdf,https://static.cninfo.com.cn/finalpage/2025-03-29/1222949317.PDF
000655,金岭矿业,2024年年度报告,2025-03-29 00:00:00,1222944885,reports_raw/companies/000_sz_main/000655_金岭矿业/2024/1222944885.pdf,https://static.cninfo.com.cn/finalpage/2025-03-29/1222944885.PDF
000663,永安林业,2024年年度报告,2025-03-31 00:00:00,1222949362,reports_raw/companies/000_sz_main/000663_永安林业/2024/1222949362.pdf,https://static.cninfo.com.cn/finalpage/2025-03-31/1222949362.PDF
000688,国城矿业,2024年年度报告,2025-03-22 00:00:00,1222870296,reports_raw/companies/000_sz_main/000688_国城矿业/2024/1222870296.pdf,https://static.cninfo.com.cn/finalpage/2025-03-22/1222870296.PDF
000708,中信特钢,2024年年度报告,2025-03-20 00:00:00,1222847166,reports_raw/companies/000_sz_main/000708_中信特钢/2024/1222847166.pdf,https://static.cninfo.com.cn/finalpage/2025-03-20/1222847166.PDF
000713,丰乐种业,2024年年度报告,2025-03-12 00:00:00,1222768962,reports_raw/companies/000_sz_main/000713_丰乐种业/2024/1222768962.pdf,https://static.cninfo.com.cn/finalpage/2025-03-12/1222768962.PDF
000715,中兴商业,2024年年度报告,2025-03-29 00:00:00,1222946999,reports_raw/companies/000_sz_main/000715_中兴商业/2024/1222946999.pdf,https://static.cninfo.com.cn/finalpage/2025-03-29/1222946999.PDF
000738,航发控制,2024年年度报告,2025-03-29 00:00:00,1222949964,reports_raw/companies/000_sz_main/000738_航发控制/2024/1222949964.pdf,https://static.cninfo.com.cn/finalpage/2025-03-29/1222949964.PDF
000739,普洛药业,2024年年度报告,2025-03-11 00:00:00,1222760371,reports_raw/companies/000_sz_main/000739_普洛药业/2024/1222760371.pdf,https://static.cninfo.com.cn/finalpage/2025-03-11/1222760371.PDF
000750,国海证券,2024年年度报告,2025-03-29 00:00:00,1222948083,reports_raw/companies/000_sz_main/000750_国海证券/2024/1222948083.pdf,https://static.cninfo.com.cn/finalpage/2025-03-29/1222948083.PDF
000756,新华制药,2024年年度报告,2025-03-31 00:00:00,1222945480,reports_raw/companies/000_sz_main/000756_新华制药/2024/1222945480.pdf,https://static.cninfo.com.cn/finalpage/2025-03-31/1222945480.pdf
000776,广发证券,2024年年度报告,2025-03-29 00:00:00,1222949775,reports_raw/companies/000_sz_main/000776_广发证券/2024/1222949775.pdf,https://static.cninfo.com.cn/finalpage/2025-03-29/1222949775.PDF
000782,恒申新材,2024年年度报告,2025-03-28 00:00:00,1222923309,reports_raw/companies/000_sz_main/000782_恒申新材/2024/1222923309.pdf,https://static.cninfo.com.cn/finalpage/2025-03-28/1222923309.PDF
000786,北新建材,2024年年度报告,2025-03-27 00:00:00,1222913498,reports_raw/companies/000_sz_main/000786_北新建材/2024/1222913498.pdf,https://static.cninfo.com.cn/finalpage/2025-03-27/1222913498.PDF
000791,甘肃能源,2024年年度报告,2025-03-29 00:00:00,1222939342,reports_raw/companies/000_sz_main/000791_甘肃能源/2024/1222939342.pdf,https://static.cninfo.com.cn/finalpage/2025-03-29/1222939342.PDF
000792,盐湖股份,2024年年度报告,2025-03-29 00:00:00,1222951154,reports_raw/companies/000_sz_main/000792_盐湖股份/2024/1222951154.pdf,https://static.cninfo.com.cn/finalpage/2025-03-29/1222951154.PDF
000795,英洛华,2024年年度报告,2025-03-08 00:00:00,1222745052,reports_raw/companies/000_sz_main/000795_英洛华/2024/1222745052.pdf,https://static.cninfo.com.cn/finalpage/2025-03-08/1222745052.PDF
000800,一汽解放,2024年年度报告,2025-03-29 00:00:00,1222949693,reports_raw/companies/000_sz_main/000800_一汽解放/2024/1222949693.pdf,https://static.cninfo.com.cn/finalpage/2025-03-29/1222949693.PDF
000801,四川九洲,2024年年度报告,2025-03-29 00:00:00,1222941702,reports_raw/companies/000_sz_main/000801_四川九洲/2024/1222941702.pdf,https://static.cninfo.com.cn/finalpage/2025-03-29/1222941702.PDF
000807,云铝股份,2024年年度报告,2025-03-27 00:00:00,1222911954,reports_raw/companies/000_sz_main/000807_云铝股份/2024/1222911954.pdf,https://static.cninfo.com.cn/finalpage/2025-03-27/1222911954.PDF
000810,创维数字,2024年年度报告,2025-03-25 00:00:00,1222882481,reports_raw/companies/000_sz_main/000810_创维数字/2024/1222882481.pdf,https://static.cninfo.com.cn/finalpage/2025-03-25/1222882481.PDF
000815,美利云,2024年年度报告,2025-03-14 00:00:00,1222789610,reports_raw/companies/000_sz_main/000815_美利云/2024/1222789610.pdf,https://static.cninfo.com.cn/finalpage/2025-03-14/1222789610.PDF
000816,智慧农业,2024年年度报告,2025-03-28 00:00:00,1222929568,reports_raw/companies/000_sz_main/000816_智慧农业/2024/1222929568.pdf,https://static.cninfo.com.cn/finalpage/2025-03-28/1222929568.PDF
000822,山东海化,2024年年度报告,2025-03-22 00:00:00,1222867296,reports_raw/companies/000_sz_main/000822_山东海化/2024/1222867296.pdf,https://static.cninfo.com.cn/finalpage/2025-03-22/1222867296.PDF
000823,超声电子,2024年年度报告,2025-03-20 00:00:00,1222845103,reports_raw/companies/000_sz_main/000823_超声电子/2024/1222845103.pdf,https://static.cninfo.com.cn/finalpage/2025-03-20/1222845103.PDF
000833,粤桂股份,2024年年度报告,2025-03-28 00:00:00,1222925474,reports_raw/companies/000_sz_main/000833_粤桂股份/2024/1222925474.pdf,https://static.cninfo.com.cn/finalpage/2025-03-28/1222925474.PDF
000856,冀东装备,2024年年度报告,2025-03-27 00:00:00,1222912384,reports_raw/companies/000_sz_main/000856_冀东装备/2024/1222912384.pdf,https://static.cninfo.com.cn/finalpage/2025-03-27/1222912384.PDF
000859,国风新材,2024年年度报告,2025-03-15 00:00:00,1222807279,reports_raw/companies/000_sz_main/000859_国风新材/2024/1222807279.pdf,https://static.cninfo.com.cn/finalpage/2025-03-15/1222807279.PDF
000862,银星能源,2024年年度报告,2025-03-25 00:00:00,1222881354,reports_raw/companies/000_sz_main/000862_银星能源/2024/1222881354.pdf,https://static.cninfo.com.cn/finalpage/2025-03-25/1222881354.PDF
000868,安凯客车,2024年年度报告,2025-03-25 00:00:00,1222880140,reports_raw/companies/000_sz_main/000868_安凯客车/2024/1222880140.pdf,https://static.cninfo.com.cn/finalpage/2025-03-25/1222880140.PDF
000877,天山股份,2024年年度报告,2025-03-27 00:00:00,1222912332,reports_raw/companies/000_sz_main/000877_天山股份/2024/1222912332.pdf,https://static.cninfo.com.cn/finalpage/2025-03-27/1222912332.PDF
000878,云南铜业,2024年年度报告,2025-03-26 00:00:00,1222895541,reports_raw/companies/000_sz_main/000878_云南铜业/2024/1222895541.pdf,https://static.cninfo.com.cn/finalpage/2025-03-26/1222895541.PDF
000880,潍柴重机,2024年年度报告,2025-03-28 00:00:00,1222928101,reports_raw/companies/000_sz_main/000880_潍柴重机/2024/1222928101.pdf,https://static.cninfo.com.cn/finalpage/2025-03-28/1222928101.PDF
000895,双汇发展,2024年年度报告,2025-03-26 00:00:00,1222894646,reports_raw/companies/000_sz_main/000895_双汇发展/2024/1222894646.pdf,https://static.cninfo.com.cn/finalpage/2025-03-26/1222894646.PDF
000898,鞍钢股份,2024年年度报告,2025-03-31 00:00:00,1222950832,reports_raw/companies/000_sz_main/000898_鞍钢股份/2024/1222950832.pdf,https://static.cninfo.com.cn/finalpage/2025-03-31/1222950832.PDF
000901,航天科技,2024年年度报告,2025-03-31 00:00:00,1222938944,reports_raw/companies/000_sz_main/000901_航天科技/2024/1222938944.pdf,https://static.cninfo.com.cn/finalpage/2025-03-31/1222938944.PDF
000905,厦门港务,2024年年度报告,2025-03-27 00:00:00,1222912502,reports_raw/companies/000_sz_main/000905_厦门港务/2024/1222912502.pdf,https://static.cninfo.com.cn/finalpage/2025-03-27/1222912502.PDF
000910,大亚圣象,2024年年度报告,2025-03-28 00:00:00,1222924717,reports_raw/companies/000_sz_main/000910_大亚圣象/2024/1222924717.pdf,https://static.cninfo.com.cn/finalpage/2025-03-28/1222924717.PDF
000915,华特达因,2024年年度报告,2025-03-21 00:00:00,1222855467,reports_raw/companies/000_sz_main/000915_华特达因/2024/1222855467.pdf,https://static.cninfo.com.cn/finalpage/2025-03-21/1222855467.PDF
000919,金陵药业,2024年年度报告,2025-03-29 00:00:00,1222946979,reports_raw/companies/000_sz_main/000919_金陵药业/2024/1222946979.pdf,https://static.cninfo.com.cn/finalpage/2025-03-29/1222946979.PDF
000920,沃顿科技,2024年年度报告,2025-03-28 00:00:00,1222926680,reports_raw/companies/000_sz_main/000920_沃顿科技/2024/1222926680.pdf,https://static.cninfo.com.cn/finalpage/2025-03-28/1222926680.PDF
000921,海信家电,2024年年度报告,2025-03-29 00:00:00,1222945858,reports_raw/companies/000_sz_main/000921_海信家电/2024/1222945858.pdf,https://static.cninfo.com.cn/finalpage/2025-03-29/1222945858.pdf
000922,佳电股份,2024年年度报告,2025-03-31 00:00:00,1222982315,reports_raw/companies/000_sz_main/000922_佳电股份/2024/1222982315.pdf,https://static.cninfo.com.cn/finalpage/2025-03-31/1222982315.pdf
000927,中国铁物,2024年年度报告,2025-03-29 00:00:00,1222946336,reports_raw/companies/000_sz_main/000927_中国铁物/2024/1222946336.pdf,https://static.cninfo.com.cn/finalpage/2025-03-29/1222946336.PDF
000932,华菱钢铁,2024年年度报告,2025-03-22 00:00:00,1222868522,reports_raw/companies/000_sz_main/000932_华菱钢铁/2024/1222868522.pdf,https://static.cninfo.com.cn/finalpage/2025-03-22/1222868522.PDF
000933,神火股份,2024年年度报告,2025-03-25 00:00:00,1222881387,reports_raw/companies/000_sz_main/000933_神火股份/2024/1222881387.pdf,https://static.cninfo.com.cn/finalpage/2025-03-25/1222881387.PDF
000949,新乡化纤,2024年年度报告,2025-03-28 00:00:00,1222923128,reports_raw/companies/000_sz_main/000949_新乡化纤/2024/1222923128.pdf,https://static.cninfo.com.cn/finalpage/2025-03-28/1222923128.PDF
000951,中国重汽,2024年年度报告,2025-03-28 00:00:00,1222930065,reports_raw/companies/000_sz_main/000951_中国重汽/2024/1222930065.pdf,https://static.cninfo.com.cn/finalpage/2025-03-28/1222930065.PDF
000965,天保基建,2024年年度报告,2025-03-29 00:00:00,1222947586,reports_raw/companies/000_sz_main/000965_天保基建/2024/1222947586.pdf,https://static.cninfo.com.cn/finalpage/2025-03-29/1222947586.PDF
000969,安泰科技,2024年年度报告,2025-03-28 00:00:00,1222927246,reports_raw/companies/000_sz_main/000969_安泰科技/2024/1222927246.pdf,https://static.cninfo.com.cn/finalpage/2025-03-28/1222927246.PDF
000970,中科三环,2024年年度报告,2025-03-13 00:00:00,1222778486,reports_raw/companies/000_sz_main/000970_中科三环/2024/1222778486.pdf,https://static.cninfo.com.cn/finalpage/2025-03-13/1222778486.PDF
000972,中基健康,2024年年度报告,2025-03-29 00:00:00,1222946001,reports_raw/companies/000_sz_main/000972_中基健康/2024/1222946001.pdf,https://static.cninfo.com.cn/finalpage/2025-03-29/1222946001.PDF
000973,佛塑科技,2024年年度报告,2025-03-29 00:00:00,1222942341,reports_raw/companies/000_sz_main/000973_佛塑科技/2024/1222942341.pdf,https://static.cninfo.com.cn/finalpage/2025-03-29/1222942341.PDF
000975,山金国际,2024年年度报告,2025-03-18 00:00:00,1222822661,reports_raw/companies/000_sz_main/000975_山金国际/2024/1222822661.pdf,https://static.cninfo.com.cn/finalpage/2025-03-18/1222822661.PDF
000977,浪潮信息,2024年年度报告,2025-03-29 00:00:00,1222950880,reports_raw/companies/000_sz_main/000977_浪潮信息/2024/1222950880.pdf,https://static.cninfo.com.cn/finalpage/2025-03-29/1222950880.PDF
000989,ST九芝,2024年年度报告,2025-03-28 00:00:00,1222929471,reports_raw/companies/000_sz_main/000989_ST九芝/2024/1222929471.pdf,https://static.cninfo.com.cn/finalpage/2025-03-28/1222929471.PDF
000990,诚志股份,2024年年度报告,2025-03-27 00:00:00,1222911855,reports_raw/companies/000_sz_main/000990_诚志股份/2024/1222911855.pdf,https://static.cninfo.com.cn/finalpage/2025-03-27/1222911855.PDF
000993,闽东电力,2024年年度报告,2025-03-28 00:00:00,1222924374,reports_raw/companies/000_sz_main/000993_闽东电力/2024/1222924374.pdf,https://static.cninfo.com.cn/finalpage/2025-03-28/1222924374.PDF
000999,华润三九,2024年年度报告,2025-03-13 00:00:00,1222778310,reports_raw/companies/000_sz_main/000999_华润三九/2024/1222778310.pdf,https://static.cninfo.com.cn/finalpage/2025-03-13/1222778310.PDF
001208,华菱线缆,2024年年度报告,2025-03-29 00:00:00,1222944006,reports_raw/companies/001_sz_main/001208_华菱线缆/2024/1222944006.pdf,https://static.cninfo.com.cn/finalpage/2025-03-29/1222944006.PDF
001236,弘业期货,2024年年度报告,2025-03-29 00:00:00,1222945586,reports_raw/companies/001_sz_main/001236_弘业期货/2024/1222945586.pdf,https://static.cninfo.com.cn/finalpage/2025-03-29/1222945586.PDF
001258,立新能源,2024年年度报告,2025-03-27 00:00:00,1222912562,reports_raw/companies/001_sz_main/001258_立新能源/2024/1222912562.pdf,https://static.cninfo.com.cn/finalpage/2025-03-27/1222912562.PDF
001277,速达股份,2024年年度报告,2025-03-29 00:00:00,1222968029,reports_raw/companies/001_sz_main/001277_速达股份/2024/1222968029.pdf,https://static.cninfo.com.cn/finalpage/2025-03-29/1222968029.pdf
001289,龙源电力,2024年年度报告,2025-03-29 00:00:00,1222950727,reports_raw/companies/001_sz_main/001289_龙源电力/2024/1222950727.pdf,https://static.cninfo.com.cn/finalpage/2025-03-29/1222950727.PDF
001299,美能能源,2024年年度报告,2025-03-27 00:00:00,1222909761,reports_raw/companies/001_sz_main/001299_美能能源/2024/1222909761.pdf,https://static.cninfo.com.cn/finalpage/2025-03-27/1222909761.PDF
001301,尚太科技,2024年年度报告,2025-03-15 00:00:00,1222806021,reports_raw/companies/001_sz_main/001301_尚太科技/2024/1222806021.pdf,https://static.cninfo.com.cn/finalpage/2025-03-15/1222806021.PDF
001308,康冠科技,2024年年度报告,2025-03-31 00:00:00,1222947279,reports_raw/companies/001_sz_main/001308_康冠科技/2024/1222947279.pdf,https://static.cninfo.com.cn/finalpage/2025-03-31/1222947279.PDF
001333,光华股份,2024年年度报告,2025-03-28 00:00:00,1222921813,reports_raw/companies/001_sz_main/001333_光华股份/2024/1222921813.pdf,https://static.cninfo.com.cn/finalpage/2025-03-28/1222921813.PDF
001358,兴欣新材,2024年年度报告,2025-03-27 00:00:00,1222910408,reports_raw/companies/001_sz_main/001358_兴欣新材/2024/1222910408.pdf,https://static.cninfo.com.cn/finalpage/2025-03-27/1222910408.PDF
001367,海森药业,2024年年度报告,2025-03-28 00:00:00,1222928998,reports_raw/companies/001_sz_main/001367_海森药业/2024/1222928998.pdf,https://static.cninfo.com.cn/finalpage/2025-03-28/1222928998.PDF
001368,通达创智,2024年年度报告,2025-03-27 00:00:00,1222911680,reports_raw/companies/001_sz_main/001368_通达创智/2024/1222911680.pdf,https://static.cninfo.com.cn/finalpage/2025-03-27/1222911680.PDF
001376,百通能源,2024年年度报告,2025-03-11 00:00:00,1222758737,reports_raw/companies/001_sz_main/001376_百通能源/2024/1222758737.pdf,https://static.cninfo.com.cn/finalpage/2025-03-11/1222758737.PDF
001914,招商积余,2024年年度报告,2025-03-17 00:00:00,1222816005,reports_raw/companies/001_sz_main/001914_招商积余/2024/1222816005.pdf,https://static.cninfo.com.cn/finalpage/2025-03-17/1222816005.pdf
001979,招商蛇口,2024年年度报告,2025-03-18 00:00:00,1222823028,reports_raw/companies/001_sz_main/001979_招商蛇口/2024/1222823028.pdf,https://static.cninfo.com.cn/finalpage/2025-03-18/1222823028.PDF
002003,伟星股份,2024年年度报告,2025-03-29 00:00:00,1222942665,reports_raw/companies/002_sz_main/002003_伟星股份/2024/1222942665.pdf,https://static.cninfo.com.cn/finalpage/2025-03-29/1222942665.PDF
002007,华兰生物,2024年年度报告,2025-03-29 00:00:00,1222940864,reports_raw/companies/002_sz_main/002007_华兰生物/2024/1222940864.pdf,https://static.cninfo.com.cn/finalpage/2025-03-29/1222940864.PDF
002012,凯恩股份,2024年年度报告,2025-03-25 00:00:00,1222882745,reports_raw/companies/002_sz_main/002012_凯恩股份/2024/1222882745.pdf,https://static.cninfo.com.cn/finalpage/2025-03-25/1222882745.PDF
002014,永新股份,2024年年度报告,2025-03-21 00:00:00,1222857419,reports_raw/companies/002_sz_main/002014_永新股份/2024/1222857419.pdf,https://static.cninfo.com.cn/finalpage/2025-03-21/1222857419.PDF
002024,ST易购,2024年年度报告,2025-03-29 00:00:00,1222950703,reports_raw/companies/002_sz_main/002024_ST易购/2024/1222950703.pdf,https://static.cninfo.com.cn/finalpage/2025-03-29/1222950703.PDF
002030,达安基因,2024年年度报告,2025-03-29 00:00:00,1222949597,reports_raw/companies/002_sz_main/002030_达安基因/2024/1222949597.pdf,https://static.cninfo.com.cn/finalpage/2025-03-29/1222949597.PDF
002032,苏 泊 尔,2024年年度报告,2025-03-28 00:00:00,1222928386,reports_raw/companies/002_sz_main/002032_苏_泊_尔/2024/1222928386.pdf,https://static.cninfo.com.cn/finalpage/2025-03-28/1222928386.PDF
002033,丽江股份,2024年年度报告,2025-03-18 00:00:00,1222822293,reports_raw/companies/002_sz_main/002033_丽江股份/2024/1222822293.pdf,https://static.cninfo.com.cn/finalpage/2025-03-18/1222822293.PDF
002050,三花智控,2024年年度报告,2025-03-27 00:00:00,1222913178,reports_raw/companies/002_sz_main/002050_三花智控/2024/1222913178.pdf,https://static.cninfo.com.cn/finalpage/2025-03-27/1222913178.PDF
002053,云南能投,2024年年度报告,2025-03-28 00:00:00,1222925703,reports_raw/companies/002_sz_main/002053_云南能投/2024/1222925703.pdf,https://static.cninfo.com.cn/finalpage/2025-03-28/1222925703.PDF
002054,德美化工,2024年年度报告,2025-03-29 00:00:00,1222943251,reports_raw/companies/002_sz_main/002054_德美化工/2024/1222943251.pdf,https://static.cninfo.com.cn/finalpage/2025-03-29/1222943251.PDF
002056,横店东磁,2024年年度报告,2025-03-12 00:00:00,1222769090,reports_raw/companies/002_sz_main/002056_横店东磁/2024/1222769090.pdf,https://static.cninfo.com.cn/finalpage/2025-03-12/1222769090.PDF
002059,云南旅游,2024年年度报告,2025-03-29 00:00:00,1222949066,reports_raw/companies/002_sz_main/002059_云南旅游/2024/1222949066.pdf,https://static.cninfo.com.cn/finalpage/2025-03-29/1222949066.PDF
002063,远光软件,2024年年度报告,2025-03-29 00:00:00,1222945905,reports_raw/companies/002_sz_main/002063_远光软件/2024/1222945905.pdf,https://static.cninfo.com.cn/finalpage/2025-03-29/1222945905.PDF
002064,华峰化学,2024年年度报告,2025-03-29 00:00:00,1222945531,reports_raw/companies/002_sz_main/002064_华峰化学/2024/1222945531.pdf,https://static.cninfo.com.cn/finalpage/2025-03-29/1222945531.PDF
002080,中材科技,2024年年度报告,2025-03-20 00:00:00,1222847712,reports_raw/companies/002_sz_main/002080_中材科技/2024/1222847712.pdf,https://static.cninfo.com.cn/finalpage/2025-03-20/1222847712.PDF
002092,ST中泰,2024年年度报告,2025-03-15 00:00:00,1222807894,reports_raw/companies/002_sz_main/002092_ST中泰/2024/1222807894.pdf,https://static.cninfo.com.cn/finalpage/2025-03-15/1222807894.PDF
002096,易普力,2024年年度报告,2025-03-29 00:00:00,1222949204,reports_raw/companies/002_sz_main/002096_易普力/2024/1222949204.pdf,https://static.cninfo.com.cn/finalpage/2025-03-29/1222949204.PDF
002106,莱宝高科,2024年年度报告,2025-03-29 00:00:00,1222951264,reports_raw/companies/002_sz_main/002106_莱宝高科/2024/1222951264.pdf,https://static.cninfo.com.cn/finalpage/2025-03-29/1222951264.pdf
002114,罗平锌电,2024年年度报告,2025-03-28 00:00:00,1222929400,reports_raw/companies/002_sz_main/002114_罗平锌电/2024/1222929400.pdf,https://static.cninfo.com.cn/finalpage/2025-03-28/1222929400.PDF
002119,康强电子,2024年年度报告,2025-03-25 00:00:00,1222882092,reports_raw/companies/002_sz_main/002119_康强电子/2024/1222882092.pdf,https://static.cninfo.com.cn/finalpage/2025-03-25/1222882092.PDF
002121,科陆电子,2024年年度报告,2025-03-22 00:00:00,1222870935,reports_raw/companies/002_sz_main/002121_科陆电子/2024/1222870935.pdf,https://static.cninfo.com.cn/finalpage/2025-03-22/1222870935.PDF
002124,ST天邦,2024年年度报告,2025-03-31 00:00:00,1222947625,reports_raw/companies/002_sz_main/002124_ST天邦/2024/1222947625.pdf,https://static.cninfo.com.cn/finalpage/2025-03-31/1222947625.PDF
002136,安 纳 达,2024年年度报告,2025-03-22 00:00:00,1222867972,reports_raw/companies/002_sz_main/002136_安_纳_达/2024/1222867972.pdf,https://static.cninfo.com.cn/finalpage/2025-03-22/1222867972.PDF
002139,拓邦股份,2024年年度报告,2025-03-28 00:00:00,1222928170,reports_raw/companies/002_sz_main/002139_拓邦股份/2024/1222928170.pdf,https://static.cninfo.com.cn/finalpage/2025-03-28/1222928170.pdf
002140,东华科技,2024年年度报告,2025-03-31 00:00:00,1222946422,reports_raw/companies/002_sz_main/002140_东华科技/2024/1222946422.pdf,https://static.cninfo.com.cn/finalpage/2025-03-31/1222946422.PDF
002145,中核钛白,2024年年度报告,2025-03-11 00:00:00,1222758543,reports_raw/companies/002_sz_main/002145_中核钛白/2024/1222758543.pdf,https://static.cninfo.com.cn/finalpage/2025-03-11/1222758543.PDF
002148,北纬科技,2024年年度报告,2025-03-21 00:00:00,1222857480,reports_raw/companies/002_sz_main/002148_北纬科技/2024/1222857480.pdf,https://static.cninfo.com.cn/finalpage/2025-03-21/1222857480.PDF
002151,北斗星通,2024年年度报告,2025-03-27 00:00:00,1222912456,reports_raw/companies/002_sz_main/002151_北斗星通/2024/1222912456.pdf,https://static.cninfo.com.cn/finalpage/2025-03-27/1222912456.PDF
002152,广电运通,2024年年度报告,2025-03-29 00:00:00,1222947660,reports_raw/companies/002_sz_main/002152_广电运通/2024/1222947660.pdf,https://static.cninfo.com.cn/finalpage/2025-03-29/1222947660.PDF
002166,莱茵生物,2024年年度报告,2025-03-28 00:00:00,1222926075,reports_raw/companies/002_sz_main/002166_莱茵生物/2024/1222926075.pdf,https://static.cninfo.com.cn/finalpage/2025-03-28/1222926075.PDF
002171,楚江新材,2024年年度报告,2025-03-18 00:00:00,1222820786,reports_raw/companies/002_sz_main/002171_楚江新材/2024/1222820786.pdf,https://static.cninfo.com.cn/finalpage/2025-03-18/1222820786.PDF
002179,中航光电,2024年年度报告,2025-03-29 00:00:00,1222943981,reports_raw/companies/002_sz_main/002179_中航光电/2024/1222943981.pdf,https://static.cninfo.com.cn/finalpage/2025-03-29/1222943981.PDF
002187,广百股份,2024年年度报告,2025-03-29 00:00:00,1222941839,reports_raw/companies/002_sz_main/002187_广百股份/2024/1222941839.pdf,https://static.cninfo.com.cn/finalpage/2025-03-29/1222941839.PDF
002190,成飞集成,2024年年度报告,2025-03-15 00:00:00,1222805253,reports_raw/companies/002_sz_main/002190_成飞集成/2024/1222805253.pdf,https://static.cninfo.com.cn/finalpage/2025-03-15/1222805253.pdf
002194,武汉凡谷,2024年年度报告,2025-03-29 00:00:00,1222943393,reports_raw/companies/002_sz_main/002194_武汉凡谷/2024/1222943393.pdf,https://static.cninfo.com.cn/finalpage/2025-03-29/1222943393.PDF
002199,东晶电子,2024年年度报告,2025-03-25 00:00:00,1222883079,reports_raw/companies/002_sz_main/002199_东晶电子/2024/1222883079.pdf,https://static.cninfo.com.cn/finalpage/2025-03-25/1222883079.PDF
002202,金风科技,2024年年度报告,2025-03-29 00:00:00,1222951109,reports_raw/companies/002_sz_main/002202_金风科技/2024/1222951109.pdf,https://static.cninfo.com.cn/finalpage/2025-03-29/1222951109.pdf
002233,塔牌集团,2024年年度报告,2025-03-18 00:00:00,1222822951,reports_raw/companies/002_sz_main/002233_塔牌集团/2024/1222822951.pdf,https://static.cninfo.com.cn/finalpage/2025-03-18/1222822951.PDF
002234,民和股份,2024年年度报告,2025-03-29 00:00:00,1222943285,reports_raw/companies/002_sz_main/002234_民和股份/2024/1222943285.pdf,https://static.cninfo.com.cn/finalpage/2025-03-29/1222943285.PDF
002236,大华股份,2024年年度报告,2025-03-29 00:00:00,1222950079,reports_raw/companies/002_sz_main/002236_大华股份/2024/1222950079.pdf,https://static.cninfo.com.cn/finalpage/2025-03-29/1222950079.PDF
002237,恒邦股份,2024年年度报告,2025-03-27 00:00:00,1222911333,reports_raw/companies/002_sz_main/002237_恒邦股份/2024/1222911333.pdf,https://static.cninfo.com.cn/finalpage/2025-03-27/1222911333.PDF
002240,盛新锂能,2024年年度报告,2025-03-22 00:00:00,1222870698,reports_raw/companies/002_sz_main/002240_盛新锂能/2024/1222870698.pdf,https://static.cninfo.com.cn/finalpage/2025-03-22/1222870698.PDF
002241,歌尔股份,2024年年度报告,2025-03-27 00:00:00,1222912698,reports_raw/companies/002_sz_main/002241_歌尔股份/2024/1222912698.pdf,https://static.cninfo.com.cn/finalpage/2025-03-27/1222912698.PDF
002242,九阳股份,2024年年度报告,2025-03-28 00:00:00,1222924414,reports_raw/companies/002_sz_main/002242_九阳股份/2024/1222924414.pdf,https://static.cninfo.com.cn/finalpage/2025-03-28/1222924414.PDF
002243,力合科创,2024年年度报告,2025-03-27 00:00:00,1222909669,reports_raw/companies/002_sz_main/002243_力合科创/2024/1222909669.pdf,https://static.cninfo.com.cn/finalpage/2025-03-27/1222909669.PDF
002245,蔚蓝锂芯,2024年年度报告,2025-03-11 00:00:00,1222760043,reports_raw/companies/002_sz_main/002245_蔚蓝锂芯/2024/1222760043.pdf,https://static.cninfo.com.cn/finalpage/2025-03-11/1222760043.PDF
002251,ST步步高,2024年年度报告,2025-03-28 00:00:00,1222929721,reports_raw/companies/002_sz_main/002251_ST步步高/2024/1222929721.pdf,https://static.cninfo.com.cn/finalpage/2025-03-28/1222929721.PDF
002255,海陆重工,2024年年度报告,2025-03-20 00:00:00,1222845503,reports_raw/companies/002_sz_main/002255_海陆重工/2024/1222845503.pdf,https://static.cninfo.com.cn/finalpage/2025-03-20/1222845503.PDF
002258,利尔化学,2024年年度报告,2025-03-28 00:00:00,1222921204,reports_raw/companies/002_sz_main/002258_利尔化学/2024/1222921204.pdf,https://static.cninfo.com.cn/finalpage/2025-03-28/1222921204.PDF
002262,恩华药业,2024年年度报告,2025-03-29 00:00:00,1222941350,reports_raw/companies/002_sz_main/002262_恩华药业/2024/1222941350.pdf,https://static.cninfo.com.cn/finalpage/2025-03-29/1222941350.PDF
002264,新 华 都,2024年年度报告,2025-03-29 00:00:00,1222942624,reports_raw/companies/002_sz_main/002264_新_华_都/2024/1222942624.pdf,https://static.cninfo.com.cn/finalpage/2025-03-29/1222942624.PDF
002282,博深股份,2024年年度报告,2025-03-18 00:00:00,1222822755,reports_raw/companies/002_sz_main/002282_博深股份/2024/1222822755.pdf,https://static.cninfo.com.cn/finalpage/2025-03-18/1222822755.PDF
002283,天润工业,2024年年度报告,2025-03-28 00:00:00,1222940333,reports_raw/companies/002_sz_main/002283_天润工业/2024/1222940333.pdf,https://static.cninfo.com.cn/finalpage/2025-03-28/1222940333.pdf
002284,亚太股份,2024年年度报告,2025-03-29 00:00:00,1222940048,reports_raw/companies/002_sz_main/002284_亚太股份/2024/1222940048.pdf,https://static.cninfo.com.cn/finalpage/2025-03-29/1222940048.PDF
002290,禾盛新材,2024年年度报告,2025-03-28 00:00:00,1222922630,reports_raw/companies/002_sz_main/002290_禾盛新材/2024/1222922630.pdf,https://static.cninfo.com.cn/finalpage/2025-03-28/1222922630.PDF
002294,信立泰,2024年年度报告,2025-03-29 00:00:00,1222946959,reports_raw/companies/002_sz_main/002294_信立泰/2024/1222946959.pdf,https://static.cninfo.com.cn/finalpage/2025-03-29/1222946959.PDF
002313,日海智能,2024年年度报告,2025-03-21 00:00:00,1222857937,reports_raw/companies/002_sz_main/002313_日海智能/2024/1222857937.pdf,https://static.cninfo.com.cn/finalpage/2025-03-21/1222857937.PDF
002318,久立特材,2024年年度报告,2025-03-25 00:00:00,1222882137,reports_raw/companies/002_sz_main/002318_久立特材/2024/1222882137.pdf,https://static.cninfo.com.cn/finalpage/2025-03-25/1222882137.PDF
002320,海峡股份,2024年年度报告,2025-03-29 00:00:00,1222942739,reports_raw/companies/002_sz_main/002320_海峡股份/2024/1222942739.pdf,https://static.cninfo.com.cn/finalpage/2025-03-29/1222942739.PDF
002351,漫步者,2024年年度报告,2025-03-29 00:00:00,1222946707,reports_raw/companies/002_sz_main/002351_漫步者/2024/1222946707.pdf,https://static.cninfo.com.cn/finalpage/2025-03-29/1222946707.PDF
002352,顺丰控股,2024年年度报告,2025-03-29 00:00:00,1222943385,reports_raw/companies/002_sz_main/002352_顺丰控股/2024/1222943385.pdf,https://static.cninfo.com.cn/finalpage/2025-03-29/1222943385.PDF
002362,汉王科技,2024年年度报告,2025-03-29 00:00:00,1222951220,reports_raw/companies/002_sz_main/002362_汉王科技/2024/1222951220.pdf,https://static.cninfo.com.cn/finalpage/2025-03-29/1222951220.PDF
002367,康力电梯,2024年年度报告,2025-03-28 00:00:00,1222925323,reports_raw/companies/002_sz_main/002367_康力电梯/2024/1222925323.pdf,https://static.cninfo.com.cn/finalpage/2025-03-28/1222925323.PDF
002379,宏创控股,2024年年度报告,2025-03-14 00:00:00,1222787907,reports_raw/companies/002_sz_main/002379_宏创控股/2024/1222787907.pdf,https://static.cninfo.com.cn/finalpage/2025-03-14/1222787907.PDF
002387,维信诺,2024年年度报告,2025-03-21 00:00:00,1222857284,reports_raw/companies/002_sz_main/002387_维信诺/2024/1222857284.pdf,https://static.cninfo.com.cn/finalpage/2025-03-21/1222857284.PDF
002389,航天彩虹,2024年年度报告,2025-03-29 00:00:00,1222945992,reports_raw/companies/002_sz_main/002389_航天彩虹/2024/1222945992.pdf,https://static.cninfo.com.cn/finalpage/2025-03-29/1222945992.PDF
002393,力生制药,2024年年度报告,2025-03-21 00:00:00,1222857661,reports_raw/companies/002_sz_main/002393_力生制药/2024/1222857661.pdf,https://static.cninfo.com.cn/finalpage/2025-03-21/1222857661.PDF
002399,海普瑞,2024年年度报告,2025-03-29 00:00:00,1222940103,reports_raw/companies/002_sz_main/002399_海普瑞/2024/1222940103.pdf,https://static.cninfo.com.cn/finalpage/2025-03-29/1222940103.PDF
002400,省广集团,2024年年度报告,2025-03-28 00:00:00,1222923971,reports_raw/companies/002_sz_main/002400_省广集团/2024/1222923971.pdf,https://static.cninfo.com.cn/finalpage/2025-03-28/1222923971.PDF
002401,中远海科,2024年年度报告,2025-03-29 00:00:00,1222948102,reports_raw/companies/002_sz_main/002401_中远海科/2024/1222948102.pdf,https://static.cninfo.com.cn/finalpage/2025-03-29/1222948102.PDF
002404,嘉欣丝绸,2024年年度报告,2025-03-28 00:00:00,1222924844,reports_raw/companies/002_sz_main/002404_嘉欣丝绸/2024/1222924844.pdf,https://static.cninfo.com.cn/finalpage/2025-03-28/1222924844.PDF
002410,广联达,2024年年度报告,2025-03-25 00:00:00,1222881520,reports_raw/companies/002_sz_main/002410_广联达/2024/1222881520.pdf,https://static.cninfo.com.cn/finalpage/2025-03-25/1222881520.PDF
002419,天虹股份,2024年年度报告,2025-03-15 00:00:00,1222805489,reports_raw/companies/002_sz_main/002419_天虹股份/2024/1222805489.pdf,https://static.cninfo.com.cn/finalpage/2025-03-15/1222805489.PDF
002420,毅昌科技,2024年年度报告,2025-03-22 00:00:00,1222868940,reports_raw/companies/002_sz_main/002420_毅昌科技/2024/1222868940.pdf,https://static.cninfo.com.cn/finalpage/2025-03-22/1222868940.PDF
002428,云南锗业,2024年年度报告,2025-03-28 00:00:00,1222926437,reports_raw/companies/002_sz_main/002428_云南锗业/2024/1222926437.pdf,https://static.cninfo.com.cn/finalpage/2025-03-28/1222926437.PDF
002430,杭氧股份,2024年年度报告,2025-03-28 00:00:00,1222926766,reports_raw/companies/002_sz_main/002430_杭氧股份/2024/1222926766.pdf,https://static.cninfo.com.cn/finalpage/2025-03-28/1222926766.PDF
002451,摩恩电气,2024年年度报告,2025-03-25 00:00:00,1222881688,reports_raw/companies/002_sz_main/002451_摩恩电气/2024/1222881688.pdf,https://static.cninfo.com.cn/finalpage/2025-03-25/1222881688.PDF
002455,百川股份,2024年年度报告,2025-03-20 00:00:00,1222844761,reports_raw/companies/002_sz_main/002455_百川股份/2024/1222844761.pdf,https://static.cninfo.com.cn/finalpage/2025-03-20/1222844761.PDF
002458,益生股份,2024年年度报告,2025-03-28 00:00:00,1222921697,reports_raw/companies/002_sz_main/002458_益生股份/2024/1222921697.pdf,https://static.cninfo.com.cn/finalpage/2025-03-28/1222921697.PDF
002460,赣锋锂业,2024年年度报告,2025-03-29 00:00:00,1222949700,reports_raw/companies/002_sz_main/002460_赣锋锂业/2024/1222949700.pdf,https://static.cninfo.com.cn/finalpage/2025-03-29/1222949700.PDF
002461,珠江啤酒,2024年年度报告,2025-03-28 00:00:00,1222921587,reports_raw/companies/002_sz_main/002461_珠江啤酒/2024/1222921587.pdf,https://static.cninfo.com.cn/finalpage/2025-03-28/1222921587.PDF
002463,沪电股份,2024年年度报告,2025-03-26 00:00:00,1222896592,reports_raw/companies/002_sz_main/002463_沪电股份/2024/1222896592.pdf,https://static.cninfo.com.cn/finalpage/2025-03-26/1222896592.PDF
002465,海格通信,2024年年度报告,2025-03-29 00:00:00,1222948690,reports_raw/companies/002_sz_main/002465_海格通信/2024/1222948690.pdf,https://static.cninfo.com.cn/finalpage/2025-03-29/1222948690.PDF
002466,天齐锂业,2024年年度报告,2025-03-27 00:00:00,1222913103,reports_raw/companies/002_sz_main/002466_天齐锂业/2024/1222913103.pdf,https://static.cninfo.com.cn/finalpage/2025-03-27/1222913103.PDF
002467,二六三,2024年年度报告,2025-03-31 00:00:00,1222942905,reports_raw/companies/002_sz_main/002467_二六三/2024/1222942905.pdf,https://static.cninfo.com.cn/finalpage/2025-03-31/1222942905.PDF
002469,三维化学,2024年年度报告,2025-03-27 00:00:00,1222909580,reports_raw/companies/002_sz_main/002469_三维化学/2024/1222909580.pdf,https://static.cninfo.com.cn/finalpage/2025-03-27/1222909580.PDF
002478,常宝股份,2024年年度报告,2025-03-28 00:00:00,1222928418,reports_raw/companies/002_sz_main/002478_常宝股份/2024/1222928418.pdf,https://static.cninfo.com.cn/finalpage/2025-03-28/1222928418.PDF
002490,ST墨龙,2024年年度报告,2025-03-29 00:00:00,1222946943,reports_raw/companies/002_sz_main/002490_ST墨龙/2024/1222946943.pdf,https://static.cninfo.com.cn/finalpage/2025-03-29/1222946943.PDF
002507,涪陵榨菜,2024年年度报告,2025-03-29 00:00:00,1222941660,reports_raw/companies/002_sz_main/002507_涪陵榨菜/2024/1222941660.pdf,https://static.cninfo.com.cn/finalpage/2025-03-29/1222941660.PDF
002516,旷达科技,2024年年度报告,2025-03-22 00:00:00,1222865525,reports_raw/companies/002_sz_main/002516_旷达科技/2024/1222865525.pdf,https://static.cninfo.com.cn/finalpage/2025-03-22/1222865525.PDF
002533,金杯电工,2024年年度报告,2025-03-29 00:00:00,1222946482,reports_raw/companies/002_sz_main/002533_金杯电工/2024/1222946482.pdf,https://static.cninfo.com.cn/finalpage/2025-03-29/1222946482.PDF
002534,西子洁能,2024年年度报告,2025-03-31 00:00:00,1222947929,reports_raw/companies/002_sz_main/002534_西子洁能/2024/1222947929.pdf,https://static.cninfo.com.cn/finalpage/2025-03-31/1222947929.PDF
002536,飞龙股份,2024年年度报告,2025-03-20 00:00:00,1222846981,reports_raw/companies/002_sz_main/002536_飞龙股份/2024/1222846981.pdf,https://static.cninfo.com.cn/finalpage/2025-03-20/1222846981.PDF
002539,云图控股,2024年年度报告,2025-03-22 00:00:00,1222868053,reports_raw/companies/002_sz_main/002539_云图控股/2024/1222868053.pdf,https://static.cninfo.com.cn/finalpage/2025-03-22/1222868053.PDF
002546,新联电子,2024年年度报告,2025-03-29 00:00:00,1222942443,reports_raw/companies/002_sz_main/002546_新联电子/2024/1222942443.pdf,https://static.cninfo.com.cn/finalpage/2025-03-29/1222942443.PDF
002552,宝鼎科技,2024年年度报告,2025-03-29 00:00:00,1222950189,reports_raw/companies/002_sz_main/002552_宝鼎科技/2024/1222950189.pdf,https://static.cninfo.com.cn/finalpage/2025-03-29/1222950189.PDF
002561,徐家汇,2024年年度报告,2025-03-29 00:00:00,1222943525,reports_raw/companies/002_sz_main/002561_徐家汇/2024/1222943525.pdf,https://static.cninfo.com.cn/finalpage/2025-03-29/1222943525.PDF
002592,ST八菱,2024年年度报告,2025-03-27 00:00:00,1222911122,reports_raw/companies/002_sz_main/002592_ST八菱/2024/1222911122.pdf,https://static.cninfo.com.cn/finalpage/2025-03-27/1222911122.PDF
002594,比亚迪,2024年年度报告,2025-03-25 00:00:00,1222881496,reports_raw/companies/002_sz_main/002594_比亚迪/2024/1222881496.pdf,https://static.cninfo.com.cn/finalpage/2025-03-25/1222881496.PDF
002595,豪迈科技,2024年年度报告,2025-03-18 00:00:00,1222823238,reports_raw/companies/002_sz_main/002595_豪迈科技/2024/1222823238.pdf,https://static.cninfo.com.cn/finalpage/2025-03-18/1222823238.PDF
002600,领益智造,2024年年度报告,2025-03-29 00:00:00,1222947139,reports_raw/companies/002_sz_main/002600_领益智造/2024/1222947139.pdf,https://static.cninfo.com.cn/finalpage/2025-03-29/1222947139.PDF
002611,东方精工,2024年年度报告(英文版),2025-03-28 00:00:00,1222923416,reports_raw/companies/002_sz_main/002611_东方精工/2024/1222923416.pdf,https://static.cninfo.com.cn/finalpage/2025-03-28/1222923416.pdf
002635,安洁科技,2024年年度报告,2025-03-28 00:00:00,1222928147,reports_raw/companies/002_sz_main/002635_安洁科技/2024/1222928147.pdf,https://static.cninfo.com.cn/finalpage/2025-03-28/1222928147.PDF
002640,跨境通,2024年年度报告,2025-03-29 00:00:00,1222942844,reports_raw/companies/002_sz_main/002640_跨境通/2024/1222942844.pdf,https://static.cninfo.com.cn/finalpage/2025-03-29/1222942844.PDF
002648,卫星化学,2024年年度报告,2025-03-25 00:00:00,1222880198,reports_raw/companies/002_sz_main/002648_卫星化学/2024/1222880198.pdf,https://static.cninfo.com.cn/finalpage/2025-03-25/1222880198.PDF
002658,雪迪龙,2024年年度报告,2025-03-28 00:00:00,1222925910,reports_raw/companies/002_sz_main/002658_雪迪龙/2024/1222925910.pdf,https://static.cninfo.com.cn/finalpage/2025-03-28/1222925910.PDF
002660,茂硕电源,2024年年度报告,2025-03-28 00:00:00,1222924084,reports_raw/companies/002_sz_main/002660_茂硕电源/2024/1222924084.pdf,https://static.cninfo.com.cn/finalpage/2025-03-28/1222924084.PDF
002661,克明食品,2024年年度报告,2025-03-22 00:00:00,1222867792,reports_raw/companies/002_sz_main/002661_克明食品/2024/1222867792.pdf,https://static.cninfo.com.cn/finalpage/2025-03-22/1222867792.PDF
002662,京威股份,2024年年度报告,2025-03-29 00:00:00,1222942016,reports_raw/companies/002_sz_main/002662_京威股份/2024/1222942016.pdf,https://static.cninfo.com.cn/finalpage/2025-03-29/1222942016.PDF
002668,TCL智家,2024年年度报告,2025-03-08 00:00:00,1222743875,reports_raw/companies/002_sz_main/002668_TCL智家/2024/1222743875.pdf,https://static.cninfo.com.cn/finalpage/2025-03-08/1222743875.PDF
002671,龙泉股份,2024年年度报告,2025-03-29 00:00:00,1222943607,reports_raw/companies/002_sz_main/002671_龙泉股份/2024/1222943607.pdf,https://static.cninfo.com.cn/finalpage/2025-03-29/1222943607.PDF
002672,东江环保,2024年年度报告,2025-03-29 00:00:00,1222950262,reports_raw/companies/002_sz_main/002672_东江环保/2024/1222950262.pdf,https://static.cninfo.com.cn/finalpage/2025-03-29/1222950262.PDF
002678,珠江钢琴,2024年年度报告,2025-03-28 00:00:00,1222928245,reports_raw/companies/002_sz_main/002678_珠江钢琴/2024/1222928245.pdf,https://static.cninfo.com.cn/finalpage/2025-03-28/1222928245.PDF
002683,广东宏大,2024年年度报告,2025-03-28 00:00:00,1222924519,reports_raw/companies/002_sz_main/002683_广东宏大/2024/1222924519.pdf,https://static.cninfo.com.cn/finalpage/2025-03-28/1222924519.PDF
002690,美亚光电,2024年年度报告,2025-03-28 00:00:00,1222922411,reports_raw/companies/002_sz_main/002690_美亚光电/2024/1222922411.pdf,https://static.cninfo.com.cn/finalpage/2025-03-28/1222922411.PDF
002692,远程股份,2024年年度报告,2025-03-13 00:00:00,1222778187,reports_raw/companies/002_sz_main/002692_远程股份/2024/1222778187.pdf,https://static.cninfo.com.cn/finalpage/2025-03-13/1222778187.PDF
002703,浙江世宝,2024年年度报告,2025-03-31 00:00:00,1222947145,reports_raw/companies/002_sz_main/002703_浙江世宝/2024/1222947145.pdf,https://static.cninfo.com.cn/finalpage/2025-03-31/1222947145.PDF
002706,良信股份,2024年年度报告,2025-03-29 00:00:00,1222943174,reports_raw/companies/002_sz_main/002706_良信股份/2024/1222943174.pdf,https://static.cninfo.com.cn/finalpage/2025-03-29/1222943174.PDF
002714,牧原股份,2024年年度报告,2025-03-20 00:00:00,1222845025,reports_raw/companies/002_sz_main/002714_牧原股份/2024/1222845025.pdf,https://static.cninfo.com.cn/finalpage/2025-03-20/1222845025.PDF
002715,登云股份,2024年年度报告,2025-03-28 00:00:00,1222927991,reports_raw/companies/002_sz_main/002715_登云股份/2024/1222927991.pdf,https://static.cninfo.com.cn/finalpage/2025-03-28/1222927991.PDF
002723,小崧股份,2024年年度报告,2025-03-31 00:00:00,1222950000,reports_raw/companies/002_sz_main/002723_小崧股份/2024/1222950000.pdf,https://static.cninfo.com.cn/finalpage/2025-03-31/1222950000.PDF
002732,燕塘乳业,2024年年度报告,2025-03-31 00:00:00,1222939307,reports_raw/companies/002_sz_main/002732_燕塘乳业/2024/1222939307.pdf,https://static.cninfo.com.cn/finalpage/2025-03-31/1222939307.PDF
002735,王子新材,2024年年度报告,2025-03-29 00:00:00,1222946874,reports_raw/companies/002_sz_main/002735_王子新材/2024/1222946874.pdf,https://static.cninfo.com.cn/finalpage/2025-03-29/1222946874.PDF
002749,国光股份,2024年年度报告,2025-03-27 00:00:00,1222910731,reports_raw/companies/002_sz_main/002749_国光股份/2024/1222910731.pdf,https://static.cninfo.com.cn/finalpage/2025-03-27/1222910731.PDF
002756,永兴材料,2024年年度报告,2025-03-25 00:00:00,1222881556,reports_raw/companies/002_sz_main/002756_永兴材料/2024/1222881556.pdf,https://static.cninfo.com.cn/finalpage/2025-03-25/1222881556.PDF
002760,凤形股份,2024年年度报告,2025-03-20 00:00:00,1222846267,reports_raw/companies/002_sz_main/002760_凤形股份/2024/1222846267.pdf,https://static.cninfo.com.cn/finalpage/2025-03-20/1222846267.PDF
002765,蓝黛科技,2024年年度报告,2025-03-28 00:00:00,1222923649,reports_raw/companies/002_sz_main/002765_蓝黛科技/2024/1222923649.pdf,https://static.cninfo.com.cn/finalpage/2025-03-28/1222923649.PDF
002766,索菱股份,2024年年度报告,2025-03-20 00:00:00,1222847275,reports_raw/companies/002_sz_main/002766_索菱股份/2024/1222847275.pdf,https://static.cninfo.com.cn/finalpage/2025-03-20/1222847275.PDF
002772,众兴菌业,2024年年度报告,2025-03-22 00:00:00,1222867147,reports_raw/companies/002_sz_main/002772_众兴菌业/2024/1222867147.pdf,https://static.cninfo.com.cn/finalpage/2025-03-22/1222867147.PDF
002774,快意电梯,2024年年度报告,2025-03-26 00:00:00,1222893942,reports_raw/companies/002_sz_main/002774_快意电梯/2024/1222893942.pdf,https://static.cninfo.com.cn/finalpage/2025-03-26/1222893942.PDF
002777,久远银海,2024年年度报告,2025-03-24 00:00:00,1222866570,reports_raw/companies/002_sz_main/002777_久远银海/2024/1222866570.pdf,https://static.cninfo.com.cn/finalpage/2025-03-24/1222866570.PDF
002791,坚朗五金,2024年年度报告,2025-03-28 00:00:00,1222927657,reports_raw/companies/002_sz_main/002791_坚朗五金/2024/1222927657.pdf,https://static.cninfo.com.cn/finalpage/2025-03-28/1222927657.PDF
002801,微光股份,2024年年度报告,2025-03-28 00:00:00,1222922544,reports_raw/companies/002_sz_main/002801_微光股份/2024/1222922544.pdf,https://static.cninfo.com.cn/finalpage/2025-03-28/1222922544.PDF
002807,江阴银行,2024年年度报告,2025-03-29 00:00:00,1222944062,reports_raw/companies/002_sz_main/002807_江阴银行/2024/1222944062.pdf,https://static.cninfo.com.cn/finalpage/2025-03-29/1222944062.PDF
002813,路畅科技,2024年年度报告,2025-03-25 00:00:00,1222882193,reports_raw/companies/002_sz_main/002813_路畅科技/2024/1222882193.pdf,https://static.cninfo.com.cn/finalpage/2025-03-25/1222882193.PDF
002817,黄山胶囊,2024年年度报告,2025-03-29 00:00:00,1222940308,reports_raw/companies/002_sz_main/002817_黄山胶囊/2024/1222940308.pdf,https://static.cninfo.com.cn/finalpage/2025-03-29/1222940308.PDF
002820,桂发祥,2024年年度报告,2025-03-29 00:00:00,1222943474,reports_raw/companies/002_sz_main/002820_桂发祥/2024/1222943474.pdf,https://static.cninfo.com.cn/finalpage/2025-03-29/1222943474.PDF
002821,凯莱英,2024年年度报告,2025-03-29 00:00:00,1222941173,reports_raw/companies/002_sz_main/002821_凯莱英/2024/1222941173.pdf,https://static.cninfo.com.cn/finalpage/2025-03-29/1222941173.PDF
002838,道恩股份,2024年年度报告,2025-03-12 00:00:00,1222769023,reports_raw/companies/002_sz_main/002838_道恩股份/2024/1222769023.pdf,https://static.cninfo.com.cn/finalpage/2025-03-12/1222769023.PDF
002839,张家港行,2024年年度报告,2025-03-29 00:00:00,1222945518,reports_raw/companies/002_sz_main/002839_张家港行/2024/1222945518.pdf,https://static.cninfo.com.cn/finalpage/2025-03-29/1222945518.PDF
002852,道道全,2024年年度报告,2025-03-19 00:00:00,1222833065,reports_raw/companies/002_sz_main/002852_道道全/2024/1222833065.pdf,https://static.cninfo.com.cn/finalpage/2025-03-19/1222833065.PDF
002865,钧达股份,2024年年度报告,2025-03-18 00:00:00,1222822868,reports_raw/companies/002_sz_main/002865_钧达股份/2024/1222822868.pdf,https://static.cninfo.com.cn/finalpage/2025-03-18/1222822868.PDF
002870,香山股份,2024年年度报告,2025-03-28 00:00:00,1222925376,reports_raw/companies/002_sz_main/002870_香山股份/2024/1222925376.pdf,https://static.cninfo.com.cn/finalpage/2025-03-28/1222925376.PDF
002879,长缆科技,2024年年度报告,2025-03-18 00:00:00,1222822120,reports_raw/companies/002_sz_main/002879_长缆科技/2024/1222822120.pdf,https://static.cninfo.com.cn/finalpage/2025-03-18/1222822120.PDF
002906,华阳集团,2024年年度报告,2025-03-29 00:00:00,1222945028,reports_raw/companies/002_sz_main/002906_华阳集团/2024/1222945028.pdf,https://static.cninfo.com.cn/finalpage/2025-03-29/1222945028.PDF
002909,集泰股份,2024年年度报告,2025-03-29 00:00:00,1222944863,reports_raw/companies/002_sz_main/002909_集泰股份/2024/1222944863.pdf,https://static.cninfo.com.cn/finalpage/2025-03-29/1222944863.PDF
002911,佛燃能源,2024年年度报告,2025-03-22 00:00:00,1222866341,reports_raw/companies/002_sz_main/002911_佛燃能源/2024/1222866341.pdf,https://static.cninfo.com.cn/finalpage/2025-03-22/1222866341.PDF
002912,中新赛克,2024年年度报告,2025-03-28 00:00:00,1222926924,reports_raw/companies/002_sz_main/002912_中新赛克/2024/1222926924.pdf,https://static.cninfo.com.cn/finalpage/2025-03-28/1222926924.PDF
002916,深南电路,2024年年度报告,2025-03-13 00:00:00,1222778134,reports_raw/companies/002_sz_main/002916_深南电路/2024/1222778134.pdf,https://static.cninfo.com.cn/finalpage/2025-03-13/1222778134.PDF
002920,德赛西威,2024年年度报告,2025-03-15 00:00:00,1222806371,reports_raw/companies/002_sz_main/002920_德赛西威/2024/1222806371.pdf,https://static.cninfo.com.cn/finalpage/2025-03-15/1222806371.PDF
002922,伊戈尔,2024年年度报告,2025-03-29 00:00:00,1222946075,reports_raw/companies/002_sz_main/002922_伊戈尔/2024/1222946075.pdf,https://static.cninfo.com.cn/finalpage/2025-03-29/1222946075.PDF
002933,新兴装备,2024年年度报告,2025-03-29 00:00:00,1222944542,reports_raw/companies/002_sz_main/002933_新兴装备/2024/1222944542.pdf,https://static.cninfo.com.cn/finalpage/2025-03-29/1222944542.PDF
002936,郑州银行,2024年年度报告,2025-03-28 00:00:00,1222927745,reports_raw/companies/002_sz_main/002936_郑州银行/2024/1222927745.pdf,https://static.cninfo.com.cn/finalpage/2025-03-28/1222927745.PDF
002945,华林证券,2024年年度报告,2025-03-29 00:00:00,1222946837,reports_raw/companies/002_sz_main/002945_华林证券/2024/1222946837.pdf,https://static.cninfo.com.cn/finalpage/2025-03-29/1222946837.PDF
002947,恒铭达,2024年年度报告,2025-03-29 00:00:00,1222944803,reports_raw/companies/002_sz_main/002947_恒铭达/2024/1222944803.pdf,https://static.cninfo.com.cn/finalpage/2025-03-29/1222944803.PDF
002948,青岛银行,2024年年度报告,2025-03-27 00:00:00,1222910658,reports_raw/companies/002_sz_main/002948_青岛银行/2024/1222910658.pdf,https://static.cninfo.com.cn/finalpage/2025-03-27/1222910658.PDF
002967,广电计量,2024年年度报告,2025-03-28 00:00:00,1222972760,reports_raw/companies/002_sz_main/002967_广电计量/2024/1222972760.pdf,https://static.cninfo.com.cn/finalpage/2025-03-28/1222972760.pdf
002972,科安达,2024年年度报告,2025-03-28 00:00:00,1222926405,reports_raw/companies/002_sz_main/002972_科安达/2024/1222926405.pdf,https://static.cninfo.com.cn/finalpage/2025-03-28/1222926405.PDF
002978,安宁股份,2024年年度报告,2025-03-14 00:00:00,1222789664,reports_raw/companies/002_sz_main/002978_安宁股份/2024/1222789664.pdf,https://static.cninfo.com.cn/finalpage/2025-03-14/1222789664.PDF
002988,豪美新材,2024年年度报告,2025-03-29 00:00:00,1222945060,reports_raw/companies/002_sz_main/002988_豪美新材/2024/1222945060.pdf,https://static.cninfo.com.cn/finalpage/2025-03-29/1222945060.PDF
002997,瑞鹄模具,2024年年度报告,2025-03-25 00:00:00,1222881814,reports_raw/companies/002_sz_main/002997_瑞鹄模具/2024/1222881814.pdf,https://static.cninfo.com.cn/finalpage/2025-03-25/1222881814.PDF
003000,劲仔食品,2024年年度报告,2025-03-25 00:00:00,1222881481,reports_raw/companies/003_sz_main/003000_劲仔食品/2024/1222881481.pdf,https://static.cninfo.com.cn/finalpage/2025-03-25/1222881481.PDF
003006,百亚股份,2024年年度报告,2025-03-22 00:00:00,1222870071,reports_raw/companies/003_sz_main/003006_百亚股份/2024/1222870071.pdf,https://static.cninfo.com.cn/finalpage/2025-03-22/1222870071.PDF
003009,中天火箭,2024年年度报告,2025-03-25 00:00:00,1222881882,reports_raw/companies/003_sz_main/003009_中天火箭/2024/1222881882.pdf,https://static.cninfo.com.cn/finalpage/2025-03-25/1222881882.PDF
003018,金富科技,2024年年度报告,2025-03-29 00:00:00,1222945439,reports_raw/companies/003_sz_main/003018_金富科技/2024/1222945439.pdf,https://static.cninfo.com.cn/finalpage/2025-03-29/1222945439.PDF
003022,联泓新科,2024年年度报告,2025-03-28 00:00:00,1222928827,reports_raw/companies/003_sz_main/003022_联泓新科/2024/1222928827.pdf,https://static.cninfo.com.cn/finalpage/2025-03-28/1222928827.PDF
003028,振邦智能,2024年年度报告,2025-03-28 00:00:00,1222922770,reports_raw/companies/003_sz_main/003028_振邦智能/2024/1222922770.pdf,https://static.cninfo.com.cn/finalpage/2025-03-28/1222922770.PDF
003033,征和工业,2024年年度报告,2025-03-27 00:00:00,1222912011,reports_raw/companies/003_sz_main/003033_征和工业/2024/1222912011.pdf,https://static.cninfo.com.cn/finalpage/2025-03-27/1222912011.PDF
003035,南网能源,2024年年度报告,2025-03-29 00:00:00,1222949541,reports_raw/companies/003_sz_main/003035_南网能源/2024/1222949541.pdf,https://static.cninfo.com.cn/finalpage/2025-03-29/1222949541.PDF
003038,鑫铂股份,2024年年度报告,2025-03-28 00:00:00,1222922288,reports_raw/companies/003_sz_main/003038_鑫铂股份/2024/1222922288.pdf,https://static.cninfo.com.cn/finalpage/2025-03-28/1222922288.PDF
003816,中国广核,2024年年度报告,2025-03-27 00:00:00,1222913141,reports_raw/companies/003_sz_main/003816_中国广核/2024/1222913141.pdf,https://static.cninfo.com.cn/finalpage/2025-03-27/1222913141.pdf
200011,深物业B,2024年年度报告（英文版）,2025-03-29 00:00:00,1222946114,reports_raw/companies/200_sz_b/200011_深物业B/2024/1222946114.pdf,https://static.cninfo.com.cn/finalpage/2025-03-29/1222946114.PDF
200025,特  力Ｂ,2024年年度报告（英文版）,2025-03-28 00:00:00,1222927713,reports_raw/companies/200_sz_b/200025_特_力Ｂ/2024/1222927713.pdf,https://static.cninfo.com.cn/finalpage/2025-03-28/1222927713.PDF
200026,飞亚达Ｂ,2024年年度报告（英文版）,2025-03-14 00:00:00,1222788736,reports_raw/companies/200_sz_b/200026_飞亚达Ｂ/2024/1222788736.pdf,https://static.cninfo.com.cn/finalpage/2025-03-14/1222788736.PDF
200029,深深房Ｂ,2024年年度报告（英文版）,2025-03-22 00:00:00,1222870095,reports_raw/companies/200_sz_b/200029_深深房Ｂ/2024/1222870095.pdf,https://static.cninfo.com.cn/finalpage/2025-03-22/1222870095.PDF
200045,深纺织Ｂ,2024年年度报告（英文版）,2025-03-28 00:00:00,1222922187,reports_raw/companies/200_sz_b/200045_深纺织Ｂ/2024/1222922187.pdf,https://static.cninfo.com.cn/finalpage/2025-03-28/1222922187.PDF
200429,粤高速Ｂ,2024年年度报告（英文版）,2025-03-04 00:00:00,1222693889,reports_raw/companies/200_sz_b/200429_粤高速Ｂ/2024/1222693889.pdf,https://static.cninfo.com.cn/finalpage/2025-03-04/1222693889.PDF
200505,京粮B,2024年年度报告（英文版）,2025-03-29 00:00:00,1222943413,reports_raw/companies/200_sz_b/200505_京粮B/2024/1222943413.pdf,https://static.cninfo.com.cn/finalpage/2025-03-29/1222943413.PDF
200512,闽灿坤Ｂ,2024年年度报告,2025-03-11 00:00:00,1222758976,reports_raw/companies/200_sz_b/200512_闽灿坤Ｂ/2024/1222758976.pdf,https://static.cninfo.com.cn/finalpage/2025-03-11/1222758976.PDF
200539,粤电力Ｂ,2024年年度报告（英文版）,2025-03-29 00:00:00,1222950457,reports_raw/companies/200_sz_b/200539_粤电力Ｂ/2024/1222950457.pdf,https://static.cninfo.com.cn/finalpage/2025-03-29/1222950457.PDF
200550,江  铃Ｂ,2024年年度报告（英文版）,2025-03-29 00:00:00,1222949795,reports_raw/companies/200_sz_b/200550_江_铃Ｂ/2024/1222949795.pdf,https://static.cninfo.com.cn/finalpage/2025-03-29/1222949795.PDF
200553,安道麦B,2024年年度报告（英文版）,2025-03-14 00:00:00,1222789205,reports_raw/companies/200_sz_b/200553_安道麦B/2024/1222789205.pdf,https://static.cninfo.com.cn/finalpage/2025-03-14/1222789205.PDF
300006,莱美药业,2024年年度报告,2025-03-22 00:00:00,1222869239,reports_raw/companies/300_chinext/300006_莱美药业/2024/1222869239.pdf,https://static.cninfo.com.cn/finalpage/2025-03-22/1222869239.PDF
300007,汉威科技,2024年年度报告,2025-03-29 00:00:00,1222949297,reports_raw/companies/300_chinext/300007_汉威科技/2024/1222949297.pdf,https://static.cninfo.com.cn/finalpage/2025-03-29/1222949297.PDF
300009,安科生物,2024年年度报告,2025-03-28 00:00:00,1222928113,reports_raw/companies/300_chinext/300009_安科生物/2024/1222928113.pdf,https://static.cninfo.com.cn/finalpage/2025-03-28/1222928113.PDF
300018,中元股份,2024年年度报告,2025-03-25 00:00:00,1222880850,reports_raw/companies/300_chinext/300018_中元股份/2024/1222880850.pdf,https://static.cninfo.com.cn/finalpage/2025-03-25/1222880850.PDF
300019,硅宝科技,2024年年度报告,2025-03-29 00:00:00,1222949047,reports_raw/companies/300_chinext/300019_硅宝科技/2024/1222949047.pdf,https://static.cninfo.com.cn/finalpage/2025-03-29/1222949047.PDF
300037,新宙邦,2024年年度报告,2025-03-25 00:00:00,1222883113,reports_raw/companies/300_chinext/300037_新宙邦/2024/1222883113.pdf,https://static.cninfo.com.cn/finalpage/2025-03-25/1222883113.PDF
300047,天源迪科,2024年年度报告,2025-03-28 00:00:00,1222927185,reports_raw/companies/300_chinext/300047_天源迪科/2024/1222927185.pdf,https://static.cninfo.com.cn/finalpage/2025-03-28/1222927185.PDF
300048,合康新能,2024年年度报告,2025-03-26 00:00:00,1222962581,reports_raw/companies/300_chinext/300048_合康新能/2024/1222962581.pdf,https://static.cninfo.com.cn/finalpage/2025-03-26/1222962581.pdf
300050,世纪鼎利,2024年年度报告,2025-03-21 00:00:00,1222856041,reports_raw/companies/300_chinext/300050_世纪鼎利/2024/1222856041.pdf,https://static.cninfo.com.cn/finalpage/2025-03-21/1222856041.PDF
300059,东方财富,2024年年度报告,2025-03-15 00:00:00,1222806709,reports_raw/companies/300_chinext/300059_东方财富/2024/1222806709.pdf,https://static.cninfo.com.cn/finalpage/2025-03-15/1222806709.PDF
300080,易成新能,2024年年度报告,2025-03-22 00:00:00,1222869687,reports_raw/companies/300_chinext/300080_易成新能/2024/1222869687.pdf,https://static.cninfo.com.cn/finalpage/2025-03-22/1222869687.PDF
300092,科新机电,2024年年度报告,2025-03-29 00:00:00,1222945393,reports_raw/companies/300_chinext/300092_科新机电/2024/1222945393.pdf,https://static.cninfo.com.cn/finalpage/2025-03-29/1222945393.PDF
300101,振芯科技,2024年年度报告,2025-03-31 00:00:00,1222942307,reports_raw/companies/300_chinext/300101_振芯科技/2024/1222942307.pdf,https://static.cninfo.com.cn/finalpage/2025-03-31/1222942307.PDF
300102,乾照光电,2024年年度报告,2025-03-28 00:00:00,1222923375,reports_raw/companies/300_chinext/300102_乾照光电/2024/1222923375.pdf,https://static.cninfo.com.cn/finalpage/2025-03-28/1222923375.PDF
300121,阳谷华泰,2024年年度报告,2025-03-28 00:00:00,1222925421,reports_raw/companies/300_chinext/300121_阳谷华泰/2024/1222925421.pdf,https://static.cninfo.com.cn/finalpage/2025-03-28/1222925421.PDF
300127,银河磁体,2024年年度报告,2025-03-29 00:00:00,1222942864,reports_raw/companies/300_chinext/300127_银河磁体/2024/1222942864.pdf,https://static.cninfo.com.cn/finalpage/2025-03-29/1222942864.PDF
300130,新国都,2024年年度报告,2025-03-29 00:00:00,1222942156,reports_raw/companies/300_chinext/300130_新国都/2024/1222942156.pdf,https://static.cninfo.com.cn/finalpage/2025-03-29/1222942156.PDF
300143,盈康生命,2024年年度报告,2025-03-29 00:00:00,1222947103,reports_raw/companies/300_chinext/300143_盈康生命/2024/1222947103.pdf,https://static.cninfo.com.cn/finalpage/2025-03-29/1222947103.PDF
300146,汤臣倍健,2024年年度报告,2025-03-22 00:00:00,1222867896,reports_raw/companies/300_chinext/300146_汤臣倍健/2024/1222867896.pdf,https://static.cninfo.com.cn/finalpage/2025-03-22/1222867896.PDF
300159,新研股份,2024年年度报告,2025-03-19 00:00:00,1222835419,reports_raw/companies/300_chinext/300159_新研股份/2024/1222835419.pdf,https://static.cninfo.com.cn/finalpage/2025-03-19/1222835419.PDF
300179,四方达,2024年年度报告,2025-03-28 00:00:00,1222926664,reports_raw/companies/300_chinext/300179_四方达/2024/1222926664.pdf,https://static.cninfo.com.cn/finalpage/2025-03-28/1222926664.PDF
300183,东软载波,2024年年度报告,2025-03-31 00:00:00,1222943793,reports_raw/companies/300_chinext/300183_东软载波/2024/1222943793.pdf,https://static.cninfo.com.cn/finalpage/2025-03-31/1222943793.PDF
300188,国投智能,2024年年度报告,2025-03-31 00:00:00,1222950752,reports_raw/companies/300_chinext/300188_国投智能/2024/1222950752.pdf,https://static.cninfo.com.cn/finalpage/2025-03-31/1222950752.PDF
300193,佳士科技,2024年年度报告,2025-03-29 00:00:00,1222940752,reports_raw/companies/300_chinext/300193_佳士科技/2024/1222940752.pdf,https://static.cninfo.com.cn/finalpage/2025-03-29/1222940752.PDF
300200,高盟新材,2024年年度报告,2025-03-28 00:00:00,1222924344,reports_raw/companies/300_chinext/300200_高盟新材/2024/1222924344.pdf,https://static.cninfo.com.cn/finalpage/2025-03-28/1222924344.PDF
300204,舒泰神,2024年年度报告,2025-03-25 00:00:00,1222879258,reports_raw/companies/300_chinext/300204_舒泰神/2024/1222879258.pdf,https://static.cninfo.com.cn/finalpage/2025-03-25/1222879258.PDF
300227,光韵达,2024年年度报告,2025-03-25 00:00:00,1222882292,reports_raw/companies/300_chinext/300227_光韵达/2024/1222882292.pdf,https://static.cninfo.com.cn/finalpage/2025-03-25/1222882292.PDF
300233,金城医药,2024年年度报告,2025-03-28 00:00:00,1222923441,reports_raw/companies/300_chinext/300233_金城医药/2024/1222923441.pdf,https://static.cninfo.com.cn/finalpage/2025-03-28/1222923441.PDF
300268,ST佳沃,2024年年度报告,2025-03-13 00:00:00,1222779084,reports_raw/companies/300_chinext/300268_ST佳沃/2024/1222779084.pdf,https://static.cninfo.com.cn/finalpage/2025-03-13/1222779084.PDF
300277,海联讯,2024年年度报告,2025-03-28 00:00:00,1222923769,reports_raw/companies/300_chinext/300277_海联讯/2024/1222923769.pdf,https://static.cninfo.com.cn/finalpage/2025-03-28/1222923769.PDF
300281,金明精机,2024年年度报告,2025-03-28 00:00:00,1222925307,reports_raw/companies/300_chinext/300281_金明精机/2024/1222925307.pdf,https://static.cninfo.com.cn/finalpage/2025-03-28/1222925307.PDF
300289,利德曼,2024年年度报告,2025-03-28 00:00:00,1222924433,reports_raw/companies/300_chinext/300289_利德曼/2024/1222924433.pdf,https://static.cninfo.com.cn/finalpage/2025-03-28/1222924433.PDF
300294,博雅生物,2024年年度报告,2025-03-19 00:00:00,1222834973,reports_raw/companies/300_chinext/300294_博雅生物/2024/1222834973.pdf,https://static.cninfo.com.cn/finalpage/2025-03-19/1222834973.PDF
300301,*ST长方,2024年年度报告,2025-03-29 00:00:00,1222950617,reports_raw/companies/300_chinext/300301_ST长方/2024/1222950617.pdf,https://static.cninfo.com.cn/finalpage/2025-03-29/1222950617.PDF
300304,云意电气,2024年年度报告,2025-03-21 00:00:00,1222857784,reports_raw/companies/300_chinext/300304_云意电气/2024/1222857784.pdf,https://static.cninfo.com.cn/finalpage/2025-03-21/1222857784.PDF
300319,麦捷科技,2024年年度报告,2025-03-28 00:00:00,1222927765,reports_raw/companies/300_chinext/300319_麦捷科技/2024/1222927765.pdf,https://static.cninfo.com.cn/finalpage/2025-03-28/1222927765.PDF
300320,海达股份,2024年年度报告,2025-03-29 00:00:00,1222943541,reports_raw/companies/300_chinext/300320_海达股份/2024/1222943541.pdf,https://static.cninfo.com.cn/finalpage/2025-03-29/1222943541.PDF
300323,华灿光电,2024年年度报告,2025-03-26 00:00:00,1222896628,reports_raw/companies/300_chinext/300323_华灿光电/2024/1222896628.pdf,https://static.cninfo.com.cn/finalpage/2025-03-26/1222896628.PDF
300327,中颖电子,2024年年度报告,2025-03-29 00:00:00,1222946810,reports_raw/companies/300_chinext/300327_中颖电子/2024/1222946810.pdf,https://static.cninfo.com.cn/finalpage/2025-03-29/1222946810.PDF
300347,泰格医药,2024年年度报告,2025-03-28 00:00:00,1222923279,reports_raw/companies/300_chinext/300347_泰格医药/2024/1222923279.pdf,https://static.cninfo.com.cn/finalpage/2025-03-28/1222923279.PDF
300353,东土科技,2024年年度报告,2025-03-04 00:00:00,1222694710,reports_raw/companies/300_chinext/300353_东土科技/2024/1222694710.pdf,https://static.cninfo.com.cn/finalpage/2025-03-04/1222694710.PDF
300363,博腾股份,2024年年度报告,2025-03-29 00:00:00,1222950027,reports_raw/companies/300_chinext/300363_博腾股份/2024/1222950027.pdf,https://static.cninfo.com.cn/finalpage/2025-03-29/1222950027.PDF
300373,扬杰科技,2024年年度报告,2025-03-31 00:00:00,1222949517,reports_raw/companies/300_chinext/300373_扬杰科技/2024/1222949517.pdf,https://static.cninfo.com.cn/finalpage/2025-03-31/1222949517.PDF
300374,中铁装配,2024年年度报告,2025-03-28 00:00:00,1222927337,reports_raw/companies/300_chinext/300374_中铁装配/2024/1222927337.pdf,https://static.cninfo.com.cn/finalpage/2025-03-28/1222927337.PDF
300388,节能国祯,2024年年度报告,2025-03-19 00:00:00,1222835545,reports_raw/companies/300_chinext/300388_节能国祯/2024/1222835545.pdf,https://static.cninfo.com.cn/finalpage/2025-03-19/1222835545.PDF
300396,迪瑞医疗,2024年年度报告,2025-03-29 00:00:00,1222944230,reports_raw/companies/300_chinext/300396_迪瑞医疗/2024/1222944230.pdf,https://static.cninfo.com.cn/finalpage/2025-03-29/1222944230.PDF
300401,花园生物,2024年年度报告,2025-03-25 00:00:00,1222880975,reports_raw/companies/300_chinext/300401_花园生物/2024/1222880975.pdf,https://static.cninfo.com.cn/finalpage/2025-03-25/1222880975.PDF
300403,汉宇集团,2024年年度报告,2025-03-25 00:00:00,1222882310,reports_raw/companies/300_chinext/300403_汉宇集团/2024/1222882310.pdf,https://static.cninfo.com.cn/finalpage/2025-03-25/1222882310.PDF
300406,九强生物,2024年年度报告,2025-03-29 00:00:00,1222946051,reports_raw/companies/300_chinext/300406_九强生物/2024/1222946051.pdf,https://static.cninfo.com.cn/finalpage/2025-03-29/1222946051.PDF
300426,唐德影视,2024年年度报告,2025-03-31 00:00:00,1222944027,reports_raw/companies/300_chinext/300426_唐德影视/2024/1222944027.pdf,https://static.cninfo.com.cn/finalpage/2025-03-31/1222944027.PDF
300433,蓝思科技,2024年年度报告,2025-03-28 00:00:00,1222928897,reports_raw/companies/300_chinext/300433_蓝思科技/2024/1222928897.pdf,https://static.cninfo.com.cn/finalpage/2025-03-28/1222928897.PDF
300441,鲍斯股份,2024年年度报告,2025-03-29 00:00:00,1222944978,reports_raw/companies/300_chinext/300441_鲍斯股份/2024/1222944978.pdf,https://static.cninfo.com.cn/finalpage/2025-03-29/1222944978.PDF
300443,金雷股份,2024年年度报告,2025-03-28 00:00:00,1222926708,reports_raw/companies/300_chinext/300443_金雷股份/2024/1222926708.pdf,https://static.cninfo.com.cn/finalpage/2025-03-28/1222926708.PDF
300445,康斯特,2024年年度报告,2025-03-28 00:00:00,1222927045,reports_raw/companies/300_chinext/300445_康斯特/2024/1222927045.pdf,https://static.cninfo.com.cn/finalpage/2025-03-28/1222927045.PDF
300446,航天智造,2024年年度报告,2025-03-29 00:00:00,1222950699,reports_raw/companies/300_chinext/300446_航天智造/2024/1222950699.pdf,https://static.cninfo.com.cn/finalpage/2025-03-29/1222950699.PDF
300453,三鑫医疗,2024年年度报告,2025-03-27 00:00:00,1222911760,reports_raw/companies/300_chinext/300453_三鑫医疗/2024/1222911760.pdf,https://static.cninfo.com.cn/finalpage/2025-03-27/1222911760.PDF
300454,深信服,2024年年度报告,2025-03-29 00:00:00,1222939455,reports_raw/companies/300_chinext/300454_深信服/2024/1222939455.pdf,https://static.cninfo.com.cn/finalpage/2025-03-29/1222939455.PDF
300455,航天智装,2024年年度报告,2025-03-29 00:00:00,1222949123,reports_raw/companies/300_chinext/300455_航天智装/2024/1222949123.pdf,https://static.cninfo.com.cn/finalpage/2025-03-29/1222949123.PDF
300456,赛微电子,2024年年度报告,2025-03-20 00:00:00,1222847674,reports_raw/companies/300_chinext/300456_赛微电子/2024/1222847674.pdf,https://static.cninfo.com.cn/finalpage/2025-03-20/1222847674.PDF
300457,赢合科技,2024年年度报告,2025-03-29 00:00:00,1222950552,reports_raw/companies/300_chinext/300457_赢合科技/2024/1222950552.pdf,https://static.cninfo.com.cn/finalpage/2025-03-29/1222950552.PDF
300458,全志科技,2024年年度报告,2025-03-28 00:00:00,1222928548,reports_raw/companies/300_chinext/300458_全志科技/2024/1222928548.pdf,https://static.cninfo.com.cn/finalpage/2025-03-28/1222928548.PDF
300465,高伟达,2024年年度报告,2025-03-27 00:00:00,1222911148,reports_raw/companies/300_chinext/300465_高伟达/2024/1222911148.pdf,https://static.cninfo.com.cn/finalpage/2025-03-27/1222911148.PDF
300476,胜宏科技,2024年年度报告,2025-03-29 00:00:00,1222949182,reports_raw/companies/300_chinext/300476_胜宏科技/2024/1222949182.pdf,https://static.cninfo.com.cn/finalpage/2025-03-29/1222949182.PDF
300479,神思电子,2024年年度报告,2025-03-31 00:00:00,1222948468,reports_raw/companies/300_chinext/300479_神思电子/2024/1222948468.pdf,https://static.cninfo.com.cn/finalpage/2025-03-31/1222948468.PDF
300481,濮阳惠成,2024年年度报告,2025-03-28 00:00:00,1222925240,reports_raw/companies/300_chinext/300481_濮阳惠成/2024/1222925240.pdf,https://static.cninfo.com.cn/finalpage/2025-03-28/1222925240.PDF
300485,赛升药业,2024年年度报告,2025-03-29 00:00:00,1222939215,reports_raw/companies/300_chinext/300485_赛升药业/2024/1222939215.pdf,https://static.cninfo.com.cn/finalpage/2025-03-29/1222939215.PDF
300489,光智科技,2024年年度报告,2025-03-15 00:00:00,1222806638,reports_raw/companies/300_chinext/300489_光智科技/2024/1222806638.pdf,https://static.cninfo.com.cn/finalpage/2025-03-15/1222806638.PDF
300505,川金诺,2024年年度报告,2025-03-13 00:00:00,1222777560,reports_raw/companies/300_chinext/300505_川金诺/2024/1222777560.pdf,https://static.cninfo.com.cn/finalpage/2025-03-13/1222777560.PDF
300506,*ST名家,2024年年度报告,2025-03-21 00:00:00,1222858400,reports_raw/companies/300_chinext/300506_ST名家/2024/1222858400.pdf,https://static.cninfo.com.cn/finalpage/2025-03-21/1222858400.PDF
300508,维宏股份,2024年年度报告,2025-03-28 00:00:00,1222926168,reports_raw/companies/300_chinext/300508_维宏股份/2024/1222926168.pdf,https://static.cninfo.com.cn/finalpage/2025-03-28/1222926168.PDF
300516,久之洋,2024年年度报告,2025-03-28 00:00:00,1222927401,reports_raw/companies/300_chinext/300516_久之洋/2024/1222927401.pdf,https://static.cninfo.com.cn/finalpage/2025-03-28/1222927401.PDF
300517,海波重科,2024年年度报告,2025-03-28 00:00:00,1222925152,reports_raw/companies/300_chinext/300517_海波重科/2024/1222925152.pdf,https://static.cninfo.com.cn/finalpage/2025-03-28/1222925152.PDF
300522,世名科技,2024年年度报告,2025-03-31 00:00:00,1222941154,reports_raw/companies/300_chinext/300522_世名科技/2024/1222941154.pdf,https://static.cninfo.com.cn/finalpage/2025-03-31/1222941154.PDF
300534,陇神戎发,2024年年度报告,2025-03-29 00:00:00,1222940630,reports_raw/companies/300_chinext/300534_陇神戎发/2024/1222940630.pdf,https://static.cninfo.com.cn/finalpage/2025-03-29/1222940630.PDF
300548,博创科技,2024年年度报告,2025-03-28 00:00:00,1222925704,reports_raw/companies/300_chinext/300548_博创科技/2024/1222925704.pdf,https://static.cninfo.com.cn/finalpage/2025-03-28/1222925704.PDF
300562,乐心医疗,2024年年度报告,2025-03-29 00:00:00,1222948709,reports_raw/companies/300_chinext/300562_乐心医疗/2024/1222948709.pdf,https://static.cninfo.com.cn/finalpage/2025-03-29/1222948709.PDF
300563,神宇股份,2024年年度报告,2025-03-28 00:00:00,1222928267,reports_raw/companies/300_chinext/300563_神宇股份/2024/1222928267.pdf,https://static.cninfo.com.cn/finalpage/2025-03-28/1222928267.PDF
300570,太辰光,2024年年度报告,2025-03-29 00:00:00,1222945632,reports_raw/companies/300_chinext/300570_太辰光/2024/1222945632.pdf,https://static.cninfo.com.cn/finalpage/2025-03-29/1222945632.PDF
300575,中旗股份,2024年年度报告,2025-03-31 00:00:00,1222948392,reports_raw/companies/300_chinext/300575_中旗股份/2024/1222948392.pdf,https://static.cninfo.com.cn/finalpage/2025-03-31/1222948392.PDF
300579,数字认证,2024年年度报告,2025-03-29 00:00:00,1222940408,reports_raw/companies/300_chinext/300579_数字认证/2024/1222940408.pdf,https://static.cninfo.com.cn/finalpage/2025-03-29/1222940408.PDF
300595,欧普康视,2024年年度报告,2025-03-29 00:00:00,1222942189,reports_raw/companies/300_chinext/300595_欧普康视/2024/1222942189.pdf,https://static.cninfo.com.cn/finalpage/2025-03-29/1222942189.PDF
300611,美力科技,2024年年度报告,2025-03-29 00:00:00,1222944127,reports_raw/companies/300_chinext/300611_美力科技/2024/1222944127.pdf,https://static.cninfo.com.cn/finalpage/2025-03-29/1222944127.PDF
300620,光库科技,2024年年度报告,2025-03-29 00:00:00,1222950505,reports_raw/companies/300_chinext/300620_光库科技/2024/1222950505.pdf,https://static.cninfo.com.cn/finalpage/2025-03-29/1222950505.PDF
300657,弘信电子,2024年年度报告,2025-03-31 00:00:00,1222943651,reports_raw/companies/300_chinext/300657_弘信电子/2024/1222943651.pdf,https://static.cninfo.com.cn/finalpage/2025-03-31/1222943651.PDF
300659,中孚信息,2024年年度报告,2025-03-29 00:00:00,1222947167,reports_raw/companies/300_chinext/300659_中孚信息/2024/1222947167.pdf,https://static.cninfo.com.cn/finalpage/2025-03-29/1222947167.PDF
300674,宇信科技,2024年年度报告,2025-03-31 00:00:00,1222946119,reports_raw/companies/300_chinext/300674_宇信科技/2024/1222946119.pdf,https://static.cninfo.com.cn/finalpage/2025-03-31/1222946119.PDF
300675,建科院,2024年年度报告,2025-03-22 00:00:00,1222867480,reports_raw/companies/300_chinext/300675_建科院/2024/1222867480.pdf,https://static.cninfo.com.cn/finalpage/2025-03-22/1222867480.PDF
300678,中科信息,2024年年度报告,2025-03-28 00:00:00,1222975131,reports_raw/companies/300_chinext/300678_中科信息/2024/1222975131.pdf,https://static.cninfo.com.cn/finalpage/2025-03-28/1222975131.pdf
300697,电工合金,2024年年度报告,2025-03-22 00:00:00,1222866968,reports_raw/companies/300_chinext/300697_电工合金/2024/1222866968.pdf,https://static.cninfo.com.cn/finalpage/2025-03-22/1222866968.PDF
300711,广哈通信,2024年年度报告,2025-03-27 00:00:00,1222912181,reports_raw/companies/300_chinext/300711_广哈通信/2024/1222912181.pdf,https://static.cninfo.com.cn/finalpage/2025-03-27/1222912181.PDF
300721,怡达股份,2024年年度报告,2025-03-28 00:00:00,1222925203,reports_raw/companies/300_chinext/300721_怡达股份/2024/1222925203.pdf,https://static.cninfo.com.cn/finalpage/2025-03-28/1222925203.PDF
300727,润禾材料,2024年年度报告,2025-03-28 00:00:00,1222926887,reports_raw/companies/300_chinext/300727_润禾材料/2024/1222926887.pdf,https://static.cninfo.com.cn/finalpage/2025-03-28/1222926887.PDF
300741,华宝股份,2024年年度报告,2025-03-29 00:00:00,1222944915,reports_raw/companies/300_chinext/300741_华宝股份/2024/1222944915.pdf,https://static.cninfo.com.cn/finalpage/2025-03-29/1222944915.PDF
300748,金力永磁,2024年年度报告,2025-03-29 00:00:00,1222950582,reports_raw/companies/300_chinext/300748_金力永磁/2024/1222950582.pdf,https://static.cninfo.com.cn/finalpage/2025-03-29/1222950582.PDF
300750,宁德时代,2024年年度报告,2025-03-15 00:00:00,1222806982,reports_raw/companies/300_chinext/300750_宁德时代/2024/1222806982.pdf,https://static.cninfo.com.cn/finalpage/2025-03-15/1222806982.PDF
300759,康龙化成,2024年年度报告,2025-03-27 00:00:00,1222912884,reports_raw/companies/300_chinext/300759_康龙化成/2024/1222912884.pdf,https://static.cninfo.com.cn/finalpage/2025-03-27/1222912884.PDF
300765,新诺威,2024年年度报告,2025-03-21 00:00:00,1222858199,reports_raw/companies/300_chinext/300765_新诺威/2024/1222858199.pdf,https://static.cninfo.com.cn/finalpage/2025-03-21/1222858199.PDF
300766,每日互动,2024年年度报告,2025-03-26 00:00:00,1222896727,reports_raw/companies/300_chinext/300766_每日互动/2024/1222896727.pdf,https://static.cninfo.com.cn/finalpage/2025-03-26/1222896727.PDF
300772,运达股份,2024年年度报告,2025-03-29 00:00:00,1222946476,reports_raw/companies/300_chinext/300772_运达股份/2024/1222946476.pdf,https://static.cninfo.com.cn/finalpage/2025-03-29/1222946476.PDF
300782,卓胜微,2024年年度报告,2025-03-31 00:00:00,1222951276,reports_raw/companies/300_chinext/300782_卓胜微/2024/1222951276.pdf,https://static.cninfo.com.cn/finalpage/2025-03-31/1222951276.PDF
300783,三只松鼠,2024年年度报告,2025-03-28 00:00:00,1222926870,reports_raw/companies/300_chinext/300783_三只松鼠/2024/1222926870.pdf,https://static.cninfo.com.cn/finalpage/2025-03-28/1222926870.PDF
300788,中信出版,2024年年度报告,2025-03-18 00:00:00,1222821905,reports_raw/companies/300_chinext/300788_中信出版/2024/1222821905.pdf,https://static.cninfo.com.cn/finalpage/2025-03-18/1222821905.PDF
300801,泰和科技,2024年年度报告,2025-03-29 00:00:00,1222945442,reports_raw/companies/300_chinext/300801_泰和科技/2024/1222945442.pdf,https://static.cninfo.com.cn/finalpage/2025-03-29/1222945442.PDF
300808,久量股份,2024年年度报告,2025-03-26 00:00:00,1222896200,reports_raw/companies/300_chinext/300808_久量股份/2024/1222896200.pdf,https://static.cninfo.com.cn/finalpage/2025-03-26/1222896200.PDF
300824,北鼎股份,2024年年度报告,2025-03-27 00:00:00,1222910062,reports_raw/companies/300_chinext/300824_北鼎股份/2024/1222910062.pdf,https://static.cninfo.com.cn/finalpage/2025-03-27/1222910062.PDF
300852,四会富仕,2024年年度报告,2025-03-29 00:00:00,1222948563,reports_raw/companies/300_chinext/300852_四会富仕/2024/1222948563.pdf,https://static.cninfo.com.cn/finalpage/2025-03-29/1222948563.PDF
300864,南大环境,2024年年度报告,2025-03-28 00:00:00,1222927340,reports_raw/companies/300_chinext/300864_南大环境/2024/1222927340.pdf,https://static.cninfo.com.cn/finalpage/2025-03-28/1222927340.PDF
300896,爱美客,2024年年度报告,2025-03-20 00:00:00,1222846415,reports_raw/companies/300_chinext/300896_爱美客/2024/1222846415.pdf,https://static.cninfo.com.cn/finalpage/2025-03-20/1222846415.PDF
300908,仲景食品,2024年年度报告,2025-03-27 00:00:00,1222909651,reports_raw/companies/300_chinext/300908_仲景食品/2024/1222909651.pdf,https://static.cninfo.com.cn/finalpage/2025-03-27/1222909651.PDF
300910,瑞丰新材,2024年年度报告,2025-03-29 00:00:00,1222949077,reports_raw/companies/300_chinext/300910_瑞丰新材/2024/1222949077.pdf,https://static.cninfo.com.cn/finalpage/2025-03-29/1222949077.PDF
300918,南山智尚,2024年年度报告,2025-03-13 00:00:00,1222778744,reports_raw/companies/300_chinext/300918_南山智尚/2024/1222778744.pdf,https://static.cninfo.com.cn/finalpage/2025-03-13/1222778744.PDF
300938,信测标准,2024年年度报告,2025-03-29 00:00:00,1222948160,reports_raw/companies/300_chinext/300938_信测标准/2024/1222948160.pdf,https://static.cninfo.com.cn/finalpage/2025-03-29/1222948160.PDF
300956,英力股份,2024年年度报告,2025-03-28 00:00:00,1222922455,reports_raw/companies/300_chinext/300956_英力股份/2024/1222922455.pdf,https://static.cninfo.com.cn/finalpage/2025-03-28/1222922455.PDF
300960,通业科技,2024年年度报告,2025-03-28 00:00:00,1222925777,reports_raw/companies/300_chinext/300960_通业科技/2024/1222925777.pdf,https://static.cninfo.com.cn/finalpage/2025-03-28/1222925777.PDF
300997,欢乐家,2024年年度报告,2025-03-29 00:00:00,1222942060,reports_raw/companies/300_chinext/300997_欢乐家/2024/1222942060.pdf,https://static.cninfo.com.cn/finalpage/2025-03-29/1222942060.PDF
300999,金龙鱼,2024年年度报告,2025-03-22 00:00:00,1222871488,reports_raw/companies/300_chinext/300999_金龙鱼/2024/1222871488.pdf,https://static.cninfo.com.cn/finalpage/2025-03-22/1222871488.PDF
301003,江苏博云,2024年年度报告,2025-03-28 00:00:00,1222927007,reports_raw/companies/301_chinext/301003_江苏博云/2024/1222927007.pdf,https://static.cninfo.com.cn/finalpage/2025-03-28/1222927007.PDF
301004,嘉益股份,2024年年度报告,2025-03-31 00:00:00,1222945911,reports_raw/companies/301_chinext/301004_嘉益股份/2024/1222945911.pdf,https://static.cninfo.com.cn/finalpage/2025-03-31/1222945911.PDF
301008,宏昌科技,2024年年度报告,2025-03-31 00:00:00,1222941968,reports_raw/companies/301_chinext/301008_宏昌科技/2024/1222941968.pdf,https://static.cninfo.com.cn/finalpage/2025-03-31/1222941968.PDF
301011,华立科技,2024年年度报告,2025-03-29 00:00:00,1222949738,reports_raw/companies/301_chinext/301011_华立科技/2024/1222949738.pdf,https://static.cninfo.com.cn/finalpage/2025-03-29/1222949738.PDF
301016,雷尔伟,2024年年度报告,2025-03-29 00:00:00,1222949249,reports_raw/companies/301_chinext/301016_雷尔伟/2024/1222949249.pdf,https://static.cninfo.com.cn/finalpage/2025-03-29/1222949249.PDF
301020,密封科技,2024年年度报告,2025-03-21 00:00:00,1222857048,reports_raw/companies/301_chinext/301020_密封科技/2024/1222857048.pdf,https://static.cninfo.com.cn/finalpage/2025-03-21/1222857048.PDF
301039,中集车辆,2024年年度报告,2025-03-26 00:00:00,1222896668,reports_raw/companies/301_chinext/301039_中集车辆/2024/1222896668.pdf,https://static.cninfo.com.cn/finalpage/2025-03-26/1222896668.PDF
301059,金三江,2024年年度报告,2025-03-31 00:00:00,1222947323,reports_raw/companies/301_chinext/301059_金三江/2024/1222947323.pdf,https://static.cninfo.com.cn/finalpage/2025-03-31/1222947323.PDF
301066,万事利,2024年年度报告,2025-03-27 00:00:00,1222911284,reports_raw/companies/301_chinext/301066_万事利/2024/1222911284.pdf,https://static.cninfo.com.cn/finalpage/2025-03-27/1222911284.PDF
301069,凯盛新材,2024年年度报告,2025-03-15 00:00:00,1222807094,reports_raw/companies/301_chinext/301069_凯盛新材/2024/1222807094.pdf,https://static.cninfo.com.cn/finalpage/2025-03-15/1222807094.PDF
301113,雅艺科技,2024年年度报告,2025-03-31 00:00:00,1222949648,reports_raw/companies/301_chinext/301113_雅艺科技/2024/1222949648.pdf,https://static.cninfo.com.cn/finalpage/2025-03-31/1222949648.PDF
301121,紫建电子,2024年年度报告,2025-03-31 00:00:00,1222941973,reports_raw/companies/301_chinext/301121_紫建电子/2024/1222941973.pdf,https://static.cninfo.com.cn/finalpage/2025-03-31/1222941973.PDF
301127,天源环保,2024年年度报告,2025-03-18 00:00:00,1222821814,reports_raw/companies/301_chinext/301127_天源环保/2024/1222821814.pdf,https://static.cninfo.com.cn/finalpage/2025-03-18/1222821814.PDF
301153,中科江南,2024年年度报告,2025-03-28 00:00:00,1222927239,reports_raw/companies/301_chinext/301153_中科江南/2024/1222927239.pdf,https://static.cninfo.com.cn/finalpage/2025-03-28/1222927239.PDF
301192,泰祥股份,2024年年度报告,2025-03-29 00:00:00,1222949150,reports_raw/companies/301_chinext/301192_泰祥股份/2024/1222949150.pdf,https://static.cninfo.com.cn/finalpage/2025-03-29/1222949150.PDF
301207,华兰疫苗,2024年年度报告,2025-03-29 00:00:00,1222944485,reports_raw/companies/301_chinext/301207_华兰疫苗/2024/1222944485.pdf,https://static.cninfo.com.cn/finalpage/2025-03-29/1222944485.PDF
301256,华融化学,2024年年度报告,2025-03-25 00:00:00,1222881891,reports_raw/companies/301_chinext/301256_华融化学/2024/1222881891.pdf,https://static.cninfo.com.cn/finalpage/2025-03-25/1222881891.PDF
301277,新天地,2024年年度报告,2025-03-11 00:00:00,1222759433,reports_raw/companies/301_chinext/301277_新天地/2024/1222759433.pdf,https://static.cninfo.com.cn/finalpage/2025-03-11/1222759433.PDF
301280,珠城科技,2024年年度报告,2025-03-28 00:00:00,1222922545,reports_raw/companies/301_chinext/301280_珠城科技/2024/1222922545.pdf,https://static.cninfo.com.cn/finalpage/2025-03-28/1222922545.PDF
301282,金禄电子,2024年年度报告,2025-03-29 00:00:00,1222943943,reports_raw/companies/301_chinext/301282_金禄电子/2024/1222943943.pdf,https://static.cninfo.com.cn/finalpage/2025-03-29/1222943943.PDF
301308,江波龙,2024年年度报告,2025-03-21 00:00:00,1222976786,reports_raw/companies/301_chinext/301308_江波龙/2024/1222976786.pdf,https://static.cninfo.com.cn/finalpage/2025-03-21/1222976786.pdf
301333,诺思格,2024年年度报告,2025-03-28 00:00:00,1222922818,reports_raw/companies/301_chinext/301333_诺思格/2024/1222922818.pdf,https://static.cninfo.com.cn/finalpage/2025-03-28/1222922818.PDF
301339,通行宝,2024年年度报告,2025-03-28 00:00:00,1222924902,reports_raw/companies/301_chinext/301339_通行宝/2024/1222924902.pdf,https://static.cninfo.com.cn/finalpage/2025-03-28/1222924902.PDF
301358,湖南裕能,2024年年度报告,2025-03-15 00:00:00,1222807407,reports_raw/companies/301_chinext/301358_湖南裕能/2024/1222807407.pdf,https://static.cninfo.com.cn/finalpage/2025-03-15/1222807407.PDF
301389,隆扬电子,2024年年度报告,2025-03-13 00:00:00,1222778231,reports_raw/companies/301_chinext/301389_隆扬电子/2024/1222778231.pdf,https://static.cninfo.com.cn/finalpage/2025-03-13/1222778231.PDF
301526,国际复材,2024年年度报告,2025-03-27 00:00:00,1222912752,reports_raw/companies/301_chinext/301526_国际复材/2024/1222912752.pdf,https://static.cninfo.com.cn/finalpage/2025-03-27/1222912752.PDF
301559,中集环科,2024年年度报告,2025-03-22 00:00:00,1222870616,reports_raw/companies/301_chinext/301559_中集环科/2024/1222870616.pdf,https://static.cninfo.com.cn/finalpage/2025-03-22/1222870616.PDF
302132,中航成飞,2024年年度报告,2025-03-28 00:00:00,1222929243,reports_raw/companies/302_other/302132_中航成飞/2024/1222929243.pdf,https://static.cninfo.com.cn/finalpage/2025-03-28/1222929243.PDF
430139,华岭股份,2024年年度报告,2025-03-25 00:00:00,1222897270,reports_raw/companies/430_other/430139_华岭股份/2024/1222897270.pdf,https://static.cninfo.com.cn/finalpage/2025-03-25/1222897270.PDF
600000,浦发银行,上海浦东发展银行股份有限公司2024年年度报告,2025-03-29 00:00:00,1222948214,reports_raw/companies/600_sh_main/600000_浦发银行/2024/1222948214.pdf,https://static.cninfo.com.cn/finalpage/2025-03-29/1222948214.PDF
600011,华能国际,华能国际2024年年度报告全文,2025-03-26 00:00:00,1222896784,reports_raw/companies/600_sh_main/600011_华能国际/2024/1222896784.pdf,https://static.cninfo.com.cn/finalpage/2025-03-26/1222896784.PDF
600012,皖通高速,皖通高速2024年年度报告,2025-03-31 00:00:00,1222961876,reports_raw/companies/600_sh_main/600012_皖通高速/2024/1222961876.pdf,https://static.cninfo.com.cn/finalpage/2025-03-31/1222961876.PDF
600016,民生银行,中国民生银行2024年年度报告,2025-03-29 00:00:00,1222951325,reports_raw/companies/600_sh_main/600016_民生银行/2024/1222951325.pdf,https://static.cninfo.com.cn/finalpage/2025-03-29/1222951325.PDF
600017,日照港,日照港2024年年度报告,2025-03-28 00:00:00,1222922742,reports_raw/companies/600_sh_main/600017_日照港/2024/1222922742.pdf,https://static.cninfo.com.cn/finalpage/2025-03-28/1222922742.pdf
600020,中原高速,河南中原高速公路股份有限公司2024年年度报告,2025-03-29 00:00:00,1222952051,reports_raw/companies/600_sh_main/600020_中原高速/2024/1222952051.pdf,https://static.cninfo.com.cn/finalpage/2025-03-29/1222952051.PDF
600026,中远海能,中远海能2024年年度报告,2025-03-27 00:00:00,1222911720,reports_raw/companies/600_sh_main/600026_中远海能/2024/1222911720.pdf,https://static.cninfo.com.cn/finalpage/2025-03-27/1222911720.PDF
600027,华电国际,2024年年度报告,2025-03-28 00:00:00,1222927023,reports_raw/companies/600_sh_main/600027_华电国际/2024/1222927023.pdf,https://static.cninfo.com.cn/finalpage/2025-03-28/1222927023.PDF
600028,中国石化,中国石化2024年年度报告,2025-03-24 00:00:00,1222873281,reports_raw/companies/600_sh_main/600028_中国石化/2024/1222873281.pdf,https://static.cninfo.com.cn/finalpage/2025-03-24/1222873281.PDF
600030,中信证券,中信证券股份有限公司2024年年度报告,2025-03-27 00:00:00,1222912838,reports_raw/companies/600_sh_main/600030_中信证券/2024/1222912838.pdf,https://static.cninfo.com.cn/finalpage/2025-03-27/1222912838.PDF
600038,中直股份,中航直升机股份有限公司2024年年度报告,2025-03-29 00:00:00,1222950231,reports_raw/companies/600_sh_main/600038_中直股份/2024/1222950231.pdf,https://static.cninfo.com.cn/finalpage/2025-03-29/1222950231.PDF
600050,中国联通,中国联合网络通信股份有限公司2024年年度报告全文,2025-03-19 00:00:00,1222833552,reports_raw/companies/600_sh_main/600050_中国联通/2024/1222833552.pdf,https://static.cninfo.com.cn/finalpage/2025-03-19/1222833552.PDF
600055,万东医疗,万东医疗2024年年度报告,2025-03-22 00:00:00,1222870356,reports_raw/companies/600_sh_main/600055_万东医疗/2024/1222870356.pdf,https://static.cninfo.com.cn/finalpage/2025-03-22/1222870356.PDF
600058,五矿发展,五矿发展股份有限公司2024年年度报告,2025-03-29 00:00:00,1222951373,reports_raw/companies/600_sh_main/600058_五矿发展/2024/1222951373.pdf,https://static.cninfo.com.cn/finalpage/2025-03-29/1222951373.PDF
600059,古越龙山,古越龙山2024年年度报告,2025-03-28 00:00:00,1222928697,reports_raw/companies/600_sh_main/600059_古越龙山/2024/1222928697.pdf,https://static.cninfo.com.cn/finalpage/2025-03-28/1222928697.PDF
600060,海信视像,海信视像2024年年度报告,2025-03-31 00:00:00,1222961923,reports_raw/companies/600_sh_main/600060_海信视像/2024/1222961923.pdf,https://static.cninfo.com.cn/finalpage/2025-03-31/1222961923.PDF
600061,国投资本,国投资本2024年年度报告,2025-03-29 00:00:00,1222950250,reports_raw/companies/600_sh_main/600061_国投资本/2024/1222950250.pdf,https://static.cninfo.com.cn/finalpage/2025-03-29/1222950250.PDF
600062,华润双鹤,华润双鹤2024年年度报告,2025-03-20 00:00:00,1222845750,reports_raw/companies/600_sh_main/600062_华润双鹤/2024/1222845750.pdf,https://static.cninfo.com.cn/finalpage/2025-03-20/1222845750.PDF
600063,皖维高新,皖维高新2024年年度报告,2025-03-20 00:00:00,1222846305,reports_raw/companies/600_sh_main/600063_皖维高新/2024/1222846305.pdf,https://static.cninfo.com.cn/finalpage/2025-03-20/1222846305.PDF
600073,光明肉业,光明肉业2024年年度报告全文,2025-03-29 00:00:00,1222952329,reports_raw/companies/600_sh_main/600073_光明肉业/2024/1222952329.pdf,https://static.cninfo.com.cn/finalpage/2025-03-29/1222952329.PDF
600078,澄星股份,江苏澄星磷化工股份有限公司2024年年度报告,2025-03-29 00:00:00,1222951964,reports_raw/companies/600_sh_main/600078_澄星股份/2024/1222951964.pdf,https://static.cninfo.com.cn/finalpage/2025-03-29/1222951964.PDF
600084,中信尼雅,中信尼雅葡萄酒股份有限公司2024年年度报告,2025-03-22 00:00:00,1222869161,reports_raw/companies/600_sh_main/600084_中信尼雅/2024/1222869161.pdf,https://static.cninfo.com.cn/finalpage/2025-03-22/1222869161.PDF
600096,云天化,云天化2024年年度报告,2025-03-25 00:00:00,1222880331,reports_raw/companies/600_sh_main/600096_云天化/2024/1222880331.pdf,https://static.cninfo.com.cn/finalpage/2025-03-25/1222880331.PDF
600097,开创国际,开创国际2024年年度报告,2025-03-29 00:00:00,1222947372,reports_raw/companies/600_sh_main/600097_开创国际/2024/1222947372.pdf,https://static.cninfo.com.cn/finalpage/2025-03-29/1222947372.PDF
600099,林海股份,林海股份有限公司2024年年度报告,2025-03-29 00:00:00,1222942925,reports_raw/companies/600_sh_main/600099_林海股份/2024/1222942925.pdf,https://static.cninfo.com.cn/finalpage/2025-03-29/1222942925.PDF
600101,明星电力,四川明星电力股份有限公司2024年年度报告,2025-03-28 00:00:00,1222927063,reports_raw/companies/600_sh_main/600101_明星电力/2024/1222927063.pdf,https://static.cninfo.com.cn/finalpage/2025-03-28/1222927063.PDF
600113,浙江东日,浙江东日股份有限公司2024年年度报告,2025-03-08 00:00:00,1222744749,reports_raw/companies/600_sh_main/600113_浙江东日/2024/1222744749.pdf,https://static.cninfo.com.cn/finalpage/2025-03-08/1222744749.PDF
600114,东睦股份,东睦新材料集团股份有限公司2024年年度报告,2025-03-29 00:00:00,1222942953,reports_raw/companies/600_sh_main/600114_东睦股份/2024/1222942953.pdf,https://static.cninfo.com.cn/finalpage/2025-03-29/1222942953.PDF
600121,郑州煤电,郑州煤电股份有限公司2024年年度报告,2025-03-29 00:00:00,1222950905,reports_raw/companies/600_sh_main/600121_郑州煤电/2024/1222950905.pdf,https://static.cninfo.com.cn/finalpage/2025-03-29/1222950905.PDF
600127,金健米业,金健米业2024年年度报告,2025-03-29 00:00:00,1222951727,reports_raw/companies/600_sh_main/600127_金健米业/2024/1222951727.pdf,https://static.cninfo.com.cn/finalpage/2025-03-29/1222951727.PDF
600129,太极集团,太极集团2024年年度报告,2025-03-29 00:00:00,1222950935,reports_raw/companies/600_sh_main/600129_太极集团/2024/1222950935.pdf,https://static.cninfo.com.cn/finalpage/2025-03-29/1222950935.PDF
600135,乐凯胶片,乐凯胶片股份有限公司2024年年度报告,2025-03-28 00:00:00,1222921610,reports_raw/companies/600_sh_main/600135_乐凯胶片/2024/1222921610.pdf,https://static.cninfo.com.cn/finalpage/2025-03-28/1222921610.PDF
600136,ST明诚,武汉当代明诚文化体育集团股份有限公司2024年年度报告,2025-03-29 00:00:00,1222942491,reports_raw/companies/600_sh_main/600136_ST明诚/2024/1222942491.pdf,https://static.cninfo.com.cn/finalpage/2025-03-29/1222942491.PDF
600151,航天机电,2024年年度报告,2025-03-08 00:00:00,1222744999,reports_raw/companies/600_sh_main/600151_航天机电/2024/1222744999.pdf,https://static.cninfo.com.cn/finalpage/2025-03-08/1222744999.PDF
600161,天坛生物,天坛生物2024年年度报告,2025-03-29 00:00:00,1222945087,reports_raw/companies/600_sh_main/600161_天坛生物/2024/1222945087.pdf,https://static.cninfo.com.cn/finalpage/2025-03-29/1222945087.PDF
600165,*ST宁科,*ST宁科2024年年度报告,2025-03-15 00:00:00,1222822425,reports_raw/companies/600_sh_main/600165_ST宁科/2024/1222822425.pdf,https://static.cninfo.com.cn/finalpage/2025-03-15/1222822425.pdf
600168,武汉控股,武汉三镇实业控股股份有限公司2024年年度报告（全文）,2025-03-28 00:00:00,1222926206,reports_raw/companies/600_sh_main/600168_武汉控股/2024/1222926206.pdf,https://static.cninfo.com.cn/finalpage/2025-03-28/1222926206.PDF
600176,中国巨石,中国巨石2024年年度报告,2025-03-20 00:00:00,1222847583,reports_raw/companies/600_sh_main/600176_中国巨石/2024/1222847583.pdf,https://static.cninfo.com.cn/finalpage/2025-03-20/1222847583.pdf
600179,安通控股,2024年年度报告,2025-03-25 00:00:00,1222881758,reports_raw/companies/600_sh_main/600179_安通控股/2024/1222881758.pdf,https://static.cninfo.com.cn/finalpage/2025-03-25/1222881758.PDF
600183,生益科技,生益科技2024年年度报告,2025-03-29 00:00:00,1222952338,reports_raw/companies/600_sh_main/600183_生益科技/2024/1222952338.pdf,https://static.cninfo.com.cn/finalpage/2025-03-29/1222952338.PDF
600188,兖矿能源,兖矿能源2024年年度报告全文,2025-03-29 00:00:00,1222952244,reports_raw/companies/600_sh_main/600188_兖矿能源/2024/1222952244.pdf,https://static.cninfo.com.cn/finalpage/2025-03-29/1222952244.PDF
600189,泉阳泉,吉林泉阳泉股份有限公司《2024年年度报告》,2025-03-31 00:00:00,1222961939,reports_raw/companies/600_sh_main/600189_泉阳泉/2024/1222961939.pdf,https://static.cninfo.com.cn/finalpage/2025-03-31/1222961939.PDF
600196,复星医药,复星医药2024年年度报告,2025-03-26 00:00:00,1222896994,reports_raw/companies/600_sh_main/600196_复星医药/2024/1222896994.pdf,https://static.cninfo.com.cn/finalpage/2025-03-26/1222896994.PDF
600207,安彩高科,安彩高科2024年年度报告,2025-03-29 00:00:00,1222946189,reports_raw/companies/600_sh_main/600207_安彩高科/2024/1222946189.pdf,https://static.cninfo.com.cn/finalpage/2025-03-29/1222946189.PDF
600210,紫江企业,上海紫江企业集团股份有限公司2024年年度报告,2025-03-28 00:00:00,1222923461,reports_raw/companies/600_sh_main/600210_紫江企业/2024/1222923461.pdf,https://static.cninfo.com.cn/finalpage/2025-03-28/1222923461.PDF
600211,西藏药业,西藏药业2024年年度报告,2025-03-15 00:00:00,1222805117,reports_raw/companies/600_sh_main/600211_西藏药业/2024/1222805117.pdf,https://static.cninfo.com.cn/finalpage/2025-03-15/1222805117.PDF
600223,福瑞达,鲁商福瑞达医药股份有限公司2024年年度报告,2025-03-22 00:00:00,1222869758,reports_raw/companies/600_sh_main/600223_福瑞达/2024/1222869758.pdf,https://static.cninfo.com.cn/finalpage/2025-03-22/1222869758.PDF
600235,民丰特纸,民丰特纸2024年年度报告,2025-03-26 00:00:00,1222894019,reports_raw/companies/600_sh_main/600235_民丰特纸/2024/1222894019.pdf,https://static.cninfo.com.cn/finalpage/2025-03-26/1222894019.PDF
600237,铜峰电子,铜峰电子2024年年度报告,2025-03-18 00:00:00,1222822191,reports_raw/companies/600_sh_main/600237_铜峰电子/2024/1222822191.pdf,https://static.cninfo.com.cn/finalpage/2025-03-18/1222822191.PDF
600249,两面针,两面针2024年年度报告,2025-03-28 00:00:00,1222923818,reports_raw/companies/600_sh_main/600249_两面针/2024/1222923818.pdf,https://static.cninfo.com.cn/finalpage/2025-03-28/1222923818.PDF
600252,中恒集团,广西梧州中恒集团股份有限公司2024年年度报告,2025-03-29 00:00:00,1222952197,reports_raw/companies/600_sh_main/600252_中恒集团/2024/1222952197.pdf,https://static.cninfo.com.cn/finalpage/2025-03-29/1222952197.PDF
600255,鑫科材料,鑫科材料2024年年度报告,2025-03-29 00:00:00,1222939080,reports_raw/companies/600_sh_main/600255_鑫科材料/2024/1222939080.pdf,https://static.cninfo.com.cn/finalpage/2025-03-29/1222939080.PDF
600258,首旅酒店,北京首旅酒店（集团）股份有限公司2024年年度报告,2025-03-29 00:00:00,1222945134,reports_raw/companies/600_sh_main/600258_首旅酒店/2024/1222945134.pdf,https://static.cninfo.com.cn/finalpage/2025-03-29/1222945134.PDF
600259,广晟有色,广晟有色金属股份有限公司2024年年度报告,2025-03-29 00:00:00,1222952015,reports_raw/companies/600_sh_main/600259_广晟有色/2024/1222952015.pdf,https://static.cninfo.com.cn/finalpage/2025-03-29/1222952015.PDF
600267,海正药业,浙江海正药业股份有限公司2024年年度报告,2025-03-29 00:00:00,1222947413,reports_raw/companies/600_sh_main/600267_海正药业/2024/1222947413.pdf,https://static.cninfo.com.cn/finalpage/2025-03-29/1222947413.PDF
600269,赣粤高速,赣粤高速2024年年度报告,2025-03-25 00:00:00,1222881765,reports_raw/companies/600_sh_main/600269_赣粤高速/2024/1222881765.pdf,https://static.cninfo.com.cn/finalpage/2025-03-25/1222881765.PDF
600276,恒瑞医药,恒瑞医药2024年年度报告,2025-03-31 00:00:00,1222961962,reports_raw/companies/600_sh_main/600276_恒瑞医药/2024/1222961962.pdf,https://static.cninfo.com.cn/finalpage/2025-03-31/1222961962.PDF
600282,南钢股份,南京钢铁股份有限公司2024年年度报告,2025-03-20 00:00:00,1222846547,reports_raw/companies/600_sh_main/600282_南钢股份/2024/1222846547.pdf,https://static.cninfo.com.cn/finalpage/2025-03-20/1222846547.PDF
600284,浦东建设,浦东建设2024年年度报告,2025-03-29 00:00:00,1222945651,reports_raw/companies/600_sh_main/600284_浦东建设/2024/1222945651.pdf,https://static.cninfo.com.cn/finalpage/2025-03-29/1222945651.PDF
600310,广西能源,广西能源股份有限公司2024年年度报告,2025-03-28 00:00:00,1222923839,reports_raw/companies/600_sh_main/600310_广西能源/2024/1222923839.pdf,https://static.cninfo.com.cn/finalpage/2025-03-28/1222923839.PDF
600316,洪都航空,江西洪都航空工业股份有限公司2024年年度报告,2025-03-29 00:00:00,1222946218,reports_raw/companies/600_sh_main/600316_洪都航空/2024/1222946218.pdf,https://static.cninfo.com.cn/finalpage/2025-03-29/1222946218.PDF
600318,新力金融,安徽新力金融股份有限公司2024年年度报告,2025-03-28 00:00:00,1222924117,reports_raw/companies/600_sh_main/600318_新力金融/2024/1222924117.pdf,https://static.cninfo.com.cn/finalpage/2025-03-28/1222924117.PDF
600320,振华重工,振华重工2024年年度报告,2025-03-28 00:00:00,1222924968,reports_raw/companies/600_sh_main/600320_振华重工/2024/1222924968.pdf,https://static.cninfo.com.cn/finalpage/2025-03-28/1222924968.PDF
600325,华发股份,华发股份2024年年度报告,2025-03-15 00:00:00,1222807709,reports_raw/companies/600_sh_main/600325_华发股份/2024/1222807709.pdf,https://static.cninfo.com.cn/finalpage/2025-03-15/1222807709.PDF
600328,中盐化工,中盐化工2024年年度报告,2025-03-27 00:00:00,1222911748,reports_raw/companies/600_sh_main/600328_中盐化工/2024/1222911748.pdf,https://static.cninfo.com.cn/finalpage/2025-03-27/1222911748.PDF
600329,达仁堂,达仁堂2024年年度报告,2025-03-31 00:00:00,1222962003,reports_raw/companies/600_sh_main/600329_达仁堂/2024/1222962003.pdf,https://static.cninfo.com.cn/finalpage/2025-03-31/1222962003.PDF
600331,宏达股份,宏达股份2024年年度报告,2025-03-29 00:00:00,1222945185,reports_raw/companies/600_sh_main/600331_宏达股份/2024/1222945185.pdf,https://static.cninfo.com.cn/finalpage/2025-03-29/1222945185.PDF
600332,白云山,广州白云山医药集团股份有限公司2024年年度报告全文,2025-03-14 00:00:00,1222789516,reports_raw/companies/600_sh_main/600332_白云山/2024/1222789516.pdf,https://static.cninfo.com.cn/finalpage/2025-03-14/1222789516.PDF
600353,旭光电子,旭光电子2024年年度报告,2025-03-15 00:00:00,1222807612,reports_raw/companies/600_sh_main/600353_旭光电子/2024/1222807612.pdf,https://static.cninfo.com.cn/finalpage/2025-03-15/1222807612.PDF
600354,敦煌种业,甘肃省敦煌种业集团股份有限公司2024年年度报告,2025-03-22 00:00:00,1222871589,reports_raw/companies/600_sh_main/600354_敦煌种业/2024/1222871589.pdf,https://static.cninfo.com.cn/finalpage/2025-03-22/1222871589.PDF
600358,ST联合,国旅文化投资集团股份有限公司2024年年度报告,2025-03-29 00:00:00,1222945215,reports_raw/companies/600_sh_main/600358_ST联合/2024/1222945215.pdf,https://static.cninfo.com.cn/finalpage/2025-03-29/1222945215.PDF
600362,江西铜业,江西铜业股份有限公司2024年年度报告,2025-03-28 00:00:00,1222924572,reports_raw/companies/600_sh_main/600362_江西铜业/2024/1222924572.pdf,https://static.cninfo.com.cn/finalpage/2025-03-28/1222924572.PDF
600368,五洲交通,广西五洲交通股份有限公司2024年年度报告,2025-03-29 00:00:00,1222942981,reports_raw/companies/600_sh_main/600368_五洲交通/2024/1222942981.pdf,https://static.cninfo.com.cn/finalpage/2025-03-29/1222942981.PDF
600372,中航机载,中航机载2024年年度报告,2025-03-29 00:00:00,1222952075,reports_raw/companies/600_sh_main/600372_中航机载/2024/1222952075.pdf,https://static.cninfo.com.cn/finalpage/2025-03-29/1222952075.PDF
600375,*ST汉马,汉马科技集团股份有限公司2024年年度报告,2025-03-27 00:00:00,1222911373,reports_raw/companies/600_sh_main/600375_ST汉马/2024/1222911373.pdf,https://static.cninfo.com.cn/finalpage/2025-03-27/1222911373.PDF
600377,宁沪高速,2024年年度报告,2025-03-27 00:00:00,1222912237,reports_raw/companies/600_sh_main/600377_宁沪高速/2024/1222912237.pdf,https://static.cninfo.com.cn/finalpage/2025-03-27/1222912237.PDF
600383,金地集团,公司2024年年度报告,2025-03-25 00:00:00,1222881250,reports_raw/companies/600_sh_main/600383_金地集团/2024/1222881250.pdf,https://static.cninfo.com.cn/finalpage/2025-03-25/1222881250.PDF
600386,北巴传媒,北京巴士传媒股份有限公司2024年年度报告,2025-03-28 00:00:00,1222926468,reports_raw/companies/600_sh_main/600386_北巴传媒/2024/1222926468.pdf,https://static.cninfo.com.cn/finalpage/2025-03-28/1222926468.PDF
600388,龙净环保,2024年年度报告,2025-03-22 00:00:00,1222869547,reports_raw/companies/600_sh_main/600388_龙净环保/2024/1222869547.pdf,https://static.cninfo.com.cn/finalpage/2025-03-22/1222869547.PDF
600415,小商品城,2024年年度报告,2025-03-27 00:00:00,1222910290,reports_raw/companies/600_sh_main/600415_小商品城/2024/1222910290.pdf,https://static.cninfo.com.cn/finalpage/2025-03-27/1222910290.PDF
600418,江淮汽车,江淮汽车2024年年度报告,2025-03-29 00:00:00,1222952026,reports_raw/companies/600_sh_main/600418_江淮汽车/2024/1222952026.pdf,https://static.cninfo.com.cn/finalpage/2025-03-29/1222952026.PDF
600422,昆药集团,昆药集团2024年年度报告,2025-03-12 00:00:00,1222769158,reports_raw/companies/600_sh_main/600422_昆药集团/2024/1222769158.pdf,https://static.cninfo.com.cn/finalpage/2025-03-12/1222769158.PDF
600423,柳化股份,柳化股份2024年年度报告,2025-03-21 00:00:00,1222857746,reports_raw/companies/600_sh_main/600423_柳化股份/2024/1222857746.pdf,https://static.cninfo.com.cn/finalpage/2025-03-21/1222857746.PDF
600425,青松建化,青松建化2024年年度报告,2025-03-15 00:00:00,1222807713,reports_raw/companies/600_sh_main/600425_青松建化/2024/1222807713.pdf,https://static.cninfo.com.cn/finalpage/2025-03-15/1222807713.PDF
600426,华鲁恒升,华鲁恒升2024年年度报告,2025-03-29 00:00:00,1222940908,reports_raw/companies/600_sh_main/600426_华鲁恒升/2024/1222940908.pdf,https://static.cninfo.com.cn/finalpage/2025-03-29/1222940908.PDF
600428,中远海特,中远海运特种运输股份有限公司2024年年度报告,2025-03-28 00:00:00,1222928599,reports_raw/companies/600_sh_main/600428_中远海特/2024/1222928599.pdf,https://static.cninfo.com.cn/finalpage/2025-03-28/1222928599.PDF
600433,冠豪高新,冠豪高新2024年年度报告,2025-03-11 00:00:00,1222759057,reports_raw/companies/600_sh_main/600433_冠豪高新/2024/1222759057.pdf,https://static.cninfo.com.cn/finalpage/2025-03-11/1222759057.PDF
600449,宁夏建材,宁夏建材2024年年度报告,2025-03-27 00:00:00,1222910571,reports_raw/companies/600_sh_main/600449_宁夏建材/2024/1222910571.pdf,https://static.cninfo.com.cn/finalpage/2025-03-27/1222910571.PDF
600455,博通股份,博通股份2024年年度报告,2025-03-29 00:00:00,1222946245,reports_raw/companies/600_sh_main/600455_博通股份/2024/1222946245.pdf,https://static.cninfo.com.cn/finalpage/2025-03-29/1222946245.PDF
600456,宝钛股份,宝鸡钛业股份有限公司2024年年度报告,2025-03-28 00:00:00,1222923490,reports_raw/companies/600_sh_main/600456_宝钛股份/2024/1222923490.pdf,https://static.cninfo.com.cn/finalpage/2025-03-28/1222923490.PDF
600486,扬农化工,2024年年度报告,2025-03-25 00:00:00,1222882421,reports_raw/companies/600_sh_main/600486_扬农化工/2024/1222882421.pdf,https://static.cninfo.com.cn/finalpage/2025-03-25/1222882421.PDF
600488,津药药业,津药药业股份有限公司2024年年度报告,2025-03-27 00:00:00,1222912068,reports_raw/companies/600_sh_main/600488_津药药业/2024/1222912068.pdf,https://static.cninfo.com.cn/finalpage/2025-03-27/1222912068.PDF
600493,凤竹纺织,凤竹纺织2024年年度报告,2025-03-29 00:00:00,1222942504,reports_raw/companies/600_sh_main/600493_凤竹纺织/2024/1222942504.pdf,https://static.cninfo.com.cn/finalpage/2025-03-29/1222942504.PDF
600497,驰宏锌锗,驰宏锌锗2024年年度报告,2025-03-28 00:00:00,1222924612,reports_raw/companies/600_sh_main/600497_驰宏锌锗/2024/1222924612.pdf,https://static.cninfo.com.cn/finalpage/2025-03-28/1222924612.PDF
600499,科达制造,科达制造股份有限公司2024年年度报告,2025-03-27 00:00:00,1222912267,reports_raw/companies/600_sh_main/600499_科达制造/2024/1222912267.pdf,https://static.cninfo.com.cn/finalpage/2025-03-27/1222912267.PDF
600502,安徽建工,安徽建工2024年年度报告,2025-03-29 00:00:00,1222949376,reports_raw/companies/600_sh_main/600502_安徽建工/2024/1222949376.pdf,https://static.cninfo.com.cn/finalpage/2025-03-29/1222949376.PDF
600507,方大特钢,方大特钢2024年年度报告,2025-03-15 00:00:00,1222806680,reports_raw/companies/600_sh_main/600507_方大特钢/2024/1222806680.pdf,https://static.cninfo.com.cn/finalpage/2025-03-15/1222806680.PDF
600508,上海能源,上海能源2024年年度报告,2025-03-22 00:00:00,1222870470,reports_raw/companies/600_sh_main/600508_上海能源/2024/1222870470.pdf,https://static.cninfo.com.cn/finalpage/2025-03-22/1222870470.PDF
600511,国药股份,国药股份2024年年度报告,2025-03-20 00:00:00,1222847076,reports_raw/companies/600_sh_main/600511_国药股份/2024/1222847076.pdf,https://static.cninfo.com.cn/finalpage/2025-03-20/1222847076.PDF
600523,贵航股份,贵航股份2024年年度报告,2025-03-15 00:00:00,1222807960,reports_raw/companies/600_sh_main/600523_贵航股份/2024/1222807960.pdf,https://static.cninfo.com.cn/finalpage/2025-03-15/1222807960.pdf
600528,中铁工业,中铁工业2024年年度报告,2025-03-29 00:00:00,1222949411,reports_raw/companies/600_sh_main/600528_中铁工业/2024/1222949411.pdf,https://static.cninfo.com.cn/finalpage/2025-03-29/1222949411.PDF
600547,山东黄金,山东黄金矿业股份有限公司2024年年度报告,2025-03-28 00:00:00,1222928636,reports_raw/companies/600_sh_main/600547_山东黄金/2024/1222928636.pdf,https://static.cninfo.com.cn/finalpage/2025-03-28/1222928636.PDF
600548,深高速,2024年年度报告,2025-03-22 00:00:00,1222868584,reports_raw/companies/600_sh_main/600548_深高速/2024/1222868584.pdf,https://static.cninfo.com.cn/finalpage/2025-03-22/1222868584.PDF
600552,凯盛科技,凯盛科技股份有限公司2024年年度报告,2025-03-28 00:00:00,1222928726,reports_raw/companies/600_sh_main/600552_凯盛科技/2024/1222928726.pdf,https://static.cninfo.com.cn/finalpage/2025-03-28/1222928726.PDF
600558,大西洋,大西洋2024年年度报告,2025-03-28 00:00:00,1222922829,reports_raw/companies/600_sh_main/600558_大西洋/2024/1222922829.pdf,https://static.cninfo.com.cn/finalpage/2025-03-28/1222922829.PDF
600560,金自天正,北京金自天正智能控制股份有限公司2024年年度报告,2025-03-28 00:00:00,1222924144,reports_raw/companies/600_sh_main/600560_金自天正/2024/1222924144.pdf,https://static.cninfo.com.cn/finalpage/2025-03-28/1222924144.PDF
600563,法拉电子,法拉电子2024年年度报告,2025-03-22 00:00:00,1222868211,reports_raw/companies/600_sh_main/600563_法拉电子/2024/1222868211.pdf,https://static.cninfo.com.cn/finalpage/2025-03-22/1222868211.PDF
600570,恒生电子,恒生电子股份有限公司2024年年度报告,2025-03-29 00:00:00,1222946269,reports_raw/companies/600_sh_main/600570_恒生电子/2024/1222946269.pdf,https://static.cninfo.com.cn/finalpage/2025-03-29/1222946269.PDF
600575,淮河能源,淮河能源（集团）股份有限公司2024年年度报告,2025-03-28 00:00:00,1222927103,reports_raw/companies/600_sh_main/600575_淮河能源/2024/1222927103.pdf,https://static.cninfo.com.cn/finalpage/2025-03-28/1222927103.PDF
600577,精达股份,精达股份2024年年度报告,2025-03-25 00:00:00,1222881322,reports_raw/companies/600_sh_main/600577_精达股份/2024/1222881322.pdf,https://static.cninfo.com.cn/finalpage/2025-03-25/1222881322.PDF
600582,天地科技,天地科技2024年年度报告,2025-03-21 00:00:00,1222856657,reports_raw/companies/600_sh_main/600582_天地科技/2024/1222856657.pdf,https://static.cninfo.com.cn/finalpage/2025-03-21/1222856657.PDF
600583,海油工程,海油工程2024年年度报告,2025-03-18 00:00:00,1222821781,reports_raw/companies/600_sh_main/600583_海油工程/2024/1222821781.pdf,https://static.cninfo.com.cn/finalpage/2025-03-18/1222821781.PDF
600588,用友网络,用友网络2024年年度报告,2025-03-29 00:00:00,1222946316,reports_raw/companies/600_sh_main/600588_用友网络/2024/1222946316.pdf,https://static.cninfo.com.cn/finalpage/2025-03-29/1222946316.PDF
600589,大位科技,2024年年度报告,2025-03-19 00:00:00,1222835636,reports_raw/companies/600_sh_main/600589_大位科技/2024/1222835636.pdf,https://static.cninfo.com.cn/finalpage/2025-03-19/1222835636.PDF
600598,北大荒,黑龙江北大荒农业股份有限公司2024年年度报告,2025-03-29 00:00:00,1222948836,reports_raw/companies/600_sh_main/600598_北大荒/2024/1222948836.pdf,https://static.cninfo.com.cn/finalpage/2025-03-29/1222948836.PDF
600600,青岛啤酒,青岛啤酒股份有限公司2024年年度报告,2025-03-31 00:00:00,1222962014,reports_raw/companies/600_sh_main/600600_青岛啤酒/2024/1222962014.pdf,https://static.cninfo.com.cn/finalpage/2025-03-31/1222962014.PDF
600601,方正科技,方正科技2024年年度报告,2025-03-29 00:00:00,1222946366,reports_raw/companies/600_sh_main/600601_方正科技/2024/1222946366.pdf,https://static.cninfo.com.cn/finalpage/2025-03-29/1222946366.PDF
600602,云赛智联,云赛智联2024年年度报告,2025-03-27 00:00:00,1222911565,reports_raw/companies/600_sh_main/600602_云赛智联/2024/1222911565.pdf,https://static.cninfo.com.cn/finalpage/2025-03-27/1222911565.PDF
600605,汇通能源,2024年年度报告,2025-03-08 00:00:00,1222744690,reports_raw/companies/600_sh_main/600605_汇通能源/2024/1222744690.pdf,https://static.cninfo.com.cn/finalpage/2025-03-08/1222744690.PDF
600610,中毅达,中毅达：2024年年度报告,2025-03-22 00:00:00,1222866749,reports_raw/companies/600_sh_main/600610_中毅达/2024/1222866749.pdf,https://static.cninfo.com.cn/finalpage/2025-03-22/1222866749.PDF
600611,大众交通,大众交通（集团）股份有限公司2024年年度报告全文,2025-03-29 00:00:00,1222950307,reports_raw/companies/600_sh_main/600611_大众交通/2024/1222950307.pdf,https://static.cninfo.com.cn/finalpage/2025-03-29/1222950307.PDF
600615,丰华股份,重庆丰华（集团）股份有限公司2024年年度报告,2025-03-29 00:00:00,1222943736,reports_raw/companies/600_sh_main/600615_丰华股份/2024/1222943736.pdf,https://static.cninfo.com.cn/finalpage/2025-03-29/1222943736.PDF
600621,华鑫股份,华鑫股份2024年年度报告,2025-03-31 00:00:00,1222962039,reports_raw/companies/600_sh_main/600621_华鑫股份/2024/1222962039.pdf,https://static.cninfo.com.cn/finalpage/2025-03-31/1222962039.PDF
600629,华建集团,华东建筑集团股份有限公司2024年年度报告,2025-03-31 00:00:00,1222962081,reports_raw/companies/600_sh_main/600629_华建集团/2024/1222962081.pdf,https://static.cninfo.com.cn/finalpage/2025-03-31/1222962081.PDF
600633,浙数文化,浙数文化2024年年度报告,2025-03-29 00:00:00,1222951394,reports_raw/companies/600_sh_main/600633_浙数文化/2024/1222951394.pdf,https://static.cninfo.com.cn/finalpage/2025-03-29/1222951394.PDF
600635,大众公用,上海大众公用事业（集团）股份有限公司2024年年度报告,2025-03-29 00:00:00,1222940940,reports_raw/companies/600_sh_main/600635_大众公用/2024/1222940940.pdf,https://static.cninfo.com.cn/finalpage/2025-03-29/1222940940.PDF
600649,城投控股,上海城投控股股份有限公司2024年年度报告,2025-03-29 00:00:00,1222949865,reports_raw/companies/600_sh_main/600649_城投控股/2024/1222949865.pdf,https://static.cninfo.com.cn/finalpage/2025-03-29/1222949865.PDF
600651,飞乐音响,飞乐音响2024年年度报告,2025-03-28 00:00:00,1222927838,reports_raw/companies/600_sh_main/600651_飞乐音响/2024/1222927838.pdf,https://static.cninfo.com.cn/finalpage/2025-03-28/1222927838.PDF
600655,豫园股份,上海豫园旅游商城（集团）股份有限公司2024年年度报告,2025-03-25 00:00:00,1222881098,reports_raw/companies/600_sh_main/600655_豫园股份/2024/1222881098.pdf,https://static.cninfo.com.cn/finalpage/2025-03-25/1222881098.PDF
600660,福耀玻璃,福耀玻璃2024年年度报告,2025-03-19 00:00:00,1222834034,reports_raw/companies/600_sh_main/600660_福耀玻璃/2024/1222834034.pdf,https://static.cninfo.com.cn/finalpage/2025-03-19/1222834034.PDF
600685,中船防务,中船防务2024年年度报告,2025-03-29 00:00:00,1222947463,reports_raw/companies/600_sh_main/600685_中船防务/2024/1222947463.pdf,https://static.cninfo.com.cn/finalpage/2025-03-29/1222947463.PDF
600688,上海石化,上海石化2024年年度报告,2025-03-20 00:00:00,1222846824,reports_raw/companies/600_sh_main/600688_上海石化/2024/1222846824.pdf,https://static.cninfo.com.cn/finalpage/2025-03-20/1222846824.PDF
600690,海尔智家,海尔智家股份有限公司2024年年度报告,2025-03-28 00:00:00,1222926246,reports_raw/companies/600_sh_main/600690_海尔智家/2024/1222926246.pdf,https://static.cninfo.com.cn/finalpage/2025-03-28/1222926246.PDF
600699,均胜电子,均胜电子2024年年度报告,2025-03-28 00:00:00,1222927138,reports_raw/companies/600_sh_main/600699_均胜电子/2024/1222927138.pdf,https://static.cninfo.com.cn/finalpage/2025-03-28/1222927138.PDF
600702,舍得酒业,舍得酒业2024年年度报告,2025-03-22 00:00:00,1222869176,reports_raw/companies/600_sh_main/600702_舍得酒业/2024/1222869176.pdf,https://static.cninfo.com.cn/finalpage/2025-03-22/1222869176.PDF
600711,ST盛屯,盛屯矿业集团股份有限公司2024年年度报告,2025-03-25 00:00:00,1222882027,reports_raw/companies/600_sh_main/600711_ST盛屯/2024/1222882027.pdf,https://static.cninfo.com.cn/finalpage/2025-03-25/1222882027.PDF
600712,南宁百货,南宁百货大楼股份有限公司董事、监事、高级管理人员对公司《2024年年度报告》的书面确认意见,2025-03-28 00:00:00,1222929940,reports_raw/companies/600_sh_main/600712_南宁百货/2024/1222929940.pdf,https://static.cninfo.com.cn/finalpage/2025-03-28/1222929940.PDF
600716,凤凰股份,凤凰股份2024年年度报告,2025-03-29 00:00:00,1222947478,reports_raw/companies/600_sh_main/600716_凤凰股份/2024/1222947478.pdf,https://static.cninfo.com.cn/finalpage/2025-03-29/1222947478.PDF
600717,天津港,天津港股份有限公司2024年年度报告,2025-03-22 00:00:00,1222868231,reports_raw/companies/600_sh_main/600717_天津港/2024/1222868231.pdf,https://static.cninfo.com.cn/finalpage/2025-03-22/1222868231.PDF
600719,大连热电,大连热电股份有限公司2024年年度报告,2025-03-14 00:00:00,1222788160,reports_raw/companies/600_sh_main/600719_大连热电/2024/1222788160.pdf,https://static.cninfo.com.cn/finalpage/2025-03-14/1222788160.PDF
600720,中交设计,中交设计咨询集团股份有限公司2024年年度报告,2025-03-28 00:00:00,1222929278,reports_raw/companies/600_sh_main/600720_中交设计/2024/1222929278.pdf,https://static.cninfo.com.cn/finalpage/2025-03-28/1222929278.PDF
600721,百花医药,新疆百花村医药集团股份有限公司2024年年度报告,2025-03-12 00:00:00,1222769761,reports_raw/companies/600_sh_main/600721_百花医药/2024/1222769761.pdf,https://static.cninfo.com.cn/finalpage/2025-03-12/1222769761.PDF
600724,宁波富达,宁波富达2024年年度报告,2025-03-28 00:00:00,1222924995,reports_raw/companies/600_sh_main/600724_宁波富达/2024/1222924995.pdf,https://static.cninfo.com.cn/finalpage/2025-03-28/1222924995.PDF
600727,鲁北化工,鲁北化工2024年年度报告,2025-03-20 00:00:00,1222857570,reports_raw/companies/600_sh_main/600727_鲁北化工/2024/1222857570.pdf,https://static.cninfo.com.cn/finalpage/2025-03-20/1222857570.pdf
600730,中国高科,中国高科2024年年度报告,2025-03-19 00:00:00,1222834827,reports_raw/companies/600_sh_main/600730_中国高科/2024/1222834827.pdf,https://static.cninfo.com.cn/finalpage/2025-03-19/1222834827.PDF
600748,上实发展,上实发展2024年年度报告,2025-03-22 00:00:00,1222865914,reports_raw/companies/600_sh_main/600748_上实发展/2024/1222865914.pdf,https://static.cninfo.com.cn/finalpage/2025-03-22/1222865914.PDF
600750,江中药业,江中药业2024年年度报告,2025-03-20 00:00:00,1222846901,reports_raw/companies/600_sh_main/600750_江中药业/2024/1222846901.pdf,https://static.cninfo.com.cn/finalpage/2025-03-20/1222846901.PDF
600756,浪潮软件,浪潮软件2024年年度报告全文,2025-03-29 00:00:00,1222947511,reports_raw/companies/600_sh_main/600756_浪潮软件/2024/1222947511.pdf,https://static.cninfo.com.cn/finalpage/2025-03-29/1222947511.PDF
600765,中航重机,2024年年度报告,2025-03-31 00:00:00,1222962752,reports_raw/companies/600_sh_main/600765_中航重机/2024/1222962752.pdf,https://static.cninfo.com.cn/finalpage/2025-03-31/1222962752.PDF
600769,祥龙电业,武汉祥龙电业股份有限公司2024年年度报告,2025-03-20 00:00:00,1222846355,reports_raw/companies/600_sh_main/600769_祥龙电业/2024/1222846355.pdf,https://static.cninfo.com.cn/finalpage/2025-03-20/1222846355.PDF
600775,南京熊猫,南京熊猫2024年年度报告,2025-03-28 00:00:00,1222922864,reports_raw/companies/600_sh_main/600775_南京熊猫/2024/1222922864.pdf,https://static.cninfo.com.cn/finalpage/2025-03-28/1222922864.PDF
600785,新华百货,银川新华百货商业集团股份有限公司2024年年度报告,2025-03-21 00:00:00,1222858036,reports_raw/companies/600_sh_main/600785_新华百货/2024/1222858036.pdf,https://static.cninfo.com.cn/finalpage/2025-03-21/1222858036.PDF
600789,鲁抗医药,鲁抗医药2024年年度报告,2025-03-22 00:00:00,1222868331,reports_raw/companies/600_sh_main/600789_鲁抗医药/2024/1222868331.pdf,https://static.cninfo.com.cn/finalpage/2025-03-22/1222868331.PDF
600794,保税科技,保税科技2024年年度报告,2025-03-18 00:00:00,1222819805,reports_raw/companies/600_sh_main/600794_保税科技/2024/1222819805.pdf,https://static.cninfo.com.cn/finalpage/2025-03-18/1222819805.PDF
600801,华新水泥,2024年年度报告,2025-03-27 00:00:00,1222912425,reports_raw/companies/600_sh_main/600801_华新水泥/2024/1222912425.pdf,https://static.cninfo.com.cn/finalpage/2025-03-27/1222912425.PDF
600803,新奥股份,新奥股份2024年年度报告,2025-03-27 00:00:00,1222909079,reports_raw/companies/600_sh_main/600803_新奥股份/2024/1222909079.pdf,https://static.cninfo.com.cn/finalpage/2025-03-27/1222909079.PDF
600805,悦达投资,悦达投资2024年年度报告,2025-03-29 00:00:00,1222944369,reports_raw/companies/600_sh_main/600805_悦达投资/2024/1222944369.pdf,https://static.cninfo.com.cn/finalpage/2025-03-29/1222944369.PDF
600808,马钢股份,马鞍山钢铁股份有限公司2024年年度报告,2025-03-29 00:00:00,1222948856,reports_raw/companies/600_sh_main/600808_马钢股份/2024/1222948856.pdf,https://static.cninfo.com.cn/finalpage/2025-03-29/1222948856.PDF
600810,神马股份,神马股份2024年年度报告（更新版）,2025-03-26 00:00:00,1222895769,reports_raw/companies/600_sh_main/600810_神马股份/2024/1222895769.pdf,https://static.cninfo.com.cn/finalpage/2025-03-26/1222895769.PDF
600812,华北制药,2024年年度报告,2025-03-28 00:00:00,1222928749,reports_raw/companies/600_sh_main/600812_华北制药/2024/1222928749.pdf,https://static.cninfo.com.cn/finalpage/2025-03-28/1222928749.PDF
600814,杭州解百,杭州解百集团股份有限公司2024年年度报告,2025-03-28 00:00:00,1222923040,reports_raw/companies/600_sh_main/600814_杭州解百/2024/1222923040.pdf,https://static.cninfo.com.cn/finalpage/2025-03-28/1222923040.PDF
600819,耀皮玻璃,耀皮玻璃2024年年度报告全文,2025-03-29 00:00:00,1222944655,reports_raw/companies/600_sh_main/600819_耀皮玻璃/2024/1222944655.pdf,https://static.cninfo.com.cn/finalpage/2025-03-29/1222944655.PDF
600828,茂业商业,茂业商业股份有限公司2024年年度报告,2025-03-27 00:00:00,1222913586,reports_raw/companies/600_sh_main/600828_茂业商业/2024/1222913586.pdf,https://static.cninfo.com.cn/finalpage/2025-03-27/1222913586.PDF
600830,香溢融通,香溢融通控股集团股份有限公司2024年年度报告,2025-03-08 00:00:00,1222744366,reports_raw/companies/600_sh_main/600830_香溢融通/2024/1222744366.pdf,https://static.cninfo.com.cn/finalpage/2025-03-08/1222744366.PDF
600834,申通地铁,申通地铁2024年年度报告,2025-03-28 00:00:00,1222924167,reports_raw/companies/600_sh_main/600834_申通地铁/2024/1222924167.pdf,https://static.cninfo.com.cn/finalpage/2025-03-28/1222924167.PDF
600835,上海机电,上海机电2024年年度报告,2025-03-22 00:00:00,1222865964,reports_raw/companies/600_sh_main/600835_上海机电/2024/1222865964.pdf,https://static.cninfo.com.cn/finalpage/2025-03-22/1222865964.PDF
600853,龙建股份,龙建股份2024年年度报告全文,2025-03-29 00:00:00,1222948260,reports_raw/companies/600_sh_main/600853_龙建股份/2024/1222948260.pdf,https://static.cninfo.com.cn/finalpage/2025-03-29/1222948260.PDF
600858,银座股份,银座股份2024年年度报告,2025-03-26 00:00:00,1222895783,reports_raw/companies/600_sh_main/600858_银座股份/2024/1222895783.pdf,https://static.cninfo.com.cn/finalpage/2025-03-26/1222895783.PDF
600860,京城股份,京城股份2024年年度报告,2025-03-29 00:00:00,1222952260,reports_raw/companies/600_sh_main/600860_京城股份/2024/1222952260.pdf,https://static.cninfo.com.cn/finalpage/2025-03-29/1222952260.PDF
600862,中航高科,中航高科2024年年度报告,2025-03-15 00:00:00,1222806817,reports_raw/companies/600_sh_main/600862_中航高科/2024/1222806817.pdf,https://static.cninfo.com.cn/finalpage/2025-03-15/1222806817.PDF
600873,梅花生物,梅花生物2024年年度报告,2025-03-18 00:00:00,1222822807,reports_raw/companies/600_sh_main/600873_梅花生物/2024/1222822807.pdf,https://static.cninfo.com.cn/finalpage/2025-03-18/1222822807.PDF
600874,创业环保,创业环保2024年年度报告全文,2025-03-22 00:00:00,1222871761,reports_raw/companies/600_sh_main/600874_创业环保/2024/1222871761.pdf,https://static.cninfo.com.cn/finalpage/2025-03-22/1222871761.pdf
600876,凯盛新能,凯盛新能2024年年度报告,2025-03-29 00:00:00,1222951458,reports_raw/companies/600_sh_main/600876_凯盛新能/2024/1222951458.pdf,https://static.cninfo.com.cn/finalpage/2025-03-29/1222951458.PDF
600879,航天电子,航天时代电子技术股份有限公司2024年年度报告,2025-03-27 00:00:00,1222911579,reports_raw/companies/600_sh_main/600879_航天电子/2024/1222911579.pdf,https://static.cninfo.com.cn/finalpage/2025-03-27/1222911579.PDF
600882,妙可蓝多,2024年年度报告,2025-03-22 00:00:00,1222870860,reports_raw/companies/600_sh_main/600882_妙可蓝多/2024/1222870860.pdf,https://static.cninfo.com.cn/finalpage/2025-03-22/1222870860.PDF
600885,宏发股份,宏发股份：2024年年度报告,2025-03-29 00:00:00,1222939948,reports_raw/companies/600_sh_main/600885_宏发股份/2024/1222939948.pdf,https://static.cninfo.com.cn/finalpage/2025-03-29/1222939948.PDF
600888,新疆众和,新疆众和股份有限公司2024年年度报告,2025-03-25 00:00:00,1222882673,reports_raw/companies/600_sh_main/600888_新疆众和/2024/1222882673.pdf,https://static.cninfo.com.cn/finalpage/2025-03-25/1222882673.PDF
600895,张江高科,2024年年度报告,2025-03-29 00:00:00,1222946501,reports_raw/companies/600_sh_main/600895_张江高科/2024/1222946501.pdf,https://static.cninfo.com.cn/finalpage/2025-03-29/1222946501.PDF
600908,无锡银行,2024年年度报告,2025-03-29 00:00:00,1222945256,reports_raw/companies/600_sh_main/600908_无锡银行/2024/1222945256.pdf,https://static.cninfo.com.cn/finalpage/2025-03-29/1222945256.PDF
600909,华安证券,华安证券股份有限公司2024年年度报告,2025-03-28 00:00:00,1222925540,reports_raw/companies/600_sh_main/600909_华安证券/2024/1222925540.pdf,https://static.cninfo.com.cn/finalpage/2025-03-28/1222925540.PDF
600918,中泰证券,中泰证券股份有限公司2024年年度报告,2025-03-22 00:00:00,1222869959,reports_raw/companies/600_sh_main/600918_中泰证券/2024/1222869959.pdf,https://static.cninfo.com.cn/finalpage/2025-03-22/1222869959.PDF
600933,爱柯迪,2024年年度报告,2025-03-31 00:00:00,1222962093,reports_raw/companies/600_sh_main/600933_爱柯迪/2024/1222962093.pdf,https://static.cninfo.com.cn/finalpage/2025-03-31/1222962093.PDF
600938,中国海油,中国海洋石油有限公司2024年年度报告,2025-03-28 00:00:00,1222929636,reports_raw/companies/600_sh_main/600938_中国海油/2024/1222929636.pdf,https://static.cninfo.com.cn/finalpage/2025-03-28/1222929636.PDF
600941,中国移动,中国移动：2024年年度报告,2025-03-21 00:00:00,1222856315,reports_raw/companies/600_sh_main/600941_中国移动/2024/1222856315.pdf,https://static.cninfo.com.cn/finalpage/2025-03-21/1222856315.PDF
600956,新天绿能,新天绿能2024年年度报告,2025-03-26 00:00:00,1222896462,reports_raw/companies/600_sh_main/600956_新天绿能/2024/1222896462.pdf,https://static.cninfo.com.cn/finalpage/2025-03-26/1222896462.PDF
600958,东方证券,东方证券股份有限公司2024年年度报告,2025-03-29 00:00:00,1222948888,reports_raw/companies/600_sh_main/600958_东方证券/2024/1222948888.pdf,https://static.cninfo.com.cn/finalpage/2025-03-29/1222948888.PDF
600962,国投中鲁,国投中鲁2024年年度报告,2025-03-29 00:00:00,1222946537,reports_raw/companies/600_sh_main/600962_国投中鲁/2024/1222946537.pdf,https://static.cninfo.com.cn/finalpage/2025-03-29/1222946537.PDF
600963,岳阳林纸,岳阳林纸股份有限公司2024年年度报告,2025-03-12 00:00:00,1222776591,reports_raw/companies/600_sh_main/600963_岳阳林纸/2024/1222776591.pdf,https://static.cninfo.com.cn/finalpage/2025-03-12/1222776591.pdf
600965,福成股份,福成股份：2024年年度报告,2025-03-22 00:00:00,1222868625,reports_raw/companies/600_sh_main/600965_福成股份/2024/1222868625.pdf,https://static.cninfo.com.cn/finalpage/2025-03-22/1222868625.PDF
600970,中材国际,中国中材国际工程股份有限公司2024年年度报告,2025-03-26 00:00:00,1222896862,reports_raw/companies/600_sh_main/600970_中材国际/2024/1222896862.pdf,https://static.cninfo.com.cn/finalpage/2025-03-26/1222896862.PDF
600971,恒源煤电,恒源煤电2024年年度报告,2025-03-29 00:00:00,1222947562,reports_raw/companies/600_sh_main/600971_恒源煤电/2024/1222947562.pdf,https://static.cninfo.com.cn/finalpage/2025-03-29/1222947562.PDF
600973,宝胜股份,宝胜股份：2024年年度报告,2025-03-15 00:00:00,1222806852,reports_raw/companies/600_sh_main/600973_宝胜股份/2024/1222806852.pdf,https://static.cninfo.com.cn/finalpage/2025-03-15/1222806852.PDF
600975,新五丰,湖南新五丰股份有限公司2024年年度报告,2025-03-29 00:00:00,1222950354,reports_raw/companies/600_sh_main/600975_新五丰/2024/1222950354.pdf,https://static.cninfo.com.cn/finalpage/2025-03-29/1222950354.PDF
600976,健民集团,健民集团2024年年度报告,2025-03-22 00:00:00,1222867640,reports_raw/companies/600_sh_main/600976_健民集团/2024/1222867640.pdf,https://static.cninfo.com.cn/finalpage/2025-03-22/1222867640.PDF
600985,淮北矿业,淮北矿业控股股份有限公司2024年年度报告,2025-03-28 00:00:00,1222927459,reports_raw/companies/600_sh_main/600985_淮北矿业/2024/1222927459.pdf,https://static.cninfo.com.cn/finalpage/2025-03-28/1222927459.PDF
600987,航民股份,航民股份2024年年度报告,2025-03-29 00:00:00,1222941776,reports_raw/companies/600_sh_main/600987_航民股份/2024/1222941776.pdf,https://static.cninfo.com.cn/finalpage/2025-03-29/1222941776.PDF
600988,赤峰黄金,赤峰黄金2024年年度报告,2025-03-29 00:00:00,1222946558,reports_raw/companies/600_sh_main/600988_赤峰黄金/2024/1222946558.pdf,https://static.cninfo.com.cn/finalpage/2025-03-29/1222946558.PDF
600989,宝丰能源,宁夏宝丰能源集团股份有限公司2024年年度报告,2025-03-12 00:00:00,1222769512,reports_raw/companies/600_sh_main/600989_宝丰能源/2024/1222769512.pdf,https://static.cninfo.com.cn/finalpage/2025-03-12/1222769512.PDF
600992,贵绳股份,贵州钢绳股份有限公司2024年年度报告,2025-03-29 00:00:00,1222952407,reports_raw/companies/600_sh_main/600992_贵绳股份/2024/1222952407.pdf,https://static.cninfo.com.cn/finalpage/2025-03-29/1222952407.pdf
600995,南网储能,南方电网储能股份有限公司2024年年度报告,2025-03-29 00:00:00,1222947646,reports_raw/companies/600_sh_main/600995_南网储能/2024/1222947646.pdf,https://static.cninfo.com.cn/finalpage/2025-03-29/1222947646.PDF
600999,招商证券,招商证券股份有限公司2024年年度报告,2025-03-28 00:00:00,1222929494,reports_raw/companies/600_sh_main/600999_招商证券/2024/1222929494.pdf,https://static.cninfo.com.cn/finalpage/2025-03-28/1222929494.PDF
601000,唐山港,唐山港集团股份有限公司2024年年度报告,2025-03-29 00:00:00,1222939780,reports_raw/companies/601_sh_main/601000_唐山港/2024/1222939780.pdf,https://static.cninfo.com.cn/finalpage/2025-03-29/1222939780.PDF
601002,晋亿实业,晋亿实业股份有限公司2024年年度报告,2025-03-18 00:00:00,1222821362,reports_raw/companies/601_sh_main/601002_晋亿实业/2024/1222821362.pdf,https://static.cninfo.com.cn/finalpage/2025-03-18/1222821362.PDF
601005,重庆钢铁,2024年年度报告,2025-03-29 00:00:00,1222951512,reports_raw/companies/601_sh_main/601005_重庆钢铁/2024/1222951512.pdf,https://static.cninfo.com.cn/finalpage/2025-03-29/1222951512.PDF
601007,金陵饭店,金陵饭店股份有限公司2024年年度报告,2025-03-29 00:00:00,1222940967,reports_raw/companies/601_sh_main/601007_金陵饭店/2024/1222940967.pdf,https://static.cninfo.com.cn/finalpage/2025-03-29/1222940967.PDF
601008,连云港,江苏连云港港口股份有限公司2024年年度报告,2025-03-28 00:00:00,1222923860,reports_raw/companies/601_sh_main/601008_连云港/2024/1222923860.pdf,https://static.cninfo.com.cn/finalpage/2025-03-28/1222923860.PDF
601016,节能风电,中节能风力发电股份有限公司2024年年度报告,2025-03-28 00:00:00,1222921982,reports_raw/companies/601_sh_main/601016_节能风电/2024/1222921982.pdf,https://static.cninfo.com.cn/finalpage/2025-03-28/1222921982.PDF
601018,宁波港,宁波舟山港股份有限公司2024年年度报告,2025-03-28 00:00:00,1222928492,reports_raw/companies/601_sh_main/601018_宁波港/2024/1222928492.pdf,https://static.cninfo.com.cn/finalpage/2025-03-28/1222928492.PDF
601022,宁波远洋,宁波远洋运输股份有限公司2024年年度报告,2025-03-26 00:00:00,1222895166,reports_raw/companies/601_sh_main/601022_宁波远洋/2024/1222895166.pdf,https://static.cninfo.com.cn/finalpage/2025-03-26/1222895166.PDF
601033,永兴股份,永兴股份2024年年度报告,2025-03-29 00:00:00,1222943765,reports_raw/companies/601_sh_main/601033_永兴股份/2024/1222943765.pdf,https://static.cninfo.com.cn/finalpage/2025-03-29/1222943765.PDF
601038,一拖股份,一拖股份2024年年度报告,2025-03-28 00:00:00,1222923068,reports_raw/companies/601_sh_main/601038_一拖股份/2024/1222923068.pdf,https://static.cninfo.com.cn/finalpage/2025-03-28/1222923068.PDF
601059,信达证券,信达证券股份有限公司2024年年度报告,2025-03-26 00:00:00,1222895192,reports_raw/companies/601_sh_main/601059_信达证券/2024/1222895192.pdf,https://static.cninfo.com.cn/finalpage/2025-03-26/1222895192.PDF
601061,中信金属,中信金属股份有限公司2024年年度报告,2025-03-27 00:00:00,1222912936,reports_raw/companies/601_sh_main/601061_中信金属/2024/1222912936.pdf,https://static.cninfo.com.cn/finalpage/2025-03-27/1222912936.PDF
601066,中信建投,中信建投证券股份有限公司2024年年度报告,2025-03-28 00:00:00,1222927482,reports_raw/companies/601_sh_main/601066_中信建投/2024/1222927482.pdf,https://static.cninfo.com.cn/finalpage/2025-03-28/1222927482.PDF
601068,中铝国际,中铝国际工程股份有限公司2024年年度报告,2025-03-29 00:00:00,1222951523,reports_raw/companies/601_sh_main/601068_中铝国际/2024/1222951523.pdf,https://static.cninfo.com.cn/finalpage/2025-03-29/1222951523.PDF
601077,渝农商行,重庆农村商业银行股份有限公司2024年年度报告,2025-03-26 00:00:00,1222896108,reports_raw/companies/601_sh_main/601077_渝农商行/2024/1222896108.pdf,https://static.cninfo.com.cn/finalpage/2025-03-26/1222896108.PDF
601107,四川成渝,四川成渝2024年年度报告,2025-03-29 00:00:00,1222952136,reports_raw/companies/601_sh_main/601107_四川成渝/2024/1222952136.pdf,https://static.cninfo.com.cn/finalpage/2025-03-29/1222952136.PDF
601121,宝地矿业,新疆宝地矿业股份有限公司2024年年度报告,2025-03-29 00:00:00,1222943070,reports_raw/companies/601_sh_main/601121_宝地矿业/2024/1222943070.pdf,https://static.cninfo.com.cn/finalpage/2025-03-29/1222943070.PDF
601126,四方股份,四方股份2024年年度报告,2025-03-31 00:00:00,1222962147,reports_raw/companies/601_sh_main/601126_四方股份/2024/1222962147.pdf,https://static.cninfo.com.cn/finalpage/2025-03-31/1222962147.PDF
601128,常熟银行,江苏常熟农村商业银行股份有限公司2024年年度报告,2025-03-28 00:00:00,1222926499,reports_raw/companies/601_sh_main/601128_常熟银行/2024/1222926499.pdf,https://static.cninfo.com.cn/finalpage/2025-03-28/1222926499.PDF
601155,新城控股,新城控股2024年年度报告,2025-03-29 00:00:00,1222941295,reports_raw/companies/601_sh_main/601155_新城控股/2024/1222941295.pdf,https://static.cninfo.com.cn/finalpage/2025-03-29/1222941295.PDF
601166,兴业银行,兴业银行2024年年度报告,2025-03-28 00:00:00,1222927176,reports_raw/companies/601_sh_main/601166_兴业银行/2024/1222927176.pdf,https://static.cninfo.com.cn/finalpage/2025-03-28/1222927176.PDF
601186,中国铁建,中国铁建2024年年度报告,2025-03-29 00:00:00,1222941013,reports_raw/companies/601_sh_main/601186_中国铁建/2024/1222941013.pdf,https://static.cninfo.com.cn/finalpage/2025-03-29/1222941013.PDF
601188,龙江交通,龙江交通2024年年度报告,2025-03-29 00:00:00,1222948281,reports_raw/companies/601_sh_main/601188_龙江交通/2024/1222948281.pdf,https://static.cninfo.com.cn/finalpage/2025-03-29/1222948281.PDF
601200,上海环境,上海环境集团股份有限公司2024年年度报告,2025-03-28 00:00:00,1222928775,reports_raw/companies/601_sh_main/601200_上海环境/2024/1222928775.pdf,https://static.cninfo.com.cn/finalpage/2025-03-28/1222928775.PDF
601211,国泰君安,国泰君安证券股份有限公司2024年年度报告,2025-03-29 00:00:00,1222949883,reports_raw/companies/601_sh_main/601211_国泰君安/2024/1222949883.pdf,https://static.cninfo.com.cn/finalpage/2025-03-29/1222949883.PDF
601236,红塔证券,红塔证券股份有限公司2024年年度报告,2025-03-29 00:00:00,1222941042,reports_raw/companies/601_sh_main/601236_红塔证券/2024/1222941042.pdf,https://static.cninfo.com.cn/finalpage/2025-03-29/1222941042.PDF
601238,广汽集团,广汽集团2024年年度报告全文,2025-03-29 00:00:00,1222952284,reports_raw/companies/601_sh_main/601238_广汽集团/2024/1222952284.pdf,https://static.cninfo.com.cn/finalpage/2025-03-29/1222952284.PDF
601279,英利汽车,长春英利汽车工业股份有限公司2024年年度报告,2025-03-29 00:00:00,1222945681,reports_raw/companies/601_sh_main/601279_英利汽车/2024/1222945681.pdf,https://static.cninfo.com.cn/finalpage/2025-03-29/1222945681.PDF
601298,青岛港,青岛港国际股份有限公司2024年年度报告,2025-03-29 00:00:00,1222947708,reports_raw/companies/601_sh_main/601298_青岛港/2024/1222947708.pdf,https://static.cninfo.com.cn/finalpage/2025-03-29/1222947708.PDF
601318,中国平安,中国平安2024年年度报告,2025-03-20 00:00:00,1222847447,reports_raw/companies/601_sh_main/601318_中国平安/2024/1222847447.pdf,https://static.cninfo.com.cn/finalpage/2025-03-20/1222847447.PDF
601319,中国人保,中国人保2024年年度报告,2025-03-28 00:00:00,1222927515,reports_raw/companies/601_sh_main/601319_中国人保/2024/1222927515.pdf,https://static.cninfo.com.cn/finalpage/2025-03-28/1222927515.PDF
601326,秦港股份,秦皇岛港股份有限公司2024年年度报告,2025-03-29 00:00:00,1222950381,reports_raw/companies/601_sh_main/601326_秦港股份/2024/1222950381.pdf,https://static.cninfo.com.cn/finalpage/2025-03-29/1222950381.PDF
601330,绿色动力,2024年年度报告,2025-03-29 00:00:00,1222945707,reports_raw/companies/601_sh_main/601330_绿色动力/2024/1222945707.pdf,https://static.cninfo.com.cn/finalpage/2025-03-29/1222945707.PDF
601333,广深铁路,广深铁路2024年年度报告,2025-03-28 00:00:00,1222924196,reports_raw/companies/601_sh_main/601333_广深铁路/2024/1222924196.pdf,https://static.cninfo.com.cn/finalpage/2025-03-28/1222924196.PDF
601336,新华保险,新华保险2024年年度报告,2025-03-28 00:00:00,1222924627,reports_raw/companies/601_sh_main/601336_新华保险/2024/1222924627.pdf,https://static.cninfo.com.cn/finalpage/2025-03-28/1222924627.PDF
601368,绿城水务,广西绿城水务股份有限公司2024年年度报告,2025-03-27 00:00:00,1222911074,reports_raw/companies/601_sh_main/601368_绿城水务/2024/1222911074.pdf,https://static.cninfo.com.cn/finalpage/2025-03-27/1222911074.PDF
601375,中原证券,中原证券股份有限公司2024年年度报告,2025-03-29 00:00:00,1222951559,reports_raw/companies/601_sh_main/601375_中原证券/2024/1222951559.pdf,https://static.cninfo.com.cn/finalpage/2025-03-29/1222951559.PDF
601390,中国中铁,中国中铁2024年年度报告,2025-03-29 00:00:00,1222946654,reports_raw/companies/601_sh_main/601390_中国中铁/2024/1222946654.pdf,https://static.cninfo.com.cn/finalpage/2025-03-29/1222946654.PDF
601456,国联民生,国联民生证券股份有限公司2024年年度报告,2025-03-27 00:00:00,1222912089,reports_raw/companies/601_sh_main/601456_国联民生/2024/1222912089.pdf,https://static.cninfo.com.cn/finalpage/2025-03-27/1222912089.PDF
601528,瑞丰银行,浙江绍兴瑞丰农村商业银行股份有限公司2024年年度报告,2025-03-28 00:00:00,1222926532,reports_raw/companies/601_sh_main/601528_瑞丰银行/2024/1222926532.pdf,https://static.cninfo.com.cn/finalpage/2025-03-28/1222926532.PDF
601598,中国外运,2024年年度报告,2025-03-26 00:00:00,1222895896,reports_raw/companies/601_sh_main/601598_中国外运/2024/1222895896.pdf,https://static.cninfo.com.cn/finalpage/2025-03-26/1222895896.PDF
601600,中国铝业,中国铝业2024年年度报告全文,2025-03-27 00:00:00,1222910000,reports_raw/companies/601_sh_main/601600_中国铝业/2024/1222910000.pdf,https://static.cninfo.com.cn/finalpage/2025-03-27/1222910000.PDF
601601,中国太保,中国太保2024年年度报告,2025-03-27 00:00:00,1222910802,reports_raw/companies/601_sh_main/601601_中国太保/2024/1222910802.pdf,https://static.cninfo.com.cn/finalpage/2025-03-27/1222910802.PDF
601608,中信重工,中信重工2024年年度报告,2025-03-15 00:00:00,1222807429,reports_raw/companies/601_sh_main/601608_中信重工/2024/1222807429.pdf,https://static.cninfo.com.cn/finalpage/2025-03-15/1222807429.PDF
601616,广电电气,上海广电电气（集团）股份有限公司2024年年度报告,2025-03-27 00:00:00,1222909188,reports_raw/companies/601_sh_main/601616_广电电气/2024/1222909188.pdf,https://static.cninfo.com.cn/finalpage/2025-03-27/1222909188.PDF
601618,中国中冶,中国中冶2024年年度报告,2025-03-29 00:00:00,1222951596,reports_raw/companies/601_sh_main/601618_中国中冶/2024/1222951596.pdf,https://static.cninfo.com.cn/finalpage/2025-03-29/1222951596.PDF
601619,嘉泽新能,嘉泽新能源股份有限公司2024年年度报告,2025-03-26 00:00:00,1222896498,reports_raw/companies/601_sh_main/601619_嘉泽新能/2024/1222896498.pdf,https://static.cninfo.com.cn/finalpage/2025-03-26/1222896498.PDF
601628,中国人寿,中国人寿2024年年度报告,2025-03-27 00:00:00,1222910598,reports_raw/companies/601_sh_main/601628_中国人寿/2024/1222910598.pdf,https://static.cninfo.com.cn/finalpage/2025-03-27/1222910598.PDF
601633,长城汽车,长城汽车股份有限公司2024年年度报告,2025-03-29 00:00:00,1222951898,reports_raw/companies/601_sh_main/601633_长城汽车/2024/1222951898.pdf,https://static.cninfo.com.cn/finalpage/2025-03-29/1222951898.PDF
601658,邮储银行,中国邮政储蓄银行股份有限公司2024年年度报告,2025-03-28 00:00:00,1222927886,reports_raw/companies/601_sh_main/601658_邮储银行/2024/1222927886.pdf,https://static.cninfo.com.cn/finalpage/2025-03-28/1222927886.PDF
601666,平煤股份,平煤股份2024年年度报告,2025-03-21 00:00:00,1222858540,reports_raw/companies/601_sh_main/601666_平煤股份/2024/1222858540.pdf,https://static.cninfo.com.cn/finalpage/2025-03-21/1222858540.PDF
601688,华泰证券,华泰证券股份有限公司2024年年度报告,2025-03-29 00:00:00,1222949445,reports_raw/companies/601_sh_main/601688_华泰证券/2024/1222949445.pdf,https://static.cninfo.com.cn/finalpage/2025-03-29/1222949445.PDF
601717,郑煤机,郑州煤矿机械集团股份有限公司2024年年度报告,2025-03-29 00:00:00,1222950393,reports_raw/companies/601_sh_main/601717_郑煤机/2024/1222950393.pdf,https://static.cninfo.com.cn/finalpage/2025-03-29/1222950393.PDF
601727,上海电气,上海电气2024年年度报告,2025-03-29 00:00:00,1222949461,reports_raw/companies/601_sh_main/601727_上海电气/2024/1222949461.pdf,https://static.cninfo.com.cn/finalpage/2025-03-29/1222949461.PDF
601728,中国电信,中国电信股份有限公司2024年年度报告,2025-03-26 00:00:00,1222894586,reports_raw/companies/601_sh_main/601728_中国电信/2024/1222894586.pdf,https://static.cninfo.com.cn/finalpage/2025-03-26/1222894586.PDF
601766,中国中车,中国中车2024年年度报告,2025-03-29 00:00:00,1222949477,reports_raw/companies/601_sh_main/601766_中国中车/2024/1222949477.pdf,https://static.cninfo.com.cn/finalpage/2025-03-29/1222949477.PDF
601788,光大证券,光大证券股份有限公司2024年年度报告,2025-03-28 00:00:00,1222930041,reports_raw/companies/601_sh_main/601788_光大证券/2024/1222930041.pdf,https://static.cninfo.com.cn/finalpage/2025-03-28/1222930041.PDF
601799,星宇股份,星宇股份2024年年度报告全文,2025-03-20 00:00:00,1222846861,reports_raw/companies/601_sh_main/601799_星宇股份/2024/1222846861.pdf,https://static.cninfo.com.cn/finalpage/2025-03-20/1222846861.PDF
601800,中国交建,中国交建2024年年度报告,2025-03-28 00:00:00,1223403703,reports_raw/companies/601_sh_main/601800_中国交建/2024/1223403703.pdf,https://static.cninfo.com.cn/finalpage/2025-03-28/1223403703.pdf
601808,中海油服,中海油服2024年年度报告,2025-03-26 00:00:00,1222896234,reports_raw/companies/601_sh_main/601808_中海油服/2024/1222896234.pdf,https://static.cninfo.com.cn/finalpage/2025-03-26/1222896234.PDF
601811,新华文轩,新华文轩2024年年度报告,2025-03-28 00:00:00,1222933654,reports_raw/companies/601_sh_main/601811_新华文轩/2024/1222933654.pdf,https://static.cninfo.com.cn/finalpage/2025-03-28/1222933654.pdf
601818,光大银行,中国光大银行股份有限公司2024年年度报告,2025-03-29 00:00:00,1222947763,reports_raw/companies/601_sh_main/601818_光大银行/2024/1222947763.pdf,https://static.cninfo.com.cn/finalpage/2025-03-29/1222947763.PDF
601827,三峰环境,2024年年度报告,2025-03-29 00:00:00,1222948927,reports_raw/companies/601_sh_main/601827_三峰环境/2024/1222948927.pdf,https://static.cninfo.com.cn/finalpage/2025-03-29/1222948927.PDF
601828,美凯龙,2024年年度报告,2025-03-28 00:00:00,1222927561,reports_raw/companies/601_sh_main/601828_美凯龙/2024/1222927561.pdf,https://static.cninfo.com.cn/finalpage/2025-03-28/1222927561.PDF
601865,福莱特,福莱特玻璃集团股份有限公司2024年年度报告,2025-03-28 00:00:00,1222924227,reports_raw/companies/601_sh_main/601865_福莱特/2024/1222924227.pdf,https://static.cninfo.com.cn/finalpage/2025-03-28/1222924227.PDF
601866,中远海发,中远海发2024年年度报告,2025-03-29 00:00:00,1222948308,reports_raw/companies/601_sh_main/601866_中远海发/2024/1222948308.pdf,https://static.cninfo.com.cn/finalpage/2025-03-29/1222948308.PDF
601868,中国能建,中国能源建设股份有限公司2024年年度报告,2025-03-29 00:00:00,1222951618,reports_raw/companies/601_sh_main/601868_中国能建/2024/1222951618.pdf,https://static.cninfo.com.cn/finalpage/2025-03-29/1222951618.PDF
601869,长飞光纤,长飞光纤光缆股份有限公司2024年年度报告,2025-03-29 00:00:00,1222951657,reports_raw/companies/601_sh_main/601869_长飞光纤/2024/1222951657.pdf,https://static.cninfo.com.cn/finalpage/2025-03-29/1222951657.PDF
601872,招商轮船,招商轮船2024年年度报告,2025-03-28 00:00:00,1222929334,reports_raw/companies/601_sh_main/601872_招商轮船/2024/1222929334.pdf,https://static.cninfo.com.cn/finalpage/2025-03-28/1222929334.PDF
601880,辽港股份,辽宁港口股份有限公司2024年年度报告全文,2025-03-28 00:00:00,1222925850,reports_raw/companies/601_sh_main/601880_辽港股份/2024/1222925850.pdf,https://static.cninfo.com.cn/finalpage/2025-03-28/1222925850.PDF
601882,海天精工,宁波海天精工股份有限公司2024年年度报告,2025-03-25 00:00:00,1222881136,reports_raw/companies/601_sh_main/601882_海天精工/2024/1222881136.pdf,https://static.cninfo.com.cn/finalpage/2025-03-25/1222881136.PDF
601886,江河集团,江河集团2024年年度报告全文,2025-03-20 00:00:00,1222844929,reports_raw/companies/601_sh_main/601886_江河集团/2024/1222844929.pdf,https://static.cninfo.com.cn/finalpage/2025-03-20/1222844929.PDF
601888,中国中免,中国旅游集团中免股份有限公司2024年年度报告,2025-03-29 00:00:00,1222944381,reports_raw/companies/601_sh_main/601888_中国中免/2024/1222944381.pdf,https://static.cninfo.com.cn/finalpage/2025-03-29/1222944381.PDF
601898,中煤能源,中国中煤能源股份有限公司2024年年度报告,2025-03-22 00:00:00,1222868868,reports_raw/companies/601_sh_main/601898_中煤能源/2024/1222868868.pdf,https://static.cninfo.com.cn/finalpage/2025-03-22/1222868868.PDF
601901,方正证券,2024年年度报告,2025-03-29 00:00:00,1222947770,reports_raw/companies/601_sh_main/601901_方正证券/2024/1222947770.pdf,https://static.cninfo.com.cn/finalpage/2025-03-29/1222947770.PDF
601918,新集能源,新集能源2024年年度报告全文,2025-03-22 00:00:00,1222866043,reports_raw/companies/601_sh_main/601918_新集能源/2024/1222866043.pdf,https://static.cninfo.com.cn/finalpage/2025-03-22/1222866043.PDF
601919,中远海控,中远海控2024年年度报告,2025-03-22 00:00:00,1222870528,reports_raw/companies/601_sh_main/601919_中远海控/2024/1222870528.pdf,https://static.cninfo.com.cn/finalpage/2025-03-22/1222870528.PDF
601929,吉视传媒,吉视传媒股份有限公司2024年年度报告,2025-03-15 00:00:00,1222807817,reports_raw/companies/601_sh_main/601929_吉视传媒/2024/1222807817.pdf,https://static.cninfo.com.cn/finalpage/2025-03-15/1222807817.PDF
601939,建设银行,建设银行2024年年度报告,2025-03-29 00:00:00,1222940501,reports_raw/companies/601_sh_main/601939_建设银行/2024/1222940501.pdf,https://static.cninfo.com.cn/finalpage/2025-03-29/1222940501.PDF
601969,海南矿业,海南矿业股份有限公司2024年年度报告,2025-03-26 00:00:00,1222896344,reports_raw/companies/601_sh_main/601969_海南矿业/2024/1222896344.pdf,https://static.cninfo.com.cn/finalpage/2025-03-26/1222896344.PDF
601975,招商南油,招商局南京油运股份有限公司2024年年度报告,2025-03-25 00:00:00,1222880917,reports_raw/companies/601_sh_main/601975_招商南油/2024/1222880917.pdf,https://static.cninfo.com.cn/finalpage/2025-03-25/1222880917.PDF
601988,中国银行,H股公告-2024年年度报告,2025-03-27 00:00:00,1222911381,reports_raw/companies/601_sh_main/601988_中国银行/2024/1222911381.pdf,https://static.cninfo.com.cn/finalpage/2025-03-27/1222911381.PDF
601990,南京证券,南京证券股份有限公司2024年年度报告,2025-03-22 00:00:00,1222866049,reports_raw/companies/601_sh_main/601990_南京证券/2024/1222866049.pdf,https://static.cninfo.com.cn/finalpage/2025-03-22/1222866049.PDF
601991,大唐发电,大唐发电2024年年度报告,2025-03-26 00:00:00,1222897026,reports_raw/companies/601_sh_main/601991_大唐发电/2024/1222897026.pdf,https://static.cninfo.com.cn/finalpage/2025-03-26/1222897026.pdf
601992,金隅集团,北京金隅集团股份有限公司2024年年度报告,2025-03-29 00:00:00,1222952393,reports_raw/companies/601_sh_main/601992_金隅集团/2024/1222952393.pdf,https://static.cninfo.com.cn/finalpage/2025-03-29/1222952393.PDF
601995,中金公司,中金公司2024年年度报告,2025-03-29 00:00:00,1222948339,reports_raw/companies/601_sh_main/601995_中金公司/2024/1222948339.pdf,https://static.cninfo.com.cn/finalpage/2025-03-29/1222948339.PDF
601998,中信银行,中信银行股份有限公司2024年年度报告,2025-03-27 00:00:00,1222911392,reports_raw/companies/601_sh_main/601998_中信银行/2024/1222911392.pdf,https://static.cninfo.com.cn/finalpage/2025-03-27/1222911392.PDF
603010,万盛股份,浙江万盛股份有限公司2024年年度报告,2025-03-25 00:00:00,1222880125,reports_raw/companies/603_sh_main/603010_万盛股份/2024/1222880125.pdf,https://static.cninfo.com.cn/finalpage/2025-03-25/1222880125.PDF
603019,中科曙光,中科曙光2024年年度报告,2025-03-05 00:00:00,1222707755,reports_raw/companies/603_sh_main/603019_中科曙光/2024/1222707755.pdf,https://static.cninfo.com.cn/finalpage/2025-03-05/1222707755.PDF
603025,大豪科技,北京大豪科技股份有限公司2024年年度报告,2025-03-21 00:00:00,1222857260,reports_raw/companies/603_sh_main/603025_大豪科技/2024/1222857260.pdf,https://static.cninfo.com.cn/finalpage/2025-03-21/1222857260.PDF
603031,安孚科技,安徽安孚电池科技股份有限公司2024年年度报告,2025-03-22 00:00:00,1222870114,reports_raw/companies/603_sh_main/603031_安孚科技/2024/1222870114.pdf,https://static.cninfo.com.cn/finalpage/2025-03-22/1222870114.PDF
603039,泛微网络,泛微网络2024年年度报告,2025-03-28 00:00:00,1222929358,reports_raw/companies/603_sh_main/603039_泛微网络/2024/1222929358.pdf,https://static.cninfo.com.cn/finalpage/2025-03-28/1222929358.PDF
603043,广州酒家,广州酒家：2024年年度报告,2025-03-28 00:00:00,1222925572,reports_raw/companies/603_sh_main/603043_广州酒家/2024/1222925572.pdf,https://static.cninfo.com.cn/finalpage/2025-03-28/1222925572.PDF
603058,永吉股份,贵州永吉印务股份有限公司2024年年度报告,2025-03-28 00:00:00,1222927936,reports_raw/companies/603_sh_main/603058_永吉股份/2024/1222927936.pdf,https://static.cninfo.com.cn/finalpage/2025-03-28/1222927936.PDF
603061,金海通,2024年年度报告,2025-03-19 00:00:00,1222835057,reports_raw/companies/603_sh_main/603061_金海通/2024/1222835057.pdf,https://static.cninfo.com.cn/finalpage/2025-03-19/1222835057.PDF
603062,麦加芯彩,2024年年度报告,2025-03-25 00:00:00,1222882239,reports_raw/companies/603_sh_main/603062_麦加芯彩/2024/1222882239.pdf,https://static.cninfo.com.cn/finalpage/2025-03-25/1222882239.PDF
603063,禾望电气,深圳市禾望电气股份有限公司2024年年度报告,2025-03-14 00:00:00,1222790054,reports_raw/companies/603_sh_main/603063_禾望电气/2024/1222790054.pdf,https://static.cninfo.com.cn/finalpage/2025-03-14/1222790054.PDF
603078,江化微,江阴江化微电子材料股份有限公司2024年年度报告,2025-03-22 00:00:00,1222869366,reports_raw/companies/603_sh_main/603078_江化微/2024/1222869366.pdf,https://static.cninfo.com.cn/finalpage/2025-03-22/1222869366.PDF
603090,宏盛股份,宏盛股份2024年年度报告,2025-03-29 00:00:00,1222939269,reports_raw/companies/603_sh_main/603090_宏盛股份/2024/1222939269.pdf,https://static.cninfo.com.cn/finalpage/2025-03-29/1222939269.PDF
603093,南华期货,南华期货股份有限公司2024年年度报告,2025-03-11 00:00:00,1222760325,reports_raw/companies/603_sh_main/603093_南华期货/2024/1222760325.pdf,https://static.cninfo.com.cn/finalpage/2025-03-11/1222760325.PDF
603103,横店影视,横店影视股份有限公司2024年年度报告,2025-03-07 00:00:00,1222733437,reports_raw/companies/603_sh_main/603103_横店影视/2024/1222733437.pdf,https://static.cninfo.com.cn/finalpage/2025-03-07/1222733437.PDF
603122,合富中国,合富中国2024年年度报告,2025-03-12 00:00:00,1222769702,reports_raw/companies/603_sh_main/603122_合富中国/2024/1222769702.pdf,https://static.cninfo.com.cn/finalpage/2025-03-12/1222769702.PDF
603127,昭衍新药,昭衍新药2024年年度报告,2025-03-29 00:00:00,1222952405,reports_raw/companies/603_sh_main/603127_昭衍新药/2024/1222952405.pdf,https://static.cninfo.com.cn/finalpage/2025-03-29/1222952405.pdf
603132,金徽股份,金徽股份2024年年度报告,2025-03-11 00:00:00,1222758862,reports_raw/companies/603_sh_main/603132_金徽股份/2024/1222758862.pdf,https://static.cninfo.com.cn/finalpage/2025-03-11/1222758862.PDF
603160,汇顶科技,2024年年度报告,2025-03-21 00:00:00,1222858307,reports_raw/companies/603_sh_main/603160_汇顶科技/2024/1222858307.pdf,https://static.cninfo.com.cn/finalpage/2025-03-21/1222858307.PDF
603162,海通发展,福建海通发展股份有限公司2024年年度报告,2025-03-20 00:00:00,1222846115,reports_raw/companies/603_sh_main/603162_海通发展/2024/1222846115.pdf,https://static.cninfo.com.cn/finalpage/2025-03-20/1222846115.PDF
603163,圣晖集成,圣晖集成2024年年度报告,2025-03-29 00:00:00,1222945761,reports_raw/companies/603_sh_main/603163_圣晖集成/2024/1222945761.pdf,https://static.cninfo.com.cn/finalpage/2025-03-29/1222945761.PDF
603165,荣晟环保,浙江荣晟环保纸业股份有限公司2024年年度报告,2025-03-26 00:00:00,1222894446,reports_raw/companies/603_sh_main/603165_荣晟环保/2024/1222894446.pdf,https://static.cninfo.com.cn/finalpage/2025-03-26/1222894446.PDF
603166,福达股份,福达股份2024年年度报告,2025-03-27 00:00:00,1222913649,reports_raw/companies/603_sh_main/603166_福达股份/2024/1222913649.pdf,https://static.cninfo.com.cn/finalpage/2025-03-27/1222913649.PDF
603169,兰石重装,兰石重装2024年年度报告,2025-03-29 00:00:00,1222949901,reports_raw/companies/603_sh_main/603169_兰石重装/2024/1222949901.pdf,https://static.cninfo.com.cn/finalpage/2025-03-29/1222949901.PDF
603186,华正新材,浙江华正新材料股份有限公司2024年年度报告,2025-03-18 00:00:00,1222821549,reports_raw/companies/603_sh_main/603186_华正新材/2024/1222821549.pdf,https://static.cninfo.com.cn/finalpage/2025-03-18/1222821549.PDF
603199,九华旅游,九华旅游2024年年度报告,2025-03-19 00:00:00,1222835210,reports_raw/companies/603_sh_main/603199_九华旅游/2024/1222835210.pdf,https://static.cninfo.com.cn/finalpage/2025-03-19/1222835210.PDF
603209,兴通股份,兴通海运股份有限公司2024年年度报告,2025-03-25 00:00:00,1222882679,reports_raw/companies/603_sh_main/603209_兴通股份/2024/1222882679.pdf,https://static.cninfo.com.cn/finalpage/2025-03-25/1222882679.PDF
603223,恒通股份,恒通物流股份有限公司2024年年度报告,2025-03-18 00:00:00,1222821581,reports_raw/companies/603_sh_main/603223_恒通股份/2024/1222821581.pdf,https://static.cninfo.com.cn/finalpage/2025-03-18/1222821581.PDF
603259,药明康德,2024年年度报告,2025-03-18 00:00:00,1222822835,reports_raw/companies/603_sh_main/603259_药明康德/2024/1222822835.pdf,https://static.cninfo.com.cn/finalpage/2025-03-18/1222822835.PDF
603267,鸿远电子,鸿远电子2024年年度报告,2025-03-28 00:00:00,1222925022,reports_raw/companies/603_sh_main/603267_鸿远电子/2024/1222925022.pdf,https://static.cninfo.com.cn/finalpage/2025-03-28/1222925022.PDF
603286,日盈电子,2024年年度报告,2025-03-29 00:00:00,1222940540,reports_raw/companies/603_sh_main/603286_日盈电子/2024/1222940540.pdf,https://static.cninfo.com.cn/finalpage/2025-03-29/1222940540.PDF
603303,得邦照明,横店集团得邦照明股份有限公司2024年年度报告,2025-03-08 00:00:00,1222743498,reports_raw/companies/603_sh_main/603303_得邦照明/2024/1222743498.pdf,https://static.cninfo.com.cn/finalpage/2025-03-08/1222743498.PDF
603312,西典新能,2024年年度报告,2025-03-29 00:00:00,1222943105,reports_raw/companies/603_sh_main/603312_西典新能/2024/1222943105.pdf,https://static.cninfo.com.cn/finalpage/2025-03-29/1222943105.PDF
603317,天味食品,2024年年度报告,2025-03-28 00:00:00,1222926554,reports_raw/companies/603_sh_main/603317_天味食品/2024/1222926554.pdf,https://static.cninfo.com.cn/finalpage/2025-03-28/1222926554.PDF
603328,依顿电子,2024年年度报告,2025-03-29 00:00:00,1222944687,reports_raw/companies/603_sh_main/603328_依顿电子/2024/1222944687.pdf,https://static.cninfo.com.cn/finalpage/2025-03-29/1222944687.PDF
603357,设计总院,2024年年度报告,2025-03-28 00:00:00,1222928806,reports_raw/companies/603_sh_main/603357_设计总院/2024/1222928806.pdf,https://static.cninfo.com.cn/finalpage/2025-03-28/1222928806.PDF
603368,柳药集团,广西柳药集团股份有限公司2024年年度报告,2025-03-27 00:00:00,1222909604,reports_raw/companies/603_sh_main/603368_柳药集团/2024/1222909604.pdf,https://static.cninfo.com.cn/finalpage/2025-03-27/1222909604.PDF
603444,吉比特,厦门吉比特网络技术股份有限公司2024年年度报告,2025-03-28 00:00:00,1222922127,reports_raw/companies/603_sh_main/603444_吉比特/2024/1222922127.pdf,https://static.cninfo.com.cn/finalpage/2025-03-28/1222922127.PDF
603477,巨星农牧,巨星农牧2024年年度报告,2025-03-22 00:00:00,1222867672,reports_raw/companies/603_sh_main/603477_巨星农牧/2024/1222867672.pdf,https://static.cninfo.com.cn/finalpage/2025-03-22/1222867672.PDF
603518,锦泓集团,锦泓时装集团股份有限公司2024年年度报告,2025-03-27 00:00:00,1222910941,reports_raw/companies/603_sh_main/603518_锦泓集团/2024/1222910941.pdf,https://static.cninfo.com.cn/finalpage/2025-03-27/1222910941.PDF
603536,惠发食品,惠发食品2024年年度报告,2025-03-28 00:00:00,1222925611,reports_raw/companies/603_sh_main/603536_惠发食品/2024/1222925611.pdf,https://static.cninfo.com.cn/finalpage/2025-03-28/1222925611.PDF
603558,健盛集团,健盛集团2024年年度报告,2025-03-25 00:00:00,1222880535,reports_raw/companies/603_sh_main/603558_健盛集团/2024/1222880535.pdf,https://static.cninfo.com.cn/finalpage/2025-03-25/1222880535.PDF
603577,汇金通,汇金通2024年年度报告,2025-03-25 00:00:00,1222878933,reports_raw/companies/603_sh_main/603577_汇金通/2024/1222878933.pdf,https://static.cninfo.com.cn/finalpage/2025-03-25/1222878933.PDF
603588,高能环境,高能环境2024年年度报告,2025-03-20 00:00:00,1222847022,reports_raw/companies/603_sh_main/603588_高能环境/2024/1222847022.pdf,https://static.cninfo.com.cn/finalpage/2025-03-20/1222847022.PDF
603606,东方电缆,东方电缆2024年年度报告,2025-03-27 00:00:00,1222910332,reports_raw/companies/603_sh_main/603606_东方电缆/2024/1222910332.pdf,https://static.cninfo.com.cn/finalpage/2025-03-27/1222910332.PDF
603615,茶花股份,2024年年度报告,2025-03-29 00:00:00,1222943161,reports_raw/companies/603_sh_main/603615_茶花股份/2024/1222943161.pdf,https://static.cninfo.com.cn/finalpage/2025-03-29/1222943161.PDF
603656,泰禾智能,泰禾智能2024年年度报告,2025-03-22 00:00:00,1222869377,reports_raw/companies/603_sh_main/603656_泰禾智能/2024/1222869377.pdf,https://static.cninfo.com.cn/finalpage/2025-03-22/1222869377.PDF
603677,奇精机械,2024年年度报告,2025-03-22 00:00:00,1222869793,reports_raw/companies/603_sh_main/603677_奇精机械/2024/1222869793.pdf,https://static.cninfo.com.cn/finalpage/2025-03-22/1222869793.PDF
603678,火炬电子,火炬电子2024年年度报告,2025-03-22 00:00:00,1222869828,reports_raw/companies/603_sh_main/603678_火炬电子/2024/1222869828.pdf,https://static.cninfo.com.cn/finalpage/2025-03-22/1222869828.PDF
603682,锦和商管,上海锦和商业经营管理股份有限公司2024年年度报告,2025-03-29 00:00:00,1222946672,reports_raw/companies/603_sh_main/603682_锦和商管/2024/1222946672.pdf,https://static.cninfo.com.cn/finalpage/2025-03-29/1222946672.PDF
603697,有友食品,有友食品2024年年度报告,2025-03-20 00:00:00,1222847035,reports_raw/companies/603_sh_main/603697_有友食品/2024/1222847035.pdf,https://static.cninfo.com.cn/finalpage/2025-03-20/1222847035.PDF
603727,博迈科,博迈科海洋工程股份有限公司2024年年度报告,2025-03-21 00:00:00,1222855917,reports_raw/companies/603_sh_main/603727_博迈科/2024/1222855917.pdf,https://static.cninfo.com.cn/finalpage/2025-03-21/1222855917.PDF
603758,秦安股份,秦安股份2024年年度报告,2025-03-22 00:00:00,1222867227,reports_raw/companies/603_sh_main/603758_秦安股份/2024/1222867227.pdf,https://static.cninfo.com.cn/finalpage/2025-03-22/1222867227.PDF
603759,海天股份,海天股份2024年年度报告,2025-03-06 00:00:00,1222721960,reports_raw/companies/603_sh_main/603759_海天股份/2024/1222721960.pdf,https://static.cninfo.com.cn/finalpage/2025-03-06/1222721960.PDF
603809,豪能股份,2024年年度报告,2025-03-22 00:00:00,1222866524,reports_raw/companies/603_sh_main/603809_豪能股份/2024/1222866524.pdf,https://static.cninfo.com.cn/finalpage/2025-03-22/1222866524.PDF
603855,华荣股份,2024年年度报告,2025-03-28 00:00:00,1222922420,reports_raw/companies/603_sh_main/603855_华荣股份/2024/1222922420.pdf,https://static.cninfo.com.cn/finalpage/2025-03-28/1222922420.pdf
603860,中公高科,中公高科2024年年度报告,2025-03-18 00:00:00,1222820975,reports_raw/companies/603_sh_main/603860_中公高科/2024/1222820975.pdf,https://static.cninfo.com.cn/finalpage/2025-03-18/1222820975.PDF
603866,桃李面包,桃李面包2024年年度报告,2025-03-21 00:00:00,1222856789,reports_raw/companies/603_sh_main/603866_桃李面包/2024/1222856789.pdf,https://static.cninfo.com.cn/finalpage/2025-03-21/1222856789.PDF
603877,太平鸟,2024年年度报告,2025-03-28 00:00:00,1222923564,reports_raw/companies/603_sh_main/603877_太平鸟/2024/1222923564.pdf,https://static.cninfo.com.cn/finalpage/2025-03-28/1222923564.PDF
603881,数据港,上海数据港股份有限公司2024年年度报告,2025-03-22 00:00:00,1222868663,reports_raw/companies/603_sh_main/603881_数据港/2024/1222868663.pdf,https://static.cninfo.com.cn/finalpage/2025-03-22/1222868663.PDF
603886,元祖股份,元祖股份2024年年度报告,2025-03-26 00:00:00,1222895703,reports_raw/companies/603_sh_main/603886_元祖股份/2024/1222895703.pdf,https://static.cninfo.com.cn/finalpage/2025-03-26/1222895703.PDF
603899,晨光股份,上海晨光文具股份有限公司2024年年度报告,2025-03-26 00:00:00,1222895351,reports_raw/companies/603_sh_main/603899_晨光股份/2024/1222895351.pdf,https://static.cninfo.com.cn/finalpage/2025-03-26/1222895351.PDF
603906,龙蟠科技,江苏龙蟠科技股份有限公司2024年年度报告,2025-03-29 00:00:00,1222951920,reports_raw/companies/603_sh_main/603906_龙蟠科技/2024/1222951920.pdf,https://static.cninfo.com.cn/finalpage/2025-03-29/1222951920.PDF
603909,建发合诚,建发合诚2024年年度报告,2025-03-22 00:00:00,1222866157,reports_raw/companies/603_sh_main/603909_建发合诚/2024/1222866157.pdf,https://static.cninfo.com.cn/finalpage/2025-03-22/1222866157.PDF
603912,佳力图,603912：佳力图2024年年度报告,2025-03-22 00:00:00,1222866188,reports_raw/companies/603_sh_main/603912_佳力图/2024/1222866188.pdf,https://static.cninfo.com.cn/finalpage/2025-03-22/1222866188.PDF
603919,金徽酒,金徽酒股份有限公司2024年年度报告,2025-03-22 00:00:00,1222870156,reports_raw/companies/603_sh_main/603919_金徽酒/2024/1222870156.pdf,https://static.cninfo.com.cn/finalpage/2025-03-22/1222870156.PDF
603949,雪龙集团,雪龙集团股份有限公司2024年年度报告,2025-03-28 00:00:00,1222925867,reports_raw/companies/603_sh_main/603949_雪龙集团/2024/1222925867.pdf,https://static.cninfo.com.cn/finalpage/2025-03-28/1222925867.PDF
603950,长源东谷,襄阳长源东谷实业股份有限公司2024年年度报告,2025-03-29 00:00:00,1222945783,reports_raw/companies/603_sh_main/603950_长源东谷/2024/1222945783.pdf,https://static.cninfo.com.cn/finalpage/2025-03-29/1222945783.PDF
603955,大千生态,大千生态2024年年度报告,2025-03-27 00:00:00,1222912601,reports_raw/companies/603_sh_main/603955_大千生态/2024/1222912601.pdf,https://static.cninfo.com.cn/finalpage/2025-03-27/1222912601.PDF
603967,中创物流,中创物流股份有限公司2024年年度报告,2025-03-29 00:00:00,1222942563,reports_raw/companies/603_sh_main/603967_中创物流/2024/1222942563.pdf,https://static.cninfo.com.cn/finalpage/2025-03-29/1222942563.PDF
603985,恒润股份,江阴市恒润重工股份有限公司2024年年度报告,2025-03-29 00:00:00,1222951753,reports_raw/companies/603_sh_main/603985_恒润股份/2024/1222951753.pdf,https://static.cninfo.com.cn/finalpage/2025-03-29/1222951753.PDF
603992,松霖科技,2024年年度报告,2025-03-31 00:00:00,1222962236,reports_raw/companies/603_sh_main/603992_松霖科技/2024/1222962236.pdf,https://static.cninfo.com.cn/finalpage/2025-03-31/1222962236.PDF
603993,洛阳钼业,洛阳钼业2024年年度报告,2025-03-22 00:00:00,1222869207,reports_raw/companies/603_sh_main/603993_洛阳钼业/2024/1222869207.pdf,https://static.cninfo.com.cn/finalpage/2025-03-22/1222869207.PDF
603997,继峰股份,继峰股份2024年年度报告,2025-03-29 00:00:00,1222941430,reports_raw/companies/603_sh_main/603997_继峰股份/2024/1222941430.pdf,https://static.cninfo.com.cn/finalpage/2025-03-29/1222941430.PDF
603999,读者传媒,读者出版传媒股份有限公司2024年年度报告,2025-03-28 00:00:00,1222929651,reports_raw/companies/603_sh_main/603999_读者传媒/2024/1222929651.pdf,https://static.cninfo.com.cn/finalpage/2025-03-28/1222929651.PDF
605008,长鸿高科,2024年年度报告,2025-03-20 00:00:00,1222846193,reports_raw/companies/605_sh_main/605008_长鸿高科/2024/1222846193.pdf,https://static.cninfo.com.cn/finalpage/2025-03-20/1222846193.PDF
605028,世茂能源,宁波世茂能源股份有限公司2024年年度报告,2025-03-19 00:00:00,1222834648,reports_raw/companies/605_sh_main/605028_世茂能源/2024/1222834648.pdf,https://static.cninfo.com.cn/finalpage/2025-03-19/1222834648.PDF
605058,澳弘电子,澳弘电子2024年年度报告,2025-03-18 00:00:00,1222823076,reports_raw/companies/605_sh_main/605058_澳弘电子/2024/1222823076.pdf,https://static.cninfo.com.cn/finalpage/2025-03-18/1222823076.pdf
605066,天正电气,2024年年度报告,2025-03-29 00:00:00,1222945303,reports_raw/companies/605_sh_main/605066_天正电气/2024/1222945303.pdf,https://static.cninfo.com.cn/finalpage/2025-03-29/1222945303.PDF
605088,冠盛股份,2024年年度报告,2025-03-29 00:00:00,1222947854,reports_raw/companies/605_sh_main/605088_冠盛股份/2024/1222947854.pdf,https://static.cninfo.com.cn/finalpage/2025-03-29/1222947854.PDF
605128,上海沿浦,上海沿浦金属制品股份有限公司2024年年度报告,2025-03-28 00:00:00,1222928511,reports_raw/companies/605_sh_main/605128_上海沿浦/2024/1222928511.pdf,https://static.cninfo.com.cn/finalpage/2025-03-28/1222928511.PDF
605136,丽人丽妆,上海丽人丽妆化妆品股份有限公司2024年年度报告,2025-03-28 00:00:00,1222925909,reports_raw/companies/605_sh_main/605136_丽人丽妆/2024/1222925909.pdf,https://static.cninfo.com.cn/finalpage/2025-03-28/1222925909.PDF
605155,西大门,2024年年度报告,2025-03-29 00:00:00,1222948343,reports_raw/companies/605_sh_main/605155_西大门/2024/1222948343.pdf,https://static.cninfo.com.cn/finalpage/2025-03-29/1222948343.PDF
605198,安德利,安德利：2024年年度报告,2025-03-27 00:00:00,1222911421,reports_raw/companies/605_sh_main/605198_安德利/2024/1222911421.pdf,https://static.cninfo.com.cn/finalpage/2025-03-27/1222911421.PDF
605218,伟时电子,伟时电子股份有限公司2024年年度报告,2025-03-15 00:00:00,1222807477,reports_raw/companies/605_sh_main/605218_伟时电子/2024/1222807477.pdf,https://static.cninfo.com.cn/finalpage/2025-03-15/1222807477.PDF
605299,舒华体育,舒华体育股份有限公司2024年年度报告,2025-03-12 00:00:00,1222769203,reports_raw/companies/605_sh_main/605299_舒华体育/2024/1222769203.pdf,https://static.cninfo.com.cn/finalpage/2025-03-12/1222769203.PDF
605338,巴比食品,2024年年度报告,2025-03-28 00:00:00,1222924268,reports_raw/companies/605_sh_main/605338_巴比食品/2024/1222924268.pdf,https://static.cninfo.com.cn/finalpage/2025-03-28/1222924268.PDF
605339,南侨食品,南侨食品集团（上海）股份有限公司2024年年度报告,2025-03-11 00:00:00,1222758908,reports_raw/companies/605_sh_main/605339_南侨食品/2024/1222758908.pdf,https://static.cninfo.com.cn/finalpage/2025-03-11/1222758908.PDF
605368,蓝天燃气,蓝天燃气2024年年度报告,2025-03-26 00:00:00,1222895244,reports_raw/companies/605_sh_main/605368_蓝天燃气/2024/1222895244.pdf,https://static.cninfo.com.cn/finalpage/2025-03-26/1222895244.PDF
605488,福莱新材,福莱新材2024年年度报告,2025-03-29 00:00:00,1222940603,reports_raw/companies/605_sh_main/605488_福莱新材/2024/1222940603.pdf,https://static.cninfo.com.cn/finalpage/2025-03-29/1222940603.PDF
605499,东鹏饮料,东鹏饮料（集团）股份有限公司2024年年度报告,2025-03-08 00:00:00,1222744419,reports_raw/companies/605_sh_main/605499_东鹏饮料/2024/1222744419.pdf,https://static.cninfo.com.cn/finalpage/2025-03-08/1222744419.PDF
605507,国邦医药,国邦医药2024年年度报告,2025-03-28 00:00:00,1222925277,reports_raw/companies/605_sh_main/605507_国邦医药/2024/1222925277.pdf,https://static.cninfo.com.cn/finalpage/2025-03-28/1222925277.PDF
688009,中国通号,2024年年度报告,2025-03-29 00:00:00,1222948951,reports_raw/companies/688_star/688009_中国通号/2024/1222948951.pdf,https://static.cninfo.com.cn/finalpage/2025-03-29/1222948951.PDF
688016,心脉医疗,心脉医疗：2024年年度报告,2025-03-29 00:00:00,1222950955,reports_raw/companies/688_star/688016_心脉医疗/2024/1222950955.pdf,https://static.cninfo.com.cn/finalpage/2025-03-29/1222950955.PDF
688018,乐鑫科技,乐鑫科技2024年年度报告,2025-03-22 00:00:00,1222869605,reports_raw/companies/688_star/688018_乐鑫科技/2024/1222869605.pdf,https://static.cninfo.com.cn/finalpage/2025-03-22/1222869605.PDF
688025,杰普特,深圳市杰普特光电股份有限公司2024年年度报告,2025-03-25 00:00:00,1222881177,reports_raw/companies/688_star/688025_杰普特/2024/1222881177.pdf,https://static.cninfo.com.cn/finalpage/2025-03-25/1222881177.PDF
688030,山石网科,2024年年度报告,2025-03-28 00:00:00,1222927602,reports_raw/companies/688_star/688030_山石网科/2024/1222927602.pdf,https://static.cninfo.com.cn/finalpage/2025-03-28/1222927602.PDF
688045,必易微,必易微2024年年度报告,2025-03-15 00:00:00,1222807032,reports_raw/companies/688_star/688045_必易微/2024/1222807032.pdf,https://static.cninfo.com.cn/finalpage/2025-03-15/1222807032.PDF
688049,炬芯科技,炬芯科技2024年年度报告,2025-03-31 00:00:00,1222962247,reports_raw/companies/688_star/688049_炬芯科技/2024/1222962247.pdf,https://static.cninfo.com.cn/finalpage/2025-03-31/1222962247.PDF
688062,迈威生物,迈威生物2024年年度报告,2025-03-31 00:00:00,1222962675,reports_raw/companies/688_star/688062_迈威生物/2024/1222962675.pdf,https://static.cninfo.com.cn/finalpage/2025-03-31/1222962675.PDF
688077,大地熊,大地熊2024年年度报告,2025-03-29 00:00:00,1222951670,reports_raw/companies/688_star/688077_大地熊/2024/1222951670.pdf,https://static.cninfo.com.cn/finalpage/2025-03-29/1222951670.PDF
688081,兴图新科,2024年年度报告,2025-03-29 00:00:00,1222948415,reports_raw/companies/688_star/688081_兴图新科/2024/1222948415.pdf,https://static.cninfo.com.cn/finalpage/2025-03-29/1222948415.PDF
688089,嘉必优,嘉必优生物技术(武汉)股份有限公司2024年年度报告,2025-03-28 00:00:00,1222924654,reports_raw/companies/688_star/688089_嘉必优/2024/1222924654.pdf,https://static.cninfo.com.cn/finalpage/2025-03-28/1222924654.PDF
688093,世华科技,2024年年度报告,2025-03-11 00:00:00,1222760415,reports_raw/companies/688_star/688093_世华科技/2024/1222760415.pdf,https://static.cninfo.com.cn/finalpage/2025-03-11/1222760415.PDF
688106,金宏气体,金宏气体：2024年年度报告,2025-03-26 00:00:00,1222895371,reports_raw/companies/688_star/688106_金宏气体/2024/1222895371.pdf,https://static.cninfo.com.cn/finalpage/2025-03-26/1222895371.PDF
688111,金山办公,金山办公2024年年度报告,2025-03-20 00:00:00,1222847501,reports_raw/companies/688_star/688111_金山办公/2024/1222847501.pdf,https://static.cninfo.com.cn/finalpage/2025-03-20/1222847501.PDF
688123,聚辰股份,聚辰股份2024年年度报告,2025-03-25 00:00:00,1222882057,reports_raw/companies/688_star/688123_聚辰股份/2024/1222882057.pdf,https://static.cninfo.com.cn/finalpage/2025-03-25/1222882057.PDF
688131,皓元医药,上海皓元医药股份有限公司2024年年度报告,2025-03-28 00:00:00,1222929978,reports_raw/companies/688_star/688131_皓元医药/2024/1222929978.pdf,https://static.cninfo.com.cn/finalpage/2025-03-28/1222929978.PDF
688139,海尔生物,海尔生物2024年年度报告,2025-03-29 00:00:00,1222950969,reports_raw/companies/688_star/688139_海尔生物/2024/1222950969.pdf,https://static.cninfo.com.cn/finalpage/2025-03-29/1222950969.PDF
688161,威高骨科,山东威高骨科材料股份有限公司2024年年度报告,2025-03-27 00:00:00,1222912641,reports_raw/companies/688_star/688161_威高骨科/2024/1222912641.pdf,https://static.cninfo.com.cn/finalpage/2025-03-27/1222912641.PDF
688175,高凌信息,2024年年度报告,2025-03-31 00:00:00,1222962269,reports_raw/companies/688_star/688175_高凌信息/2024/1222962269.pdf,https://static.cninfo.com.cn/finalpage/2025-03-31/1222962269.PDF
688180,君实生物,君实生物2024年年度报告,2025-03-28 00:00:00,1222924305,reports_raw/companies/688_star/688180_君实生物/2024/1222924305.pdf,https://static.cninfo.com.cn/finalpage/2025-03-28/1222924305.PDF
688183,生益电子,生益电子2024年年度报告,2025-03-28 00:00:00,1222921458,reports_raw/companies/688_star/688183_生益电子/2024/1222921458.pdf,https://static.cninfo.com.cn/finalpage/2025-03-28/1222921458.PDF
688185,康希诺,2024年年度报告,2025-03-26 00:00:00,1222896814,reports_raw/companies/688_star/688185_康希诺/2024/1222896814.pdf,https://static.cninfo.com.cn/finalpage/2025-03-26/1222896814.PDF
688187,时代电气,株洲中车时代电气股份有限公司2024年年度报告,2025-03-29 00:00:00,1222946706,reports_raw/companies/688_star/688187_时代电气/2024/1222946706.pdf,https://static.cninfo.com.cn/finalpage/2025-03-29/1222946706.PDF
688190,云路股份,2024年年度报告,2025-03-29 00:00:00,1222948986,reports_raw/companies/688_star/688190_云路股份/2024/1222948986.pdf,https://static.cninfo.com.cn/finalpage/2025-03-29/1222948986.PDF
688195,腾景科技,腾景科技2024年年度报告,2025-03-22 00:00:00,1222868017,reports_raw/companies/688_star/688195_腾景科技/2024/1222868017.pdf,https://static.cninfo.com.cn/finalpage/2025-03-22/1222868017.PDF
688200,华峰测控,华峰测控2024年年度报告,2025-03-14 00:00:00,1222788332,reports_raw/companies/688_star/688200_华峰测控/2024/1222788332.pdf,https://static.cninfo.com.cn/finalpage/2025-03-14/1222788332.PDF
688208,道通科技,道通科技2024年年度报告,2025-03-29 00:00:00,1222984716,reports_raw/companies/688_star/688208_道通科技/2024/1222984716.pdf,https://static.cninfo.com.cn/finalpage/2025-03-29/1222984716.pdf
688228,开普云,2024年年度报告,2025-03-31 00:00:00,1222962305,reports_raw/companies/688_star/688228_开普云/2024/1222962305.pdf,https://static.cninfo.com.cn/finalpage/2025-03-31/1222962305.PDF
688233,神工股份,锦州神工半导体股份有限公司2024年年度报告,2025-03-27 00:00:00,1222912993,reports_raw/companies/688_star/688233_神工股份/2024/1222912993.pdf,https://static.cninfo.com.cn/finalpage/2025-03-27/1222912993.PDF
688234,天岳先进,山东天岳先进科技股份有限公司2024年年度报告,2025-03-28 00:00:00,1222928209,reports_raw/companies/688_star/688234_天岳先进/2024/1222928209.pdf,https://static.cninfo.com.cn/finalpage/2025-03-28/1222928209.PDF
688248,南网科技,南网科技：2024年年度报告,2025-03-29 00:00:00,1222946778,reports_raw/companies/688_star/688248_南网科技/2024/1222946778.pdf,https://static.cninfo.com.cn/finalpage/2025-03-29/1222946778.PDF
688252,天德钰,深圳天德钰科技股份有限公司2024年年度报告,2025-03-27 00:00:00,1222913556,reports_raw/companies/688_star/688252_天德钰/2024/1222913556.pdf,https://static.cninfo.com.cn/finalpage/2025-03-27/1222913556.PDF
688270,臻镭科技,浙江臻镭科技股份有限公司2024年年度报告,2025-03-29 00:00:00,1222947880,reports_raw/companies/688_star/688270_臻镭科技/2024/1222947880.pdf,https://static.cninfo.com.cn/finalpage/2025-03-29/1222947880.PDF
688278,特宝生物,特宝生物：2024年年度报告,2025-03-28 00:00:00,1222926573,reports_raw/companies/688_star/688278_特宝生物/2024/1222926573.pdf,https://static.cninfo.com.cn/finalpage/2025-03-28/1222926573.PDF
688279,峰岹科技,2024年年度报告,2025-03-31 00:00:00,1222962350,reports_raw/companies/688_star/688279_峰岹科技/2024/1222962350.pdf,https://static.cninfo.com.cn/finalpage/2025-03-31/1222962350.PDF
688285,高铁电气,高铁电气：2024年年度报告,2025-03-26 00:00:00,1222895957,reports_raw/companies/688_star/688285_高铁电气/2024/1222895957.pdf,https://static.cninfo.com.cn/finalpage/2025-03-26/1222895957.PDF
688295,中复神鹰,中复神鹰碳纤维股份有限公司2024年年度报告,2025-03-26 00:00:00,1222896125,reports_raw/companies/688_star/688295_中复神鹰/2024/1222896125.pdf,https://static.cninfo.com.cn/finalpage/2025-03-26/1222896125.PDF
688300,联瑞新材,联瑞新材2024年年度报告,2025-03-26 00:00:00,1222895574,reports_raw/companies/688_star/688300_联瑞新材/2024/1222895574.pdf,https://static.cninfo.com.cn/finalpage/2025-03-26/1222895574.PDF
688307,中润光学,2024年年度报告,2025-03-29 00:00:00,1222951709,reports_raw/companies/688_star/688307_中润光学/2024/1222951709.pdf,https://static.cninfo.com.cn/finalpage/2025-03-29/1222951709.PDF
688314,康拓医疗,西安康拓医疗技术股份有限公司2024年年度报告,2025-03-28 00:00:00,1222925638,reports_raw/companies/688_star/688314_康拓医疗/2024/1222925638.pdf,https://static.cninfo.com.cn/finalpage/2025-03-28/1222925638.PDF
688318,财富趋势,2024年年度报告,2025-03-29 00:00:00,1222945335,reports_raw/companies/688_star/688318_财富趋势/2024/1222945335.pdf,https://static.cninfo.com.cn/finalpage/2025-03-29/1222945335.PDF
688319,欧林生物,成都欧林生物科技股份有限公司2024年年度报告,2025-03-29 00:00:00,1222951876,reports_raw/companies/688_star/688319_欧林生物/2024/1222951876.pdf,https://static.cninfo.com.cn/finalpage/2025-03-29/1222951876.PDF
688323,瑞华泰,瑞华泰：2024年年度报告,2025-03-22 00:00:00,1222866248,reports_raw/companies/688_star/688323_瑞华泰/2024/1222866248.pdf,https://static.cninfo.com.cn/finalpage/2025-03-22/1222866248.PDF
688331,荣昌生物,荣昌生物2024年年度报告,2025-03-28 00:00:00,1222926603,reports_raw/companies/688_star/688331_荣昌生物/2024/1222926603.pdf,https://static.cninfo.com.cn/finalpage/2025-03-28/1222926603.PDF
688335,复洁环保,2024年年度报告,2025-03-29 00:00:00,1222941468,reports_raw/companies/688_star/688335_复洁环保/2024/1222941468.pdf,https://static.cninfo.com.cn/finalpage/2025-03-29/1222941468.PDF
688336,三生国健,三生国健：2024年年度报告,2025-03-26 00:00:00,1222896534,reports_raw/companies/688_star/688336_三生国健/2024/1222896534.pdf,https://static.cninfo.com.cn/finalpage/2025-03-26/1222896534.PDF
688347,华虹公司,2024年年度报告,2025-03-28 00:00:00,1222929549,reports_raw/companies/688_star/688347_华虹公司/2024/1222929549.pdf,https://static.cninfo.com.cn/finalpage/2025-03-28/1222929549.PDF
688351,微电生理,2024年年度报告,2025-03-28 00:00:00,1222926292,reports_raw/companies/688_star/688351_微电生理/2024/1222926292.pdf,https://static.cninfo.com.cn/finalpage/2025-03-28/1222926292.PDF
688366,昊海生科,上海昊海生物科技股份有限公司2024年年度报告,2025-03-22 00:00:00,1222870186,reports_raw/companies/688_star/688366_昊海生科/2024/1222870186.pdf,https://static.cninfo.com.cn/finalpage/2025-03-22/1222870186.PDF
688368,晶丰明源,上海晶丰明源半导体股份有限公司2024年年度报告,2025-03-12 00:00:00,1222769237,reports_raw/companies/688_star/688368_晶丰明源/2024/1222769237.pdf,https://static.cninfo.com.cn/finalpage/2025-03-12/1222769237.PDF
688373,盟科药业,上海盟科药业股份有限公司2024年年度报告,2025-03-18 00:00:00,1222822061,reports_raw/companies/688_star/688373_盟科药业/2024/1222822061.pdf,https://static.cninfo.com.cn/finalpage/2025-03-18/1222822061.PDF
688385,复旦微电,2024年年度报告,2025-03-26 00:00:00,1222896404,reports_raw/companies/688_star/688385_复旦微电/2024/1222896404.pdf,https://static.cninfo.com.cn/finalpage/2025-03-26/1222896404.PDF
688403,汇成股份,合肥新汇成微电子股份有限公司2024年年度报告,2025-03-28 00:00:00,1222924742,reports_raw/companies/688_star/688403_汇成股份/2024/1222924742.pdf,https://static.cninfo.com.cn/finalpage/2025-03-28/1222924742.PDF
688425,铁建重工,中国铁建重工集团股份有限公司2024年年度报告,2025-03-29 00:00:00,1222943843,reports_raw/companies/688_star/688425_铁建重工/2024/1222943843.pdf,https://static.cninfo.com.cn/finalpage/2025-03-29/1222943843.PDF
688428,诺诚健华,诺诚健华医药有限公司2024年年度报告,2025-03-28 00:00:00,1222928222,reports_raw/companies/688_star/688428_诺诚健华/2024/1222928222.pdf,https://static.cninfo.com.cn/finalpage/2025-03-28/1222928222.PDF
688432,有研硅,有研硅2024年年度报告,2025-03-31 00:00:00,1222962370,reports_raw/companies/688_star/688432_有研硅/2024/1222962370.pdf,https://static.cninfo.com.cn/finalpage/2025-03-31/1222962370.PDF
688433,华曙高科,2024年年度报告,2025-03-20 00:00:00,1222846717,reports_raw/companies/688_star/688433_华曙高科/2024/1222846717.pdf,https://static.cninfo.com.cn/finalpage/2025-03-20/1222846717.PDF
688479,友车科技,2024年年度报告,2025-03-29 00:00:00,1222947947,reports_raw/companies/688_star/688479_友车科技/2024/1222947947.pdf,https://static.cninfo.com.cn/finalpage/2025-03-29/1222947947.PDF
688489,三未信安,2024年年度报告,2025-03-31 00:00:00,1222962416,reports_raw/companies/688_star/688489_三未信安/2024/1222962416.pdf,https://static.cninfo.com.cn/finalpage/2025-03-31/1222962416.PDF
688502,茂莱光学,2024年年度报告,2025-03-29 00:00:00,1222951065,reports_raw/companies/688_star/688502_茂莱光学/2024/1222951065.pdf,https://static.cninfo.com.cn/finalpage/2025-03-29/1222951065.PDF
688505,复旦张江,复旦张江2024年年度报告,2025-03-28 00:00:00,1222929133,reports_raw/companies/688_star/688505_复旦张江/2024/1222929133.pdf,https://static.cninfo.com.cn/finalpage/2025-03-28/1222929133.PDF
688506,百利天恒,四川百利天恒药业股份有限公司2024年年度报告,2025-03-29 00:00:00,1222948012,reports_raw/companies/688_star/688506_百利天恒/2024/1222948012.pdf,https://static.cninfo.com.cn/finalpage/2025-03-29/1222948012.PDF
688508,芯朋微,2024年年度报告,2025-03-29 00:00:00,1222948434,reports_raw/companies/688_star/688508_芯朋微/2024/1222948434.pdf,https://static.cninfo.com.cn/finalpage/2025-03-29/1222948434.PDF
688510,航亚科技,无锡航亚科技股份有限公司2024年年度报告,2025-03-28 00:00:00,1222924759,reports_raw/companies/688_star/688510_航亚科技/2024/1222924759.pdf,https://static.cninfo.com.cn/finalpage/2025-03-28/1222924759.PDF
688538,和辉光电,上海和辉光电股份有限公司2024年年度报告,2025-03-29 00:00:00,1222950423,reports_raw/companies/688_star/688538_和辉光电/2024/1222950423.pdf,https://static.cninfo.com.cn/finalpage/2025-03-29/1222950423.PDF
688543,国科军工,江西国科军工集团股份有限公司2024年年度报告,2025-03-26 00:00:00,1222896908,reports_raw/companies/688_star/688543_国科军工/2024/1222896908.pdf,https://static.cninfo.com.cn/finalpage/2025-03-26/1222896908.PDF
688548,广钢气体,2024年年度报告,2025-03-29 00:00:00,1222949946,reports_raw/companies/688_star/688548_广钢气体/2024/1222949946.pdf,https://static.cninfo.com.cn/finalpage/2025-03-29/1222949946.PDF
688557,兰剑智能,兰剑智能科技股份有限公司2024年年度报告,2025-03-29 00:00:00,1222943880,reports_raw/companies/688_star/688557_兰剑智能/2024/1222943880.pdf,https://static.cninfo.com.cn/finalpage/2025-03-29/1222943880.PDF
688562,航天软件,北京神舟航天软件技术股份有限公司2024年年度报告,2025-03-31 00:00:00,1222962432,reports_raw/companies/688_star/688562_航天软件/2024/1222962432.pdf,https://static.cninfo.com.cn/finalpage/2025-03-31/1222962432.PDF
688563,航材股份,2024年年度报告,2025-03-31 00:00:00,1222962473,reports_raw/companies/688_star/688563_航材股份/2024/1222962473.pdf,https://static.cninfo.com.cn/finalpage/2025-03-31/1222962473.PDF
688568,中科星图,中科星图股份有限公司2024年年度报告,2025-03-04 00:00:00,1222694858,reports_raw/companies/688_star/688568_中科星图/2024/1222694858.pdf,https://static.cninfo.com.cn/finalpage/2025-03-04/1222694858.PDF
688569,铁科轨道,铁科轨道2024年年度报告,2025-03-29 00:00:00,1222945843,reports_raw/companies/688_star/688569_铁科轨道/2024/1222945843.pdf,https://static.cninfo.com.cn/finalpage/2025-03-29/1222945843.PDF
688570,天玛智控,天玛智控2024年年度报告,2025-03-21 00:00:00,1222856491,reports_raw/companies/688_star/688570_天玛智控/2024/1222856491.pdf,https://static.cninfo.com.cn/finalpage/2025-03-21/1222856491.PDF
688582,芯动联科,2024年年度报告,2025-03-18 00:00:00,1222821956,reports_raw/companies/688_star/688582_芯动联科/2024/1222821956.pdf,https://static.cninfo.com.cn/finalpage/2025-03-18/1222821956.PDF
688584,上海合晶,上海合晶2024年年度报告,2025-03-19 00:00:00,1222835927,reports_raw/companies/688_star/688584_上海合晶/2024/1222835927.pdf,https://static.cninfo.com.cn/finalpage/2025-03-19/1222835927.PDF
688586,江航装备,江航装备2024年年度报告,2025-03-17 00:00:00,1222816122,reports_raw/companies/688_star/688586_江航装备/2024/1222816122.pdf,https://static.cninfo.com.cn/finalpage/2025-03-17/1222816122.PDF
688589,力合微,2024年年度报告,2025-03-27 00:00:00,1222911454,reports_raw/companies/688_star/688589_力合微/2024/1222911454.pdf,https://static.cninfo.com.cn/finalpage/2025-03-27/1222911454.PDF
688597,煜邦电力,2024年年度报告,2025-03-28 00:00:00,1222925935,reports_raw/companies/688_star/688597_煜邦电力/2024/1222925935.pdf,https://static.cninfo.com.cn/finalpage/2025-03-28/1222925935.PDF
688655,迅捷兴,2024年年度报告,2025-03-18 00:00:00,1222822088,reports_raw/companies/688_star/688655_迅捷兴/2024/1222822088.pdf,https://static.cninfo.com.cn/finalpage/2025-03-18/1222822088.PDF
688656,浩欧博,江苏浩欧博生物医药股份有限公司2024年年度报告,2025-03-18 00:00:00,1222822249,reports_raw/companies/688_star/688656_浩欧博/2024/1222822249.pdf,https://static.cninfo.com.cn/finalpage/2025-03-18/1222822249.PDF
688658,悦康药业,2024年年度报告,2025-03-15 00:00:00,1222807868,reports_raw/companies/688_star/688658_悦康药业/2024/1222807868.pdf,https://static.cninfo.com.cn/finalpage/2025-03-15/1222807868.PDF
688660,电气风电,上海电气风电集团股份有限公司2024年年度报告,2025-03-25 00:00:00,1222880362,reports_raw/companies/688_star/688660_电气风电/2024/1222880362.pdf,https://static.cninfo.com.cn/finalpage/2025-03-25/1222880362.PDF
688671,碧兴物联,2024年年度报告,2025-03-26 00:00:00,1222896160,reports_raw/companies/688_star/688671_碧兴物联/2024/1222896160.pdf,https://static.cninfo.com.cn/finalpage/2025-03-26/1222896160.PDF
688721,龙图光罩,深圳市龙图光罩股份有限公司2024年年度报告,2025-03-28 00:00:00,1222929157,reports_raw/companies/688_star/688721_龙图光罩/2024/1222929157.pdf,https://static.cninfo.com.cn/finalpage/2025-03-28/1222929157.PDF
688722,同益中,同益中2024年年度报告,2025-03-29 00:00:00,1222944728,reports_raw/companies/688_star/688722_同益中/2024/1222944728.pdf,https://static.cninfo.com.cn/finalpage/2025-03-29/1222944728.PDF
688766,普冉股份,普冉半导体（上海）股份有限公司2024年年度报告,2025-03-31 00:00:00,1222962492,reports_raw/companies/688_star/688766_普冉股份/2024/1222962492.pdf,https://static.cninfo.com.cn/finalpage/2025-03-31/1222962492.PDF
688772,珠海冠宇,2024年年度报告,2025-03-31 00:00:00,1222962517,reports_raw/companies/688_star/688772_珠海冠宇/2024/1222962517.pdf,https://static.cninfo.com.cn/finalpage/2025-03-31/1222962517.PDF
688819,天能股份,天能电池集团股份有限公司2024年年度报告,2025-03-28 00:00:00,1222925993,reports_raw/companies/688_star/688819_天能股份/2024/1222925993.pdf,https://static.cninfo.com.cn/finalpage/2025-03-28/1222925993.PDF
688981,中芯国际,中芯国际2024年年度报告,2025-03-28 00:00:00,1222924320,reports_raw/companies/688_star/688981_中芯国际/2024/1222924320.pdf,https://static.cninfo.com.cn/finalpage/2025-03-28/1222924320.PDF
830779,武汉蓝电,2024年年度报告,2025-03-20 00:00:00,1222858564,reports_raw/companies/830_other/830779_武汉蓝电/2024/1222858564.pdf,https://static.cninfo.com.cn/finalpage/2025-03-20/1222858564.PDF
830839,万通液压,2024年年度报告,2025-03-12 00:00:00,1222778815,reports_raw/companies/830_other/830839_万通液压/2024/1222778815.pdf,https://static.cninfo.com.cn/finalpage/2025-03-12/1222778815.PDF
830879,基康仪器,2024年年度报告,2025-03-28 00:00:00,1222952172,reports_raw/companies/830_other/830879_基康仪器/2024/1222952172.pdf,https://static.cninfo.com.cn/finalpage/2025-03-28/1222952172.PDF
831039,国义招标,2024年年度报告,2025-03-31 00:00:00,1222976824,reports_raw/companies/831_other/831039_国义招标/2024/1222976824.pdf,https://static.cninfo.com.cn/finalpage/2025-03-31/1222976824.PDF
831396,许昌智能,2024年年度报告,2025-03-28 00:00:00,1222951210,reports_raw/companies/831_other/831396_许昌智能/2024/1222951210.pdf,https://static.cninfo.com.cn/finalpage/2025-03-28/1222951210.PDF
832000,安徽凤凰,2024年年度报告,2025-03-31 00:00:00,1222976527,reports_raw/companies/832_other/832000_安徽凤凰/2024/1222976527.pdf,https://static.cninfo.com.cn/finalpage/2025-03-31/1222976527.PDF
832491,奥迪威,2024年年度报告,2025-03-25 00:00:00,1222897252,reports_raw/companies/832_other/832491_奥迪威/2024/1222897252.pdf,https://static.cninfo.com.cn/finalpage/2025-03-25/1222897252.PDF
832735,德源药业,2024年年度报告,2025-03-31 00:00:00,1222976079,reports_raw/companies/832_other/832735_德源药业/2024/1222976079.pdf,https://static.cninfo.com.cn/finalpage/2025-03-31/1222976079.PDF
833171,国航远洋,2024年年度报告,2025-03-24 00:00:00,1222883392,reports_raw/companies/833_other/833171_国航远洋/2024/1222883392.pdf,https://static.cninfo.com.cn/finalpage/2025-03-24/1222883392.PDF
833394,民士达,2024年年度报告,2025-03-19 00:00:00,1222846698,reports_raw/companies/833_other/833394_民士达/2024/1222846698.pdf,https://static.cninfo.com.cn/finalpage/2025-03-19/1222846698.PDF
833751,惠同新材,2024年年度报告,2025-03-31 00:00:00,1222976284,reports_raw/companies/833_other/833751_惠同新材/2024/1222976284.pdf,https://static.cninfo.com.cn/finalpage/2025-03-31/1222976284.PDF
834033,康普化学,2024年年度报告,2025-03-26 00:00:00,1222912147,reports_raw/companies/834_other/834033_康普化学/2024/1222912147.pdf,https://static.cninfo.com.cn/finalpage/2025-03-26/1222912147.PDF
834682,球冠电缆,2024年年度报告,2025-03-28 00:00:00,1222947033,reports_raw/companies/834_other/834682_球冠电缆/2024/1222947033.pdf,https://static.cninfo.com.cn/finalpage/2025-03-28/1222947033.PDF
835640,富士达,2024年年度报告,2025-03-28 00:00:00,1222951124,reports_raw/companies/835_other/835640_富士达/2024/1222951124.pdf,https://static.cninfo.com.cn/finalpage/2025-03-28/1222951124.PDF
835892,中科美菱,2024年年度报告,2025-03-21 00:00:00,1222871002,reports_raw/companies/835_other/835892_中科美菱/2024/1222871002.pdf,https://static.cninfo.com.cn/finalpage/2025-03-21/1222871002.PDF
836395,朗鸿科技,2024年年度报告,2025-03-25 00:00:00,1222897345,reports_raw/companies/836_other/836395_朗鸿科技/2024/1222897345.pdf,https://static.cninfo.com.cn/finalpage/2025-03-25/1222897345.PDF
836675,秉扬科技,2024年年度报告,2025-03-27 00:00:00,1222929025,reports_raw/companies/836_other/836675_秉扬科技/2024/1222929025.pdf,https://static.cninfo.com.cn/finalpage/2025-03-27/1222929025.PDF
837174,宏裕包材,2024年年度报告,2025-03-28 00:00:00,1222947698,reports_raw/companies/837_other/837174_宏裕包材/2024/1222947698.pdf,https://static.cninfo.com.cn/finalpage/2025-03-28/1222947698.PDF
838171,邦德股份,2024年年度报告,2025-03-28 00:00:00,1222952174,reports_raw/companies/838_other/838171_邦德股份/2024/1222952174.pdf,https://static.cninfo.com.cn/finalpage/2025-03-28/1222952174.PDF
838402,硅烷科技,2024年年度报告,2025-03-20 00:00:00,1222857618,reports_raw/companies/838_other/838402_硅烷科技/2024/1222857618.pdf,https://static.cninfo.com.cn/finalpage/2025-03-20/1222857618.PDF
838837,华原股份,2024年年度报告,2025-03-31 00:00:00,1222976418,reports_raw/companies/838_other/838837_华原股份/2024/1222976418.pdf,https://static.cninfo.com.cn/finalpage/2025-03-31/1222976418.PDF
838971,天马新材,2024年年度报告,2025-03-28 00:00:00,1222947445,reports_raw/companies/838_other/838971_天马新材/2024/1222947445.pdf,https://static.cninfo.com.cn/finalpage/2025-03-28/1222947445.PDF
839273,一致魔芋,2024年年度报告,2025-03-24 00:00:00,1222882909,reports_raw/companies/839_other/839273_一致魔芋/2024/1222882909.pdf,https://static.cninfo.com.cn/finalpage/2025-03-24/1222882909.PDF
839790,联迪信息,2024年年度报告,2025-03-28 00:00:00,1222946437,reports_raw/companies/839_other/839790_联迪信息/2024/1222946437.pdf,https://static.cninfo.com.cn/finalpage/2025-03-28/1222946437.PDF
871245,威博液压,2024年年度报告,2025-03-19 00:00:00,1222847532,reports_raw/companies/871_other/871245_威博液压/2024/1222847532.pdf,https://static.cninfo.com.cn/finalpage/2025-03-19/1222847532.PDF
871553,凯腾精工,2024年年度报告,2025-03-27 00:00:00,1222928961,reports_raw/companies/871_other/871553_凯腾精工/2024/1222928961.pdf,https://static.cninfo.com.cn/finalpage/2025-03-27/1222928961.PDF
871694,中裕科技,2024年年度报告,2025-03-18 00:00:00,1222835786,reports_raw/companies/871_other/871694_中裕科技/2024/1222835786.pdf,https://static.cninfo.com.cn/finalpage/2025-03-18/1222835786.PDF
872808,曙光数创,2024年年度报告,2025-03-04 00:00:00,1222707371,reports_raw/companies/872_other/872808_曙光数创/2024/1222707371.pdf,https://static.cninfo.com.cn/finalpage/2025-03-04/1222707371.PDF
873001,纬达光电,2024年年度报告,2025-03-28 00:00:00,1222946859,reports_raw/companies/873_other/873001_纬达光电/2024/1222946859.pdf,https://static.cninfo.com.cn/finalpage/2025-03-28/1222946859.PDF
873833,美心翼申,2024年年度报告,2025-03-31 00:00:00,1222976375,reports_raw/companies/873_other/873833_美心翼申/2024/1222976375.pdf,https://static.cninfo.com.cn/finalpage/2025-03-31/1222976375.PDF
900939,汇丽B,上海汇丽建材股份有限公司2024年年度报告全文,2025-03-29 00:00:00,1222948565,reports_raw/companies/900_sh_b/900939_汇丽B/2024/1222948565.pdf,https://static.cninfo.com.cn/finalpage/2025-03-29/1222948565.PDF
920060,万源通,2024年年度报告,2025-03-31 00:00:00,1222976122,reports_raw/companies/920_bse/920060_万源通/2024/1222976122.pdf,https://static.cninfo.com.cn/finalpage/2025-03-31/1222976122.PDF
920116,星图测控,2024年年度报告,2025-03-03 00:00:00,1222695185,reports_raw/companies/920_bse/920116_星图测控/2024/1222695185.pdf,https://static.cninfo.com.cn/finalpage/2025-03-03/1222695185.PDF
