sec_code,sec_name,announcement_title,announcement_time,announcement_id,local_path,source_url
000004,国华网安,2024年年度报告,2025-04-29 00:00:00,1223381901,reports_raw/companies/000_sz_main/000004_国华网安/2024/1223381901.pdf,https://static.cninfo.com.cn/finalpage/2025-04-29/1223381901.PDF
000010,美丽生态,2024年年度报告,2025-04-29 00:00:00,1223368921,reports_raw/companies/000_sz_main/000010_美丽生态/2024/1223368921.pdf,https://static.cninfo.com.cn/finalpage/2025-04-29/1223368921.PDF
000012,南  玻Ａ,2024年年度报告,2025-04-28 00:00:00,1223303879,reports_raw/companies/000_sz_main/000012_南_玻Ａ/2024/1223303879.pdf,https://static.cninfo.com.cn/finalpage/2025-04-28/1223303879.PDF
000019,深粮控股,2024年年度报告,2025-04-29 00:00:00,1223375162,reports_raw/companies/000_sz_main/000019_深粮控股/2024/1223375162.pdf,https://static.cninfo.com.cn/finalpage/2025-04-29/1223375162.PDF
000035,中国天楹,2024年年度报告,2025-04-29 00:00:00,1223370947,reports_raw/companies/000_sz_main/000035_中国天楹/2024/1223370947.pdf,https://static.cninfo.com.cn/finalpage/2025-04-29/1223370947.PDF
000036,华联控股,2024年年度报告,2025-04-29 00:00:00,1223363605,reports_raw/companies/000_sz_main/000036_华联控股/2024/1223363605.pdf,https://static.cninfo.com.cn/finalpage/2025-04-29/1223363605.PDF
000042,中洲控股,2024年年度报告（更新前）,2025-04-26 00:00:00,1223318957,reports_raw/companies/000_sz_main/000042_中洲控股/2024/1223318957.pdf,https://static.cninfo.com.cn/finalpage/2025-04-26/1223318957.PDF
000061,农 产 品,2024年年度报告,2025-04-29 00:00:00,1223376199,reports_raw/companies/000_sz_main/000061_农_产_品/2024/1223376199.pdf,https://static.cninfo.com.cn/finalpage/2025-04-29/1223376199.PDF
000066,中国长城,2024年年度报告,2025-04-28 00:00:00,1223304243,reports_raw/companies/000_sz_main/000066_中国长城/2024/1223304243.pdf,https://static.cninfo.com.cn/finalpage/2025-04-28/1223304243.PDF
000078,海王生物,2024年年度报告,2025-04-29 00:00:00,1223363821,reports_raw/companies/000_sz_main/000078_海王生物/2024/1223363821.pdf,https://static.cninfo.com.cn/finalpage/2025-04-29/1223363821.PDF
000096,广聚能源,2024年年度报告,2025-04-29 00:00:00,1223376370,reports_raw/companies/000_sz_main/000096_广聚能源/2024/1223376370.pdf,https://static.cninfo.com.cn/finalpage/2025-04-29/1223376370.PDF
000100,TCL科技,2024年年度报告,2025-04-29 00:00:00,1223379178,reports_raw/companies/000_sz_main/000100_TCL科技/2024/1223379178.pdf,https://static.cninfo.com.cn/finalpage/2025-04-29/1223379178.PDF
000155,川能动力,2024年年度报告,2025-04-28 00:00:00,1223329921,reports_raw/companies/000_sz_main/000155_川能动力/2024/1223329921.pdf,https://static.cninfo.com.cn/finalpage/2025-04-28/1223329921.PDF
000158,常山北明,2024年年度报告,2025-04-29 00:00:00,1223380478,reports_raw/companies/000_sz_main/000158_常山北明/2024/1223380478.pdf,https://static.cninfo.com.cn/finalpage/2025-04-29/1223380478.PDF
000301,东方盛虹,2024年年度报告,2025-04-29 00:00:00,1223385370,reports_raw/companies/000_sz_main/000301_东方盛虹/2024/1223385370.pdf,https://static.cninfo.com.cn/finalpage/2025-04-29/1223385370.PDF
000402,金 融 街,2024年年度报告,2025-04-29 00:00:00,1223369949,reports_raw/companies/000_sz_main/000402_金_融_街/2024/1223369949.pdf,https://static.cninfo.com.cn/finalpage/2025-04-29/1223369949.PDF
000425,徐工机械,2024年年度报告,2025-04-29 00:00:00,1223367769,reports_raw/companies/000_sz_main/000425_徐工机械/2024/1223367769.pdf,https://static.cninfo.com.cn/finalpage/2025-04-29/1223367769.PDF
000426,兴业银锡,2024年年度报告,2025-04-28 00:00:00,1223317584,reports_raw/companies/000_sz_main/000426_兴业银锡/2024/1223317584.pdf,https://static.cninfo.com.cn/finalpage/2025-04-28/1223317584.PDF
000504,南华生物,2024年年度报告,2025-04-29 00:00:00,1223713860,reports_raw/companies/000_sz_main/000504_南华生物/2024/1223713860.pdf,https://static.cninfo.com.cn/finalpage/2025-04-29/1223713860.pdf
000506,*ST中润,2024年年度报告,2025-04-29 00:00:00,1223379415,reports_raw/companies/000_sz_main/000506_ST中润/2024/1223379415.pdf,https://static.cninfo.com.cn/finalpage/2025-04-29/1223379415.PDF
000507,珠海港,2024年年度报告,2025-04-28 00:00:00,1223314710,reports_raw/companies/000_sz_main/000507_珠海港/2024/1223314710.pdf,https://static.cninfo.com.cn/finalpage/2025-04-28/1223314710.PDF
000509,华塑控股,2024年年度报告,2025-04-28 00:00:00,1223313718,reports_raw/companies/000_sz_main/000509_华塑控股/2024/1223313718.pdf,https://static.cninfo.com.cn/finalpage/2025-04-28/1223313718.PDF
000510,新金路,2024年年度报告,2025-04-29 00:00:00,1223356634,reports_raw/companies/000_sz_main/000510_新金路/2024/1223356634.pdf,https://static.cninfo.com.cn/finalpage/2025-04-29/1223356634.PDF
000517,荣安地产,2024年年度报告,2025-04-29 00:00:00,1223370405,reports_raw/companies/000_sz_main/000517_荣安地产/2024/1223370405.pdf,https://static.cninfo.com.cn/finalpage/2025-04-29/1223370405.PDF
000518,四环生物,2024年年度报告,2025-04-29 00:00:00,1223383970,reports_raw/companies/000_sz_main/000518_四环生物/2024/1223383970.pdf,https://static.cninfo.com.cn/finalpage/2025-04-29/1223383970.PDF
000520,凤凰航运,2024年年度报告,2025-04-29 00:00:00,1223380037,reports_raw/companies/000_sz_main/000520_凤凰航运/2024/1223380037.pdf,https://static.cninfo.com.cn/finalpage/2025-04-29/1223380037.PDF
000525,ST红太阳,2024年年度报告,2025-04-26 00:00:00,1223329284,reports_raw/companies/000_sz_main/000525_ST红太阳/2024/1223329284.pdf,https://static.cninfo.com.cn/finalpage/2025-04-26/1223329284.PDF
000526,学大教育,2024年年度报告,2025-04-26 00:00:00,1223328711,reports_raw/companies/000_sz_main/000526_学大教育/2024/1223328711.pdf,https://static.cninfo.com.cn/finalpage/2025-04-26/1223328711.PDF
000529,广弘控股,2024年年度报告,2025-04-28 00:00:00,1223311389,reports_raw/companies/000_sz_main/000529_广弘控股/2024/1223311389.pdf,https://static.cninfo.com.cn/finalpage/2025-04-28/1223311389.PDF
000537,中绿电,2024年年度报告,2025-04-29 00:00:00,1223370179,reports_raw/companies/000_sz_main/000537_中绿电/2024/1223370179.pdf,https://static.cninfo.com.cn/finalpage/2025-04-29/1223370179.PDF
000545,金浦钛业,2024年年度报告,2025-04-29 00:00:00,1223373589,reports_raw/companies/000_sz_main/000545_金浦钛业/2024/1223373589.pdf,https://static.cninfo.com.cn/finalpage/2025-04-29/1223373589.PDF
000552,甘肃能化,2024年年度报告,2025-04-29 00:00:00,1223371134,reports_raw/companies/000_sz_main/000552_甘肃能化/2024/1223371134.pdf,https://static.cninfo.com.cn/finalpage/2025-04-29/1223371134.PDF
000559,万向钱潮,2024年年度报告,2025-04-26 00:00:00,1223322381,reports_raw/companies/000_sz_main/000559_万向钱潮/2024/1223322381.pdf,https://static.cninfo.com.cn/finalpage/2025-04-26/1223322381.PDF
000561,烽火电子,2024年年度报告,2025-04-26 00:00:00,1223329320,reports_raw/companies/000_sz_main/000561_烽火电子/2024/1223329320.pdf,https://static.cninfo.com.cn/finalpage/2025-04-26/1223329320.PDF
000564,供销大集,2024年年度报告,2025-04-29 00:00:00,1223396530,reports_raw/companies/000_sz_main/000564_供销大集/2024/1223396530.pdf,https://static.cninfo.com.cn/finalpage/2025-04-29/1223396530.pdf
000567,海德股份,2024年年度报告,2025-04-29 00:00:00,1223390187,reports_raw/companies/000_sz_main/000567_海德股份/2024/1223390187.pdf,https://static.cninfo.com.cn/finalpage/2025-04-29/1223390187.PDF
000568,泸州老窖,2024年年度报告,2025-04-28 00:00:00,1223350383,reports_raw/companies/000_sz_main/000568_泸州老窖/2024/1223350383.pdf,https://static.cninfo.com.cn/finalpage/2025-04-28/1223350383.pdf
000571,新大洲A,2024年年度报告,2025-04-29 00:00:00,1223363943,reports_raw/companies/000_sz_main/000571_新大洲A/2024/1223363943.pdf,https://static.cninfo.com.cn/finalpage/2025-04-29/1223363943.pdf
000589,贵州轮胎,2024年年度报告,2025-04-26 00:00:00,1223318753,reports_raw/companies/000_sz_main/000589_贵州轮胎/2024/1223318753.pdf,https://static.cninfo.com.cn/finalpage/2025-04-26/1223318753.PDF
000595,宝塔实业,2024年年度报告,2025-04-26 00:00:00,1223324646,reports_raw/companies/000_sz_main/000595_宝塔实业/2024/1223324646.pdf,https://static.cninfo.com.cn/finalpage/2025-04-26/1223324646.PDF
000596,古井贡酒,2024年年度报告,2025-04-28 00:00:00,1223320623,reports_raw/companies/000_sz_main/000596_古井贡酒/2024/1223320623.pdf,https://static.cninfo.com.cn/finalpage/2025-04-28/1223320623.PDF
000601,韶能股份,2024年年度报告,2025-04-28 00:00:00,1223317129,reports_raw/companies/000_sz_main/000601_韶能股份/2024/1223317129.pdf,https://static.cninfo.com.cn/finalpage/2025-04-28/1223317129.PDF
000603,盛达资源,2024年年度报告,2025-04-29 00:00:00,1223382697,reports_raw/companies/000_sz_main/000603_盛达资源/2024/1223382697.pdf,https://static.cninfo.com.cn/finalpage/2025-04-29/1223382697.PDF
000615,ST美谷,2024年年度报告,2025-04-29 00:00:00,1223388291,reports_raw/companies/000_sz_main/000615_ST美谷/2024/1223388291.pdf,https://static.cninfo.com.cn/finalpage/2025-04-29/1223388291.PDF
000620,新华联,2024年年度报告,2025-04-29 00:00:00,1223382679,reports_raw/companies/000_sz_main/000620_新华联/2024/1223382679.pdf,https://static.cninfo.com.cn/finalpage/2025-04-29/1223382679.PDF
000632,三木集团,2024年年度报告,2025-04-29 00:00:00,1223358311,reports_raw/companies/000_sz_main/000632_三木集团/2024/1223358311.pdf,https://static.cninfo.com.cn/finalpage/2025-04-29/1223358311.PDF
000637,茂化实华,2024年年度报告,2025-04-29 00:00:00,1223369814,reports_raw/companies/000_sz_main/000637_茂化实华/2024/1223369814.pdf,https://static.cninfo.com.cn/finalpage/2025-04-29/1223369814.PDF
000638,万方发展,2024年年度报告,2025-04-29 00:00:00,1223383301,reports_raw/companies/000_sz_main/000638_万方发展/2024/1223383301.pdf,https://static.cninfo.com.cn/finalpage/2025-04-29/1223383301.PDF
000651,格力电器,2024年年度报告,2025-04-28 00:00:00,1223330631,reports_raw/companies/000_sz_main/000651_格力电器/2024/1223330631.pdf,https://static.cninfo.com.cn/finalpage/2025-04-28/1223330631.PDF
000656,*ST金科,2024年年度报告,2025-04-29 00:00:00,1223384368,reports_raw/companies/000_sz_main/000656_ST金科/2024/1223384368.pdf,https://static.cninfo.com.cn/finalpage/2025-04-29/1223384368.PDF
000665,湖北广电,2024年年度报告,2025-04-29 00:00:00,1223360869,reports_raw/companies/000_sz_main/000665_湖北广电/2024/1223360869.pdf,https://static.cninfo.com.cn/finalpage/2025-04-29/1223360869.PDF
000668,荣丰控股,2024年年度报告,2025-04-29 00:00:00,1223381579,reports_raw/companies/000_sz_main/000668_荣丰控股/2024/1223381579.pdf,https://static.cninfo.com.cn/finalpage/2025-04-29/1223381579.PDF
000669,ST金鸿,2024年年度报告,2025-04-29 00:00:00,1223391751,reports_raw/companies/000_sz_main/000669_ST金鸿/2024/1223391751.pdf,https://static.cninfo.com.cn/finalpage/2025-04-29/1223391751.PDF
000676,智度股份,2024年年度报告,2025-04-29 00:00:00,1223379237,reports_raw/companies/000_sz_main/000676_智度股份/2024/1223379237.pdf,https://static.cninfo.com.cn/finalpage/2025-04-29/1223379237.PDF
000678,襄阳轴承,2024年年度报告,2025-04-26 00:00:00,1223328155,reports_raw/companies/000_sz_main/000678_襄阳轴承/2024/1223328155.pdf,https://static.cninfo.com.cn/finalpage/2025-04-26/1223328155.PDF
000679,大连友谊,2024年年度报告,2025-04-26 00:00:00,1223327895,reports_raw/companies/000_sz_main/000679_大连友谊/2024/1223327895.pdf,https://static.cninfo.com.cn/finalpage/2025-04-26/1223327895.PDF
000690,宝新能源,2024年年度报告,2025-04-29 00:00:00,1223370875,reports_raw/companies/000_sz_main/000690_宝新能源/2024/1223370875.pdf,https://static.cninfo.com.cn/finalpage/2025-04-29/1223370875.PDF
000691,亚太实业,2024年年度报告,2025-04-29 00:00:00,1223375086,reports_raw/companies/000_sz_main/000691_亚太实业/2024/1223375086.pdf,https://static.cninfo.com.cn/finalpage/2025-04-29/1223375086.PDF
000692,惠天热电,2024年年度报告,2025-04-29 00:00:00,1223381065,reports_raw/companies/000_sz_main/000692_惠天热电/2024/1223381065.pdf,https://static.cninfo.com.cn/finalpage/2025-04-29/1223381065.PDF
000700,模塑科技,2024年年度报告,2025-04-29 00:00:00,1223369521,reports_raw/companies/000_sz_main/000700_模塑科技/2024/1223369521.pdf,https://static.cninfo.com.cn/finalpage/2025-04-29/1223369521.PDF
000705,浙江震元,2024年年度报告,2025-04-29 00:00:00,1223372978,reports_raw/companies/000_sz_main/000705_浙江震元/2024/1223372978.pdf,https://static.cninfo.com.cn/finalpage/2025-04-29/1223372978.PDF
000707,双环科技,2024年年度报告,2025-04-29 00:00:00,1223373790,reports_raw/companies/000_sz_main/000707_双环科技/2024/1223373790.pdf,https://static.cninfo.com.cn/finalpage/2025-04-29/1223373790.pdf
000712,锦龙股份,2024年年度报告,2025-04-28 00:00:00,1223300783,reports_raw/companies/000_sz_main/000712_锦龙股份/2024/1223300783.pdf,https://static.cninfo.com.cn/finalpage/2025-04-28/1223300783.PDF
000720,新能泰山,2024年年度报告,2025-04-28 00:00:00,1223332224,reports_raw/companies/000_sz_main/000720_新能泰山/2024/1223332224.pdf,https://static.cninfo.com.cn/finalpage/2025-04-28/1223332224.PDF
000723,美锦能源,2024年年度报告,2025-04-26 00:00:00,1223322016,reports_raw/companies/000_sz_main/000723_美锦能源/2024/1223322016.pdf,https://static.cninfo.com.cn/finalpage/2025-04-26/1223322016.PDF
000727,冠捷科技,2024年年度报告,2025-04-29 00:00:00,1223369635,reports_raw/companies/000_sz_main/000727_冠捷科技/2024/1223369635.pdf,https://static.cninfo.com.cn/finalpage/2025-04-29/1223369635.PDF
000759,中百集团,2024年年度报告,2025-04-26 00:00:00,1223327789,reports_raw/companies/000_sz_main/000759_中百集团/2024/1223327789.pdf,https://static.cninfo.com.cn/finalpage/2025-04-26/1223327789.PDF
000783,长江证券,2024年年度报告,2025-04-29 00:00:00,1223376019,reports_raw/companies/000_sz_main/000783_长江证券/2024/1223376019.pdf,https://static.cninfo.com.cn/finalpage/2025-04-29/1223376019.PDF
000785,居然智家,2024年年度报告,2025-04-30 00:00:00,1223418039,reports_raw/companies/000_sz_main/000785_居然智家/2024/1223418039.pdf,https://static.cninfo.com.cn/finalpage/2025-04-30/1223418039.PDF
000790,华神科技,2024年年度报告,2025-04-29 00:00:00,1223372751,reports_raw/companies/000_sz_main/000790_华神科技/2024/1223372751.pdf,https://static.cninfo.com.cn/finalpage/2025-04-29/1223372751.PDF
000793,ST华闻,2024年年度报告,2025-04-26 00:00:00,1223324693,reports_raw/companies/000_sz_main/000793_ST华闻/2024/1223324693.pdf,https://static.cninfo.com.cn/finalpage/2025-04-26/1223324693.PDF
000799,酒鬼酒,2024年年度报告,2025-04-29 00:00:00,1223367569,reports_raw/companies/000_sz_main/000799_酒鬼酒/2024/1223367569.pdf,https://static.cninfo.com.cn/finalpage/2025-04-29/1223367569.PDF
000800,一汽解放,2024年年度报告（英文版）,2025-04-30 00:00:00,1223407248,reports_raw/companies/000_sz_main/000800_一汽解放/2024/1223407248.pdf,https://static.cninfo.com.cn/finalpage/2025-04-30/1223407248.PDF
000813,德展健康,2024年年度报告,2025-04-29 00:00:00,1223388684,reports_raw/companies/000_sz_main/000813_德展健康/2024/1223388684.pdf,https://static.cninfo.com.cn/finalpage/2025-04-29/1223388684.PDF
000820,神雾节能,2024年年度报告,2025-04-29 00:00:00,1223385090,reports_raw/companies/000_sz_main/000820_神雾节能/2024/1223385090.pdf,https://static.cninfo.com.cn/finalpage/2025-04-29/1223385090.PDF
000825,太钢不锈,2024年年度报告,2025-04-28 00:00:00,1223315831,reports_raw/companies/000_sz_main/000825_太钢不锈/2024/1223315831.pdf,https://static.cninfo.com.cn/finalpage/2025-04-28/1223315831.PDF
000826,启迪环境,2024年年度报告,2025-04-29 00:00:00,1223383631,reports_raw/companies/000_sz_main/000826_启迪环境/2024/1223383631.pdf,https://static.cninfo.com.cn/finalpage/2025-04-29/1223383631.PDF
000829,天音控股,2024年年度报告,2025-04-29 00:00:00,1223374662,reports_raw/companies/000_sz_main/000829_天音控股/2024/1223374662.pdf,https://static.cninfo.com.cn/finalpage/2025-04-29/1223374662.PDF
000831,中国稀土,2024年年度报告,2025-04-28 00:00:00,1223322883,reports_raw/companies/000_sz_main/000831_中国稀土/2024/1223322883.pdf,https://static.cninfo.com.cn/finalpage/2025-04-28/1223322883.PDF
000839,中信国安,2024年年度报告,2025-04-29 00:00:00,1223377668,reports_raw/companies/000_sz_main/000839_中信国安/2024/1223377668.pdf,https://static.cninfo.com.cn/finalpage/2025-04-29/1223377668.PDF
000851,ST高鸿,2024年年度报告,2025-04-29 00:00:00,1223388951,reports_raw/companies/000_sz_main/000851_ST高鸿/2024/1223388951.pdf,https://static.cninfo.com.cn/finalpage/2025-04-29/1223388951.PDF
000875,吉电股份,2024年年度报告,2025-04-29 00:00:00,1223370787,reports_raw/companies/000_sz_main/000875_吉电股份/2024/1223370787.pdf,https://static.cninfo.com.cn/finalpage/2025-04-29/1223370787.PDF
000881,中广核技,2024年年度报告,2025-04-29 00:00:00,1223363488,reports_raw/companies/000_sz_main/000881_中广核技/2024/1223363488.pdf,https://static.cninfo.com.cn/finalpage/2025-04-29/1223363488.PDF
000882,华联股份,2024年年度报告,2025-04-28 00:00:00,1223322263,reports_raw/companies/000_sz_main/000882_华联股份/2024/1223322263.pdf,https://static.cninfo.com.cn/finalpage/2025-04-28/1223322263.PDF
000886,海南高速,2024年年度报告,2025-04-29 00:00:00,1223365114,reports_raw/companies/000_sz_main/000886_海南高速/2024/1223365114.pdf,https://static.cninfo.com.cn/finalpage/2025-04-29/1223365114.pdf
000887,中鼎股份,2024年年度报告,2025-04-29 00:00:00,1223369489,reports_raw/companies/000_sz_main/000887_中鼎股份/2024/1223369489.pdf,https://static.cninfo.com.cn/finalpage/2025-04-29/1223369489.PDF
000890,法尔胜,2024年年度报告,2025-04-28 00:00:00,1223317715,reports_raw/companies/000_sz_main/000890_法尔胜/2024/1223317715.pdf,https://static.cninfo.com.cn/finalpage/2025-04-28/1223317715.PDF
000897,津滨发展,2024年年度报告,2025-04-29 00:00:00,1223361063,reports_raw/companies/000_sz_main/000897_津滨发展/2024/1223361063.pdf,https://static.cninfo.com.cn/finalpage/2025-04-29/1223361063.PDF
000903,云内动力,2024年年度报告,2025-04-30 00:00:00,1223415269,reports_raw/companies/000_sz_main/000903_云内动力/2024/1223415269.pdf,https://static.cninfo.com.cn/finalpage/2025-04-30/1223415269.PDF
000908,*ST景峰,2024年年度报告,2025-04-29 00:00:00,1223382404,reports_raw/companies/000_sz_main/000908_ST景峰/2024/1223382404.pdf,https://static.cninfo.com.cn/finalpage/2025-04-29/1223382404.PDF
000912,泸天化,2024年年度报告,2025-04-26 00:00:00,1223322706,reports_raw/companies/000_sz_main/000912_泸天化/2024/1223322706.pdf,https://static.cninfo.com.cn/finalpage/2025-04-26/1223322706.PDF
000917,电广传媒,2024年年度报告,2025-04-26 00:00:00,1223329341,reports_raw/companies/000_sz_main/000917_电广传媒/2024/1223329341.pdf,https://static.cninfo.com.cn/finalpage/2025-04-26/1223329341.PDF
000926,福星股份,2024年年度报告,2025-04-29 00:00:00,1223380389,reports_raw/companies/000_sz_main/000926_福星股份/2024/1223380389.pdf,https://static.cninfo.com.cn/finalpage/2025-04-29/1223380389.PDF
000929,兰州黄河,2024年年度报告,2025-04-29 00:00:00,1223382381,reports_raw/companies/000_sz_main/000929_兰州黄河/2024/1223382381.pdf,https://static.cninfo.com.cn/finalpage/2025-04-29/1223382381.PDF
000935,四川双马,2024年年度报告,2025-04-29 00:00:00,1223369402,reports_raw/companies/000_sz_main/000935_四川双马/2024/1223369402.pdf,https://static.cninfo.com.cn/finalpage/2025-04-29/1223369402.PDF
000936,华西股份,2024年年度报告,2025-04-29 00:00:00,1223365073,reports_raw/companies/000_sz_main/000936_华西股份/2024/1223365073.pdf,https://static.cninfo.com.cn/finalpage/2025-04-29/1223365073.PDF
000938,紫光股份,2024年年度报告,2025-04-29 00:00:00,1223369453,reports_raw/companies/000_sz_main/000938_紫光股份/2024/1223369453.pdf,https://static.cninfo.com.cn/finalpage/2025-04-29/1223369453.PDF
000948,南天信息,2024年年度报告,2025-04-29 00:00:00,1223376651,reports_raw/companies/000_sz_main/000948_南天信息/2024/1223376651.pdf,https://static.cninfo.com.cn/finalpage/2025-04-29/1223376651.PDF
000952,广济药业,2024年年度报告,2025-04-28 00:00:00,1223312652,reports_raw/companies/000_sz_main/000952_广济药业/2024/1223312652.pdf,https://static.cninfo.com.cn/finalpage/2025-04-28/1223312652.PDF
000953,河化股份,2024年年度报告,2025-04-26 00:00:00,1223324895,reports_raw/companies/000_sz_main/000953_河化股份/2024/1223324895.pdf,https://static.cninfo.com.cn/finalpage/2025-04-26/1223324895.PDF
000966,长源电力,2024年年度报告,2025-04-26 00:00:00,1223317553,reports_raw/companies/000_sz_main/000966_长源电力/2024/1223317553.pdf,https://static.cninfo.com.cn/finalpage/2025-04-26/1223317553.PDF
000980,众泰汽车,2024年年度报告,2025-04-28 00:00:00,1223328235,reports_raw/companies/000_sz_main/000980_众泰汽车/2024/1223328235.pdf,https://static.cninfo.com.cn/finalpage/2025-04-28/1223328235.pdf
000983,山西焦煤,2024年年度报告,2025-04-29 00:00:00,1223374712,reports_raw/companies/000_sz_main/000983_山西焦煤/2024/1223374712.pdf,https://static.cninfo.com.cn/finalpage/2025-04-29/1223374712.PDF
000995,皇台酒业,2024年年度报告,2025-04-29 00:00:00,1223374302,reports_raw/companies/000_sz_main/000995_皇台酒业/2024/1223374302.pdf,https://static.cninfo.com.cn/finalpage/2025-04-29/1223374302.PDF
000998,隆平高科,2024年年度报告,2025-04-26 00:00:00,1223320882,reports_raw/companies/000_sz_main/000998_隆平高科/2024/1223320882.pdf,https://static.cninfo.com.cn/finalpage/2025-04-26/1223320882.PDF
001210,金房能源,2024年年度报告,2025-04-26 00:00:00,1223322565,reports_raw/companies/001_sz_main/001210_金房能源/2024/1223322565.pdf,https://static.cninfo.com.cn/finalpage/2025-04-26/1223322565.PDF
001213,中铁特货,2024年年度报告,2025-04-29 00:00:00,1223359952,reports_raw/companies/001_sz_main/001213_中铁特货/2024/1223359952.pdf,https://static.cninfo.com.cn/finalpage/2025-04-29/1223359952.PDF
001215,千味央厨,2024年年度报告,2025-04-26 00:00:00,1223329187,reports_raw/companies/001_sz_main/001215_千味央厨/2024/1223329187.pdf,https://static.cninfo.com.cn/finalpage/2025-04-26/1223329187.PDF
001227,兰州银行,2024年年度报告,2025-04-28 00:00:00,1223317422,reports_raw/companies/001_sz_main/001227_兰州银行/2024/1223317422.pdf,https://static.cninfo.com.cn/finalpage/2025-04-28/1223317422.PDF
001231,农心科技,2024年年度报告,2025-04-28 00:00:00,1223304136,reports_raw/companies/001_sz_main/001231_农心科技/2024/1223304136.pdf,https://static.cninfo.com.cn/finalpage/2025-04-28/1223304136.PDF
001238,浙江正特,2024年年度报告,2025-04-29 00:00:00,1223356742,reports_raw/companies/001_sz_main/001238_浙江正特/2024/1223356742.pdf,https://static.cninfo.com.cn/finalpage/2025-04-29/1223356742.PDF
001255,博菲电气,2024年年度报告,2025-04-28 00:00:00,1223319263,reports_raw/companies/001_sz_main/001255_博菲电气/2024/1223319263.pdf,https://static.cninfo.com.cn/finalpage/2025-04-28/1223319263.PDF
001256,炜冈科技,2024年年度报告,2025-04-29 00:00:00,1223366211,reports_raw/companies/001_sz_main/001256_炜冈科技/2024/1223366211.pdf,https://static.cninfo.com.cn/finalpage/2025-04-29/1223366211.PDF
001266,宏英智能,2024年年度报告,2025-04-29 00:00:00,1223367964,reports_raw/companies/001_sz_main/001266_宏英智能/2024/1223367964.pdf,https://static.cninfo.com.cn/finalpage/2025-04-29/1223367964.PDF
001269,欧晶科技,2024年年度报告,2025-04-28 00:00:00,1223319535,reports_raw/companies/001_sz_main/001269_欧晶科技/2024/1223319535.pdf,https://static.cninfo.com.cn/finalpage/2025-04-28/1223319535.PDF
001283,豪鹏科技,2024年年度报告,2025-04-28 00:00:00,1223314498,reports_raw/companies/001_sz_main/001283_豪鹏科技/2024/1223314498.pdf,https://static.cninfo.com.cn/finalpage/2025-04-28/1223314498.PDF
001287,中电港,2024年年度报告,2025-04-29 00:00:00,1223357955,reports_raw/companies/001_sz_main/001287_中电港/2024/1223357955.pdf,https://static.cninfo.com.cn/finalpage/2025-04-29/1223357955.PDF
001300,三柏硕,2024年年度报告,2025-04-28 00:00:00,1223312203,reports_raw/companies/001_sz_main/001300_三柏硕/2024/1223312203.pdf,https://static.cninfo.com.cn/finalpage/2025-04-28/1223312203.PDF
001313,粤海饲料,2024年年度报告,2025-04-29 00:00:00,1223377287,reports_raw/companies/001_sz_main/001313_粤海饲料/2024/1223377287.pdf,https://static.cninfo.com.cn/finalpage/2025-04-29/1223377287.PDF
001317,三羊马,2024年年度报告,2025-04-28 00:00:00,1223322062,reports_raw/companies/001_sz_main/001317_三羊马/2024/1223322062.pdf,https://static.cninfo.com.cn/finalpage/2025-04-28/1223322062.PDF
001330,博纳影业,2024年年度报告,2025-04-29 00:00:00,1223382511,reports_raw/companies/001_sz_main/001330_博纳影业/2024/1223382511.pdf,https://static.cninfo.com.cn/finalpage/2025-04-29/1223382511.PDF
001366,播恩集团,2024年年度报告,2025-04-28 00:00:00,1223313513,reports_raw/companies/001_sz_main/001366_播恩集团/2024/1223313513.pdf,https://static.cninfo.com.cn/finalpage/2025-04-28/1223313513.PDF
002005,ST德豪,2024年年度报告,2025-04-29 00:00:00,1223379226,reports_raw/companies/002_sz_main/002005_ST德豪/2024/1223379226.pdf,https://static.cninfo.com.cn/finalpage/2025-04-29/1223379226.PDF
002015,协鑫能科,2024年年度报告,2025-04-29 00:00:00,1223382347,reports_raw/companies/002_sz_main/002015_协鑫能科/2024/1223382347.pdf,https://static.cninfo.com.cn/finalpage/2025-04-29/1223382347.PDF
002019,亿帆医药,2024年年度报告,2025-04-28 00:00:00,1223311284,reports_raw/companies/002_sz_main/002019_亿帆医药/2024/1223311284.pdf,https://static.cninfo.com.cn/finalpage/2025-04-28/1223311284.PDF
002022,科华生物,2024年年度报告,2025-04-28 00:00:00,1223302312,reports_raw/companies/002_sz_main/002022_科华生物/2024/1223302312.pdf,https://static.cninfo.com.cn/finalpage/2025-04-28/1223302312.PDF
002027,分众传媒,2024年年度报告,2025-04-29 00:00:00,1223365040,reports_raw/companies/002_sz_main/002027_分众传媒/2024/1223365040.pdf,https://static.cninfo.com.cn/finalpage/2025-04-29/1223365040.PDF
002035,华帝股份,2024年年度报告,2025-04-29 00:00:00,1223372821,reports_raw/companies/002_sz_main/002035_华帝股份/2024/1223372821.pdf,https://static.cninfo.com.cn/finalpage/2025-04-29/1223372821.PDF
002040,南 京 港,2024年年度报告,2025-04-26 00:00:00,1223317875,reports_raw/companies/002_sz_main/002040_南_京_港/2024/1223317875.pdf,https://static.cninfo.com.cn/finalpage/2025-04-26/1223317875.PDF
002042,华孚时尚,2024年年度报告,2025-04-26 00:00:00,1223324935,reports_raw/companies/002_sz_main/002042_华孚时尚/2024/1223324935.pdf,https://static.cninfo.com.cn/finalpage/2025-04-26/1223324935.PDF
002045,国光电器,2024年年度报告,2025-04-29 00:00:00,1223377142,reports_raw/companies/002_sz_main/002045_国光电器/2024/1223377142.pdf,https://static.cninfo.com.cn/finalpage/2025-04-29/1223377142.PDF
002055,得润电子,2024年年度报告,2025-04-29 00:00:00,1223388590,reports_raw/companies/002_sz_main/002055_得润电子/2024/1223388590.pdf,https://static.cninfo.com.cn/finalpage/2025-04-29/1223388590.PDF
002058,威尔泰,2024年年度报告,2025-04-29 00:00:00,1223370915,reports_raw/companies/002_sz_main/002058_威尔泰/2024/1223370915.pdf,https://static.cninfo.com.cn/finalpage/2025-04-29/1223370915.PDF
002061,浙江交科,2024年年度报告,2025-04-28 00:00:00,1223323059,reports_raw/companies/002_sz_main/002061_浙江交科/2024/1223323059.pdf,https://static.cninfo.com.cn/finalpage/2025-04-28/1223323059.PDF
002067,景兴纸业,2024年年度报告,2025-04-29 00:00:00,1223360454,reports_raw/companies/002_sz_main/002067_景兴纸业/2024/1223360454.pdf,https://static.cninfo.com.cn/finalpage/2025-04-29/1223360454.PDF
002076,星光股份,2024年年度报告,2025-04-28 00:00:00,1223329024,reports_raw/companies/002_sz_main/002076_星光股份/2024/1223329024.pdf,https://static.cninfo.com.cn/finalpage/2025-04-28/1223329024.PDF
002081,金 螳 螂,2024年年度报告,2025-04-29 00:00:00,1223371327,reports_raw/companies/002_sz_main/002081_金_螳_螂/2024/1223371327.pdf,https://static.cninfo.com.cn/finalpage/2025-04-29/1223371327.PDF
002082,万邦德,2024年年度报告,2025-04-29 00:00:00,1223368340,reports_raw/companies/002_sz_main/002082_万邦德/2024/1223368340.pdf,https://static.cninfo.com.cn/finalpage/2025-04-29/1223368340.PDF
002084,海鸥住工,2024年年度报告,2025-04-29 00:00:00,1223360237,reports_raw/companies/002_sz_main/002084_海鸥住工/2024/1223360237.pdf,https://static.cninfo.com.cn/finalpage/2025-04-29/1223360237.PDF
002085,万丰奥威,2024年年度报告,2025-04-29 00:00:00,1223381130,reports_raw/companies/002_sz_main/002085_万丰奥威/2024/1223381130.pdf,https://static.cninfo.com.cn/finalpage/2025-04-29/1223381130.PDF
002086,东方海洋,2024年年度报告,2025-04-28 00:00:00,1223315696,reports_raw/companies/002_sz_main/002086_东方海洋/2024/1223315696.pdf,https://static.cninfo.com.cn/finalpage/2025-04-28/1223315696.PDF
002088,鲁阳节能,2024年年度报告,2025-04-28 00:00:00,1223311916,reports_raw/companies/002_sz_main/002088_鲁阳节能/2024/1223311916.pdf,https://static.cninfo.com.cn/finalpage/2025-04-28/1223311916.PDF
002095,生 意 宝,2024年年度报告,2025-04-29 00:00:00,1223379350,reports_raw/companies/002_sz_main/002095_生_意_宝/2024/1223379350.pdf,https://static.cninfo.com.cn/finalpage/2025-04-29/1223379350.PDF
002098,浔兴股份,2024年年度报告,2025-04-26 00:00:00,1223318592,reports_raw/companies/002_sz_main/002098_浔兴股份/2024/1223318592.pdf,https://static.cninfo.com.cn/finalpage/2025-04-26/1223318592.PDF
002099,海翔药业,2024年年度报告,2025-04-29 00:00:00,1223361082,reports_raw/companies/002_sz_main/002099_海翔药业/2024/1223361082.pdf,https://static.cninfo.com.cn/finalpage/2025-04-29/1223361082.PDF
002100,天康生物,2024年年度报告,2025-04-29 00:00:00,1223364379,reports_raw/companies/002_sz_main/002100_天康生物/2024/1223364379.pdf,https://static.cninfo.com.cn/finalpage/2025-04-29/1223364379.PDF
002101,广东鸿图,2024年年度报告,2025-04-29 00:00:00,1223381032,reports_raw/companies/002_sz_main/002101_广东鸿图/2024/1223381032.pdf,https://static.cninfo.com.cn/finalpage/2025-04-29/1223381032.PDF
002102,能特科技,2024年年度报告,2025-04-26 00:00:00,1223330036,reports_raw/companies/002_sz_main/002102_能特科技/2024/1223330036.pdf,https://static.cninfo.com.cn/finalpage/2025-04-26/1223330036.PDF
002104,恒宝股份,2024年年度报告,2025-04-28 00:00:00,1223321018,reports_raw/companies/002_sz_main/002104_恒宝股份/2024/1223321018.pdf,https://static.cninfo.com.cn/finalpage/2025-04-28/1223321018.PDF
002107,沃华医药,2024年年度报告,2025-04-26 00:00:00,1223319765,reports_raw/companies/002_sz_main/002107_沃华医药/2024/1223319765.pdf,https://static.cninfo.com.cn/finalpage/2025-04-26/1223319765.PDF
002115,三维通信,2024年年度报告,2025-04-28 00:00:00,1223324479,reports_raw/companies/002_sz_main/002115_三维通信/2024/1223324479.pdf,https://static.cninfo.com.cn/finalpage/2025-04-28/1223324479.PDF
002120,韵达股份,2024年年度报告,2025-04-28 00:00:00,1223319201,reports_raw/companies/002_sz_main/002120_韵达股份/2024/1223319201.pdf,https://static.cninfo.com.cn/finalpage/2025-04-28/1223319201.PDF
002129,TCL中环,2024年年度报告,2025-04-26 00:00:00,1223330188,reports_raw/companies/002_sz_main/002129_TCL中环/2024/1223330188.pdf,https://static.cninfo.com.cn/finalpage/2025-04-26/1223330188.PDF
002130,沃尔核材,2024年年度报告,2025-04-26 00:00:00,1223320624,reports_raw/companies/002_sz_main/002130_沃尔核材/2024/1223320624.pdf,https://static.cninfo.com.cn/finalpage/2025-04-26/1223320624.PDF
002131,利欧股份,2024年年度报告,2025-04-29 00:00:00,1223362227,reports_raw/companies/002_sz_main/002131_利欧股份/2024/1223362227.pdf,https://static.cninfo.com.cn/finalpage/2025-04-29/1223362227.PDF
002141,*ST贤丰,2024年年度报告,2025-04-29 00:00:00,1223379959,reports_raw/companies/002_sz_main/002141_ST贤丰/2024/1223379959.pdf,https://static.cninfo.com.cn/finalpage/2025-04-29/1223379959.PDF
002146,荣盛发展,2024年年度报告,2025-04-28 00:00:00,1223327098,reports_raw/companies/002_sz_main/002146_荣盛发展/2024/1223327098.pdf,https://static.cninfo.com.cn/finalpage/2025-04-28/1223327098.PDF
002149,西部材料,2024年年度报告,2025-04-29 00:00:00,1223374793,reports_raw/companies/002_sz_main/002149_西部材料/2024/1223374793.pdf,https://static.cninfo.com.cn/finalpage/2025-04-29/1223374793.PDF
002153,石基信息,2024年年度报告,2025-04-29 00:00:00,1223378868,reports_raw/companies/002_sz_main/002153_石基信息/2024/1223378868.pdf,https://static.cninfo.com.cn/finalpage/2025-04-29/1223378868.PDF
002161,远 望 谷,2024年年度报告,2025-04-28 00:00:00,1223321324,reports_raw/companies/002_sz_main/002161_远_望_谷/2024/1223321324.pdf,https://static.cninfo.com.cn/finalpage/2025-04-28/1223321324.PDF
002164,宁波东力,2024年年度报告,2025-04-29 00:00:00,1223356802,reports_raw/companies/002_sz_main/002164_宁波东力/2024/1223356802.pdf,https://static.cninfo.com.cn/finalpage/2025-04-29/1223356802.PDF
002168,ST惠程,2024年年度报告,2025-04-29 00:00:00,1223389209,reports_raw/companies/002_sz_main/002168_ST惠程/2024/1223389209.pdf,https://static.cninfo.com.cn/finalpage/2025-04-29/1223389209.PDF
002174,游族网络,2024年年度报告,2025-04-26 00:00:00,1223316981,reports_raw/companies/002_sz_main/002174_游族网络/2024/1223316981.pdf,https://static.cninfo.com.cn/finalpage/2025-04-26/1223316981.PDF
002175,东方智造,2024年年度报告,2025-04-29 00:00:00,1223360295,reports_raw/companies/002_sz_main/002175_东方智造/2024/1223360295.pdf,https://static.cninfo.com.cn/finalpage/2025-04-29/1223360295.PDF
002176,江特电机,2024年年度报告,2025-04-29 00:00:00,1223377375,reports_raw/companies/002_sz_main/002176_江特电机/2024/1223377375.pdf,https://static.cninfo.com.cn/finalpage/2025-04-29/1223377375.PDF
002184,海得控制,2024年年度报告,2025-04-28 00:00:00,1223324076,reports_raw/companies/002_sz_main/002184_海得控制/2024/1223324076.pdf,https://static.cninfo.com.cn/finalpage/2025-04-28/1223324076.PDF
002191,劲嘉股份,2024年年度报告,2025-04-29 00:00:00,1223360621,reports_raw/companies/002_sz_main/002191_劲嘉股份/2024/1223360621.pdf,https://static.cninfo.com.cn/finalpage/2025-04-29/1223360621.PDF
002193,如意集团,2024年年度报告,2025-04-29 00:00:00,1223384899,reports_raw/companies/002_sz_main/002193_如意集团/2024/1223384899.pdf,https://static.cninfo.com.cn/finalpage/2025-04-29/1223384899.PDF
002197,ST证通,2024年年度报告,2025-04-29 00:00:00,1223382640,reports_raw/companies/002_sz_main/002197_ST证通/2024/1223382640.pdf,https://static.cninfo.com.cn/finalpage/2025-04-29/1223382640.PDF
002198,嘉应制药,2024年年度报告,2025-04-26 00:00:00,1223330807,reports_raw/companies/002_sz_main/002198_嘉应制药/2024/1223330807.pdf,https://static.cninfo.com.cn/finalpage/2025-04-26/1223330807.PDF
002203,海亮股份,2024年年度报告,2025-04-26 00:00:00,1223321870,reports_raw/companies/002_sz_main/002203_海亮股份/2024/1223321870.pdf,https://static.cninfo.com.cn/finalpage/2025-04-26/1223321870.PDF
002205,国统股份,2024年年度报告,2025-04-29 00:00:00,1223379173,reports_raw/companies/002_sz_main/002205_国统股份/2024/1223379173.pdf,https://static.cninfo.com.cn/finalpage/2025-04-29/1223379173.PDF
002214,大立科技,2024年年度报告,2025-04-26 00:00:00,1223329054,reports_raw/companies/002_sz_main/002214_大立科技/2024/1223329054.pdf,https://static.cninfo.com.cn/finalpage/2025-04-26/1223329054.PDF
002217,*ST合泰,2024年年度报告,2025-04-29 00:00:00,1223387003,reports_raw/companies/002_sz_main/002217_ST合泰/2024/1223387003.pdf,https://static.cninfo.com.cn/finalpage/2025-04-29/1223387003.PDF
002219,新里程,2024年年度报告,2025-04-29 00:00:00,1223382797,reports_raw/companies/002_sz_main/002219_新里程/2024/1223382797.pdf,https://static.cninfo.com.cn/finalpage/2025-04-29/1223382797.PDF
002222,福晶科技,2024年年度报告,2025-04-29 00:00:00,1223360523,reports_raw/companies/002_sz_main/002222_福晶科技/2024/1223360523.pdf,https://static.cninfo.com.cn/finalpage/2025-04-29/1223360523.PDF
002223,鱼跃医疗,2024年年度报告,2025-04-26 00:00:00,1223316577,reports_raw/companies/002_sz_main/002223_鱼跃医疗/2024/1223316577.pdf,https://static.cninfo.com.cn/finalpage/2025-04-26/1223316577.PDF
002224,三 力 士,2024年年度报告,2025-04-29 00:00:00,1223380357,reports_raw/companies/002_sz_main/002224_三_力_士/2024/1223380357.pdf,https://static.cninfo.com.cn/finalpage/2025-04-29/1223380357.PDF
002227,奥 特 迅,2024年年度报告,2025-04-30 00:00:00,1223414049,reports_raw/companies/002_sz_main/002227_奥_特_迅/2024/1223414049.pdf,https://static.cninfo.com.cn/finalpage/2025-04-30/1223414049.PDF
002228,合兴包装,2024年年度报告,2025-04-26 00:00:00,1223318784,reports_raw/companies/002_sz_main/002228_合兴包装/2024/1223318784.pdf,https://static.cninfo.com.cn/finalpage/2025-04-26/1223318784.PDF
002231,奥维通信,2024年年度报告,2025-04-29 00:00:00,1223382140,reports_raw/companies/002_sz_main/002231_奥维通信/2024/1223382140.pdf,https://static.cninfo.com.cn/finalpage/2025-04-29/1223382140.PDF
002235,安妮股份,2024年年度报告,2025-04-29 00:00:00,1223376306,reports_raw/companies/002_sz_main/002235_安妮股份/2024/1223376306.pdf,https://static.cninfo.com.cn/finalpage/2025-04-29/1223376306.PDF
002249,大洋电机,2024年年度报告,2025-04-26 00:00:00,1223322208,reports_raw/companies/002_sz_main/002249_大洋电机/2024/1223322208.pdf,https://static.cninfo.com.cn/finalpage/2025-04-26/1223322208.PDF
002253,川大智胜,2024年年度报告,2025-04-28 00:00:00,1223327542,reports_raw/companies/002_sz_main/002253_川大智胜/2024/1223327542.pdf,https://static.cninfo.com.cn/finalpage/2025-04-28/1223327542.PDF
002259,ST升达,2024年年度报告,2025-04-26 00:00:00,1223324233,reports_raw/companies/002_sz_main/002259_ST升达/2024/1223324233.pdf,https://static.cninfo.com.cn/finalpage/2025-04-26/1223324233.PDF
002267,陕天然气,2024年年度报告,2025-04-29 00:00:00,1223371445,reports_raw/companies/002_sz_main/002267_陕天然气/2024/1223371445.pdf,https://static.cninfo.com.cn/finalpage/2025-04-29/1223371445.PDF
002268,电科网安,2024年年度报告,2025-04-29 00:00:00,1223379935,reports_raw/companies/002_sz_main/002268_电科网安/2024/1223379935.pdf,https://static.cninfo.com.cn/finalpage/2025-04-29/1223379935.PDF
002269,美邦服饰,2024年年度报告,2025-04-29 00:00:00,1223379027,reports_raw/companies/002_sz_main/002269_美邦服饰/2024/1223379027.pdf,https://static.cninfo.com.cn/finalpage/2025-04-29/1223379027.PDF
002277,友阿股份,2024年年度报告,2025-04-29 00:00:00,1223361354,reports_raw/companies/002_sz_main/002277_友阿股份/2024/1223361354.pdf,https://static.cninfo.com.cn/finalpage/2025-04-29/1223361354.PDF
002278,神开股份,2024年年度报告,2025-04-26 00:00:00,1223321929,reports_raw/companies/002_sz_main/002278_神开股份/2024/1223321929.pdf,https://static.cninfo.com.cn/finalpage/2025-04-26/1223321929.PDF
002289,ST宇顺,2024年年度报告,2025-04-30 00:00:00,1223421863,reports_raw/companies/002_sz_main/002289_ST宇顺/2024/1223421863.pdf,https://static.cninfo.com.cn/finalpage/2025-04-30/1223421863.PDF
002291,遥望科技,2024年年度报告,2025-04-29 00:00:00,1223373627,reports_raw/companies/002_sz_main/002291_遥望科技/2024/1223373627.pdf,https://static.cninfo.com.cn/finalpage/2025-04-29/1223373627.PDF
002292,奥飞娱乐,2024年年度报告,2025-04-29 00:00:00,1223375869,reports_raw/companies/002_sz_main/002292_奥飞娱乐/2024/1223375869.pdf,https://static.cninfo.com.cn/finalpage/2025-04-29/1223375869.PDF
002295,精艺股份,2024年年度报告,2025-04-26 00:00:00,1223332933,reports_raw/companies/002_sz_main/002295_精艺股份/2024/1223332933.pdf,https://static.cninfo.com.cn/finalpage/2025-04-26/1223332933.PDF
002304,洋河股份,2024年年度报告,2025-04-29 00:00:00,1223370519,reports_raw/companies/002_sz_main/002304_洋河股份/2024/1223370519.pdf,https://static.cninfo.com.cn/finalpage/2025-04-29/1223370519.PDF
002305,南国置业,2024年年度报告,2025-04-29 00:00:00,1223381730,reports_raw/companies/002_sz_main/002305_南国置业/2024/1223381730.pdf,https://static.cninfo.com.cn/finalpage/2025-04-29/1223381730.PDF
002310,*ST东园,2024年年度报告,2025-04-29 00:00:00,1223383574,reports_raw/companies/002_sz_main/002310_ST东园/2024/1223383574.pdf,https://static.cninfo.com.cn/finalpage/2025-04-29/1223383574.PDF
002314,南山控股,2024年年度报告,2025-04-28 00:00:00,1223301868,reports_raw/companies/002_sz_main/002314_南山控股/2024/1223301868.pdf,https://static.cninfo.com.cn/finalpage/2025-04-28/1223301868.PDF
002316,ST亚联,2024年年度报告,2025-04-29 00:00:00,1223381526,reports_raw/companies/002_sz_main/002316_ST亚联/2024/1223381526.pdf,https://static.cninfo.com.cn/finalpage/2025-04-29/1223381526.PDF
002317,众生药业,2024年年度报告,2025-04-26 00:00:00,1223321642,reports_raw/companies/002_sz_main/002317_众生药业/2024/1223321642.pdf,https://static.cninfo.com.cn/finalpage/2025-04-26/1223321642.PDF
002319,乐通股份,2024年年度报告,2025-04-28 00:00:00,1223317195,reports_raw/companies/002_sz_main/002319_乐通股份/2024/1223317195.pdf,https://static.cninfo.com.cn/finalpage/2025-04-28/1223317195.PDF
002323,雅博股份,2024年年度报告,2025-04-29 00:00:00,1223368077,reports_raw/companies/002_sz_main/002323_雅博股份/2024/1223368077.pdf,https://static.cninfo.com.cn/finalpage/2025-04-29/1223368077.PDF
002326,永太科技,2024年年度报告,2025-04-28 00:00:00,1223311878,reports_raw/companies/002_sz_main/002326_永太科技/2024/1223311878.pdf,https://static.cninfo.com.cn/finalpage/2025-04-28/1223311878.PDF
002328,新朋股份,2024年年度报告,2025-04-26 00:00:00,1223328910,reports_raw/companies/002_sz_main/002328_新朋股份/2024/1223328910.pdf,https://static.cninfo.com.cn/finalpage/2025-04-26/1223328910.pdf
002331,皖通科技,2024年年度报告,2025-04-28 00:00:00,1223302258,reports_raw/companies/002_sz_main/002331_皖通科技/2024/1223302258.pdf,https://static.cninfo.com.cn/finalpage/2025-04-28/1223302258.PDF
002335,科华数据,2024年年度报告,2025-04-26 00:00:00,1223324436,reports_raw/companies/002_sz_main/002335_科华数据/2024/1223324436.pdf,https://static.cninfo.com.cn/finalpage/2025-04-26/1223324436.PDF
002336,*ST人乐,2024年年度报告,2025-04-30 00:00:00,1223419916,reports_raw/companies/002_sz_main/002336_ST人乐/2024/1223419916.pdf,https://static.cninfo.com.cn/finalpage/2025-04-30/1223419916.PDF
002340,格林美,2024年年度报告,2025-04-26 00:00:00,1223332818,reports_raw/companies/002_sz_main/002340_格林美/2024/1223332818.pdf,https://static.cninfo.com.cn/finalpage/2025-04-26/1223332818.PDF
002345,潮宏基,2024年年度报告,2025-04-29 00:00:00,1223379131,reports_raw/companies/002_sz_main/002345_潮宏基/2024/1223379131.pdf,https://static.cninfo.com.cn/finalpage/2025-04-29/1223379131.PDF
002348,高乐股份,2024年年度报告,2025-04-28 00:00:00,1223309999,reports_raw/companies/002_sz_main/002348_高乐股份/2024/1223309999.pdf,https://static.cninfo.com.cn/finalpage/2025-04-28/1223309999.pdf
002356,赫美集团,2024年年度报告,2025-04-29 00:00:00,1223365489,reports_raw/companies/002_sz_main/002356_赫美集团/2024/1223365489.pdf,https://static.cninfo.com.cn/finalpage/2025-04-29/1223365489.PDF
002360,同德化工,2024年年度报告,2025-04-28 00:00:00,1223328968,reports_raw/companies/002_sz_main/002360_同德化工/2024/1223328968.pdf,https://static.cninfo.com.cn/finalpage/2025-04-28/1223328968.PDF
002375,亚厦股份,2024年年度报告,2025-04-29 00:00:00,1223370650,reports_raw/companies/002_sz_main/002375_亚厦股份/2024/1223370650.pdf,https://static.cninfo.com.cn/finalpage/2025-04-29/1223370650.PDF
002382,蓝帆医疗,2024年年度报告,2025-04-29 00:00:00,1223379052,reports_raw/companies/002_sz_main/002382_蓝帆医疗/2024/1223379052.pdf,https://static.cninfo.com.cn/finalpage/2025-04-29/1223379052.PDF
002388,ST新亚,2024年年度报告,2025-04-29 00:00:00,1223382602,reports_raw/companies/002_sz_main/002388_ST新亚/2024/1223382602.pdf,https://static.cninfo.com.cn/finalpage/2025-04-29/1223382602.PDF
002392,北京利尔,2024年年度报告,2025-04-29 00:00:00,1223373513,reports_raw/companies/002_sz_main/002392_北京利尔/2024/1223373513.pdf,https://static.cninfo.com.cn/finalpage/2025-04-29/1223373513.PDF
002397,梦洁股份,2024年年度报告,2025-04-28 00:00:00,1223323980,reports_raw/companies/002_sz_main/002397_梦洁股份/2024/1223323980.pdf,https://static.cninfo.com.cn/finalpage/2025-04-28/1223323980.PDF
002403,爱仕达,2024年年度报告（更新前）,2025-04-28 00:00:00,1223321666,reports_raw/companies/002_sz_main/002403_爱仕达/2024/1223321666.pdf,https://static.cninfo.com.cn/finalpage/2025-04-28/1223321666.PDF
002405,四维图新,2024年年度报告,2025-04-26 00:00:00,1223327120,reports_raw/companies/002_sz_main/002405_四维图新/2024/1223327120.pdf,https://static.cninfo.com.cn/finalpage/2025-04-26/1223327120.PDF
002409,雅克科技,2024年年度报告,2025-04-28 00:00:00,1223314774,reports_raw/companies/002_sz_main/002409_雅克科技/2024/1223314774.pdf,https://static.cninfo.com.cn/finalpage/2025-04-28/1223314774.PDF
002424,ST百灵,2024年年度报告,2025-04-29 00:00:00,1223391356,reports_raw/companies/002_sz_main/002424_ST百灵/2024/1223391356.pdf,https://static.cninfo.com.cn/finalpage/2025-04-29/1223391356.PDF
002425,ST凯文,2024年年度报告,2025-04-28 00:00:00,1223326442,reports_raw/companies/002_sz_main/002425_ST凯文/2024/1223326442.pdf,https://static.cninfo.com.cn/finalpage/2025-04-28/1223326442.PDF
002427,尤夫股份,2024年年度报告,2025-04-28 00:00:00,1223301083,reports_raw/companies/002_sz_main/002427_尤夫股份/2024/1223301083.pdf,https://static.cninfo.com.cn/finalpage/2025-04-28/1223301083.PDF
002431,棕榈股份,2024年年度报告,2025-04-26 00:00:00,1223316907,reports_raw/companies/002_sz_main/002431_棕榈股份/2024/1223316907.pdf,https://static.cninfo.com.cn/finalpage/2025-04-26/1223316907.PDF
002432,九安医疗,2024年年度报告,2025-04-29 00:00:00,1223375273,reports_raw/companies/002_sz_main/002432_九安医疗/2024/1223375273.pdf,https://static.cninfo.com.cn/finalpage/2025-04-29/1223375273.PDF
002440,闰土股份,2024年年度报告,2025-04-29 00:00:00,1223360784,reports_raw/companies/002_sz_main/002440_闰土股份/2024/1223360784.pdf,https://static.cninfo.com.cn/finalpage/2025-04-29/1223360784.PDF
002453,华软科技,2024年年度报告,2025-04-29 00:00:00,1223385449,reports_raw/companies/002_sz_main/002453_华软科技/2024/1223385449.pdf,https://static.cninfo.com.cn/finalpage/2025-04-29/1223385449.PDF
002454,松芝股份,2024年年度报告,2025-04-26 00:00:00,1223326567,reports_raw/companies/002_sz_main/002454_松芝股份/2024/1223326567.pdf,https://static.cninfo.com.cn/finalpage/2025-04-26/1223326567.PDF
002462,嘉事堂,2024年年度报告,2025-04-26 00:00:00,1223324542,reports_raw/companies/002_sz_main/002462_嘉事堂/2024/1223324542.pdf,https://static.cninfo.com.cn/finalpage/2025-04-26/1223324542.PDF
002470,金正大,2024年年度报告,2025-04-26 00:00:00,1223317551,reports_raw/companies/002_sz_main/002470_金正大/2024/1223317551.pdf,https://static.cninfo.com.cn/finalpage/2025-04-26/1223317551.PDF
002475,立讯精密,2024年年度报告,2025-04-26 00:00:00,1223326862,reports_raw/companies/002_sz_main/002475_立讯精密/2024/1223326862.pdf,https://static.cninfo.com.cn/finalpage/2025-04-26/1223326862.PDF
002481,双塔食品,2024年年度报告,2025-04-29 00:00:00,1223357032,reports_raw/companies/002_sz_main/002481_双塔食品/2024/1223357032.pdf,https://static.cninfo.com.cn/finalpage/2025-04-29/1223357032.PDF
002483,润邦股份,2024年年度报告,2025-04-29 00:00:00,1223363625,reports_raw/companies/002_sz_main/002483_润邦股份/2024/1223363625.pdf,https://static.cninfo.com.cn/finalpage/2025-04-29/1223363625.PDF
002485,ST雪发,2024年年度报告,2025-04-29 00:00:00,1223372874,reports_raw/companies/002_sz_main/002485_ST雪发/2024/1223372874.pdf,https://static.cninfo.com.cn/finalpage/2025-04-29/1223372874.PDF
002486,嘉麟杰,2024年年度报告,2025-04-29 00:00:00,1223378287,reports_raw/companies/002_sz_main/002486_嘉麟杰/2024/1223378287.pdf,https://static.cninfo.com.cn/finalpage/2025-04-29/1223378287.PDF
002488,金固股份,2024年年度报告,2025-04-26 00:00:00,1223318639,reports_raw/companies/002_sz_main/002488_金固股份/2024/1223318639.pdf,https://static.cninfo.com.cn/finalpage/2025-04-26/1223318639.PDF
002491,通鼎互联,2024年年度报告,2025-04-26 00:00:00,1223324678,reports_raw/companies/002_sz_main/002491_通鼎互联/2024/1223324678.pdf,https://static.cninfo.com.cn/finalpage/2025-04-26/1223324678.PDF
002497,雅化集团,2024年年度报告,2025-04-29 00:00:00,1223380034,reports_raw/companies/002_sz_main/002497_雅化集团/2024/1223380034.pdf,https://static.cninfo.com.cn/finalpage/2025-04-29/1223380034.PDF
002498,汉缆股份,2024年年度报告,2025-04-28 00:00:00,1223303992,reports_raw/companies/002_sz_main/002498_汉缆股份/2024/1223303992.pdf,https://static.cninfo.com.cn/finalpage/2025-04-28/1223303992.pdf
002500,山西证券,2024年年度报告,2025-04-26 00:00:00,1223320856,reports_raw/companies/002_sz_main/002500_山西证券/2024/1223320856.pdf,https://static.cninfo.com.cn/finalpage/2025-04-26/1223320856.PDF
002501,利源股份,2024年年度报告,2025-04-29 00:00:00,1223389029,reports_raw/companies/002_sz_main/002501_利源股份/2024/1223389029.pdf,https://static.cninfo.com.cn/finalpage/2025-04-29/1223389029.pdf
002506,协鑫集成,2024年年度报告,2025-04-29 00:00:00,1223373197,reports_raw/companies/002_sz_main/002506_协鑫集成/2024/1223373197.pdf,https://static.cninfo.com.cn/finalpage/2025-04-29/1223373197.PDF
002508,老板电器,2024年年度报告,2025-04-29 00:00:00,1223374553,reports_raw/companies/002_sz_main/002508_老板电器/2024/1223374553.pdf,https://static.cninfo.com.cn/finalpage/2025-04-29/1223374553.PDF
002510,天汽模,2024年年度报告,2025-04-29 00:00:00,1223360963,reports_raw/companies/002_sz_main/002510_天汽模/2024/1223360963.pdf,https://static.cninfo.com.cn/finalpage/2025-04-29/1223360963.PDF
002512,达华智能,2024年年度报告,2025-04-26 00:00:00,1223321574,reports_raw/companies/002_sz_main/002512_达华智能/2024/1223321574.pdf,https://static.cninfo.com.cn/finalpage/2025-04-26/1223321574.PDF
002513,蓝丰生化,2024年年度报告,2025-04-29 00:00:00,1223380116,reports_raw/companies/002_sz_main/002513_蓝丰生化/2024/1223380116.pdf,https://static.cninfo.com.cn/finalpage/2025-04-29/1223380116.PDF
002514,宝馨科技,2024年年度报告,2025-04-29 00:00:00,1223370804,reports_raw/companies/002_sz_main/002514_宝馨科技/2024/1223370804.pdf,https://static.cninfo.com.cn/finalpage/2025-04-29/1223370804.PDF
002527,新时达,2024年年度报告,2025-04-26 00:00:00,1223322671,reports_raw/companies/002_sz_main/002527_新时达/2024/1223322671.pdf,https://static.cninfo.com.cn/finalpage/2025-04-26/1223322671.PDF
002528,ST英飞拓,2024年年度报告,2025-04-30 00:00:00,1223414557,reports_raw/companies/002_sz_main/002528_ST英飞拓/2024/1223414557.pdf,https://static.cninfo.com.cn/finalpage/2025-04-30/1223414557.PDF
002529,海源复材,2024年年度报告,2025-04-28 00:00:00,1223330204,reports_raw/companies/002_sz_main/002529_海源复材/2024/1223330204.pdf,https://static.cninfo.com.cn/finalpage/2025-04-28/1223330204.PDF
002530,金财互联,2024年年度报告,2025-04-28 00:00:00,1223325596,reports_raw/companies/002_sz_main/002530_金财互联/2024/1223325596.pdf,https://static.cninfo.com.cn/finalpage/2025-04-28/1223325596.PDF
002537,海联金汇,2024年年度报告,2025-04-26 00:00:00,1223332866,reports_raw/companies/002_sz_main/002537_海联金汇/2024/1223332866.pdf,https://static.cninfo.com.cn/finalpage/2025-04-26/1223332866.PDF
002542,中化岩土,2024年年度报告,2025-04-29 00:00:00,1223386176,reports_raw/companies/002_sz_main/002542_中化岩土/2024/1223386176.pdf,https://static.cninfo.com.cn/finalpage/2025-04-29/1223386176.PDF
002543,万和电气,2024年年度报告,2025-04-26 00:00:00,1223317619,reports_raw/companies/002_sz_main/002543_万和电气/2024/1223317619.pdf,https://static.cninfo.com.cn/finalpage/2025-04-26/1223317619.PDF
002545,东方铁塔,2024年年度报告,2025-04-28 00:00:00,1223302874,reports_raw/companies/002_sz_main/002545_东方铁塔/2024/1223302874.pdf,https://static.cninfo.com.cn/finalpage/2025-04-28/1223302874.PDF
002551,尚荣医疗,2024年年度报告,2025-04-29 00:00:00,1223365196,reports_raw/companies/002_sz_main/002551_尚荣医疗/2024/1223365196.pdf,https://static.cninfo.com.cn/finalpage/2025-04-29/1223365196.PDF
002554,惠博普,2024年年度报告,2025-04-29 00:00:00,1223360796,reports_raw/companies/002_sz_main/002554_惠博普/2024/1223360796.pdf,https://static.cninfo.com.cn/finalpage/2025-04-29/1223360796.PDF
002559,亚威股份,2024年年度报告,2025-04-28 00:00:00,1223303808,reports_raw/companies/002_sz_main/002559_亚威股份/2024/1223303808.pdf,https://static.cninfo.com.cn/finalpage/2025-04-28/1223303808.PDF
002565,顺灏股份,2024年年度报告,2025-04-29 00:00:00,1223380524,reports_raw/companies/002_sz_main/002565_顺灏股份/2024/1223380524.pdf,https://static.cninfo.com.cn/finalpage/2025-04-29/1223380524.PDF
002567,唐人神,2024年年度报告,2025-04-29 00:00:00,1223377105,reports_raw/companies/002_sz_main/002567_唐人神/2024/1223377105.pdf,https://static.cninfo.com.cn/finalpage/2025-04-29/1223377105.PDF
002568,百润股份,2024年年度报告,2025-04-29 00:00:00,1223367524,reports_raw/companies/002_sz_main/002568_百润股份/2024/1223367524.pdf,https://static.cninfo.com.cn/finalpage/2025-04-29/1223367524.PDF
002570,贝因美,2024年年度报告,2025-04-29 00:00:00,1223388219,reports_raw/companies/002_sz_main/002570_贝因美/2024/1223388219.pdf,https://static.cninfo.com.cn/finalpage/2025-04-29/1223388219.PDF
002572,索菲亚,2024年年度报告,2025-04-29 00:00:00,1223367847,reports_raw/companies/002_sz_main/002572_索菲亚/2024/1223367847.pdf,https://static.cninfo.com.cn/finalpage/2025-04-29/1223367847.PDF
002574,明牌珠宝,2024年年度报告,2025-04-26 00:00:00,1223317285,reports_raw/companies/002_sz_main/002574_明牌珠宝/2024/1223317285.pdf,https://static.cninfo.com.cn/finalpage/2025-04-26/1223317285.PDF
002575,群兴玩具,2024年年度报告,2025-04-29 00:00:00,1223364186,reports_raw/companies/002_sz_main/002575_群兴玩具/2024/1223364186.pdf,https://static.cninfo.com.cn/finalpage/2025-04-29/1223364186.PDF
002583,海能达,2024年年度报告,2025-04-29 00:00:00,1223378490,reports_raw/companies/002_sz_main/002583_海能达/2024/1223378490.pdf,https://static.cninfo.com.cn/finalpage/2025-04-29/1223378490.PDF
002584,西陇科学,2024年年度报告,2025-04-26 00:00:00,1223321095,reports_raw/companies/002_sz_main/002584_西陇科学/2024/1223321095.pdf,https://static.cninfo.com.cn/finalpage/2025-04-26/1223321095.PDF
002586,*ST围海,2024年年度报告,2025-04-29 00:00:00,1223362887,reports_raw/companies/002_sz_main/002586_ST围海/2024/1223362887.pdf,https://static.cninfo.com.cn/finalpage/2025-04-29/1223362887.PDF
002587,奥拓电子,2024年年度报告,2025-04-29 00:00:00,1223356550,reports_raw/companies/002_sz_main/002587_奥拓电子/2024/1223356550.pdf,https://static.cninfo.com.cn/finalpage/2025-04-29/1223356550.PDF
002591,恒大高新,2024年年度报告,2025-04-28 00:00:00,1223307146,reports_raw/companies/002_sz_main/002591_恒大高新/2024/1223307146.pdf,https://static.cninfo.com.cn/finalpage/2025-04-28/1223307146.PDF
002598,山东章鼓,2024年年度报告,2025-04-29 00:00:00,1223373510,reports_raw/companies/002_sz_main/002598_山东章鼓/2024/1223373510.pdf,https://static.cninfo.com.cn/finalpage/2025-04-29/1223373510.PDF
002602,ST华通,2024年年度报告,2025-04-29 00:00:00,1223382771,reports_raw/companies/002_sz_main/002602_ST华通/2024/1223382771.pdf,https://static.cninfo.com.cn/finalpage/2025-04-29/1223382771.PDF
002603,以岭药业,2024年年度报告,2025-04-29 00:00:00,1223376453,reports_raw/companies/002_sz_main/002603_以岭药业/2024/1223376453.pdf,https://static.cninfo.com.cn/finalpage/2025-04-29/1223376453.PDF
002607,中公教育,2024年年度报告,2025-04-26 00:00:00,1223325491,reports_raw/companies/002_sz_main/002607_中公教育/2024/1223325491.pdf,https://static.cninfo.com.cn/finalpage/2025-04-26/1223325491.PDF
002609,捷顺科技,2024年年度报告,2025-04-26 00:00:00,1223318817,reports_raw/companies/002_sz_main/002609_捷顺科技/2024/1223318817.pdf,https://static.cninfo.com.cn/finalpage/2025-04-26/1223318817.PDF
002613,北玻股份,2024年年度报告,2025-04-26 00:00:00,1223318276,reports_raw/companies/002_sz_main/002613_北玻股份/2024/1223318276.pdf,https://static.cninfo.com.cn/finalpage/2025-04-26/1223318276.PDF
002614,奥佳华,2024年年度报告,2025-04-29 00:00:00,1223375575,reports_raw/companies/002_sz_main/002614_奥佳华/2024/1223375575.pdf,https://static.cninfo.com.cn/finalpage/2025-04-29/1223375575.PDF
002620,瑞和股份,2024年年度报告,2025-04-29 00:00:00,1223380973,reports_raw/companies/002_sz_main/002620_瑞和股份/2024/1223380973.pdf,https://static.cninfo.com.cn/finalpage/2025-04-29/1223380973.PDF
002622,皓宸医疗,2024年年度报告,2025-04-26 00:00:00,1223331946,reports_raw/companies/002_sz_main/002622_皓宸医疗/2024/1223331946.pdf,https://static.cninfo.com.cn/finalpage/2025-04-26/1223331946.PDF
002623,亚玛顿,2024年年度报告,2025-04-28 00:00:00,1223320112,reports_raw/companies/002_sz_main/002623_亚玛顿/2024/1223320112.pdf,https://static.cninfo.com.cn/finalpage/2025-04-28/1223320112.PDF
002630,华西能源,2024年年度报告,2025-04-29 00:00:00,1223390855,reports_raw/companies/002_sz_main/002630_华西能源/2024/1223390855.pdf,https://static.cninfo.com.cn/finalpage/2025-04-29/1223390855.PDF
002634,棒杰股份,2024年年度报告,2025-04-26 00:00:00,1223320330,reports_raw/companies/002_sz_main/002634_棒杰股份/2024/1223320330.pdf,https://static.cninfo.com.cn/finalpage/2025-04-26/1223320330.PDF
002636,金安国纪,2024年年度报告,2025-04-29 00:00:00,1223375784,reports_raw/companies/002_sz_main/002636_金安国纪/2024/1223375784.pdf,https://static.cninfo.com.cn/finalpage/2025-04-29/1223375784.PDF
002647,*ST仁东,2024年年度报告,2025-04-29 00:00:00,1223385008,reports_raw/companies/002_sz_main/002647_ST仁东/2024/1223385008.pdf,https://static.cninfo.com.cn/finalpage/2025-04-29/1223385008.PDF
002650,ST加加,2024年年度报告,2025-04-29 00:00:00,1223379072,reports_raw/companies/002_sz_main/002650_ST加加/2024/1223379072.pdf,https://static.cninfo.com.cn/finalpage/2025-04-29/1223379072.PDF
002656,ST摩登,2024年年度报告,2025-04-28 00:00:00,1223326997,reports_raw/companies/002_sz_main/002656_ST摩登/2024/1223326997.pdf,https://static.cninfo.com.cn/finalpage/2025-04-28/1223326997.PDF
002667,威领股份,2024年年度报告,2025-04-30 00:00:00,1223412801,reports_raw/companies/002_sz_main/002667_威领股份/2024/1223412801.pdf,https://static.cninfo.com.cn/finalpage/2025-04-30/1223412801.PDF
002674,兴业科技,2024年年度报告,2025-04-26 00:00:00,1223321103,reports_raw/companies/002_sz_main/002674_兴业科技/2024/1223321103.pdf,https://static.cninfo.com.cn/finalpage/2025-04-26/1223321103.PDF
002677,浙江美大,2024年年度报告,2025-04-26 00:00:00,1223331935,reports_raw/companies/002_sz_main/002677_浙江美大/2024/1223331935.pdf,https://static.cninfo.com.cn/finalpage/2025-04-26/1223331935.PDF
002689,远大智能,2024年年度报告,2025-04-26 00:00:00,1223323609,reports_raw/companies/002_sz_main/002689_远大智能/2024/1223323609.pdf,https://static.cninfo.com.cn/finalpage/2025-04-26/1223323609.PDF
002693,双成药业,2024年年度报告,2025-04-29 00:00:00,1223384561,reports_raw/companies/002_sz_main/002693_双成药业/2024/1223384561.pdf,https://static.cninfo.com.cn/finalpage/2025-04-29/1223384561.PDF
002694,顾地科技,2024年年度报告,2025-04-29 00:00:00,1223382562,reports_raw/companies/002_sz_main/002694_顾地科技/2024/1223382562.pdf,https://static.cninfo.com.cn/finalpage/2025-04-29/1223382562.PDF
002701,奥瑞金,2024年年度报告,2025-04-29 00:00:00,1223368522,reports_raw/companies/002_sz_main/002701_奥瑞金/2024/1223368522.pdf,https://static.cninfo.com.cn/finalpage/2025-04-29/1223368522.PDF
002705,新宝股份,2024年年度报告,2025-04-29 00:00:00,1223364890,reports_raw/companies/002_sz_main/002705_新宝股份/2024/1223364890.pdf,https://static.cninfo.com.cn/finalpage/2025-04-29/1223364890.PDF
002707,众信旅游,2024年年度报告,2025-04-29 00:00:00,1223361712,reports_raw/companies/002_sz_main/002707_众信旅游/2024/1223361712.pdf,https://static.cninfo.com.cn/finalpage/2025-04-29/1223361712.PDF
002713,东易日盛,2024年年度报告,2025-04-29 00:00:00,1223389081,reports_raw/companies/002_sz_main/002713_东易日盛/2024/1223389081.pdf,https://static.cninfo.com.cn/finalpage/2025-04-29/1223389081.PDF
002717,岭南股份,2024年年度报告,2025-04-29 00:00:00,1223389375,reports_raw/companies/002_sz_main/002717_岭南股份/2024/1223389375.pdf,https://static.cninfo.com.cn/finalpage/2025-04-29/1223389375.PDF
002721,ST金一,2024年年度报告,2025-04-29 00:00:00,1223382003,reports_raw/companies/002_sz_main/002721_ST金一/2024/1223382003.pdf,https://static.cninfo.com.cn/finalpage/2025-04-29/1223382003.PDF
002724,海洋王,2024年年度报告,2025-04-29 00:00:00,1223373806,reports_raw/companies/002_sz_main/002724_海洋王/2024/1223373806.pdf,https://static.cninfo.com.cn/finalpage/2025-04-29/1223373806.PDF
002727,一心堂,2024年年度报告,2025-04-28 00:00:00,1223303832,reports_raw/companies/002_sz_main/002727_一心堂/2024/1223303832.pdf,https://static.cninfo.com.cn/finalpage/2025-04-28/1223303832.PDF
002733,雄韬股份,2024年年度报告,2025-04-29 00:00:00,1223370636,reports_raw/companies/002_sz_main/002733_雄韬股份/2024/1223370636.pdf,https://static.cninfo.com.cn/finalpage/2025-04-29/1223370636.PDF
002739,万达电影,2024年年度报告,2025-04-29 00:00:00,1223382296,reports_raw/companies/002_sz_main/002739_万达电影/2024/1223382296.pdf,https://static.cninfo.com.cn/finalpage/2025-04-29/1223382296.PDF
002742,ST三圣,2024年年度报告,2025-04-26 00:00:00,1223320461,reports_raw/companies/002_sz_main/002742_ST三圣/2024/1223320461.pdf,https://static.cninfo.com.cn/finalpage/2025-04-26/1223320461.PDF
002747,埃斯顿,2024年年度报告,2025-04-29 00:00:00,1223370517,reports_raw/companies/002_sz_main/002747_埃斯顿/2024/1223370517.pdf,https://static.cninfo.com.cn/finalpage/2025-04-29/1223370517.PDF
002748,ST世龙,2024年年度报告,2025-04-26 00:00:00,1223332019,reports_raw/companies/002_sz_main/002748_ST世龙/2024/1223332019.pdf,https://static.cninfo.com.cn/finalpage/2025-04-26/1223332019.PDF
002752,昇兴股份,2024年年度报告,2025-04-29 00:00:00,1223365749,reports_raw/companies/002_sz_main/002752_昇兴股份/2024/1223365749.pdf,https://static.cninfo.com.cn/finalpage/2025-04-29/1223365749.PDF
002753,永东股份,2024年年度报告,2025-04-26 00:00:00,1223318843,reports_raw/companies/002_sz_main/002753_永东股份/2024/1223318843.pdf,https://static.cninfo.com.cn/finalpage/2025-04-26/1223318843.PDF
002755,奥赛康,2024年年度报告,2025-04-28 00:00:00,1223303478,reports_raw/companies/002_sz_main/002755_奥赛康/2024/1223303478.pdf,https://static.cninfo.com.cn/finalpage/2025-04-28/1223303478.PDF
002758,浙农股份,2024年年度报告,2025-04-26 00:00:00,1223323261,reports_raw/companies/002_sz_main/002758_浙农股份/2024/1223323261.pdf,https://static.cninfo.com.cn/finalpage/2025-04-26/1223323261.PDF
002761,浙江建投,2024年年度报告,2025-04-29 00:00:00,1223388002,reports_raw/companies/002_sz_main/002761_浙江建投/2024/1223388002.pdf,https://static.cninfo.com.cn/finalpage/2025-04-29/1223388002.PDF
002768,国恩股份,2024年年度报告,2025-04-28 00:00:00,1223319157,reports_raw/companies/002_sz_main/002768_国恩股份/2024/1223319157.pdf,https://static.cninfo.com.cn/finalpage/2025-04-28/1223319157.PDF
002769,普路通,2024年年度报告,2025-04-28 00:00:00,1223326344,reports_raw/companies/002_sz_main/002769_普路通/2024/1223326344.pdf,https://static.cninfo.com.cn/finalpage/2025-04-28/1223326344.PDF
002773,康弘药业,2024年年度报告,2025-04-26 00:00:00,1223332317,reports_raw/companies/002_sz_main/002773_康弘药业/2024/1223332317.pdf,https://static.cninfo.com.cn/finalpage/2025-04-26/1223332317.PDF
002775,文科股份,2024年年度报告,2025-04-26 00:00:00,1223328336,reports_raw/companies/002_sz_main/002775_文科股份/2024/1223328336.pdf,https://static.cninfo.com.cn/finalpage/2025-04-26/1223328336.PDF
002786,银宝山新,2024年年度报告,2025-04-29 00:00:00,1223382867,reports_raw/companies/002_sz_main/002786_银宝山新/2024/1223382867.pdf,https://static.cninfo.com.cn/finalpage/2025-04-29/1223382867.pdf
002792,通宇通讯,2024年年度报告,2025-04-26 00:00:00,1223331293,reports_raw/companies/002_sz_main/002792_通宇通讯/2024/1223331293.pdf,https://static.cninfo.com.cn/finalpage/2025-04-26/1223331293.pdf
002795,永和智控,2024年年度报告,2025-04-29 00:00:00,1223383675,reports_raw/companies/002_sz_main/002795_永和智控/2024/1223383675.pdf,https://static.cninfo.com.cn/finalpage/2025-04-29/1223383675.PDF
002798,帝欧家居,2024年年度报告,2025-04-26 00:00:00,1223332843,reports_raw/companies/002_sz_main/002798_帝欧家居/2024/1223332843.pdf,https://static.cninfo.com.cn/finalpage/2025-04-26/1223332843.PDF
002802,洪汇新材,2024年年度报告,2025-04-28 00:00:00,1223301576,reports_raw/companies/002_sz_main/002802_洪汇新材/2024/1223301576.pdf,https://static.cninfo.com.cn/finalpage/2025-04-28/1223301576.PDF
002805,丰元股份,2024年年度报告,2025-04-29 00:00:00,1223364421,reports_raw/companies/002_sz_main/002805_丰元股份/2024/1223364421.pdf,https://static.cninfo.com.cn/finalpage/2025-04-29/1223364421.PDF
002806,华锋股份,2024年年度报告,2025-04-29 00:00:00,1223366389,reports_raw/companies/002_sz_main/002806_华锋股份/2024/1223366389.pdf,https://static.cninfo.com.cn/finalpage/2025-04-29/1223366389.PDF
002809,红墙股份,2024年年度报告,2025-04-28 00:00:00,1223308375,reports_raw/companies/002_sz_main/002809_红墙股份/2024/1223308375.pdf,https://static.cninfo.com.cn/finalpage/2025-04-28/1223308375.pdf
002810,山东赫达,2024年年度报告,2025-04-26 00:00:00,1223319309,reports_raw/companies/002_sz_main/002810_山东赫达/2024/1223319309.pdf,https://static.cninfo.com.cn/finalpage/2025-04-26/1223319309.PDF
002816,和科达,2024年年度报告,2025-04-29 00:00:00,1223379421,reports_raw/companies/002_sz_main/002816_和科达/2024/1223379421.pdf,https://static.cninfo.com.cn/finalpage/2025-04-29/1223379421.PDF
002819,东方中科,2024年年度报告,2025-04-28 00:00:00,1223328587,reports_raw/companies/002_sz_main/002819_东方中科/2024/1223328587.pdf,https://static.cninfo.com.cn/finalpage/2025-04-28/1223328587.PDF
002829,星网宇达,2024年年度报告,2025-04-28 00:00:00,1223316273,reports_raw/companies/002_sz_main/002829_星网宇达/2024/1223316273.pdf,https://static.cninfo.com.cn/finalpage/2025-04-28/1223316273.PDF
002831,裕同科技,2024年年度报告,2025-04-29 00:00:00,1223358570,reports_raw/companies/002_sz_main/002831_裕同科技/2024/1223358570.pdf,https://static.cninfo.com.cn/finalpage/2025-04-29/1223358570.PDF
002832,比音勒芬,2024年年度报告,2025-04-29 00:00:00,1223374135,reports_raw/companies/002_sz_main/002832_比音勒芬/2024/1223374135.pdf,https://static.cninfo.com.cn/finalpage/2025-04-29/1223374135.PDF
002836,新宏泽,2024年年度报告,2025-04-26 00:00:00,1223332152,reports_raw/companies/002_sz_main/002836_新宏泽/2024/1223332152.pdf,https://static.cninfo.com.cn/finalpage/2025-04-26/1223332152.PDF
002842,翔鹭钨业,2024年年度报告,2025-04-29 00:00:00,1223379768,reports_raw/companies/002_sz_main/002842_翔鹭钨业/2024/1223379768.pdf,https://static.cninfo.com.cn/finalpage/2025-04-29/1223379768.PDF
002849,威星智能,2024年年度报告,2025-04-29 00:00:00,1223372435,reports_raw/companies/002_sz_main/002849_威星智能/2024/1223372435.pdf,https://static.cninfo.com.cn/finalpage/2025-04-29/1223372435.PDF
002851,麦格米特,2024年年度报告,2025-04-29 00:00:00,1223367331,reports_raw/companies/002_sz_main/002851_麦格米特/2024/1223367331.pdf,https://static.cninfo.com.cn/finalpage/2025-04-29/1223367331.PDF
002853,皮阿诺,2024年年度报告,2025-04-29 00:00:00,1223378924,reports_raw/companies/002_sz_main/002853_皮阿诺/2024/1223378924.pdf,https://static.cninfo.com.cn/finalpage/2025-04-29/1223378924.PDF
002856,美芝股份,2024年年度报告,2025-04-29 00:00:00,1223386265,reports_raw/companies/002_sz_main/002856_美芝股份/2024/1223386265.pdf,https://static.cninfo.com.cn/finalpage/2025-04-29/1223386265.PDF
002866,传艺科技,2024年年度报告,2025-04-29 00:00:00,1223360319,reports_raw/companies/002_sz_main/002866_传艺科技/2024/1223360319.pdf,https://static.cninfo.com.cn/finalpage/2025-04-29/1223360319.PDF
002867,周大生,2024年年度报告,2025-04-29 00:00:00,1223370726,reports_raw/companies/002_sz_main/002867_周大生/2024/1223370726.pdf,https://static.cninfo.com.cn/finalpage/2025-04-29/1223370726.PDF
002868,绿康生化,2024年年度报告,2025-04-29 00:00:00,1223387263,reports_raw/companies/002_sz_main/002868_绿康生化/2024/1223387263.pdf,https://static.cninfo.com.cn/finalpage/2025-04-29/1223387263.PDF
002872,ST天圣,2024年年度报告,2025-04-29 00:00:00,1223373743,reports_raw/companies/002_sz_main/002872_ST天圣/2024/1223373743.pdf,https://static.cninfo.com.cn/finalpage/2025-04-29/1223373743.PDF
002877,智能自控,2024年年度报告,2025-04-28 00:00:00,1223306082,reports_raw/companies/002_sz_main/002877_智能自控/2024/1223306082.pdf,https://static.cninfo.com.cn/finalpage/2025-04-28/1223306082.PDF
002878,元隆雅图,2024年年度报告,2025-04-29 00:00:00,1223376525,reports_raw/companies/002_sz_main/002878_元隆雅图/2024/1223376525.pdf,https://static.cninfo.com.cn/finalpage/2025-04-29/1223376525.PDF
002881,美格智能,2024年年度报告,2025-04-28 00:00:00,1223323479,reports_raw/companies/002_sz_main/002881_美格智能/2024/1223323479.pdf,https://static.cninfo.com.cn/finalpage/2025-04-28/1223323479.PDF
002885,京泉华,2024年年度报告,2025-04-26 00:00:00,1223321386,reports_raw/companies/002_sz_main/002885_京泉华/2024/1223321386.pdf,https://static.cninfo.com.cn/finalpage/2025-04-26/1223321386.PDF
002889,东方嘉盛,2024年年度报告,2025-04-26 00:00:00,1223329113,reports_raw/companies/002_sz_main/002889_东方嘉盛/2024/1223329113.pdf,https://static.cninfo.com.cn/finalpage/2025-04-26/1223329113.PDF
002893,京能热力,2024年年度报告,2025-04-26 00:00:00,1223327390,reports_raw/companies/002_sz_main/002893_京能热力/2024/1223327390.pdf,https://static.cninfo.com.cn/finalpage/2025-04-26/1223327390.PDF
002899,英派斯,2024年年度报告,2025-04-28 00:00:00,1223306367,reports_raw/companies/002_sz_main/002899_英派斯/2024/1223306367.pdf,https://static.cninfo.com.cn/finalpage/2025-04-28/1223306367.PDF
002908,德生科技,2024年年度报告,2025-04-26 00:00:00,1223332974,reports_raw/companies/002_sz_main/002908_德生科技/2024/1223332974.pdf,https://static.cninfo.com.cn/finalpage/2025-04-26/1223332974.PDF
002917,金奥博,2024年年度报告,2025-04-26 00:00:00,1223321104,reports_raw/companies/002_sz_main/002917_金奥博/2024/1223321104.pdf,https://static.cninfo.com.cn/finalpage/2025-04-26/1223321104.PDF
002919,名臣健康,2024年年度报告,2025-04-29 00:00:00,1223376513,reports_raw/companies/002_sz_main/002919_名臣健康/2024/1223376513.pdf,https://static.cninfo.com.cn/finalpage/2025-04-29/1223376513.PDF
002923,润都股份,2024年年度报告,2025-04-29 00:00:00,1223381594,reports_raw/companies/002_sz_main/002923_润都股份/2024/1223381594.pdf,https://static.cninfo.com.cn/finalpage/2025-04-29/1223381594.PDF
002929,润建股份,2024年年度报告,2025-04-26 00:00:00,1223329406,reports_raw/companies/002_sz_main/002929_润建股份/2024/1223329406.pdf,https://static.cninfo.com.cn/finalpage/2025-04-26/1223329406.PDF
002930,宏川智慧,2024年年度报告,2025-04-28 00:00:00,1223348255,reports_raw/companies/002_sz_main/002930_宏川智慧/2024/1223348255.pdf,https://static.cninfo.com.cn/finalpage/2025-04-28/1223348255.pdf
002931,锋龙股份,2024年年度报告,2025-04-29 00:00:00,1223375409,reports_raw/companies/002_sz_main/002931_锋龙股份/2024/1223375409.pdf,https://static.cninfo.com.cn/finalpage/2025-04-29/1223375409.PDF
002939,长城证券,2024年年度报告,2025-04-29 00:00:00,1223373827,reports_raw/companies/002_sz_main/002939_长城证券/2024/1223373827.pdf,https://static.cninfo.com.cn/finalpage/2025-04-29/1223373827.PDF
002950,奥美医疗,2024年年度报告,2025-04-26 00:00:00,1223326945,reports_raw/companies/002_sz_main/002950_奥美医疗/2024/1223326945.pdf,https://static.cninfo.com.cn/finalpage/2025-04-26/1223326945.PDF
002951,*ST金时,2024年年度报告,2025-04-28 00:00:00,1223329977,reports_raw/companies/002_sz_main/002951_ST金时/2024/1223329977.pdf,https://static.cninfo.com.cn/finalpage/2025-04-28/1223329977.PDF
002966,苏州银行,2024年年度报告,2025-04-29 00:00:00,1223374198,reports_raw/companies/002_sz_main/002966_苏州银行/2024/1223374198.pdf,https://static.cninfo.com.cn/finalpage/2025-04-29/1223374198.PDF
002968,新大正,2024年年度报告,2025-04-29 00:00:00,1223373034,reports_raw/companies/002_sz_main/002968_新大正/2024/1223373034.pdf,https://static.cninfo.com.cn/finalpage/2025-04-29/1223373034.PDF
002973,侨银股份,2024年年度报告,2025-04-29 00:00:00,1223372501,reports_raw/companies/002_sz_main/002973_侨银股份/2024/1223372501.pdf,https://static.cninfo.com.cn/finalpage/2025-04-29/1223372501.PDF
002989,中天精装,2024年年度报告,2025-04-29 00:00:00,1223369014,reports_raw/companies/002_sz_main/002989_中天精装/2024/1223369014.pdf,https://static.cninfo.com.cn/finalpage/2025-04-29/1223369014.PDF
002992,宝明科技,2024年年度报告,2025-04-29 00:00:00,1223381971,reports_raw/companies/002_sz_main/002992_宝明科技/2024/1223381971.pdf,https://static.cninfo.com.cn/finalpage/2025-04-29/1223381971.PDF
003003,天元股份,2024年年度报告,2025-04-29 00:00:00,1223378100,reports_raw/companies/003_sz_main/003003_天元股份/2024/1223378100.pdf,https://static.cninfo.com.cn/finalpage/2025-04-29/1223378100.PDF
003004,声迅股份,2024年年度报告,2025-04-30 00:00:00,1223415634,reports_raw/companies/003_sz_main/003004_声迅股份/2024/1223415634.pdf,https://static.cninfo.com.cn/finalpage/2025-04-30/1223415634.PDF
003005,竞业达,2024年年度报告,2025-04-26 00:00:00,1223320880,reports_raw/companies/003_sz_main/003005_竞业达/2024/1223320880.pdf,https://static.cninfo.com.cn/finalpage/2025-04-26/1223320880.PDF
003011,海象新材,2024年年度报告,2025-04-29 00:00:00,1223357167,reports_raw/companies/003_sz_main/003011_海象新材/2024/1223357167.pdf,https://static.cninfo.com.cn/finalpage/2025-04-29/1223357167.PDF
003019,宸展光电,2024年年度报告,2025-04-29 00:00:00,1223363829,reports_raw/companies/003_sz_main/003019_宸展光电/2024/1223363829.pdf,https://static.cninfo.com.cn/finalpage/2025-04-29/1223363829.PDF
003021,兆威机电,2024年年度报告,2025-04-29 00:00:00,1223375606,reports_raw/companies/003_sz_main/003021_兆威机电/2024/1223375606.pdf,https://static.cninfo.com.cn/finalpage/2025-04-29/1223375606.PDF
003025,思进智能,2024年年度报告,2025-04-26 00:00:00,1223332123,reports_raw/companies/003_sz_main/003025_思进智能/2024/1223332123.pdf,https://static.cninfo.com.cn/finalpage/2025-04-26/1223332123.PDF
003026,中晶科技,2024年年度报告,2025-04-29 00:00:00,1223369982,reports_raw/companies/003_sz_main/003026_中晶科技/2024/1223369982.pdf,https://static.cninfo.com.cn/finalpage/2025-04-29/1223369982.PDF
003037,三和管桩,2024年年度报告,2025-04-29 00:00:00,1223358708,reports_raw/companies/003_sz_main/003037_三和管桩/2024/1223358708.pdf,https://static.cninfo.com.cn/finalpage/2025-04-29/1223358708.PDF
003041,真爱美家,2024年年度报告,2025-04-26 00:00:00,1223318415,reports_raw/companies/003_sz_main/003041_真爱美家/2024/1223318415.pdf,https://static.cninfo.com.cn/finalpage/2025-04-26/1223318415.PDF
003043,华亚智能,2024年年度报告,2025-04-29 00:00:00,1223368366,reports_raw/companies/003_sz_main/003043_华亚智能/2024/1223368366.pdf,https://static.cninfo.com.cn/finalpage/2025-04-29/1223368366.PDF
200012,南  玻Ｂ,2024年年度报告（英文版）,2025-04-28 00:00:00,1223303957,reports_raw/companies/200_sz_b/200012_南_玻Ｂ/2024/1223303957.pdf,https://static.cninfo.com.cn/finalpage/2025-04-28/1223303957.PDF
200019,深粮B,2024年年度报告（英文版）,2025-04-29 00:00:00,1223375200,reports_raw/companies/200_sz_b/200019_深粮B/2024/1223375200.pdf,https://static.cninfo.com.cn/finalpage/2025-04-29/1223375200.PDF
200468,宁通信B,2024年年度报告,2025-04-28 00:00:00,1223325138,reports_raw/companies/200_sz_b/200468_宁通信B/2024/1223325138.pdf,https://static.cninfo.com.cn/finalpage/2025-04-28/1223325138.PDF
200596,古井贡Ｂ,2024年年度报告（英文版）,2025-04-28 00:00:00,1223320635,reports_raw/companies/200_sz_b/200596_古井贡Ｂ/2024/1223320635.pdf,https://static.cninfo.com.cn/finalpage/2025-04-28/1223320635.PDF
200706,瓦轴B,2024年年度报告（英文版）,2025-04-29 00:00:00,1223373619,reports_raw/companies/200_sz_b/200706_瓦轴B/2024/1223373619.pdf,https://static.cninfo.com.cn/finalpage/2025-04-29/1223373619.PDF
300005,探路者,2024年年度报告,2025-04-29 00:00:00,1223369793,reports_raw/companies/300_chinext/300005_探路者/2024/1223369793.pdf,https://static.cninfo.com.cn/finalpage/2025-04-29/1223369793.PDF
300008,天海防务,2024年年度报告,2025-04-26 00:00:00,1223326063,reports_raw/companies/300_chinext/300008_天海防务/2024/1223326063.pdf,https://static.cninfo.com.cn/finalpage/2025-04-26/1223326063.PDF
300010,豆神教育,2024年年度报告,2025-04-29 00:00:00,1223385791,reports_raw/companies/300_chinext/300010_豆神教育/2024/1223385791.pdf,https://static.cninfo.com.cn/finalpage/2025-04-29/1223385791.PDF
300011,鼎汉技术,2024年年度报告,2025-04-29 00:00:00,1223366847,reports_raw/companies/300_chinext/300011_鼎汉技术/2024/1223366847.pdf,https://static.cninfo.com.cn/finalpage/2025-04-29/1223366847.PDF
300020,*ST银江,2024年年度报告,2025-04-29 00:00:00,1223389632,reports_raw/companies/300_chinext/300020_ST银江/2024/1223389632.pdf,https://static.cninfo.com.cn/finalpage/2025-04-29/1223389632.PDF
300026,红日药业,2024年年度报告,2025-04-28 00:00:00,1223309195,reports_raw/companies/300_chinext/300026_红日药业/2024/1223309195.pdf,https://static.cninfo.com.cn/finalpage/2025-04-28/1223309195.PDF
300031,宝通科技,2024年年度报告,2025-04-29 00:00:00,1223376790,reports_raw/companies/300_chinext/300031_宝通科技/2024/1223376790.pdf,https://static.cninfo.com.cn/finalpage/2025-04-29/1223376790.PDF
300032,金龙机电,2024年年度报告,2025-04-29 00:00:00,1223357008,reports_raw/companies/300_chinext/300032_金龙机电/2024/1223357008.pdf,https://static.cninfo.com.cn/finalpage/2025-04-29/1223357008.PDF
300041,回天新材,2024年年度报告,2025-04-28 00:00:00,1223329631,reports_raw/companies/300_chinext/300041_回天新材/2024/1223329631.pdf,https://static.cninfo.com.cn/finalpage/2025-04-28/1223329631.PDF
300043,星辉娱乐,2024年年度报告,2025-04-28 00:00:00,1223301193,reports_raw/companies/300_chinext/300043_星辉娱乐/2024/1223301193.pdf,https://static.cninfo.com.cn/finalpage/2025-04-28/1223301193.PDF
300051,琏升科技,2024年年度报告,2025-04-29 00:00:00,1223367730,reports_raw/companies/300_chinext/300051_琏升科技/2024/1223367730.pdf,https://static.cninfo.com.cn/finalpage/2025-04-29/1223367730.PDF
300053,航宇微,2024年年度报告,2025-04-26 00:00:00,1223326227,reports_raw/companies/300_chinext/300053_航宇微/2024/1223326227.pdf,https://static.cninfo.com.cn/finalpage/2025-04-26/1223326227.PDF
300054,鼎龙股份,2024年年度报告,2025-04-29 00:00:00,1223367500,reports_raw/companies/300_chinext/300054_鼎龙股份/2024/1223367500.pdf,https://static.cninfo.com.cn/finalpage/2025-04-29/1223367500.PDF
300062,中能电气,2024年年度报告,2025-04-29 00:00:00,1223372963,reports_raw/companies/300_chinext/300062_中能电气/2024/1223372963.pdf,https://static.cninfo.com.cn/finalpage/2025-04-29/1223372963.PDF
300063,天龙集团,2024年年度报告,2025-04-29 00:00:00,1223368451,reports_raw/companies/300_chinext/300063_天龙集团/2024/1223368451.pdf,https://static.cninfo.com.cn/finalpage/2025-04-29/1223368451.PDF
300068,南都电源,2024年年度报告,2025-04-26 00:00:00,1223323678,reports_raw/companies/300_chinext/300068_南都电源/2024/1223323678.pdf,https://static.cninfo.com.cn/finalpage/2025-04-26/1223323678.PDF
300078,思创医惠,2024年年度报告,2025-04-30 00:00:00,1223411893,reports_raw/companies/300_chinext/300078_思创医惠/2024/1223411893.pdf,https://static.cninfo.com.cn/finalpage/2025-04-30/1223411893.PDF
300081,恒信东方,2024年年度报告,2025-04-26 00:00:00,1223317399,reports_raw/companies/300_chinext/300081_恒信东方/2024/1223317399.pdf,https://static.cninfo.com.cn/finalpage/2025-04-26/1223317399.PDF
300084,海默科技,2024年年度报告,2025-04-29 00:00:00,1223380773,reports_raw/companies/300_chinext/300084_海默科技/2024/1223380773.pdf,https://static.cninfo.com.cn/finalpage/2025-04-29/1223380773.PDF
300086,康芝药业,2024年年度报告,2025-04-29 00:00:00,1223380608,reports_raw/companies/300_chinext/300086_康芝药业/2024/1223380608.pdf,https://static.cninfo.com.cn/finalpage/2025-04-29/1223380608.PDF
300087,荃银高科,2024年年度报告,2025-04-30 00:00:00,1223414133,reports_raw/companies/300_chinext/300087_荃银高科/2024/1223414133.pdf,https://static.cninfo.com.cn/finalpage/2025-04-30/1223414133.PDF
300093,金刚光伏,2024年年度报告,2025-04-29 00:00:00,1223386127,reports_raw/companies/300_chinext/300093_金刚光伏/2024/1223386127.pdf,https://static.cninfo.com.cn/finalpage/2025-04-29/1223386127.PDF
300094,国联水产,2024年年度报告,2025-04-29 00:00:00,1223371217,reports_raw/companies/300_chinext/300094_国联水产/2024/1223371217.pdf,https://static.cninfo.com.cn/finalpage/2025-04-29/1223371217.PDF
300095,华伍股份,2024年年度报告,2025-04-29 00:00:00,1223363318,reports_raw/companies/300_chinext/300095_华伍股份/2024/1223363318.pdf,https://static.cninfo.com.cn/finalpage/2025-04-29/1223363318.PDF
300096,ST易联众,2024年年度报告,2025-04-29 00:00:00,1223387192,reports_raw/companies/300_chinext/300096_ST易联众/2024/1223387192.pdf,https://static.cninfo.com.cn/finalpage/2025-04-29/1223387192.PDF
300099,尤洛卡,2024年年度报告,2025-04-29 00:00:00,1223364236,reports_raw/companies/300_chinext/300099_尤洛卡/2024/1223364236.pdf,https://static.cninfo.com.cn/finalpage/2025-04-29/1223364236.PDF
300108,*ST吉药,2024年年度报告,2025-04-29 00:00:00,1223376415,reports_raw/companies/300_chinext/300108_ST吉药/2024/1223376415.pdf,https://static.cninfo.com.cn/finalpage/2025-04-29/1223376415.PDF
300123,亚光科技,2024年年度报告,2025-04-28 00:00:00,1223326499,reports_raw/companies/300_chinext/300123_亚光科技/2024/1223326499.pdf,https://static.cninfo.com.cn/finalpage/2025-04-28/1223326499.PDF
300124,汇川技术,2024年年度报告,2025-04-29 00:00:00,1223371383,reports_raw/companies/300_chinext/300124_汇川技术/2024/1223371383.pdf,https://static.cninfo.com.cn/finalpage/2025-04-29/1223371383.PDF
300128,锦富技术,2024年年度报告,2025-04-29 00:00:00,1223398677,reports_raw/companies/300_chinext/300128_锦富技术/2024/1223398677.pdf,https://static.cninfo.com.cn/finalpage/2025-04-29/1223398677.pdf
300132,青松股份,2024年年度报告,2025-04-29 00:00:00,1223357172,reports_raw/companies/300_chinext/300132_青松股份/2024/1223357172.pdf,https://static.cninfo.com.cn/finalpage/2025-04-29/1223357172.PDF
300136,信维通信,2024年年度报告,2025-04-29 00:00:00,1223374931,reports_raw/companies/300_chinext/300136_信维通信/2024/1223374931.pdf,https://static.cninfo.com.cn/finalpage/2025-04-29/1223374931.PDF
300140,节能环境,2024年年度报告,2025-04-28 00:00:00,1223320036,reports_raw/companies/300_chinext/300140_节能环境/2024/1223320036.pdf,https://static.cninfo.com.cn/finalpage/2025-04-28/1223320036.PDF
300145,中金环境,2024年年度报告,2025-04-29 00:00:00,1223375408,reports_raw/companies/300_chinext/300145_中金环境/2024/1223375408.pdf,https://static.cninfo.com.cn/finalpage/2025-04-29/1223375408.PDF
300147,ST香雪,2024年年度报告,2025-04-29 00:00:00,1223377569,reports_raw/companies/300_chinext/300147_ST香雪/2024/1223377569.pdf,https://static.cninfo.com.cn/finalpage/2025-04-29/1223377569.PDF
300149,睿智医药,2024年年度报告,2025-04-29 00:00:00,1223375238,reports_raw/companies/300_chinext/300149_睿智医药/2024/1223375238.pdf,https://static.cninfo.com.cn/finalpage/2025-04-29/1223375238.PDF
300152,新动力,2024年年度报告,2025-04-29 00:00:00,1223390254,reports_raw/companies/300_chinext/300152_新动力/2024/1223390254.pdf,https://static.cninfo.com.cn/finalpage/2025-04-29/1223390254.PDF
300157,新锦动力,2024年年度报告,2025-04-26 00:00:00,1223333471,reports_raw/companies/300_chinext/300157_新锦动力/2024/1223333471.pdf,https://static.cninfo.com.cn/finalpage/2025-04-26/1223333471.pdf
300161,华中数控,2024年年度报告,2025-04-29 00:00:00,1223375871,reports_raw/companies/300_chinext/300161_华中数控/2024/1223375871.pdf,https://static.cninfo.com.cn/finalpage/2025-04-29/1223375871.PDF
300162,雷曼光电,2024年年度报告,2025-04-28 00:00:00,1223316029,reports_raw/companies/300_chinext/300162_雷曼光电/2024/1223316029.pdf,https://static.cninfo.com.cn/finalpage/2025-04-28/1223316029.PDF
300163,ST先锋,2024年年度报告,2025-04-29 00:00:00,1223386092,reports_raw/companies/300_chinext/300163_ST先锋/2024/1223386092.pdf,https://static.cninfo.com.cn/finalpage/2025-04-29/1223386092.PDF
300165,ST天瑞,2024年年度报告,2025-04-28 00:00:00,1223318717,reports_raw/companies/300_chinext/300165_ST天瑞/2024/1223318717.pdf,https://static.cninfo.com.cn/finalpage/2025-04-28/1223318717.PDF
300167,*ST迪威,2024年年度报告,2025-04-30 00:00:00,1223424213,reports_raw/companies/300_chinext/300167_ST迪威/2024/1223424213.pdf,https://static.cninfo.com.cn/finalpage/2025-04-30/1223424213.PDF
300169,天晟新材,2024年年度报告,2025-04-29 00:00:00,1223375863,reports_raw/companies/300_chinext/300169_天晟新材/2024/1223375863.pdf,https://static.cninfo.com.cn/finalpage/2025-04-29/1223375863.PDF
300185,通裕重工,2024年年度报告,2025-04-29 00:00:00,1223372058,reports_raw/companies/300_chinext/300185_通裕重工/2024/1223372058.pdf,https://static.cninfo.com.cn/finalpage/2025-04-29/1223372058.PDF
300189,神农种业,2024年年度报告,2025-04-26 00:00:00,1223326682,reports_raw/companies/300_chinext/300189_神农种业/2024/1223326682.pdf,https://static.cninfo.com.cn/finalpage/2025-04-26/1223326682.PDF
300192,科德教育,2024年年度报告,2025-04-29 00:00:00,1223358099,reports_raw/companies/300_chinext/300192_科德教育/2024/1223358099.pdf,https://static.cninfo.com.cn/finalpage/2025-04-29/1223358099.PDF
300195,长荣股份,2024年年度报告,2025-04-28 00:00:00,1223316722,reports_raw/companies/300_chinext/300195_长荣股份/2024/1223316722.pdf,https://static.cninfo.com.cn/finalpage/2025-04-28/1223316722.PDF
300198,纳川股份,2024年年度报告,2025-04-29 00:00:00,1223373454,reports_raw/companies/300_chinext/300198_纳川股份/2024/1223373454.pdf,https://static.cninfo.com.cn/finalpage/2025-04-29/1223373454.PDF
300205,ST天喻,2024年年度报告,2025-04-29 00:00:00,1223385016,reports_raw/companies/300_chinext/300205_ST天喻/2024/1223385016.pdf,https://static.cninfo.com.cn/finalpage/2025-04-29/1223385016.PDF
300208,*ST中程,2024年年度报告,2025-04-30 21:42:33,1223451944,reports_raw/companies/300_chinext/300208_ST中程/2024/1223451944.pdf,https://static.cninfo.com.cn/finalpage/2025-04-30/1223451944.PDF
300211,亿通科技,2024年年度报告,2025-04-30 00:00:00,1223413744,reports_raw/companies/300_chinext/300211_亿通科技/2024/1223413744.pdf,https://static.cninfo.com.cn/finalpage/2025-04-30/1223413744.PDF
300230,永利股份,2024年年度报告,2025-04-28 00:00:00,1223300773,reports_raw/companies/300_chinext/300230_永利股份/2024/1223300773.pdf,https://static.cninfo.com.cn/finalpage/2025-04-28/1223300773.PDF
300245,天玑科技,2024年年度报告,2025-04-26 00:00:00,1223348225,reports_raw/companies/300_chinext/300245_天玑科技/2024/1223348225.pdf,https://static.cninfo.com.cn/finalpage/2025-04-26/1223348225.pdf
300255,常山药业,2024年年度报告,2025-04-29 00:00:00,1223374829,reports_raw/companies/300_chinext/300255_常山药业/2024/1223374829.pdf,https://static.cninfo.com.cn/finalpage/2025-04-29/1223374829.PDF
300260,新莱应材,2024年年度报告,2025-04-29 00:00:00,1223362130,reports_raw/companies/300_chinext/300260_新莱应材/2024/1223362130.pdf,https://static.cninfo.com.cn/finalpage/2025-04-29/1223362130.PDF
300266,兴源环境,2024年年度报告,2025-04-28 00:00:00,1223322387,reports_raw/companies/300_chinext/300266_兴源环境/2024/1223322387.pdf,https://static.cninfo.com.cn/finalpage/2025-04-28/1223322387.PDF
300272,开能健康,2024年年度报告,2025-04-29 00:00:00,1223356386,reports_raw/companies/300_chinext/300272_开能健康/2024/1223356386.pdf,https://static.cninfo.com.cn/finalpage/2025-04-29/1223356386.PDF
300287,飞利信,2024年年度报告,2025-04-26 00:00:00,1223323159,reports_raw/companies/300_chinext/300287_飞利信/2024/1223323159.pdf,https://static.cninfo.com.cn/finalpage/2025-04-26/1223323159.PDF
300300,ST峡创,2024年年度报告,2025-04-28 00:00:00,1223330125,reports_raw/companies/300_chinext/300300_ST峡创/2024/1223330125.pdf,https://static.cninfo.com.cn/finalpage/2025-04-28/1223330125.PDF
300302,同有科技,2024年年度报告,2025-04-29 00:00:00,1223369591,reports_raw/companies/300_chinext/300302_同有科技/2024/1223369591.pdf,https://static.cninfo.com.cn/finalpage/2025-04-29/1223369591.PDF
300311,任子行,2024年年度报告,2025-04-28 00:00:00,1223312301,reports_raw/companies/300_chinext/300311_任子行/2024/1223312301.pdf,https://static.cninfo.com.cn/finalpage/2025-04-28/1223312301.PDF
300313,ST天山,2024年年度报告,2025-04-29 00:00:00,1223376914,reports_raw/companies/300_chinext/300313_ST天山/2024/1223376914.pdf,https://static.cninfo.com.cn/finalpage/2025-04-29/1223376914.PDF
300315,掌趣科技,2024年年度报告,2025-04-29 00:00:00,1223367987,reports_raw/companies/300_chinext/300315_掌趣科技/2024/1223367987.pdf,https://static.cninfo.com.cn/finalpage/2025-04-29/1223367987.PDF
300322,硕贝德,2024年年度报告,2025-04-28 00:00:00,1223323523,reports_raw/companies/300_chinext/300322_硕贝德/2024/1223323523.pdf,https://static.cninfo.com.cn/finalpage/2025-04-28/1223323523.PDF
300326,凯利泰,2024年年度报告,2025-04-30 00:00:00,1223425481,reports_raw/companies/300_chinext/300326_凯利泰/2024/1223425481.pdf,https://static.cninfo.com.cn/finalpage/2025-04-30/1223425481.PDF
300332,天壕能源,2024年年度报告,2025-04-29 00:00:00,1223360122,reports_raw/companies/300_chinext/300332_天壕能源/2024/1223360122.pdf,https://static.cninfo.com.cn/finalpage/2025-04-29/1223360122.PDF
300338,*ST开元,2024年年度报告,2025-04-28 00:00:00,1223330244,reports_raw/companies/300_chinext/300338_ST开元/2024/1223330244.pdf,https://static.cninfo.com.cn/finalpage/2025-04-28/1223330244.PDF
300340,科恒股份,2024年年度报告,2025-04-29 00:00:00,1223389109,reports_raw/companies/300_chinext/300340_科恒股份/2024/1223389109.pdf,https://static.cninfo.com.cn/finalpage/2025-04-29/1223389109.PDF
300344,立方数科,2024年年度报告,2025-04-29 00:00:00,1223388098,reports_raw/companies/300_chinext/300344_立方数科/2024/1223388098.pdf,https://static.cninfo.com.cn/finalpage/2025-04-29/1223388098.PDF
300345,华民股份,2024年年度报告,2025-04-26 00:00:00,1223322025,reports_raw/companies/300_chinext/300345_华民股份/2024/1223322025.pdf,https://static.cninfo.com.cn/finalpage/2025-04-26/1223322025.PDF
300350,华鹏飞,2024年年度报告,2025-04-29 00:00:00,1223388677,reports_raw/companies/300_chinext/300350_华鹏飞/2024/1223388677.pdf,https://static.cninfo.com.cn/finalpage/2025-04-29/1223388677.PDF
300358,楚天科技,2024年年度报告,2025-04-29 00:00:00,1223364460,reports_raw/companies/300_chinext/300358_楚天科技/2024/1223364460.pdf,https://static.cninfo.com.cn/finalpage/2025-04-29/1223364460.PDF
300359,全通教育,2024年年度报告,2025-04-29 00:00:00,1223359715,reports_raw/companies/300_chinext/300359_全通教育/2024/1223359715.pdf,https://static.cninfo.com.cn/finalpage/2025-04-29/1223359715.PDF
300364,中文在线,2024年年度报告,2025-04-29 00:00:00,1223385316,reports_raw/companies/300_chinext/300364_中文在线/2024/1223385316.pdf,https://static.cninfo.com.cn/finalpage/2025-04-29/1223385316.PDF
300366,创意信息,2024年年度报告,2025-04-29 00:00:00,1223378468,reports_raw/companies/300_chinext/300366_创意信息/2024/1223378468.pdf,https://static.cninfo.com.cn/finalpage/2025-04-29/1223378468.PDF
300376,ST易事特,2024年年度报告,2025-04-29 00:00:00,1223371523,reports_raw/companies/300_chinext/300376_ST易事特/2024/1223371523.pdf,https://static.cninfo.com.cn/finalpage/2025-04-29/1223371523.PDF
300377,赢时胜,2024年年度报告,2025-04-29 00:00:00,1223378116,reports_raw/companies/300_chinext/300377_赢时胜/2024/1223378116.pdf,https://static.cninfo.com.cn/finalpage/2025-04-29/1223378116.PDF
300379,东方通,2024年年度报告,2025-04-30 00:00:00,1223423923,reports_raw/companies/300_chinext/300379_东方通/2024/1223423923.pdf,https://static.cninfo.com.cn/finalpage/2025-04-30/1223423923.PDF
300380,安硕信息,2024年年度报告,2025-04-28 00:00:00,1223311795,reports_raw/companies/300_chinext/300380_安硕信息/2024/1223311795.pdf,https://static.cninfo.com.cn/finalpage/2025-04-28/1223311795.PDF
300382,斯莱克,2024年年度报告,2025-04-26 00:00:00,1223319986,reports_raw/companies/300_chinext/300382_斯莱克/2024/1223319986.pdf,https://static.cninfo.com.cn/finalpage/2025-04-26/1223319986.PDF
300418,昆仑万维,2024年年度报告,2025-04-26 00:00:00,1223323644,reports_raw/companies/300_chinext/300418_昆仑万维/2024/1223323644.pdf,https://static.cninfo.com.cn/finalpage/2025-04-26/1223323644.PDF
300419,ST浩丰,2024年年度报告,2025-04-28 00:00:00,1223328448,reports_raw/companies/300_chinext/300419_ST浩丰/2024/1223328448.pdf,https://static.cninfo.com.cn/finalpage/2025-04-28/1223328448.PDF
300423,昇辉科技,2024年年度报告,2025-04-28 00:00:00,1223330273,reports_raw/companies/300_chinext/300423_昇辉科技/2024/1223330273.pdf,https://static.cninfo.com.cn/finalpage/2025-04-28/1223330273.PDF
300424,航新科技,2024年年度报告,2025-04-29 00:00:00,1223368795,reports_raw/companies/300_chinext/300424_航新科技/2024/1223368795.pdf,https://static.cninfo.com.cn/finalpage/2025-04-29/1223368795.PDF
300429,强力新材,2024年年度报告,2025-04-29 00:00:00,1223368966,reports_raw/companies/300_chinext/300429_强力新材/2024/1223368966.pdf,https://static.cninfo.com.cn/finalpage/2025-04-29/1223368966.PDF
300432,富临精工,2024年年度报告,2025-04-29 00:00:00,1223376207,reports_raw/companies/300_chinext/300432_富临精工/2024/1223376207.pdf,https://static.cninfo.com.cn/finalpage/2025-04-29/1223376207.PDF
300437,清水源,2024年年度报告,2025-04-30 00:00:00,1223413107,reports_raw/companies/300_chinext/300437_清水源/2024/1223413107.pdf,https://static.cninfo.com.cn/finalpage/2025-04-30/1223413107.PDF
300450,先导智能,2024年年度报告,2025-04-29 00:00:00,1223386534,reports_raw/companies/300_chinext/300450_先导智能/2024/1223386534.pdf,https://static.cninfo.com.cn/finalpage/2025-04-29/1223386534.PDF
300459,汤姆猫,2024年年度报告,2025-04-29 00:00:00,1223364925,reports_raw/companies/300_chinext/300459_汤姆猫/2024/1223364925.pdf,https://static.cninfo.com.cn/finalpage/2025-04-29/1223364925.PDF
300460,惠伦晶体,2024年年度报告,2025-04-29 00:00:00,1223383179,reports_raw/companies/300_chinext/300460_惠伦晶体/2024/1223383179.pdf,https://static.cninfo.com.cn/finalpage/2025-04-29/1223383179.PDF
300462,华铭智能,2024年年度报告,2025-04-29 00:00:00,1223381496,reports_raw/companies/300_chinext/300462_华铭智能/2024/1223381496.pdf,https://static.cninfo.com.cn/finalpage/2025-04-29/1223381496.PDF
300463,迈克生物,2024年年度报告,2025-04-29 00:00:00,1223360248,reports_raw/companies/300_chinext/300463_迈克生物/2024/1223360248.pdf,https://static.cninfo.com.cn/finalpage/2025-04-29/1223360248.PDF
300468,四方精创,2024年年度报告,2025-04-28 00:00:00,1223320536,reports_raw/companies/300_chinext/300468_四方精创/2024/1223320536.pdf,https://static.cninfo.com.cn/finalpage/2025-04-28/1223320536.PDF
300469,信息发展,2024年年度报告,2025-04-29 00:00:00,1223384323,reports_raw/companies/300_chinext/300469_信息发展/2024/1223384323.pdf,https://static.cninfo.com.cn/finalpage/2025-04-29/1223384323.PDF
300472,新元科技,2024年年度报告,2025-04-30 00:00:00,1223425321,reports_raw/companies/300_chinext/300472_新元科技/2024/1223425321.pdf,https://static.cninfo.com.cn/finalpage/2025-04-30/1223425321.PDF
300477,合纵科技,2024年年度报告,2025-04-29 00:00:00,1223389198,reports_raw/companies/300_chinext/300477_合纵科技/2024/1223389198.pdf,https://static.cninfo.com.cn/finalpage/2025-04-29/1223389198.PDF
300480,光力科技,2024年年度报告,2025-04-29 00:00:00,1223369863,reports_raw/companies/300_chinext/300480_光力科技/2024/1223369863.pdf,https://static.cninfo.com.cn/finalpage/2025-04-29/1223369863.pdf
300488,恒锋工具,2024年年度报告,2025-04-29 00:00:00,1223359317,reports_raw/companies/300_chinext/300488_恒锋工具/2024/1223359317.pdf,https://static.cninfo.com.cn/finalpage/2025-04-29/1223359317.PDF
300491,通合科技,2024年年度报告,2025-04-29 00:00:00,1223369874,reports_raw/companies/300_chinext/300491_通合科技/2024/1223369874.pdf,https://static.cninfo.com.cn/finalpage/2025-04-29/1223369874.PDF
300492,华图山鼎,2024年年度报告,2025-04-29 00:00:00,1223371083,reports_raw/companies/300_chinext/300492_华图山鼎/2024/1223371083.pdf,https://static.cninfo.com.cn/finalpage/2025-04-29/1223371083.PDF
300493,润欣科技,2024年年度报告,2025-04-28 00:00:00,1223316006,reports_raw/companies/300_chinext/300493_润欣科技/2024/1223316006.pdf,https://static.cninfo.com.cn/finalpage/2025-04-28/1223316006.PDF
300494,盛天网络,2024年年度报告,2025-04-28 00:00:00,1223329854,reports_raw/companies/300_chinext/300494_盛天网络/2024/1223329854.pdf,https://static.cninfo.com.cn/finalpage/2025-04-28/1223329854.PDF
300511,雪榕生物,2024年年度报告,2025-04-28 00:00:00,1223321341,reports_raw/companies/300_chinext/300511_雪榕生物/2024/1223321341.pdf,https://static.cninfo.com.cn/finalpage/2025-04-28/1223321341.PDF
300512,中亚股份,2024年年度报告,2025-04-29 00:00:00,1223377505,reports_raw/companies/300_chinext/300512_中亚股份/2024/1223377505.pdf,https://static.cninfo.com.cn/finalpage/2025-04-29/1223377505.PDF
300513,恒实科技,2024年年度报告,2025-04-29 00:00:00,1223443085,reports_raw/companies/300_chinext/300513_恒实科技/2024/1223443085.pdf,https://static.cninfo.com.cn/finalpage/2025-04-29/1223443085.pdf
300520,科大国创,2024年年度报告,2025-04-29 00:00:00,1223385771,reports_raw/companies/300_chinext/300520_科大国创/2024/1223385771.pdf,https://static.cninfo.com.cn/finalpage/2025-04-29/1223385771.PDF
300521,爱司凯,2024年年度报告,2025-04-29 00:00:00,1223375091,reports_raw/companies/300_chinext/300521_爱司凯/2024/1223375091.pdf,https://static.cninfo.com.cn/finalpage/2025-04-29/1223375091.PDF
300523,辰安科技,2024年年度报告,2025-04-29 00:00:00,1223377384,reports_raw/companies/300_chinext/300523_辰安科技/2024/1223377384.pdf,https://static.cninfo.com.cn/finalpage/2025-04-29/1223377384.PDF
300525,博思软件,2024年年度报告,2025-04-29 00:00:00,1223365449,reports_raw/companies/300_chinext/300525_博思软件/2024/1223365449.pdf,https://static.cninfo.com.cn/finalpage/2025-04-29/1223365449.PDF
300532,今天国际,2024年年度报告,2025-04-29 00:00:00,1223377586,reports_raw/companies/300_chinext/300532_今天国际/2024/1223377586.pdf,https://static.cninfo.com.cn/finalpage/2025-04-29/1223377586.PDF
300538,同益股份,2024年年度报告,2025-04-29 00:00:00,1223396592,reports_raw/companies/300_chinext/300538_同益股份/2024/1223396592.pdf,https://static.cninfo.com.cn/finalpage/2025-04-29/1223396592.pdf
300551,古鳌科技,2024年年度报告（更新前）,2025-04-29 00:00:00,1223376616,reports_raw/companies/300_chinext/300551_古鳌科技/2024/1223376616.pdf,https://static.cninfo.com.cn/finalpage/2025-04-29/1223376616.PDF
300554,三超新材,2024年年度报告,2025-04-28 00:00:00,1223305039,reports_raw/companies/300_chinext/300554_三超新材/2024/1223305039.pdf,https://static.cninfo.com.cn/finalpage/2025-04-28/1223305039.PDF
300555,ST路通,2024年年度报告,2025-04-29 00:00:00,1223371474,reports_raw/companies/300_chinext/300555_ST路通/2024/1223371474.pdf,https://static.cninfo.com.cn/finalpage/2025-04-29/1223371474.PDF
300560,中富通,2024年年度报告,2025-04-29 00:00:00,1223378819,reports_raw/companies/300_chinext/300560_中富通/2024/1223378819.pdf,https://static.cninfo.com.cn/finalpage/2025-04-29/1223378819.PDF
300564,筑博设计,2024年年度报告,2025-04-28 00:00:00,1223313471,reports_raw/companies/300_chinext/300564_筑博设计/2024/1223313471.pdf,https://static.cninfo.com.cn/finalpage/2025-04-28/1223313471.PDF
300568,星源材质,2024年年度报告,2025-04-29 00:00:00,1223371887,reports_raw/companies/300_chinext/300568_星源材质/2024/1223371887.pdf,https://static.cninfo.com.cn/finalpage/2025-04-29/1223371887.PDF
300571,平治信息,2024年年度报告,2025-04-29 00:00:00,1223373840,reports_raw/companies/300_chinext/300571_平治信息/2024/1223373840.pdf,https://static.cninfo.com.cn/finalpage/2025-04-29/1223373840.PDF
300581,晨曦航空,2024年年度报告,2025-04-29 00:00:00,1223366247,reports_raw/companies/300_chinext/300581_晨曦航空/2024/1223366247.pdf,https://static.cninfo.com.cn/finalpage/2025-04-29/1223366247.PDF
300582,英飞特,2024年年度报告,2025-04-26 00:00:00,1223319212,reports_raw/companies/300_chinext/300582_英飞特/2024/1223319212.pdf,https://static.cninfo.com.cn/finalpage/2025-04-26/1223319212.PDF
300583,赛托生物,2024年年度报告,2025-04-29 00:00:00,1223360004,reports_raw/companies/300_chinext/300583_赛托生物/2024/1223360004.pdf,https://static.cninfo.com.cn/finalpage/2025-04-29/1223360004.PDF
300587,天铁科技,2024年年度报告,2025-04-26 00:00:00,1223323801,reports_raw/companies/300_chinext/300587_天铁科技/2024/1223323801.pdf,https://static.cninfo.com.cn/finalpage/2025-04-26/1223323801.PDF
300598,诚迈科技,2024年年度报告,2025-04-29 00:00:00,1223387526,reports_raw/companies/300_chinext/300598_诚迈科技/2024/1223387526.pdf,https://static.cninfo.com.cn/finalpage/2025-04-29/1223387526.PDF
300603,立昂技术,2024年年度报告,2025-04-26 00:00:00,1223332524,reports_raw/companies/300_chinext/300603_立昂技术/2024/1223332524.pdf,https://static.cninfo.com.cn/finalpage/2025-04-26/1223332524.PDF
300604,长川科技,2024年年度报告,2025-04-29 00:00:00,1223380487,reports_raw/companies/300_chinext/300604_长川科技/2024/1223380487.pdf,https://static.cninfo.com.cn/finalpage/2025-04-29/1223380487.PDF
300605,恒锋信息,2024年年度报告,2025-04-28 00:00:00,1223302102,reports_raw/companies/300_chinext/300605_恒锋信息/2024/1223302102.pdf,https://static.cninfo.com.cn/finalpage/2025-04-28/1223302102.PDF
300606,金太阳,2024年年度报告,2025-04-29 00:00:00,1223378909,reports_raw/companies/300_chinext/300606_金太阳/2024/1223378909.pdf,https://static.cninfo.com.cn/finalpage/2025-04-29/1223378909.PDF
300616,尚品宅配,2024年年度报告,2025-04-29 00:00:00,1223357596,reports_raw/companies/300_chinext/300616_尚品宅配/2024/1223357596.pdf,https://static.cninfo.com.cn/finalpage/2025-04-29/1223357596.PDF
300624,万兴科技,2024年年度报告,2025-04-28 00:00:00,1223329643,reports_raw/companies/300_chinext/300624_万兴科技/2024/1223329643.pdf,https://static.cninfo.com.cn/finalpage/2025-04-28/1223329643.PDF
300625,三雄极光,2024年年度报告,2025-04-26 00:00:00,1223329839,reports_raw/companies/300_chinext/300625_三雄极光/2024/1223329839.pdf,https://static.cninfo.com.cn/finalpage/2025-04-26/1223329839.PDF
300626,华瑞股份,2024年年度报告,2025-04-30 00:00:00,1223411295,reports_raw/companies/300_chinext/300626_华瑞股份/2024/1223411295.pdf,https://static.cninfo.com.cn/finalpage/2025-04-30/1223411295.PDF
300635,中达安,2024年年度报告,2025-04-29 00:00:00,1223376163,reports_raw/companies/300_chinext/300635_中达安/2024/1223376163.pdf,https://static.cninfo.com.cn/finalpage/2025-04-29/1223376163.PDF
300639,凯普生物,2024年年度报告,2025-04-29 00:00:00,1223360034,reports_raw/companies/300_chinext/300639_凯普生物/2024/1223360034.pdf,https://static.cninfo.com.cn/finalpage/2025-04-29/1223360034.PDF
300640,德艺文创,2024年年度报告,2025-04-29 00:00:00,1223372034,reports_raw/companies/300_chinext/300640_德艺文创/2024/1223372034.pdf,https://static.cninfo.com.cn/finalpage/2025-04-29/1223372034.PDF
300647,超频三,2024年年度报告,2025-04-29 00:00:00,1223357668,reports_raw/companies/300_chinext/300647_超频三/2024/1223357668.pdf,https://static.cninfo.com.cn/finalpage/2025-04-29/1223357668.PDF
300661,圣邦股份,2024年年度报告,2025-04-29 00:00:00,1223374638,reports_raw/companies/300_chinext/300661_圣邦股份/2024/1223374638.pdf,https://static.cninfo.com.cn/finalpage/2025-04-29/1223374638.PDF
300663,科蓝软件,2024年年度报告,2025-04-29 00:00:00,1223383171,reports_raw/companies/300_chinext/300663_科蓝软件/2024/1223383171.pdf,https://static.cninfo.com.cn/finalpage/2025-04-29/1223383171.PDF
300664,鹏鹞环保,2024年年度报告,2025-04-29 00:00:00,1223359492,reports_raw/companies/300_chinext/300664_鹏鹞环保/2024/1223359492.pdf,https://static.cninfo.com.cn/finalpage/2025-04-29/1223359492.PDF
300665,飞鹿股份,2024年年度报告,2025-04-28 00:00:00,1223307072,reports_raw/companies/300_chinext/300665_飞鹿股份/2024/1223307072.pdf,https://static.cninfo.com.cn/finalpage/2025-04-28/1223307072.PDF
300667,必创科技,2024年年度报告,2025-04-28 00:00:00,1223318005,reports_raw/companies/300_chinext/300667_必创科技/2024/1223318005.pdf,https://static.cninfo.com.cn/finalpage/2025-04-28/1223318005.PDF
300676,华大基因,2024年年度报告,2025-04-26 00:00:00,1223323053,reports_raw/companies/300_chinext/300676_华大基因/2024/1223323053.pdf,https://static.cninfo.com.cn/finalpage/2025-04-26/1223323053.PDF
300706,阿石创,2024年年度报告,2025-04-28 00:00:00,1223323248,reports_raw/companies/300_chinext/300706_阿石创/2024/1223323248.pdf,https://static.cninfo.com.cn/finalpage/2025-04-28/1223323248.PDF
300710,万隆光电,2024年年度报告,2025-04-29 00:00:00,1223372847,reports_raw/companies/300_chinext/300710_万隆光电/2024/1223372847.pdf,https://static.cninfo.com.cn/finalpage/2025-04-29/1223372847.PDF
300712,永福股份,2024年年度报告,2025-04-28 00:00:00,1223328481,reports_raw/companies/300_chinext/300712_永福股份/2024/1223328481.pdf,https://static.cninfo.com.cn/finalpage/2025-04-28/1223328481.pdf
300713,英可瑞,2024年年度报告,2025-04-29 00:00:00,1223360924,reports_raw/companies/300_chinext/300713_英可瑞/2024/1223360924.pdf,https://static.cninfo.com.cn/finalpage/2025-04-29/1223360924.PDF
300716,泉为科技,2024年年度报告,2025-04-29 00:00:00,1223390520,reports_raw/companies/300_chinext/300716_泉为科技/2024/1223390520.pdf,https://static.cninfo.com.cn/finalpage/2025-04-29/1223390520.PDF
300719,安达维尔,2024年年度报告,2025-04-28 00:00:00,1223586293,reports_raw/companies/300_chinext/300719_安达维尔/2024/1223586293.pdf,https://static.cninfo.com.cn/finalpage/2025-04-28/1223586293.pdf
300720,海川智能,2024年年度报告,2025-04-29 00:00:00,1223364018,reports_raw/companies/300_chinext/300720_海川智能/2024/1223364018.pdf,https://static.cninfo.com.cn/finalpage/2025-04-29/1223364018.PDF
300731,科创新源,2024年年度报告,2025-04-29 00:00:00,1223375362,reports_raw/companies/300_chinext/300731_科创新源/2024/1223375362.pdf,https://static.cninfo.com.cn/finalpage/2025-04-29/1223375362.PDF
300735,光弘科技,2024年年度报告,2025-04-29 00:00:00,1223372070,reports_raw/companies/300_chinext/300735_光弘科技/2024/1223372070.pdf,https://static.cninfo.com.cn/finalpage/2025-04-29/1223372070.PDF
300739,明阳电路,2024年年度报告,2025-04-26 00:00:00,1223325749,reports_raw/companies/300_chinext/300739_明阳电路/2024/1223325749.pdf,https://static.cninfo.com.cn/finalpage/2025-04-26/1223325749.PDF
300740,水羊股份,2024年年度报告,2025-04-29 00:00:00,1223375981,reports_raw/companies/300_chinext/300740_水羊股份/2024/1223375981.pdf,https://static.cninfo.com.cn/finalpage/2025-04-29/1223375981.PDF
300745,欣锐科技,2024年年度报告,2025-04-29 00:00:00,1223361897,reports_raw/companies/300_chinext/300745_欣锐科技/2024/1223361897.pdf,https://static.cninfo.com.cn/finalpage/2025-04-29/1223361897.PDF
300751,迈为股份,2024年年度报告,2025-04-29 00:00:00,1223370046,reports_raw/companies/300_chinext/300751_迈为股份/2024/1223370046.pdf,https://static.cninfo.com.cn/finalpage/2025-04-29/1223370046.PDF
300760,迈瑞医疗,2024年年度报告,2025-04-29 00:00:00,1223371173,reports_raw/companies/300_chinext/300760_迈瑞医疗/2024/1223371173.pdf,https://static.cninfo.com.cn/finalpage/2025-04-29/1223371173.PDF
300762,上海瀚讯,2024年年度报告,2025-04-29 00:00:00,1223369190,reports_raw/companies/300_chinext/300762_上海瀚讯/2024/1223369190.pdf,https://static.cninfo.com.cn/finalpage/2025-04-29/1223369190.PDF
300763,锦浪科技,2024年年度报告,2025-04-29 00:00:00,1223361599,reports_raw/companies/300_chinext/300763_锦浪科技/2024/1223361599.pdf,https://static.cninfo.com.cn/finalpage/2025-04-29/1223361599.PDF
300769,德方纳米,2024年年度报告,2025-04-29 00:00:00,1223370444,reports_raw/companies/300_chinext/300769_德方纳米/2024/1223370444.pdf,https://static.cninfo.com.cn/finalpage/2025-04-29/1223370444.PDF
300770,新媒股份,2024年年度报告,2025-04-26 00:00:00,1223327659,reports_raw/companies/300_chinext/300770_新媒股份/2024/1223327659.pdf,https://static.cninfo.com.cn/finalpage/2025-04-26/1223327659.PDF
300775,三角防务,2024年年度报告,2025-04-29 00:00:00,1223378619,reports_raw/companies/300_chinext/300775_三角防务/2024/1223378619.pdf,https://static.cninfo.com.cn/finalpage/2025-04-29/1223378619.PDF
300785,值得买,2024年年度报告,2025-04-29 00:00:00,1223376613,reports_raw/companies/300_chinext/300785_值得买/2024/1223376613.pdf,https://static.cninfo.com.cn/finalpage/2025-04-29/1223376613.PDF
300790,宇瞳光学,2024年年度报告,2025-04-29 00:00:00,1223378298,reports_raw/companies/300_chinext/300790_宇瞳光学/2024/1223378298.pdf,https://static.cninfo.com.cn/finalpage/2025-04-29/1223378298.PDF
300792,壹网壹创,2024年年度报告,2025-04-28 00:00:00,1223318500,reports_raw/companies/300_chinext/300792_壹网壹创/2024/1223318500.pdf,https://static.cninfo.com.cn/finalpage/2025-04-28/1223318500.PDF
300793,佳禾智能,2024年年度报告,2025-04-28 00:00:00,1223315629,reports_raw/companies/300_chinext/300793_佳禾智能/2024/1223315629.pdf,https://static.cninfo.com.cn/finalpage/2025-04-28/1223315629.PDF
300805,电声股份,2024年年度报告,2025-04-26 00:00:00,1223322986,reports_raw/companies/300_chinext/300805_电声股份/2024/1223322986.pdf,https://static.cninfo.com.cn/finalpage/2025-04-26/1223322986.PDF
300812,易天股份,2024年年度报告,2025-04-26 00:00:00,1223317479,reports_raw/companies/300_chinext/300812_易天股份/2024/1223317479.pdf,https://static.cninfo.com.cn/finalpage/2025-04-26/1223317479.PDF
300813,泰林生物,2024年年度报告,2025-04-28 00:00:00,1223305883,reports_raw/companies/300_chinext/300813_泰林生物/2024/1223305883.pdf,https://static.cninfo.com.cn/finalpage/2025-04-28/1223305883.PDF
300815,玉禾田,2024年年度报告,2025-04-28 00:00:00,1223302154,reports_raw/companies/300_chinext/300815_玉禾田/2024/1223302154.pdf,https://static.cninfo.com.cn/finalpage/2025-04-28/1223302154.PDF
300834,星辉环材,2024年年度报告,2025-04-29 00:00:00,1223363112,reports_raw/companies/300_chinext/300834_星辉环材/2024/1223363112.pdf,https://static.cninfo.com.cn/finalpage/2025-04-29/1223363112.PDF
300840,酷特智能,2024年年度报告,2025-04-29 00:00:00,1223380933,reports_raw/companies/300_chinext/300840_酷特智能/2024/1223380933.pdf,https://static.cninfo.com.cn/finalpage/2025-04-29/1223380933.PDF
300843,胜蓝股份,2024年年度报告,2025-04-28 00:00:00,1223307965,reports_raw/companies/300_chinext/300843_胜蓝股份/2024/1223307965.pdf,https://static.cninfo.com.cn/finalpage/2025-04-28/1223307965.PDF
300849,锦盛新材,2024年年度报告,2025-04-29 00:00:00,1223377922,reports_raw/companies/300_chinext/300849_锦盛新材/2024/1223377922.pdf,https://static.cninfo.com.cn/finalpage/2025-04-29/1223377922.PDF
300853,申昊科技,2024年年度报告,2025-04-29 00:00:00,1223374511,reports_raw/companies/300_chinext/300853_申昊科技/2024/1223374511.pdf,https://static.cninfo.com.cn/finalpage/2025-04-29/1223374511.PDF
300854,中兰环保,2024年年度报告,2025-04-28 00:00:00,1223307198,reports_raw/companies/300_chinext/300854_中兰环保/2024/1223307198.pdf,https://static.cninfo.com.cn/finalpage/2025-04-28/1223307198.PDF
300866,安克创新,2024年年度报告,2025-04-29 00:00:00,1223379891,reports_raw/companies/300_chinext/300866_安克创新/2024/1223379891.pdf,https://static.cninfo.com.cn/finalpage/2025-04-29/1223379891.PDF
300869,康泰医学,2024年年度报告,2025-04-29 00:00:00,1223358635,reports_raw/companies/300_chinext/300869_康泰医学/2024/1223358635.pdf,https://static.cninfo.com.cn/finalpage/2025-04-29/1223358635.PDF
300871,回盛生物,2024年年度报告,2025-04-29 00:00:00,1223362785,reports_raw/companies/300_chinext/300871_回盛生物/2024/1223362785.pdf,https://static.cninfo.com.cn/finalpage/2025-04-29/1223362785.PDF
300875,捷强装备,2024年年度报告,2025-04-29 00:00:00,1223382024,reports_raw/companies/300_chinext/300875_捷强装备/2024/1223382024.pdf,https://static.cninfo.com.cn/finalpage/2025-04-29/1223382024.PDF
300878,维康药业,2024年年度报告,2025-04-29 00:00:00,1223365893,reports_raw/companies/300_chinext/300878_维康药业/2024/1223365893.pdf,https://static.cninfo.com.cn/finalpage/2025-04-29/1223365893.PDF
300884,狄耐克,2024年年度报告,2025-04-29 00:00:00,1223377773,reports_raw/companies/300_chinext/300884_狄耐克/2024/1223377773.pdf,https://static.cninfo.com.cn/finalpage/2025-04-29/1223377773.PDF
300888,稳健医疗,2024年年度报告,2025-04-29 00:00:00,1223377656,reports_raw/companies/300_chinext/300888_稳健医疗/2024/1223377656.pdf,https://static.cninfo.com.cn/finalpage/2025-04-29/1223377656.PDF
300899,上海凯鑫,2024年年度报告,2025-04-29 00:00:00,1223383318,reports_raw/companies/300_chinext/300899_上海凯鑫/2024/1223383318.pdf,https://static.cninfo.com.cn/finalpage/2025-04-29/1223383318.PDF
300913,兆龙互连,2024年年度报告,2025-04-29 00:00:00,1223366812,reports_raw/companies/300_chinext/300913_兆龙互连/2024/1223366812.pdf,https://static.cninfo.com.cn/finalpage/2025-04-29/1223366812.PDF
300925,法本信息,2024年年度报告,2025-04-29 00:00:00,1223357046,reports_raw/companies/300_chinext/300925_法本信息/2024/1223357046.pdf,https://static.cninfo.com.cn/finalpage/2025-04-29/1223357046.PDF
300929,华骐环保,2024年年度报告,2025-04-28 00:00:00,1223324180,reports_raw/companies/300_chinext/300929_华骐环保/2024/1223324180.pdf,https://static.cninfo.com.cn/finalpage/2025-04-28/1223324180.PDF
300939,秋田微,2024年年度报告,2025-04-26 00:00:00,1223320347,reports_raw/companies/300_chinext/300939_秋田微/2024/1223320347.pdf,https://static.cninfo.com.cn/finalpage/2025-04-26/1223320347.PDF
300940,南极光,2024年年度报告,2025-04-29 00:00:00,1223358506,reports_raw/companies/300_chinext/300940_南极光/2024/1223358506.pdf,https://static.cninfo.com.cn/finalpage/2025-04-29/1223358506.PDF
300947,德必集团,2024年年度报告,2025-04-28 00:00:00,1223303434,reports_raw/companies/300_chinext/300947_德必集团/2024/1223303434.pdf,https://static.cninfo.com.cn/finalpage/2025-04-28/1223303434.PDF
300948,冠中生态,2024年年度报告,2025-04-29 00:00:00,1223363460,reports_raw/companies/300_chinext/300948_冠中生态/2024/1223363460.pdf,https://static.cninfo.com.cn/finalpage/2025-04-29/1223363460.PDF
300949,奥雅股份,2024年年度报告,2025-04-29 00:00:00,1223391418,reports_raw/companies/300_chinext/300949_奥雅股份/2024/1223391418.pdf,https://static.cninfo.com.cn/finalpage/2025-04-29/1223391418.pdf
300959,线上线下,2024年年度报告,2025-04-29 00:00:00,1223378390,reports_raw/companies/300_chinext/300959_线上线下/2024/1223378390.pdf,https://static.cninfo.com.cn/finalpage/2025-04-29/1223378390.PDF
300961,深水海纳,2024年年度报告,2025-04-29 00:00:00,1223384680,reports_raw/companies/300_chinext/300961_深水海纳/2024/1223384680.pdf,https://static.cninfo.com.cn/finalpage/2025-04-29/1223384680.PDF
300962,中金辐照,2024年年度报告,2025-04-29 00:00:00,1223369493,reports_raw/companies/300_chinext/300962_中金辐照/2024/1223369493.pdf,https://static.cninfo.com.cn/finalpage/2025-04-29/1223369493.PDF
300963,中洲特材,2024年年度报告,2025-04-29 00:00:00,1223367622,reports_raw/companies/300_chinext/300963_中洲特材/2024/1223367622.pdf,https://static.cninfo.com.cn/finalpage/2025-04-29/1223367622.PDF
300968,格林精密,2024年年度报告,2025-04-28 00:00:00,1223316938,reports_raw/companies/300_chinext/300968_格林精密/2024/1223316938.pdf,https://static.cninfo.com.cn/finalpage/2025-04-28/1223316938.PDF
300973,立高食品,2024年年度报告,2025-04-29 00:00:00,1223357393,reports_raw/companies/300_chinext/300973_立高食品/2024/1223357393.pdf,https://static.cninfo.com.cn/finalpage/2025-04-29/1223357393.PDF
300978,东箭科技,2024年年度报告,2025-04-26 00:00:00,1223322685,reports_raw/companies/300_chinext/300978_东箭科技/2024/1223322685.pdf,https://static.cninfo.com.cn/finalpage/2025-04-26/1223322685.PDF
300980,祥源新材,2024年年度报告,2025-04-29 00:00:00,1223382933,reports_raw/companies/300_chinext/300980_祥源新材/2024/1223382933.pdf,https://static.cninfo.com.cn/finalpage/2025-04-29/1223382933.PDF
300982,苏文电能,2024年年度报告,2025-04-28 00:00:00,1223312842,reports_raw/companies/300_chinext/300982_苏文电能/2024/1223312842.pdf,https://static.cninfo.com.cn/finalpage/2025-04-28/1223312842.PDF
300985,致远新能,2024年年度报告,2025-04-29 00:00:00,1223363291,reports_raw/companies/300_chinext/300985_致远新能/2024/1223363291.pdf,https://static.cninfo.com.cn/finalpage/2025-04-29/1223363291.PDF
300989,蕾奥规划,2024年年度报告,2025-04-28 00:00:00,1223302963,reports_raw/companies/300_chinext/300989_蕾奥规划/2024/1223302963.pdf,https://static.cninfo.com.cn/finalpage/2025-04-28/1223302963.PDF
300992,泰福泵业,2024年年度报告,2025-04-28 00:00:00,1223310659,reports_raw/companies/300_chinext/300992_泰福泵业/2024/1223310659.pdf,https://static.cninfo.com.cn/finalpage/2025-04-28/1223310659.PDF
301006,迈拓股份,2024年年度报告,2025-04-28 00:00:00,1223302713,reports_raw/companies/301_chinext/301006_迈拓股份/2024/1223302713.pdf,https://static.cninfo.com.cn/finalpage/2025-04-28/1223302713.pdf
301009,可靠股份,2024年年度报告,2025-04-28 00:00:00,1223329502,reports_raw/companies/301_chinext/301009_可靠股份/2024/1223329502.pdf,https://static.cninfo.com.cn/finalpage/2025-04-28/1223329502.pdf
301017,漱玉平民,2024年年度报告,2025-04-29 00:00:00,1223390807,reports_raw/companies/301_chinext/301017_漱玉平民/2024/1223390807.pdf,https://static.cninfo.com.cn/finalpage/2025-04-29/1223390807.PDF
301018,申菱环境,2024年年度报告,2025-04-28 00:00:00,1223319900,reports_raw/companies/301_chinext/301018_申菱环境/2024/1223319900.pdf,https://static.cninfo.com.cn/finalpage/2025-04-28/1223319900.PDF
301024,霍普股份,2024年年度报告,2025-04-29 00:00:00,1223373663,reports_raw/companies/301_chinext/301024_霍普股份/2024/1223373663.pdf,https://static.cninfo.com.cn/finalpage/2025-04-29/1223373663.PDF
301025,读客文化,2024年年度报告,2025-04-29 00:00:00,1223371348,reports_raw/companies/301_chinext/301025_读客文化/2024/1223371348.pdf,https://static.cninfo.com.cn/finalpage/2025-04-29/1223371348.PDF
301029,怡合达,2024年年度报告,2025-04-29 00:00:00,1223357517,reports_raw/companies/301_chinext/301029_怡合达/2024/1223357517.pdf,https://static.cninfo.com.cn/finalpage/2025-04-29/1223357517.PDF
301030,仕净科技,2024年年度报告,2025-04-28 00:00:00,1223322722,reports_raw/companies/301_chinext/301030_仕净科技/2024/1223322722.pdf,https://static.cninfo.com.cn/finalpage/2025-04-28/1223322722.PDF
301041,金百泽,2024年年度报告,2025-04-29 00:00:00,1223362195,reports_raw/companies/301_chinext/301041_金百泽/2024/1223362195.pdf,https://static.cninfo.com.cn/finalpage/2025-04-29/1223362195.PDF
301052,果麦文化,2024年年度报告,2025-04-26 00:00:00,1223318197,reports_raw/companies/301_chinext/301052_果麦文化/2024/1223318197.pdf,https://static.cninfo.com.cn/finalpage/2025-04-26/1223318197.PDF
301060,兰卫医学,2024年年度报告,2025-04-28 00:00:00,1223306767,reports_raw/companies/301_chinext/301060_兰卫医学/2024/1223306767.pdf,https://static.cninfo.com.cn/finalpage/2025-04-28/1223306767.PDF
301067,显盈科技,2024年年度报告,2025-04-29 00:00:00,1223375528,reports_raw/companies/301_chinext/301067_显盈科技/2024/1223375528.pdf,https://static.cninfo.com.cn/finalpage/2025-04-29/1223375528.PDF
301070,开勒股份,2024年年度报告,2025-04-29 00:00:00,1223377804,reports_raw/companies/301_chinext/301070_开勒股份/2024/1223377804.pdf,https://static.cninfo.com.cn/finalpage/2025-04-29/1223377804.PDF
301073,君亭酒店,2024年年度报告,2025-04-29 00:00:00,1223357479,reports_raw/companies/301_chinext/301073_君亭酒店/2024/1223357479.pdf,https://static.cninfo.com.cn/finalpage/2025-04-29/1223357479.PDF
301076,新瀚新材,2024年年度报告,2025-04-26 00:00:00,1223318353,reports_raw/companies/301_chinext/301076_新瀚新材/2024/1223318353.pdf,https://static.cninfo.com.cn/finalpage/2025-04-26/1223318353.PDF
301081,严牌股份,2024年年度报告,2025-04-28 00:00:00,1223299788,reports_raw/companies/301_chinext/301081_严牌股份/2024/1223299788.pdf,https://static.cninfo.com.cn/finalpage/2025-04-28/1223299788.PDF
301082,久盛电气,2024年年度报告,2025-04-28 00:00:00,1223301502,reports_raw/companies/301_chinext/301082_久盛电气/2024/1223301502.pdf,https://static.cninfo.com.cn/finalpage/2025-04-28/1223301502.PDF
301086,鸿富瀚,2024年年度报告,2025-04-29 00:00:00,1223361083,reports_raw/companies/301_chinext/301086_鸿富瀚/2024/1223361083.pdf,https://static.cninfo.com.cn/finalpage/2025-04-29/1223361083.PDF
301087,可孚医疗,2024年年度报告,2025-04-29 00:00:00,1223358916,reports_raw/companies/301_chinext/301087_可孚医疗/2024/1223358916.pdf,https://static.cninfo.com.cn/finalpage/2025-04-29/1223358916.PDF
301088,戎美股份,2024年年度报告,2025-04-29 00:00:00,1223366489,reports_raw/companies/301_chinext/301088_戎美股份/2024/1223366489.pdf,https://static.cninfo.com.cn/finalpage/2025-04-29/1223366489.PDF
301091,深城交,2024年年度报告,2025-04-29 00:00:00,1223373231,reports_raw/companies/301_chinext/301091_深城交/2024/1223373231.pdf,https://static.cninfo.com.cn/finalpage/2025-04-29/1223373231.PDF
301092,争光股份,2024年年度报告,2025-04-28 00:00:00,1223304967,reports_raw/companies/301_chinext/301092_争光股份/2024/1223304967.pdf,https://static.cninfo.com.cn/finalpage/2025-04-28/1223304967.PDF
301110,青木科技,2024年年度报告,2025-04-29 00:00:00,1223377273,reports_raw/companies/301_chinext/301110_青木科技/2024/1223377273.pdf,https://static.cninfo.com.cn/finalpage/2025-04-29/1223377273.PDF
301131,聚赛龙,2024年年度报告,2025-04-29 00:00:00,1223376303,reports_raw/companies/301_chinext/301131_聚赛龙/2024/1223376303.pdf,https://static.cninfo.com.cn/finalpage/2025-04-29/1223376303.PDF
301135,瑞德智能,2024年年度报告,2025-04-29 00:00:00,1223370568,reports_raw/companies/301_chinext/301135_瑞德智能/2024/1223370568.pdf,https://static.cninfo.com.cn/finalpage/2025-04-29/1223370568.PDF
301139,元道通信,2024年年度报告,2025-04-29 00:00:00,1223373232,reports_raw/companies/301_chinext/301139_元道通信/2024/1223373232.pdf,https://static.cninfo.com.cn/finalpage/2025-04-29/1223373232.PDF
301152,天力锂能,2024年年度报告,2025-04-29 00:00:00,1223389338,reports_raw/companies/301_chinext/301152_天力锂能/2024/1223389338.pdf,https://static.cninfo.com.cn/finalpage/2025-04-29/1223389338.PDF
301155,海力风电,2024年年度报告,2025-04-29 00:00:00,1223367179,reports_raw/companies/301_chinext/301155_海力风电/2024/1223367179.pdf,https://static.cninfo.com.cn/finalpage/2025-04-29/1223367179.PDF
301161,唯万密封,2024年年度报告,2025-04-29 00:00:00,1223365579,reports_raw/companies/301_chinext/301161_唯万密封/2024/1223365579.pdf,https://static.cninfo.com.cn/finalpage/2025-04-29/1223365579.PDF
301163,宏德股份,2024年年度报告,2025-04-29 00:00:00,1223361705,reports_raw/companies/301_chinext/301163_宏德股份/2024/1223361705.pdf,https://static.cninfo.com.cn/finalpage/2025-04-29/1223361705.PDF
301168,通灵股份,2024年年度报告,2025-04-26 00:00:00,1223323975,reports_raw/companies/301_chinext/301168_通灵股份/2024/1223323975.pdf,https://static.cninfo.com.cn/finalpage/2025-04-26/1223323975.PDF
301177,迪阿股份,2024年年度报告（英文版）,2025-04-26 00:00:00,1223319605,reports_raw/companies/301_chinext/301177_迪阿股份/2024/1223319605.pdf,https://static.cninfo.com.cn/finalpage/2025-04-26/1223319605.PDF
301191,菲菱科思,2024年年度报告,2025-04-29 00:00:00,1223367427,reports_raw/companies/301_chinext/301191_菲菱科思/2024/1223367427.pdf,https://static.cninfo.com.cn/finalpage/2025-04-29/1223367427.PDF
301197,工大科雅,2024年年度报告,2025-04-28 00:00:00,1223321590,reports_raw/companies/301_chinext/301197_工大科雅/2024/1223321590.pdf,https://static.cninfo.com.cn/finalpage/2025-04-28/1223321590.PDF
301199,迈赫股份,2024年年度报告,2025-04-29 00:00:00,1223372191,reports_raw/companies/301_chinext/301199_迈赫股份/2024/1223372191.pdf,https://static.cninfo.com.cn/finalpage/2025-04-29/1223372191.PDF
301206,三元生物,2024年年度报告,2025-04-29 00:00:00,1223372568,reports_raw/companies/301_chinext/301206_三元生物/2024/1223372568.pdf,https://static.cninfo.com.cn/finalpage/2025-04-29/1223372568.PDF
301209,联合化学,2024年年度报告,2025-04-28 00:00:00,1223314994,reports_raw/companies/301_chinext/301209_联合化学/2024/1223314994.pdf,https://static.cninfo.com.cn/finalpage/2025-04-28/1223314994.PDF
301213,观想科技,2024年年度报告,2025-04-29 00:00:00,1223366196,reports_raw/companies/301_chinext/301213_观想科技/2024/1223366196.pdf,https://static.cninfo.com.cn/finalpage/2025-04-29/1223366196.PDF
301222,浙江恒威,2024年年度报告,2025-04-29 00:00:00,1223367238,reports_raw/companies/301_chinext/301222_浙江恒威/2024/1223367238.pdf,https://static.cninfo.com.cn/finalpage/2025-04-29/1223367238.PDF
301231,荣信文化,2024年年度报告,2025-04-29 00:00:00,1223376779,reports_raw/companies/301_chinext/301231_荣信文化/2024/1223376779.pdf,https://static.cninfo.com.cn/finalpage/2025-04-29/1223376779.PDF
301236,软通动力,2024年年度报告,2025-04-26 00:00:00,1223318919,reports_raw/companies/301_chinext/301236_软通动力/2024/1223318919.pdf,https://static.cninfo.com.cn/finalpage/2025-04-26/1223318919.PDF
301239,普瑞眼科,2024年年度报告,2025-04-29 00:00:00,1223360686,reports_raw/companies/301_chinext/301239_普瑞眼科/2024/1223360686.pdf,https://static.cninfo.com.cn/finalpage/2025-04-29/1223360686.PDF
301255,通力科技,2024年年度报告,2025-04-29 00:00:00,1223358025,reports_raw/companies/301_chinext/301255_通力科技/2024/1223358025.pdf,https://static.cninfo.com.cn/finalpage/2025-04-29/1223358025.PDF
301257,普蕊斯,2024年年度报告,2025-04-29 00:00:00,1223373081,reports_raw/companies/301_chinext/301257_普蕊斯/2024/1223373081.pdf,https://static.cninfo.com.cn/finalpage/2025-04-29/1223373081.PDF
301259,艾布鲁,2024年年度报告,2025-04-29 00:00:00,1223373014,reports_raw/companies/301_chinext/301259_艾布鲁/2024/1223373014.pdf,https://static.cninfo.com.cn/finalpage/2025-04-29/1223373014.PDF
301260,格力博,2024年年度报告,2025-04-29 00:00:00,1223371048,reports_raw/companies/301_chinext/301260_格力博/2024/1223371048.pdf,https://static.cninfo.com.cn/finalpage/2025-04-29/1223371048.PDF
301261,恒工精密,2024年年度报告,2025-04-29 00:00:00,1223357355,reports_raw/companies/301_chinext/301261_恒工精密/2024/1223357355.pdf,https://static.cninfo.com.cn/finalpage/2025-04-29/1223357355.PDF
301263,泰恩康,2024年年度报告,2025-04-26 00:00:00,1223317221,reports_raw/companies/301_chinext/301263_泰恩康/2024/1223317221.pdf,https://static.cninfo.com.cn/finalpage/2025-04-26/1223317221.PDF
301267,华厦眼科,2024年年度报告,2025-04-28 00:00:00,1223322582,reports_raw/companies/301_chinext/301267_华厦眼科/2024/1223322582.pdf,https://static.cninfo.com.cn/finalpage/2025-04-28/1223322582.PDF
301268,铭利达,2024年年度报告,2025-04-29 00:00:00,1223375620,reports_raw/companies/301_chinext/301268_铭利达/2024/1223375620.pdf,https://static.cninfo.com.cn/finalpage/2025-04-29/1223375620.PDF
301269,华大九天,2024年年度报告,2025-04-28 00:00:00,1223320656,reports_raw/companies/301_chinext/301269_华大九天/2024/1223320656.pdf,https://static.cninfo.com.cn/finalpage/2025-04-28/1223320656.PDF
301272,英华特,2024年年度报告,2025-04-26 00:00:00,1223329557,reports_raw/companies/301_chinext/301272_英华特/2024/1223329557.pdf,https://static.cninfo.com.cn/finalpage/2025-04-26/1223329557.PDF
301273,瑞晨环保,2024年年度报告,2025-04-29 00:00:00,1223375477,reports_raw/companies/301_chinext/301273_瑞晨环保/2024/1223375477.pdf,https://static.cninfo.com.cn/finalpage/2025-04-29/1223375477.PDF
301276,嘉曼服饰,2024年年度报告,2025-04-28 00:00:00,1223315006,reports_raw/companies/301_chinext/301276_嘉曼服饰/2024/1223315006.pdf,https://static.cninfo.com.cn/finalpage/2025-04-28/1223315006.PDF
301278,快可电子,2024年年度报告,2025-04-29 00:00:00,1223359122,reports_raw/companies/301_chinext/301278_快可电子/2024/1223359122.pdf,https://static.cninfo.com.cn/finalpage/2025-04-29/1223359122.PDF
301279,金道科技,2024年年度报告,2025-04-29 00:00:00,1223373388,reports_raw/companies/301_chinext/301279_金道科技/2024/1223373388.pdf,https://static.cninfo.com.cn/finalpage/2025-04-29/1223373388.PDF
301288,清研环境,2024年年度报告,2025-04-29 00:00:00,1223381060,reports_raw/companies/301_chinext/301288_清研环境/2024/1223381060.pdf,https://static.cninfo.com.cn/finalpage/2025-04-29/1223381060.PDF
301297,富乐德,2024年年度报告,2025-04-30 00:00:00,1223410800,reports_raw/companies/301_chinext/301297_富乐德/2024/1223410800.pdf,https://static.cninfo.com.cn/finalpage/2025-04-30/1223410800.PDF
301300,远翔新材,2024年年度报告,2025-04-29 00:00:00,1223364187,reports_raw/companies/301_chinext/301300_远翔新材/2024/1223364187.pdf,https://static.cninfo.com.cn/finalpage/2025-04-29/1223364187.PDF
301306,西测测试,2024年年度报告,2025-04-28 00:00:00,1223319750,reports_raw/companies/301_chinext/301306_西测测试/2024/1223319750.pdf,https://static.cninfo.com.cn/finalpage/2025-04-28/1223319750.PDF
301309,万得凯,2024年年度报告,2025-04-29 00:00:00,1223366395,reports_raw/companies/301_chinext/301309_万得凯/2024/1223366395.pdf,https://static.cninfo.com.cn/finalpage/2025-04-29/1223366395.PDF
301322,绿通科技,2024年年度报告,2025-04-29 00:00:00,1223361486,reports_raw/companies/301_chinext/301322_绿通科技/2024/1223361486.pdf,https://static.cninfo.com.cn/finalpage/2025-04-29/1223361486.PDF
301325,曼恩斯特,2024年年度报告,2025-04-29 00:00:00,1223374752,reports_raw/companies/301_chinext/301325_曼恩斯特/2024/1223374752.pdf,https://static.cninfo.com.cn/finalpage/2025-04-29/1223374752.PDF
301327,华宝新能,2024年年度报告,2025-04-26 00:00:00,1223332625,reports_raw/companies/301_chinext/301327_华宝新能/2024/1223332625.pdf,https://static.cninfo.com.cn/finalpage/2025-04-26/1223332625.PDF
301328,维峰电子,2024年年度报告,2025-04-26 00:00:00,1223332482,reports_raw/companies/301_chinext/301328_维峰电子/2024/1223332482.pdf,https://static.cninfo.com.cn/finalpage/2025-04-26/1223332482.PDF
301336,趣睡科技,2024年年度报告,2025-04-26 00:00:00,1223321134,reports_raw/companies/301_chinext/301336_趣睡科技/2024/1223321134.pdf,https://static.cninfo.com.cn/finalpage/2025-04-26/1223321134.PDF
301345,涛涛车业,2024年年度报告,2025-04-29 00:00:00,1223356894,reports_raw/companies/301_chinext/301345_涛涛车业/2024/1223356894.pdf,https://static.cninfo.com.cn/finalpage/2025-04-29/1223356894.PDF
301348,蓝箭电子,2024年年度报告,2025-04-29 00:00:00,1223371713,reports_raw/companies/301_chinext/301348_蓝箭电子/2024/1223371713.pdf,https://static.cninfo.com.cn/finalpage/2025-04-29/1223371713.PDF
301356,天振股份,2024年年度报告,2025-04-29 00:00:00,1223369654,reports_raw/companies/301_chinext/301356_天振股份/2024/1223369654.pdf,https://static.cninfo.com.cn/finalpage/2025-04-29/1223369654.PDF
301357,北方长龙,2024年年度报告,2025-04-29 00:00:00,1223365616,reports_raw/companies/301_chinext/301357_北方长龙/2024/1223365616.pdf,https://static.cninfo.com.cn/finalpage/2025-04-29/1223365616.PDF
301366,一博科技,2024年年度报告,2025-04-28 00:00:00,1223303416,reports_raw/companies/301_chinext/301366_一博科技/2024/1223303416.pdf,https://static.cninfo.com.cn/finalpage/2025-04-28/1223303416.PDF
301372,科净源,2024年年度报告,2025-04-28 00:00:00,1223332664,reports_raw/companies/301_chinext/301372_科净源/2024/1223332664.pdf,https://static.cninfo.com.cn/finalpage/2025-04-28/1223332664.PDF
301376,致欧科技,2024年年度报告,2025-04-29 00:00:00,1223366465,reports_raw/companies/301_chinext/301376_致欧科技/2024/1223366465.pdf,https://static.cninfo.com.cn/finalpage/2025-04-29/1223366465.PDF
301380,挖金客,2024年年度报告,2025-04-28 00:00:00,1223329732,reports_raw/companies/301_chinext/301380_挖金客/2024/1223329732.pdf,https://static.cninfo.com.cn/finalpage/2025-04-28/1223329732.PDF
301382,蜂助手,2024年年度报告,2025-04-28 00:00:00,1223329432,reports_raw/companies/301_chinext/301382_蜂助手/2024/1223329432.pdf,https://static.cninfo.com.cn/finalpage/2025-04-28/1223329432.PDF
301391,卡莱特,2024年年度报告,2025-04-29 00:00:00,1223364804,reports_raw/companies/301_chinext/301391_卡莱特/2024/1223364804.pdf,https://static.cninfo.com.cn/finalpage/2025-04-29/1223364804.PDF
301399,英特科技,2024年年度报告,2025-04-29 00:00:00,1223366424,reports_raw/companies/301_chinext/301399_英特科技/2024/1223366424.pdf,https://static.cninfo.com.cn/finalpage/2025-04-29/1223366424.pdf
301479,弘景光电,2024年年度报告,2025-04-28 00:00:00,1223322416,reports_raw/companies/301_chinext/301479_弘景光电/2024/1223322416.pdf,https://static.cninfo.com.cn/finalpage/2025-04-28/1223322416.PDF
301499,维科精密,2024年年度报告,2025-04-29 00:00:00,1223363370,reports_raw/companies/301_chinext/301499_维科精密/2024/1223363370.pdf,https://static.cninfo.com.cn/finalpage/2025-04-29/1223363370.PDF
301503,智迪科技,2024年年度报告,2025-04-29 00:00:00,1223363250,reports_raw/companies/301_chinext/301503_智迪科技/2024/1223363250.pdf,https://static.cninfo.com.cn/finalpage/2025-04-29/1223363250.PDF
301512,智信精密,2024年年度报告,2025-04-29 00:00:00,1223358109,reports_raw/companies/301_chinext/301512_智信精密/2024/1223358109.pdf,https://static.cninfo.com.cn/finalpage/2025-04-29/1223358109.PDF
301517,陕西华达,2024年年度报告,2025-04-29 00:00:00,1223379631,reports_raw/companies/301_chinext/301517_陕西华达/2024/1223379631.pdf,https://static.cninfo.com.cn/finalpage/2025-04-29/1223379631.PDF
301519,舜禹股份,2024年年度报告,2025-04-28 00:00:00,1223316625,reports_raw/companies/301_chinext/301519_舜禹股份/2024/1223316625.pdf,https://static.cninfo.com.cn/finalpage/2025-04-28/1223316625.PDF
301548,崇德科技,2024年年度报告,2025-04-29 00:00:00,1223359336,reports_raw/companies/301_chinext/301548_崇德科技/2024/1223359336.pdf,https://static.cninfo.com.cn/finalpage/2025-04-29/1223359336.PDF
301555,惠柏新材,2024年年度报告,2025-04-29 00:00:00,1223362660,reports_raw/companies/301_chinext/301555_惠柏新材/2024/1223362660.pdf,https://static.cninfo.com.cn/finalpage/2025-04-29/1223362660.PDF
301568,思泰克,2024年年度报告,2025-04-29 00:00:00,1223372574,reports_raw/companies/301_chinext/301568_思泰克/2024/1223372574.pdf,https://static.cninfo.com.cn/finalpage/2025-04-29/1223372574.PDF
301580,爱迪特,2024年年度报告,2025-04-29 00:00:00,1223377454,reports_raw/companies/301_chinext/301580_爱迪特/2024/1223377454.pdf,https://static.cninfo.com.cn/finalpage/2025-04-29/1223377454.PDF
301601,惠通科技,2024年年度报告,2025-04-28 00:00:00,1223311553,reports_raw/companies/301_chinext/301601_惠通科技/2024/1223311553.pdf,https://static.cninfo.com.cn/finalpage/2025-04-28/1223311553.PDF
301602,超研股份,2024年年度报告,2025-04-29 00:00:00,1223370797,reports_raw/companies/301_chinext/301602_超研股份/2024/1223370797.pdf,https://static.cninfo.com.cn/finalpage/2025-04-29/1223370797.PDF
301616,浙江华业,2024年年度报告,2025-04-28 00:00:00,1223323376,reports_raw/companies/301_chinext/301616_浙江华业/2024/1223323376.pdf,https://static.cninfo.com.cn/finalpage/2025-04-28/1223323376.PDF
301618,长联科技,2024年年度报告,2025-04-29 00:00:00,1223366994,reports_raw/companies/301_chinext/301618_长联科技/2024/1223366994.pdf,https://static.cninfo.com.cn/finalpage/2025-04-29/1223366994.PDF
301629,矽电股份,2024年年度报告,2025-04-29 00:00:00,1223359143,reports_raw/companies/301_chinext/301629_矽电股份/2024/1223359143.pdf,https://static.cninfo.com.cn/finalpage/2025-04-29/1223359143.PDF
301658,首航新能,2024年年度报告,2025-04-29 00:00:00,1223366341,reports_raw/companies/301_chinext/301658_首航新能/2024/1223366341.pdf,https://static.cninfo.com.cn/finalpage/2025-04-29/1223366341.PDF
301662,宏工科技,2024年年度报告,2025-04-29 00:00:00,1223378412,reports_raw/companies/301_chinext/301662_宏工科技/2024/1223378412.pdf,https://static.cninfo.com.cn/finalpage/2025-04-29/1223378412.PDF
301665,泰禾股份,2024年年度报告,2025-04-28 00:00:00,1223320406,reports_raw/companies/301_chinext/301665_泰禾股份/2024/1223320406.pdf,https://static.cninfo.com.cn/finalpage/2025-04-28/1223320406.PDF
430476,海能技术,2024年年度报告,2025-04-28 00:00:00,1223394560,reports_raw/companies/430_other/430476_海能技术/2024/1223394560.pdf,https://static.cninfo.com.cn/finalpage/2025-04-28/1223394560.PDF
430564,天润科技,2024年年度报告,2025-04-28 00:00:00,1223391193,reports_raw/companies/430_other/430564_天润科技/2024/1223391193.pdf,https://static.cninfo.com.cn/finalpage/2025-04-28/1223391193.PDF
600004,白云机场,广州白云国际机场股份有限公司2024年年度报告,2025-04-30 00:00:00,1223412147,reports_raw/companies/600_sh_main/600004_白云机场/2024/1223412147.pdf,https://static.cninfo.com.cn/finalpage/2025-04-30/1223412147.PDF
600006,东风股份,东风汽车股份有限公司2024年年度报告全文,2025-04-26 00:00:00,1223324200,reports_raw/companies/600_sh_main/600006_东风股份/2024/1223324200.pdf,https://static.cninfo.com.cn/finalpage/2025-04-26/1223324200.PDF
600009,上海机场,上海机场2024年年度报告,2025-04-29 00:00:00,1223389433,reports_raw/companies/600_sh_main/600009_上海机场/2024/1223389433.pdf,https://static.cninfo.com.cn/finalpage/2025-04-29/1223389433.PDF
600019,宝钢股份,宝钢股份2024年年度报告,2025-04-26 00:00:00,1223329102,reports_raw/companies/600_sh_main/600019_宝钢股份/2024/1223329102.pdf,https://static.cninfo.com.cn/finalpage/2025-04-26/1223329102.PDF
600022,山东钢铁,山东钢铁股份有限公司2024年年度报告,2025-04-30 00:00:00,1223412184,reports_raw/companies/600_sh_main/600022_山东钢铁/2024/1223412184.pdf,https://static.cninfo.com.cn/finalpage/2025-04-30/1223412184.PDF
600023,浙能电力,2024年年度报告,2025-04-29 00:00:00,1223358285,reports_raw/companies/600_sh_main/600023_浙能电力/2024/1223358285.pdf,https://static.cninfo.com.cn/finalpage/2025-04-29/1223358285.PDF
600048,保利发展,保利发展控股集团股份有限公司2024年年度报告,2025-04-29 00:00:00,1223382905,reports_raw/companies/600_sh_main/600048_保利发展/2024/1223382905.pdf,https://static.cninfo.com.cn/finalpage/2025-04-29/1223382905.PDF
600052,东望时代,浙江东望时代科技股份有限公司2024年年度报告,2025-04-29 00:00:00,1223382962,reports_raw/companies/600_sh_main/600052_东望时代/2024/1223382962.pdf,https://static.cninfo.com.cn/finalpage/2025-04-29/1223382962.PDF
600056,中国医药,2024年年度报告全文,2025-04-26 00:00:00,1223321732,reports_raw/companies/600_sh_main/600056_中国医药/2024/1223321732.pdf,https://static.cninfo.com.cn/finalpage/2025-04-26/1223321732.PDF
600067,冠城新材,冠城新材2024年年度报告,2025-04-26 00:00:00,1223316496,reports_raw/companies/600_sh_main/600067_冠城新材/2024/1223316496.pdf,https://static.cninfo.com.cn/finalpage/2025-04-26/1223316496.PDF
600070,*ST富润,2024年年度报告,2025-04-30 00:00:00,1223425544,reports_raw/companies/600_sh_main/600070_ST富润/2024/1223425544.pdf,https://static.cninfo.com.cn/finalpage/2025-04-30/1223425544.PDF
600072,中船科技,中船科技股份有限公司2024年年度报告,2025-04-30 00:00:00,1223425593,reports_raw/companies/600_sh_main/600072_中船科技/2024/1223425593.pdf,https://static.cninfo.com.cn/finalpage/2025-04-30/1223425593.PDF
600076,康欣新材,康欣新材2024年年度报告,2025-04-28 00:00:00,1223346586,reports_raw/companies/600_sh_main/600076_康欣新材/2024/1223346586.pdf,https://static.cninfo.com.cn/finalpage/2025-04-28/1223346586.PDF
600079,人福医药,人福医药2024年年度报告,2025-04-29 00:00:00,1223357229,reports_raw/companies/600_sh_main/600079_人福医药/2024/1223357229.pdf,https://static.cninfo.com.cn/finalpage/2025-04-29/1223357229.PDF
600082,海泰发展,天津海泰科技发展股份有限公司2024年年度报告全文,2025-04-30 00:00:00,1223425641,reports_raw/companies/600_sh_main/600082_海泰发展/2024/1223425641.pdf,https://static.cninfo.com.cn/finalpage/2025-04-30/1223425641.PDF
600094,大名城,大名城2024年年度报告,2025-04-26 00:00:00,1223317029,reports_raw/companies/600_sh_main/600094_大名城/2024/1223317029.pdf,https://static.cninfo.com.cn/finalpage/2025-04-26/1223317029.PDF
600095,湘财股份,湘财股份2024年年度报告,2025-04-26 00:00:00,1223327984,reports_raw/companies/600_sh_main/600095_湘财股份/2024/1223327984.pdf,https://static.cninfo.com.cn/finalpage/2025-04-26/1223327984.PDF
600100,同方股份,同方股份有限公司2024年年度报告,2025-04-29 00:00:00,1223389449,reports_raw/companies/600_sh_main/600100_同方股份/2024/1223389449.pdf,https://static.cninfo.com.cn/finalpage/2025-04-29/1223389449.PDF
600104,上汽集团,上汽集团2024年年度报告,2025-04-30 00:00:00,1223418977,reports_raw/companies/600_sh_main/600104_上汽集团/2024/1223418977.pdf,https://static.cninfo.com.cn/finalpage/2025-04-30/1223418977.PDF
600107,美尔雅,2024年年度报告,2025-04-30 00:00:00,1223419004,reports_raw/companies/600_sh_main/600107_美尔雅/2024/1223419004.pdf,https://static.cninfo.com.cn/finalpage/2025-04-30/1223419004.PDF
600119,长江投资,长江投资：2024年年度报告（全文）,2025-04-29 00:00:00,1223373878,reports_raw/companies/600_sh_main/600119_长江投资/2024/1223373878.pdf,https://static.cninfo.com.cn/finalpage/2025-04-29/1223373878.PDF
600128,苏豪弘业,苏豪弘业2024年年度报告,2025-04-29 00:00:00,1223382996,reports_raw/companies/600_sh_main/600128_苏豪弘业/2024/1223382996.pdf,https://static.cninfo.com.cn/finalpage/2025-04-29/1223382996.PDF
600130,波导股份,波导股份2024年年度报告,2025-04-29 00:00:00,1223373957,reports_raw/companies/600_sh_main/600130_波导股份/2024/1223373957.pdf,https://static.cninfo.com.cn/finalpage/2025-04-29/1223373957.PDF
600132,重庆啤酒,重庆啤酒股份有限公司2024年年度报告（英文版）,2025-04-30 00:00:00,1223412270,reports_raw/companies/600_sh_main/600132_重庆啤酒/2024/1223412270.pdf,https://static.cninfo.com.cn/finalpage/2025-04-30/1223412270.PDF
600133,东湖高新,2024年年度报告,2025-04-29 00:00:00,1223373981,reports_raw/companies/600_sh_main/600133_东湖高新/2024/1223373981.pdf,https://static.cninfo.com.cn/finalpage/2025-04-29/1223373981.PDF
600137,浪莎股份,浪莎股份2024年年度报告,2025-04-29 00:00:00,1223383022,reports_raw/companies/600_sh_main/600137_浪莎股份/2024/1223383022.pdf,https://static.cninfo.com.cn/finalpage/2025-04-29/1223383022.PDF
600149,廊坊发展,廊坊发展股份有限公司2024年年度报告全文,2025-04-26 00:00:00,1223325781,reports_raw/companies/600_sh_main/600149_廊坊发展/2024/1223325781.pdf,https://static.cninfo.com.cn/finalpage/2025-04-26/1223325781.PDF
600150,中国船舶,中国船舶2024年年度报告,2025-04-30 00:00:00,1223419094,reports_raw/companies/600_sh_main/600150_中国船舶/2024/1223419094.pdf,https://static.cninfo.com.cn/finalpage/2025-04-30/1223419094.PDF
600155,华创云信,华创云信2024年年度报告,2025-04-30 00:00:00,1223419121,reports_raw/companies/600_sh_main/600155_华创云信/2024/1223419121.pdf,https://static.cninfo.com.cn/finalpage/2025-04-30/1223419121.PDF
600157,永泰能源,永泰能源集团股份有限公司2024年年度报告,2025-04-29 00:00:00,1223374035,reports_raw/companies/600_sh_main/600157_永泰能源/2024/1223374035.pdf,https://static.cninfo.com.cn/finalpage/2025-04-29/1223374035.PDF
600158,中体产业,中体产业集团股份有限公司2024年年度报告,2025-04-29 00:00:00,1223383048,reports_raw/companies/600_sh_main/600158_中体产业/2024/1223383048.pdf,https://static.cninfo.com.cn/finalpage/2025-04-29/1223383048.PDF
600163,中闽能源,中闽能源2024年年度报告,2025-04-29 00:00:00,1223361039,reports_raw/companies/600_sh_main/600163_中闽能源/2024/1223361039.pdf,https://static.cninfo.com.cn/finalpage/2025-04-29/1223361039.PDF
600166,福田汽车,2024年年度报告,2025-04-26 00:00:00,1223327299,reports_raw/companies/600_sh_main/600166_福田汽车/2024/1223327299.pdf,https://static.cninfo.com.cn/finalpage/2025-04-26/1223327299.PDF
600167,联美控股,联美量子股份有限公司2024年年度报告,2025-04-30 00:00:00,1223419163,reports_raw/companies/600_sh_main/600167_联美控股/2024/1223419163.pdf,https://static.cninfo.com.cn/finalpage/2025-04-30/1223419163.PDF
600169,太原重工,太原重工2024年年度报告,2025-04-29 00:00:00,1223389535,reports_raw/companies/600_sh_main/600169_太原重工/2024/1223389535.pdf,https://static.cninfo.com.cn/finalpage/2025-04-29/1223389535.PDF
600172,黄河旋风,2024年年度报告,2025-04-30 00:00:00,1223419329,reports_raw/companies/600_sh_main/600172_黄河旋风/2024/1223419329.pdf,https://static.cninfo.com.cn/finalpage/2025-04-30/1223419329.PDF
600180,瑞茂通,瑞茂通2024年年度报告,2025-04-29 00:00:00,1223389577,reports_raw/companies/600_sh_main/600180_瑞茂通/2024/1223389577.pdf,https://static.cninfo.com.cn/finalpage/2025-04-29/1223389577.PDF
600182,S佳通,佳通轮胎股份有限公司2024年年度报告,2025-04-29 00:00:00,1223383099,reports_raw/companies/600_sh_main/600182_S佳通/2024/1223383099.pdf,https://static.cninfo.com.cn/finalpage/2025-04-29/1223383099.PDF
600184,光电股份,北方光电股份有限公司2024年年度报告,2025-04-29 00:00:00,1223383369,reports_raw/companies/600_sh_main/600184_光电股份/2024/1223383369.pdf,https://static.cninfo.com.cn/finalpage/2025-04-29/1223383369.PDF
600185,格力地产,2024年年度报告,2025-04-29 00:00:00,1223389594,reports_raw/companies/600_sh_main/600185_格力地产/2024/1223389594.pdf,https://static.cninfo.com.cn/finalpage/2025-04-29/1223389594.PDF
600186,莲花控股,莲花控股股份有限公司2024年年度报告,2025-04-30 00:00:00,1223419342,reports_raw/companies/600_sh_main/600186_莲花控股/2024/1223419342.pdf,https://static.cninfo.com.cn/finalpage/2025-04-30/1223419342.PDF
600187,国中水务,2024年年度报告,2025-04-30 00:00:00,1223425685,reports_raw/companies/600_sh_main/600187_国中水务/2024/1223425685.pdf,https://static.cninfo.com.cn/finalpage/2025-04-30/1223425685.PDF
600189,泉阳泉,吉林泉阳泉股份有限公司《2024年年度报告》,2025-04-30 00:00:00,1223419372,reports_raw/companies/600_sh_main/600189_泉阳泉/2024/1223419372.pdf,https://static.cninfo.com.cn/finalpage/2025-04-30/1223419372.PDF
600190,ST锦港,锦州港股份有限公司2024年年度报告,2025-04-30 00:00:00,1223425712,reports_raw/companies/600_sh_main/600190_ST锦港/2024/1223425712.pdf,https://static.cninfo.com.cn/finalpage/2025-04-30/1223425712.PDF
600193,创兴资源,上海创兴资源开发股份有限公司2024年年度报告（修订版）,2025-04-30 00:00:00,1223412301,reports_raw/companies/600_sh_main/600193_创兴资源/2024/1223412301.pdf,https://static.cninfo.com.cn/finalpage/2025-04-30/1223412301.PDF
600197,伊力特,新疆伊力特实业股份有限公司2024年年度报告,2025-04-29 00:00:00,1223368119,reports_raw/companies/600_sh_main/600197_伊力特/2024/1223368119.pdf,https://static.cninfo.com.cn/finalpage/2025-04-29/1223368119.PDF
600199,金种子酒,2024年年度报告,2025-04-29 00:00:00,1223383407,reports_raw/companies/600_sh_main/600199_金种子酒/2024/1223383407.pdf,https://static.cninfo.com.cn/finalpage/2025-04-29/1223383407.PDF
600200,江苏吴中,江苏吴中医药发展股份有限公司2024年年度报告全文,2025-04-30 00:00:00,1223419401,reports_raw/companies/600_sh_main/600200_江苏吴中/2024/1223419401.pdf,https://static.cninfo.com.cn/finalpage/2025-04-30/1223419401.PDF
600202,哈空调,哈尔滨空调股份有限公司2024年年度报告,2025-04-29 00:00:00,1223356443,reports_raw/companies/600_sh_main/600202_哈空调/2024/1223356443.pdf,https://static.cninfo.com.cn/finalpage/2025-04-29/1223356443.PDF
600206,有研新材,有研新材料股份有限公司2024年年度报告,2025-04-30 00:00:00,1223408404,reports_raw/companies/600_sh_main/600206_有研新材/2024/1223408404.pdf,https://static.cninfo.com.cn/finalpage/2025-04-30/1223408404.PDF
600208,衢州发展,2024年年度报告,2025-04-30 00:00:00,1223419424,reports_raw/companies/600_sh_main/600208_衢州发展/2024/1223419424.pdf,https://static.cninfo.com.cn/finalpage/2025-04-30/1223419424.PDF
600212,绿能慧充,绿能慧充2024年年度报告,2025-04-29 00:00:00,1223368166,reports_raw/companies/600_sh_main/600212_绿能慧充/2024/1223368166.pdf,https://static.cninfo.com.cn/finalpage/2025-04-29/1223368166.PDF
600215,派斯林,派斯林2024年年度报告,2025-04-30 00:00:00,1223419458,reports_raw/companies/600_sh_main/600215_派斯林/2024/1223419458.pdf,https://static.cninfo.com.cn/finalpage/2025-04-30/1223419458.PDF
600221,海航控股,海航控股：2024年年度报告,2025-04-30 00:00:00,1223419508,reports_raw/companies/600_sh_main/600221_海航控股/2024/1223419508.pdf,https://static.cninfo.com.cn/finalpage/2025-04-30/1223419508.PDF
600227,赤天化,贵州赤天化股份有限公司2024年年度报告,2025-04-29 00:00:00,1223374076,reports_raw/companies/600_sh_main/600227_赤天化/2024/1223374076.pdf,https://static.cninfo.com.cn/finalpage/2025-04-29/1223374076.PDF
600229,城市传媒,青岛城市传媒股份有限公司2024年年度报告,2025-04-26 00:00:00,1223320150,reports_raw/companies/600_sh_main/600229_城市传媒/2024/1223320150.pdf,https://static.cninfo.com.cn/finalpage/2025-04-26/1223320150.PDF
600233,圆通速递,圆通速递股份有限公司2024年年度报告,2025-04-29 00:00:00,1223374217,reports_raw/companies/600_sh_main/600233_圆通速递/2024/1223374217.pdf,https://static.cninfo.com.cn/finalpage/2025-04-29/1223374217.PDF
600234,*ST科新,山西科新发展股份有限公司2024年年度报告,2025-04-30 00:00:00,1223412858,reports_raw/companies/600_sh_main/600234_ST科新/2024/1223412858.pdf,https://static.cninfo.com.cn/finalpage/2025-04-30/1223412858.PDF
600238,海南椰岛,海南椰岛2024年年度报告,2025-04-30 00:00:00,1223425759,reports_raw/companies/600_sh_main/600238_海南椰岛/2024/1223425759.pdf,https://static.cninfo.com.cn/finalpage/2025-04-30/1223425759.PDF
600246,万通发展,2024年年度报告,2025-04-30 00:00:00,1223419698,reports_raw/companies/600_sh_main/600246_万通发展/2024/1223419698.pdf,https://static.cninfo.com.cn/finalpage/2025-04-30/1223419698.PDF
600248,陕建股份,陕西建工集团股份有限公司2024年年度报告,2025-04-30 00:00:00,1223419712,reports_raw/companies/600_sh_main/600248_陕建股份/2024/1223419712.pdf,https://static.cninfo.com.cn/finalpage/2025-04-30/1223419712.PDF
600250,南京商旅,南京商旅2024年年度报告,2025-04-29 00:00:00,1223361077,reports_raw/companies/600_sh_main/600250_南京商旅/2024/1223361077.pdf,https://static.cninfo.com.cn/finalpage/2025-04-29/1223361077.PDF
600265,景谷林业,2024年年度报告,2025-04-29 00:00:00,1223389620,reports_raw/companies/600_sh_main/600265_景谷林业/2024/1223389620.pdf,https://static.cninfo.com.cn/finalpage/2025-04-29/1223389620.PDF
600272,开开实业,2024年年度报告全文,2025-04-30 00:00:00,1223408433,reports_raw/companies/600_sh_main/600272_开开实业/2024/1223408433.pdf,https://static.cninfo.com.cn/finalpage/2025-04-30/1223408433.PDF
600278,东方创业,东方创业2024年年度报告,2025-04-26 00:00:00,1223323577,reports_raw/companies/600_sh_main/600278_东方创业/2024/1223323577.pdf,https://static.cninfo.com.cn/finalpage/2025-04-26/1223323577.PDF
600281,华阳新材,山西华阳新材料股份有限公司2024年年度报告,2025-04-26 00:00:00,1223319374,reports_raw/companies/600_sh_main/600281_华阳新材/2024/1223319374.pdf,https://static.cninfo.com.cn/finalpage/2025-04-26/1223319374.PDF
600287,ST舜天,江苏舜天2024年年度报告全文,2025-04-29 00:00:00,1223383432,reports_raw/companies/600_sh_main/600287_ST舜天/2024/1223383432.pdf,https://static.cninfo.com.cn/finalpage/2025-04-29/1223383432.PDF
600301,华锡有色,广西华锡有色金属股份有限公司2024年年度报告,2025-04-30 00:00:00,1223419758,reports_raw/companies/600_sh_main/600301_华锡有色/2024/1223419758.pdf,https://static.cninfo.com.cn/finalpage/2025-04-30/1223419758.PDF
600302,标准股份,标准股份2024年年度报告全文（修订版）,2025-04-29 00:00:00,1223359539,reports_raw/companies/600_sh_main/600302_标准股份/2024/1223359539.pdf,https://static.cninfo.com.cn/finalpage/2025-04-29/1223359539.PDF
600307,酒钢宏兴,酒钢宏兴2024年年度报告,2025-04-30 00:00:00,1223412908,reports_raw/companies/600_sh_main/600307_酒钢宏兴/2024/1223412908.pdf,https://static.cninfo.com.cn/finalpage/2025-04-30/1223412908.PDF
600322,津投城开,津投城开2024年年度报告,2025-04-30 00:00:00,1223419809,reports_raw/companies/600_sh_main/600322_津投城开/2024/1223419809.pdf,https://static.cninfo.com.cn/finalpage/2025-04-30/1223419809.PDF
600336,澳柯玛,澳柯玛2024年年度报告,2025-04-30 00:00:00,1223419830,reports_raw/companies/600_sh_main/600336_澳柯玛/2024/1223419830.pdf,https://static.cninfo.com.cn/finalpage/2025-04-30/1223419830.PDF
600337,美克家居,美克国际家居用品股份有限公司2024年年度报告,2025-04-30 00:00:00,1223412957,reports_raw/companies/600_sh_main/600337_美克家居/2024/1223412957.pdf,https://static.cninfo.com.cn/finalpage/2025-04-30/1223412957.PDF
600338,西藏珠峰,2024年年度报告,2025-04-29 00:00:00,1223383463,reports_raw/companies/600_sh_main/600338_西藏珠峰/2024/1223383463.pdf,https://static.cninfo.com.cn/finalpage/2025-04-29/1223383463.PDF
600340,华夏幸福,华夏幸福2024年年度报告,2025-04-30 00:00:00,1223419859,reports_raw/companies/600_sh_main/600340_华夏幸福/2024/1223419859.pdf,https://static.cninfo.com.cn/finalpage/2025-04-30/1223419859.PDF
600345,长江通信,长江通信2024年年度报告,2025-04-30 00:00:00,1223420075,reports_raw/companies/600_sh_main/600345_长江通信/2024/1223420075.pdf,https://static.cninfo.com.cn/finalpage/2025-04-30/1223420075.PDF
600348,华阳股份,山西华阳集团新能股份有限公司2024年年度报告,2025-04-26 00:00:00,1223325382,reports_raw/companies/600_sh_main/600348_华阳股份/2024/1223325382.pdf,https://static.cninfo.com.cn/finalpage/2025-04-26/1223325382.PDF
600351,亚宝药业,亚宝药业集团股份有限公司2024年年度报告,2025-04-26 00:00:00,1223320163,reports_raw/companies/600_sh_main/600351_亚宝药业/2024/1223320163.pdf,https://static.cninfo.com.cn/finalpage/2025-04-26/1223320163.PDF
600355,精伦电子,精伦电子2024年年度报告,2025-04-26 00:00:00,1223324805,reports_raw/companies/600_sh_main/600355_精伦电子/2024/1223324805.pdf,https://static.cninfo.com.cn/finalpage/2025-04-26/1223324805.PDF
600356,恒丰纸业,恒丰纸业2024年年度报告,2025-04-29 00:00:00,1223374265,reports_raw/companies/600_sh_main/600356_恒丰纸业/2024/1223374265.pdf,https://static.cninfo.com.cn/finalpage/2025-04-29/1223374265.PDF
600360,ST华微,吉林华微电子股份有限公司2024年年度报告,2025-04-30 00:00:00,1223427884,reports_raw/companies/600_sh_main/600360_ST华微/2024/1223427884.pdf,https://static.cninfo.com.cn/finalpage/2025-04-30/1223427884.PDF
600363,联创光电,2024年年度报告,2025-04-29 00:00:00,1223383548,reports_raw/companies/600_sh_main/600363_联创光电/2024/1223383548.pdf,https://static.cninfo.com.cn/finalpage/2025-04-29/1223383548.PDF
600365,ST通葡,通化葡萄酒股份有限公司2024年年度报告,2025-04-29 00:00:00,1223389754,reports_raw/companies/600_sh_main/600365_ST通葡/2024/1223389754.pdf,https://static.cninfo.com.cn/finalpage/2025-04-29/1223389754.PDF
600366,宁波韵升,宁波韵升2024年年度报告,2025-04-30 00:00:00,1223413014,reports_raw/companies/600_sh_main/600366_宁波韵升/2024/1223413014.pdf,https://static.cninfo.com.cn/finalpage/2025-04-30/1223413014.PDF
600367,红星发展,红星发展2024年年度报告,2025-04-26 00:00:00,1223321234,reports_raw/companies/600_sh_main/600367_红星发展/2024/1223321234.pdf,https://static.cninfo.com.cn/finalpage/2025-04-26/1223321234.PDF
600369,西南证券,西南证券股份有限公司2024年年度报告,2025-04-26 00:00:00,1223322405,reports_raw/companies/600_sh_main/600369_西南证券/2024/1223322405.pdf,https://static.cninfo.com.cn/finalpage/2025-04-26/1223322405.PDF
600370,三房巷,江苏三房巷聚材股份有限公司2024年年度报告,2025-04-29 00:00:00,1223374309,reports_raw/companies/600_sh_main/600370_三房巷/2024/1223374309.pdf,https://static.cninfo.com.cn/finalpage/2025-04-29/1223374309.PDF
600378,昊华科技,昊华科技2024年年度报告,2025-04-30 00:00:00,1223425840,reports_raw/companies/600_sh_main/600378_昊华科技/2024/1223425840.pdf,https://static.cninfo.com.cn/finalpage/2025-04-30/1223425840.PDF
600381,ST春天,青海春天2024年年度报告,2025-04-29 00:00:00,1223383599,reports_raw/companies/600_sh_main/600381_ST春天/2024/1223383599.pdf,https://static.cninfo.com.cn/finalpage/2025-04-29/1223383599.PDF
600387,*ST海越,海越能源2024年年度报告,2025-04-30 00:00:00,1223425872,reports_raw/companies/600_sh_main/600387_ST海越/2024/1223425872.pdf,https://static.cninfo.com.cn/finalpage/2025-04-30/1223425872.PDF
600398,海澜之家,海澜之家集团股份有限公司2024年年度报告,2025-04-30 00:00:00,1223413043,reports_raw/companies/600_sh_main/600398_海澜之家/2024/1223413043.pdf,https://static.cninfo.com.cn/finalpage/2025-04-30/1223413043.PDF
600400,红豆股份,红豆股份2024年年度报告,2025-04-30 00:00:00,1223413186,reports_raw/companies/600_sh_main/600400_红豆股份/2024/1223413186.pdf,https://static.cninfo.com.cn/finalpage/2025-04-30/1223413186.PDF
600406,国电南瑞,国电南瑞2024年年度报告,2025-04-29 00:00:00,1223374352,reports_raw/companies/600_sh_main/600406_国电南瑞/2024/1223374352.pdf,https://static.cninfo.com.cn/finalpage/2025-04-29/1223374352.PDF
600408,安泰集团,安泰集团2024年年度报告,2025-04-30 00:00:00,1223420124,reports_raw/companies/600_sh_main/600408_安泰集团/2024/1223420124.pdf,https://static.cninfo.com.cn/finalpage/2025-04-30/1223420124.PDF
600410,华胜天成,2024年年度报告,2025-04-26 00:00:00,1223324852,reports_raw/companies/600_sh_main/600410_华胜天成/2024/1223324852.pdf,https://static.cninfo.com.cn/finalpage/2025-04-26/1223324852.PDF
600429,三元股份,三元股份2024年年度报告,2025-04-29 00:00:00,1223389789,reports_raw/companies/600_sh_main/600429_三元股份/2024/1223389789.pdf,https://static.cninfo.com.cn/finalpage/2025-04-29/1223389789.PDF
600436,片仔癀,漳州片仔癀药业股份有限公司2024年年度报告,2025-04-26 00:00:00,1223319419,reports_raw/companies/600_sh_main/600436_片仔癀/2024/1223319419.pdf,https://static.cninfo.com.cn/finalpage/2025-04-26/1223319419.PDF
600438,通威股份,通威股份有限公司2024年年度报告,2025-04-30 00:00:00,1223425884,reports_raw/companies/600_sh_main/600438_通威股份/2024/1223425884.pdf,https://static.cninfo.com.cn/finalpage/2025-04-30/1223425884.PDF
600439,瑞贝卡,2024年年度报告,2025-04-29 00:00:00,1223392487,reports_raw/companies/600_sh_main/600439_瑞贝卡/2024/1223392487.pdf,https://static.cninfo.com.cn/finalpage/2025-04-29/1223392487.PDF
600458,时代新材,2024年年度报告,2025-04-30 00:00:00,1223413242,reports_raw/companies/600_sh_main/600458_时代新材/2024/1223413242.pdf,https://static.cninfo.com.cn/finalpage/2025-04-30/1223413242.PDF
600462,*ST九有,湖北九有投资股份有限公司2024年年度报告,2025-04-30 00:00:00,1223425946,reports_raw/companies/600_sh_main/600462_ST九有/2024/1223425946.pdf,https://static.cninfo.com.cn/finalpage/2025-04-30/1223425946.PDF
600463,空港股份,空港股份2024年年度报告,2025-04-29 00:00:00,1223389816,reports_raw/companies/600_sh_main/600463_空港股份/2024/1223389816.pdf,https://static.cninfo.com.cn/finalpage/2025-04-29/1223389816.PDF
600475,华光环能,无锡华光环保能源集团股份有限公司2024年年度报告,2025-04-29 00:00:00,1223374438,reports_raw/companies/600_sh_main/600475_华光环能/2024/1223374438.pdf,https://static.cninfo.com.cn/finalpage/2025-04-29/1223374438.PDF
600476,湘邮科技,湖南湘邮科技股份有限公司2024年年度报告,2025-04-29 00:00:00,1223374446,reports_raw/companies/600_sh_main/600476_湘邮科技/2024/1223374446.pdf,https://static.cninfo.com.cn/finalpage/2025-04-29/1223374446.PDF
600478,科力远,科力远2024年年度报告,2025-04-29 00:00:00,1223389839,reports_raw/companies/600_sh_main/600478_科力远/2024/1223389839.pdf,https://static.cninfo.com.cn/finalpage/2025-04-29/1223389839.PDF
600479,千金药业,千金药业2024年年度报告,2025-04-29 00:00:00,1223361164,reports_raw/companies/600_sh_main/600479_千金药业/2024/1223361164.pdf,https://static.cninfo.com.cn/finalpage/2025-04-29/1223361164.PDF
600480,凌云股份,凌云股份2024年年度报告,2025-04-29 00:00:00,1223368243,reports_raw/companies/600_sh_main/600480_凌云股份/2024/1223368243.pdf,https://static.cninfo.com.cn/finalpage/2025-04-29/1223368243.PDF
600481,双良节能,双良节能系统股份有限公司2024年年度报告,2025-04-30 00:00:00,1223420153,reports_raw/companies/600_sh_main/600481_双良节能/2024/1223420153.pdf,https://static.cninfo.com.cn/finalpage/2025-04-30/1223420153.PDF
600489,中金黄金,中金黄金股份有限公司2024年年度报告,2025-04-30 00:00:00,1223413290,reports_raw/companies/600_sh_main/600489_中金黄金/2024/1223413290.pdf,https://static.cninfo.com.cn/finalpage/2025-04-30/1223413290.PDF
600490,鹏欣资源,2024年年度报告,2025-04-26 00:00:00,1223330737,reports_raw/companies/600_sh_main/600490_鹏欣资源/2024/1223330737.pdf,https://static.cninfo.com.cn/finalpage/2025-04-26/1223330737.PDF
600491,龙元建设,龙元建设2024年年度报告,2025-04-30 00:00:00,1223413348,reports_raw/companies/600_sh_main/600491_龙元建设/2024/1223413348.pdf,https://static.cninfo.com.cn/finalpage/2025-04-30/1223413348.PDF
600498,烽火通信,600498_烽火通信科技股份有限公司2024年年度报告,2025-04-26 00:00:00,1223328073,reports_raw/companies/600_sh_main/600498_烽火通信/2024/1223328073.pdf,https://static.cninfo.com.cn/finalpage/2025-04-26/1223328073.PDF
600500,中化国际,中化国际2024年年度报告,2025-04-30 00:00:00,1223413394,reports_raw/companies/600_sh_main/600500_中化国际/2024/1223413394.pdf,https://static.cninfo.com.cn/finalpage/2025-04-30/1223413394.PDF
600501,航天晨光,航天晨光股份有限公司2024年年度报告,2025-04-26 00:00:00,1223320998,reports_raw/companies/600_sh_main/600501_航天晨光/2024/1223320998.pdf,https://static.cninfo.com.cn/finalpage/2025-04-26/1223320998.PDF
600516,方大炭素,方大炭素2024年年度报告,2025-04-26 00:00:00,1223356213,reports_raw/companies/600_sh_main/600516_方大炭素/2024/1223356213.pdf,https://static.cninfo.com.cn/finalpage/2025-04-26/1223356213.pdf
600520,三佳科技,三佳科技2024年年度报告,2025-04-29 00:00:00,1223374912,reports_raw/companies/600_sh_main/600520_三佳科技/2024/1223374912.pdf,https://static.cninfo.com.cn/finalpage/2025-04-29/1223374912.PDF
600521,华海药业,浙江华海药业股份有限公司2024年年度报告,2025-04-30 00:00:00,1223420208,reports_raw/companies/600_sh_main/600521_华海药业/2024/1223420208.pdf,https://static.cninfo.com.cn/finalpage/2025-04-30/1223420208.PDF
600525,长园集团,2024年年度报告,2025-04-29 00:00:00,1223389886,reports_raw/companies/600_sh_main/600525_长园集团/2024/1223389886.pdf,https://static.cninfo.com.cn/finalpage/2025-04-29/1223389886.PDF
600530,交大昂立,2024年年度报告,2025-04-29 00:00:00,1223374925,reports_raw/companies/600_sh_main/600530_交大昂立/2024/1223374925.pdf,https://static.cninfo.com.cn/finalpage/2025-04-29/1223374925.PDF
600533,栖霞建设,栖霞建设2024年年度报告,2025-04-30 00:00:00,1223420265,reports_raw/companies/600_sh_main/600533_栖霞建设/2024/1223420265.pdf,https://static.cninfo.com.cn/finalpage/2025-04-30/1223420265.PDF
600536,中国软件,中国软件2024年年度报告,2025-04-29 00:00:00,1223389902,reports_raw/companies/600_sh_main/600536_中国软件/2024/1223389902.pdf,https://static.cninfo.com.cn/finalpage/2025-04-29/1223389902.PDF
600537,亿晶光电,亿晶光电科技股份有限公司2024年年度报告,2025-04-29 00:00:00,1223383611,reports_raw/companies/600_sh_main/600537_亿晶光电/2024/1223383611.pdf,https://static.cninfo.com.cn/finalpage/2025-04-29/1223383611.PDF
600540,新赛股份,新疆赛里木现代农业股份有限公司2024年年度报告,2025-04-28 00:00:00,1223346634,reports_raw/companies/600_sh_main/600540_新赛股份/2024/1223346634.pdf,https://static.cninfo.com.cn/finalpage/2025-04-28/1223346634.PDF
600543,莫高股份,莫高股份2024年年度报告,2025-04-29 00:00:00,1223363975,reports_raw/companies/600_sh_main/600543_莫高股份/2024/1223363975.pdf,https://static.cninfo.com.cn/finalpage/2025-04-29/1223363975.PDF
600545,卓郎智能,2024年年度报告,2025-04-29 00:00:00,1223390003,reports_raw/companies/600_sh_main/600545_卓郎智能/2024/1223390003.pdf,https://static.cninfo.com.cn/finalpage/2025-04-29/1223390003.PDF
600546,山煤国际,山煤国际2024年年度报告,2025-04-29 00:00:00,1223390014,reports_raw/companies/600_sh_main/600546_山煤国际/2024/1223390014.pdf,https://static.cninfo.com.cn/finalpage/2025-04-29/1223390014.PDF
600549,厦门钨业,厦门钨业2024年年度报告,2025-04-26 00:00:00,1223318066,reports_raw/companies/600_sh_main/600549_厦门钨业/2024/1223318066.pdf,https://static.cninfo.com.cn/finalpage/2025-04-26/1223318066.PDF
600566,济川药业,湖北济川药业股份有限公司2024年年度报告,2025-04-26 00:00:00,1223320773,reports_raw/companies/600_sh_main/600566_济川药业/2024/1223320773.pdf,https://static.cninfo.com.cn/finalpage/2025-04-26/1223320773.PDF
600567,山鹰国际,2024年年度报告,2025-04-30 00:00:00,1223413849,reports_raw/companies/600_sh_main/600567_山鹰国际/2024/1223413849.pdf,https://static.cninfo.com.cn/finalpage/2025-04-30/1223413849.PDF
600569,安阳钢铁,安阳钢铁股份有限公司2024年年度报告,2025-04-30 00:00:00,1223420542,reports_raw/companies/600_sh_main/600569_安阳钢铁/2024/1223420542.pdf,https://static.cninfo.com.cn/finalpage/2025-04-30/1223420542.PDF
600579,中化装备,中化装备科技（青岛）股份有限公司2024年年度报告,2025-04-30 00:00:00,1223426041,reports_raw/companies/600_sh_main/600579_中化装备/2024/1223426041.pdf,https://static.cninfo.com.cn/finalpage/2025-04-30/1223426041.PDF
600580,卧龙电驱,卧龙电驱2024年年度报告,2025-04-26 00:00:00,1223319716,reports_raw/companies/600_sh_main/600580_卧龙电驱/2024/1223319716.pdf,https://static.cninfo.com.cn/finalpage/2025-04-26/1223319716.PDF
600581,八一钢铁,八一钢铁2024年年度报告,2025-04-26 00:00:00,1223318716,reports_raw/companies/600_sh_main/600581_八一钢铁/2024/1223318716.pdf,https://static.cninfo.com.cn/finalpage/2025-04-26/1223318716.PDF
600587,新华医疗,新华医疗2024年年度报告,2025-04-30 00:00:00,1223413874,reports_raw/companies/600_sh_main/600587_新华医疗/2024/1223413874.pdf,https://static.cninfo.com.cn/finalpage/2025-04-30/1223413874.PDF
600590,泰豪科技,2024年年度报告,2025-04-29 00:00:00,1223374970,reports_raw/companies/600_sh_main/600590_泰豪科技/2024/1223374970.pdf,https://static.cninfo.com.cn/finalpage/2025-04-29/1223374970.PDF
600592,龙溪股份,龙溪股份2024年年度报告,2025-04-30 00:00:00,1223426115,reports_raw/companies/600_sh_main/600592_龙溪股份/2024/1223426115.pdf,https://static.cninfo.com.cn/finalpage/2025-04-30/1223426115.PDF
600596,新安股份,新安股份2024年年度报告,2025-04-30 00:00:00,1223420565,reports_raw/companies/600_sh_main/600596_新安股份/2024/1223420565.pdf,https://static.cninfo.com.cn/finalpage/2025-04-30/1223420565.PDF
600597,光明乳业,光明乳业2024年年度报告,2025-04-30 00:00:00,1223413933,reports_raw/companies/600_sh_main/600597_光明乳业/2024/1223413933.pdf,https://static.cninfo.com.cn/finalpage/2025-04-30/1223413933.PDF
600599,ST熊猫,ST熊猫2024年年度报告全文,2025-04-30 00:00:00,1223420602,reports_raw/companies/600_sh_main/600599_ST熊猫/2024/1223420602.pdf,https://static.cninfo.com.cn/finalpage/2025-04-30/1223420602.PDF
600606,绿地控股,绿地控股2024年年度报告,2025-04-29 00:00:00,1223390055,reports_raw/companies/600_sh_main/600606_绿地控股/2024/1223390055.pdf,https://static.cninfo.com.cn/finalpage/2025-04-29/1223390055.PDF
600608,ST沪科,ST沪科2024年年度报告,2025-04-29 00:00:00,1223383763,reports_raw/companies/600_sh_main/600608_ST沪科/2024/1223383763.pdf,https://static.cninfo.com.cn/finalpage/2025-04-29/1223383763.PDF
600612,老凤祥,老凤祥股份有限公司2024年年度报告全文,2025-04-29 00:00:00,1223368310,reports_raw/companies/600_sh_main/600612_老凤祥/2024/1223368310.pdf,https://static.cninfo.com.cn/finalpage/2025-04-29/1223368310.PDF
600619,海立股份,海立股份2024年年度报告,2025-04-30 00:00:00,1223406446,reports_raw/companies/600_sh_main/600619_海立股份/2024/1223406446.pdf,https://static.cninfo.com.cn/finalpage/2025-04-30/1223406446.PDF
600622,光大嘉宝,光大嘉宝股份有限公司2024年年度报告,2025-04-30 00:00:00,1223426168,reports_raw/companies/600_sh_main/600622_光大嘉宝/2024/1223426168.pdf,https://static.cninfo.com.cn/finalpage/2025-04-30/1223426168.PDF
600624,复旦复华,上海复旦复华科技股份有限公司2024年年度报告,2025-04-30 00:00:00,1223426175,reports_raw/companies/600_sh_main/600624_复旦复华/2024/1223426175.pdf,https://static.cninfo.com.cn/finalpage/2025-04-30/1223426175.PDF
600626,申达股份,申达股份2024年年度报告,2025-04-29 00:00:00,1223375014,reports_raw/companies/600_sh_main/600626_申达股份/2024/1223375014.pdf,https://static.cninfo.com.cn/finalpage/2025-04-29/1223375014.PDF
600630,龙头股份,龙头股份2024年年度报告全文,2025-04-29 00:00:00,1223368533,reports_raw/companies/600_sh_main/600630_龙头股份/2024/1223368533.pdf,https://static.cninfo.com.cn/finalpage/2025-04-29/1223368533.PDF
600638,新黄浦,新黄浦2024年年度报告,2025-04-30 00:00:00,1223413984,reports_raw/companies/600_sh_main/600638_新黄浦/2024/1223413984.pdf,https://static.cninfo.com.cn/finalpage/2025-04-30/1223413984.PDF
600641,万业企业,上海万业企业股份有限公司2024年年度报告,2025-04-26 00:00:00,1223325940,reports_raw/companies/600_sh_main/600641_万业企业/2024/1223325940.pdf,https://static.cninfo.com.cn/finalpage/2025-04-26/1223325940.PDF
600643,爱建集团,爱建集团2024年年度报告,2025-04-30 00:00:00,1223420668,reports_raw/companies/600_sh_main/600643_爱建集团/2024/1223420668.pdf,https://static.cninfo.com.cn/finalpage/2025-04-30/1223420668.PDF
600658,电子城,电子城 2024年年度报告,2025-04-26 00:00:00,1223318757,reports_raw/companies/600_sh_main/600658_电子城/2024/1223318757.pdf,https://static.cninfo.com.cn/finalpage/2025-04-26/1223318757.PDF
600661,昂立教育,昂立教育2024年年度报告,2025-04-29 00:00:00,1223390091,reports_raw/companies/600_sh_main/600661_昂立教育/2024/1223390091.pdf,https://static.cninfo.com.cn/finalpage/2025-04-29/1223390091.PDF
600664,哈药股份,哈药集团股份有限公司2024年年度报告,2025-04-26 00:00:00,1223325599,reports_raw/companies/600_sh_main/600664_哈药股份/2024/1223325599.pdf,https://static.cninfo.com.cn/finalpage/2025-04-26/1223325599.PDF
600665,天地源,天地源股份有限公司2024年年度报告,2025-04-30 00:00:00,1223426241,reports_raw/companies/600_sh_main/600665_天地源/2024/1223426241.pdf,https://static.cninfo.com.cn/finalpage/2025-04-30/1223426241.PDF
600667,太极实业,2024年年度报告,2025-04-26 00:00:00,1223317604,reports_raw/companies/600_sh_main/600667_太极实业/2024/1223317604.pdf,https://static.cninfo.com.cn/finalpage/2025-04-26/1223317604.PDF
600679,上海凤凰,上海凤凰2024年年度报告,2025-04-30 00:00:00,1223426277,reports_raw/companies/600_sh_main/600679_上海凤凰/2024/1223426277.pdf,https://static.cninfo.com.cn/finalpage/2025-04-30/1223426277.PDF
600686,金龙汽车,金龙汽车2024年年度报告,2025-04-26 00:00:00,1223327464,reports_raw/companies/600_sh_main/600686_金龙汽车/2024/1223327464.pdf,https://static.cninfo.com.cn/finalpage/2025-04-26/1223327464.PDF
600698,湖南天雁,湖南天雁机械股份有限公司2024年年度报告,2025-04-26 00:00:00,1223322426,reports_raw/companies/600_sh_main/600698_湖南天雁/2024/1223322426.pdf,https://static.cninfo.com.cn/finalpage/2025-04-26/1223322426.PDF
600704,物产中大,物产中大2024年年度报告,2025-04-29 00:00:00,1223375082,reports_raw/companies/600_sh_main/600704_物产中大/2024/1223375082.pdf,https://static.cninfo.com.cn/finalpage/2025-04-29/1223375082.PDF
600706,曲江文旅,曲江文旅2024年年度报告,2025-04-29 00:00:00,1223390115,reports_raw/companies/600_sh_main/600706_曲江文旅/2024/1223390115.pdf,https://static.cninfo.com.cn/finalpage/2025-04-29/1223390115.PDF
600708,光明地产,光明地产2024年年度报告,2025-04-29 00:00:00,1223390154,reports_raw/companies/600_sh_main/600708_光明地产/2024/1223390154.pdf,https://static.cninfo.com.cn/finalpage/2025-04-29/1223390154.PDF
600718,东软集团,东软集团2024年年度报告,2025-04-29 00:00:00,1223383841,reports_raw/companies/600_sh_main/600718_东软集团/2024/1223383841.pdf,https://static.cninfo.com.cn/finalpage/2025-04-29/1223383841.PDF
600731,湖南海利,湖南海利2024年年度报告,2025-04-29 00:00:00,1223361276,reports_raw/companies/600_sh_main/600731_湖南海利/2024/1223361276.pdf,https://static.cninfo.com.cn/finalpage/2025-04-29/1223361276.PDF
600732,爱旭股份,2024年年度报告,2025-04-30 00:00:00,1223420859,reports_raw/companies/600_sh_main/600732_爱旭股份/2024/1223420859.pdf,https://static.cninfo.com.cn/finalpage/2025-04-30/1223420859.PDF
600733,北汽蓝谷,2024年年度报告,2025-04-29 00:00:00,1223383884,reports_raw/companies/600_sh_main/600733_北汽蓝谷/2024/1223383884.pdf,https://static.cninfo.com.cn/finalpage/2025-04-29/1223383884.PDF
600735,新华锦,新华锦2024年年度报告,2025-04-30 00:00:00,1223414210,reports_raw/companies/600_sh_main/600735_新华锦/2024/1223414210.pdf,https://static.cninfo.com.cn/finalpage/2025-04-30/1223414210.PDF
600736,苏州高新,苏州高新2024年年度报告,2025-04-26 00:00:00,1223317086,reports_raw/companies/600_sh_main/600736_苏州高新/2024/1223317086.pdf,https://static.cninfo.com.cn/finalpage/2025-04-26/1223317086.PDF
600738,丽尚国潮,丽尚国潮2024年年度报告,2025-04-30 00:00:00,1223414273,reports_raw/companies/600_sh_main/600738_丽尚国潮/2024/1223414273.pdf,https://static.cninfo.com.cn/finalpage/2025-04-30/1223414273.PDF
600739,辽宁成大,辽宁成大股份有限公司2024年年度报告,2025-04-26 00:00:00,1223321245,reports_raw/companies/600_sh_main/600739_辽宁成大/2024/1223321245.pdf,https://static.cninfo.com.cn/finalpage/2025-04-26/1223321245.PDF
600741,华域汽车,华域汽车2024年年度报告,2025-04-29 00:00:00,1223375149,reports_raw/companies/600_sh_main/600741_华域汽车/2024/1223375149.pdf,https://static.cninfo.com.cn/finalpage/2025-04-29/1223375149.PDF
600743,华远地产,华远地产2024年年度报告,2025-04-30 00:00:00,1223414289,reports_raw/companies/600_sh_main/600743_华远地产/2024/1223414289.pdf,https://static.cninfo.com.cn/finalpage/2025-04-30/1223414289.PDF
600745,闻泰科技,2024年年度报告,2025-04-26 00:00:00,1223328102,reports_raw/companies/600_sh_main/600745_闻泰科技/2024/1223328102.pdf,https://static.cninfo.com.cn/finalpage/2025-04-26/1223328102.PDF
600751,海航科技,海航科技股份有限公司2024年年度报告,2025-04-29 00:00:00,1223383936,reports_raw/companies/600_sh_main/600751_海航科技/2024/1223383936.pdf,https://static.cninfo.com.cn/finalpage/2025-04-29/1223383936.PDF
600753,庚星股份,庚星股份2024年年度报告,2025-04-26 00:00:00,1223327065,reports_raw/companies/600_sh_main/600753_庚星股份/2024/1223327065.pdf,https://static.cninfo.com.cn/finalpage/2025-04-26/1223327065.PDF
600764,中国海防,中国海防2024年年度报告,2025-04-30 00:00:00,1223414350,reports_raw/companies/600_sh_main/600764_中国海防/2024/1223414350.pdf,https://static.cninfo.com.cn/finalpage/2025-04-30/1223414350.PDF
600768,宁波富邦,宁波富邦2024年年度报告,2025-04-29 00:00:00,1223364064,reports_raw/companies/600_sh_main/600768_宁波富邦/2024/1223364064.pdf,https://static.cninfo.com.cn/finalpage/2025-04-29/1223364064.PDF
600773,西藏城投,西藏城市发展投资股份有限公司2024年年度报告,2025-04-26 00:00:00,1223320781,reports_raw/companies/600_sh_main/600773_西藏城投/2024/1223320781.pdf,https://static.cninfo.com.cn/finalpage/2025-04-26/1223320781.PDF
600774,汉商集团,汉商集团2024年年度报告,2025-04-30 00:00:00,1223426349,reports_raw/companies/600_sh_main/600774_汉商集团/2024/1223426349.pdf,https://static.cninfo.com.cn/finalpage/2025-04-30/1223426349.PDF
600776,东方通信,东方通信股份有限公司2024年年度报告,2025-04-29 00:00:00,1223375178,reports_raw/companies/600_sh_main/600776_东方通信/2024/1223375178.pdf,https://static.cninfo.com.cn/finalpage/2025-04-29/1223375178.PDF
600779,水井坊,水井坊2024年年度报告,2025-04-30 00:00:00,1223414387,reports_raw/companies/600_sh_main/600779_水井坊/2024/1223414387.pdf,https://static.cninfo.com.cn/finalpage/2025-04-30/1223414387.PDF
600783,鲁信创投,鲁信创投2024年年度报告,2025-04-30 00:00:00,1223414513,reports_raw/companies/600_sh_main/600783_鲁信创投/2024/1223414513.pdf,https://static.cninfo.com.cn/finalpage/2025-04-30/1223414513.PDF
600791,京能置业,京能置业股份有限公司2024年年度报告,2025-04-30 00:00:00,1223420947,reports_raw/companies/600_sh_main/600791_京能置业/2024/1223420947.pdf,https://static.cninfo.com.cn/finalpage/2025-04-30/1223420947.PDF
600793,宜宾纸业,2024年年度报告,2025-04-30 00:00:00,1223420996,reports_raw/companies/600_sh_main/600793_宜宾纸业/2024/1223420996.pdf,https://static.cninfo.com.cn/finalpage/2025-04-30/1223420996.PDF
600798,宁波海运,宁波海运股份有限公司2024年年度报告,2025-04-28 00:00:00,1223346691,reports_raw/companies/600_sh_main/600798_宁波海运/2024/1223346691.pdf,https://static.cninfo.com.cn/finalpage/2025-04-28/1223346691.PDF
600804,*ST鹏博,鹏博士2024年年度报告,2025-04-30 00:00:00,1223427914,reports_raw/companies/600_sh_main/600804_ST鹏博/2024/1223427914.pdf,https://static.cninfo.com.cn/finalpage/2025-04-30/1223427914.PDF
600807,济高发展,济高发展2024年年度报告,2025-04-30 00:00:00,1223421111,reports_raw/companies/600_sh_main/600807_济高发展/2024/1223421111.pdf,https://static.cninfo.com.cn/finalpage/2025-04-30/1223421111.PDF
600809,山西汾酒,2024年年度报告,2025-04-30 00:00:00,1223414537,reports_raw/companies/600_sh_main/600809_山西汾酒/2024/1223414537.pdf,https://static.cninfo.com.cn/finalpage/2025-04-30/1223414537.PDF
600824,益民集团,益民集团2024年年度报告,2025-04-29 00:00:00,1223358338,reports_raw/companies/600_sh_main/600824_益民集团/2024/1223358338.pdf,https://static.cninfo.com.cn/finalpage/2025-04-29/1223358338.PDF
600839,四川长虹,四川长虹2024年年度报告,2025-04-26 00:00:00,1223330465,reports_raw/companies/600_sh_main/600839_四川长虹/2024/1223330465.pdf,https://static.cninfo.com.cn/finalpage/2025-04-26/1223330465.PDF
600841,动力新科,动力新科2024年年度报告,2025-04-26 00:00:00,1223329365,reports_raw/companies/600_sh_main/600841_动力新科/2024/1223329365.pdf,https://static.cninfo.com.cn/finalpage/2025-04-26/1223329365.PDF
600843,上工申贝,上工申贝（集团）股份有限公司2024年年度报告,2025-04-29 00:00:00,1223358373,reports_raw/companies/600_sh_main/600843_上工申贝/2024/1223358373.pdf,https://static.cninfo.com.cn/finalpage/2025-04-29/1223358373.PDF
600846,同济科技,同济科技2024年年度报告,2025-04-26 00:00:00,1223330930,reports_raw/companies/600_sh_main/600846_同济科技/2024/1223330930.pdf,https://static.cninfo.com.cn/finalpage/2025-04-26/1223330930.PDF
600847,万里股份,万里股份2024年年度报告,2025-04-30 00:00:00,1223426405,reports_raw/companies/600_sh_main/600847_万里股份/2024/1223426405.pdf,https://static.cninfo.com.cn/finalpage/2025-04-30/1223426405.PDF
600855,航天长峰,北京航天长峰股份有限公司2024年年度报告,2025-04-29 00:00:00,1223364118,reports_raw/companies/600_sh_main/600855_航天长峰/2024/1223364118.pdf,https://static.cninfo.com.cn/finalpage/2025-04-29/1223364118.PDF
600867,通化东宝,通化东宝2024年年度报告,2025-04-30 00:00:00,1223414636,reports_raw/companies/600_sh_main/600867_通化东宝/2024/1223414636.pdf,https://static.cninfo.com.cn/finalpage/2025-04-30/1223414636.PDF
600868,梅雁吉祥,广东梅雁吉祥水电股份有限公司2024年年度报告,2025-04-29 00:00:00,1223384106,reports_raw/companies/600_sh_main/600868_梅雁吉祥/2024/1223384106.pdf,https://static.cninfo.com.cn/finalpage/2025-04-29/1223384106.PDF
600875,东方电气,2024年年度报告,2025-04-30 00:00:00,1223414665,reports_raw/companies/600_sh_main/600875_东方电气/2024/1223414665.pdf,https://static.cninfo.com.cn/finalpage/2025-04-30/1223414665.PDF
600880,博瑞传播,博瑞传播2024年年度报告（更正版）,2025-04-26 00:00:00,1223320493,reports_raw/companies/600_sh_main/600880_博瑞传播/2024/1223320493.pdf,https://static.cninfo.com.cn/finalpage/2025-04-26/1223320493.PDF
600881,亚泰集团,吉林亚泰（集团）股份有限公司2024年年度报告,2025-04-29 00:00:00,1223390306,reports_raw/companies/600_sh_main/600881_亚泰集团/2024/1223390306.pdf,https://static.cninfo.com.cn/finalpage/2025-04-29/1223390306.PDF
600884,杉杉股份,杉杉股份2024年年度报告,2025-04-26 00:00:00,1223329717,reports_raw/companies/600_sh_main/600884_杉杉股份/2024/1223329717.pdf,https://static.cninfo.com.cn/finalpage/2025-04-26/1223329717.PDF
600886,国投电力,国投电力控股股份有限公司2024年年度报告,2025-04-30 00:00:00,1223414927,reports_raw/companies/600_sh_main/600886_国投电力/2024/1223414927.pdf,https://static.cninfo.com.cn/finalpage/2025-04-30/1223414927.PDF
600887,伊利股份,内蒙古伊利实业集团股份有限公司2024年年度报告,2025-04-30 00:00:00,1223421123,reports_raw/companies/600_sh_main/600887_伊利股份/2024/1223421123.pdf,https://static.cninfo.com.cn/finalpage/2025-04-30/1223421123.PDF
600892,大晟文化,2024年年度报告,2025-04-30 00:00:00,1223426407,reports_raw/companies/600_sh_main/600892_大晟文化/2024/1223426407.pdf,https://static.cninfo.com.cn/finalpage/2025-04-30/1223426407.PDF
600897,厦门空港,厦门空港2024年年度报告,2025-04-30 00:00:00,1223415047,reports_raw/companies/600_sh_main/600897_厦门空港/2024/1223415047.pdf,https://static.cninfo.com.cn/finalpage/2025-04-30/1223415047.PDF
600900,长江电力,长江电力2024年年度报告,2025-04-30 00:00:00,1223421172,reports_raw/companies/600_sh_main/600900_长江电力/2024/1223421172.pdf,https://static.cninfo.com.cn/finalpage/2025-04-30/1223421172.PDF
600905,三峡能源,2024年年度报告,2025-04-30 00:00:00,1223415078,reports_raw/companies/600_sh_main/600905_三峡能源/2024/1223415078.pdf,https://static.cninfo.com.cn/finalpage/2025-04-30/1223415078.PDF
600906,财达证券,财达证券股份有限公司2024年年度报告,2025-04-26 00:00:00,1223323093,reports_raw/companies/600_sh_main/600906_财达证券/2024/1223323093.pdf,https://static.cninfo.com.cn/finalpage/2025-04-26/1223323093.PDF
600916,中国黄金,中国黄金集团黄金珠宝股份有限公司2024年年度报告,2025-04-30 00:00:00,1223421224,reports_raw/companies/600_sh_main/600916_中国黄金/2024/1223421224.pdf,https://static.cninfo.com.cn/finalpage/2025-04-30/1223421224.PDF
600928,西安银行,西安银行股份有限公司2024年年度报告,2025-04-30 00:00:00,1223421242,reports_raw/companies/600_sh_main/600928_西安银行/2024/1223421242.pdf,https://static.cninfo.com.cn/finalpage/2025-04-30/1223421242.PDF
600936,广西广电,广西广电2024年年度报告,2025-04-29 00:00:00,1223384119,reports_raw/companies/600_sh_main/600936_广西广电/2024/1223384119.pdf,https://static.cninfo.com.cn/finalpage/2025-04-29/1223384119.PDF
600939,重庆建工,重庆建工2024年年度报告,2025-04-30 00:00:00,1223415125,reports_raw/companies/600_sh_main/600939_重庆建工/2024/1223415125.pdf,https://static.cninfo.com.cn/finalpage/2025-04-30/1223415125.PDF
600966,博汇纸业,2024年年度报告,2025-04-30 00:00:00,1223406499,reports_raw/companies/600_sh_main/600966_博汇纸业/2024/1223406499.pdf,https://static.cninfo.com.cn/finalpage/2025-04-30/1223406499.PDF
600967,内蒙一机,内蒙古第一机械集团股份有限公司2024年年度报告,2025-04-26 00:00:00,1223320518,reports_raw/companies/600_sh_main/600967_内蒙一机/2024/1223320518.pdf,https://static.cninfo.com.cn/finalpage/2025-04-26/1223320518.PDF
600979,广安爱众,四川广安爱众股份有限公司2024年年度报告,2025-04-30 00:00:00,1223426507,reports_raw/companies/600_sh_main/600979_广安爱众/2024/1223426507.pdf,https://static.cninfo.com.cn/finalpage/2025-04-30/1223426507.PDF
600981,汇鸿集团,2024年年度报告,2025-04-29 00:00:00,1223390315,reports_raw/companies/600_sh_main/600981_汇鸿集团/2024/1223390315.pdf,https://static.cninfo.com.cn/finalpage/2025-04-29/1223390315.PDF
600990,四创电子,四创电子2024年年度报告,2025-04-30 00:00:00,1223421441,reports_raw/companies/600_sh_main/600990_四创电子/2024/1223421441.pdf,https://static.cninfo.com.cn/finalpage/2025-04-30/1223421441.PDF
600996,贵广网络,2024年年度报告,2025-04-26 00:00:00,1223318152,reports_raw/companies/600_sh_main/600996_贵广网络/2024/1223318152.pdf,https://static.cninfo.com.cn/finalpage/2025-04-26/1223318152.PDF
600998,九州通,九州通2024年年度报告,2025-04-29 00:00:00,1223384161,reports_raw/companies/600_sh_main/600998_九州通/2024/1223384161.pdf,https://static.cninfo.com.cn/finalpage/2025-04-29/1223384161.PDF
601003,柳钢股份,柳钢股份2024年年度报告,2025-04-29 00:00:00,1223384221,reports_raw/companies/601_sh_main/601003_柳钢股份/2024/1223384221.pdf,https://static.cninfo.com.cn/finalpage/2025-04-29/1223384221.PDF
601010,文峰股份,文峰股份2024年年度报告,2025-04-30 00:00:00,1223421459,reports_raw/companies/601_sh_main/601010_文峰股份/2024/1223421459.pdf,https://static.cninfo.com.cn/finalpage/2025-04-30/1223421459.PDF
601012,隆基绿能,2024年年度报告,2025-04-30 00:00:00,1223421477,reports_raw/companies/601_sh_main/601012_隆基绿能/2024/1223421477.pdf,https://static.cninfo.com.cn/finalpage/2025-04-30/1223421477.PDF
601020,华钰矿业,西藏华钰矿业股份有限公司2024年年度报告,2025-04-29 00:00:00,1223384265,reports_raw/companies/601_sh_main/601020_华钰矿业/2024/1223384265.pdf,https://static.cninfo.com.cn/finalpage/2025-04-29/1223384265.PDF
601021,春秋航空,春秋航空2024年年度报告,2025-04-30 00:00:00,1223415192,reports_raw/companies/601_sh_main/601021_春秋航空/2024/1223415192.pdf,https://static.cninfo.com.cn/finalpage/2025-04-30/1223415192.PDF
601058,赛轮轮胎,赛轮轮胎2024年年度报告,2025-04-29 00:00:00,1223390356,reports_raw/companies/601_sh_main/601058_赛轮轮胎/2024/1223390356.pdf,https://static.cninfo.com.cn/finalpage/2025-04-29/1223390356.PDF
601065,江盐集团,2024年年度报告,2025-04-29 00:00:00,1223384285,reports_raw/companies/601_sh_main/601065_江盐集团/2024/1223384285.pdf,https://static.cninfo.com.cn/finalpage/2025-04-29/1223384285.PDF
601098,中南传媒,中南传媒2024年年度报告,2025-04-26 00:00:00,1223317748,reports_raw/companies/601_sh_main/601098_中南传媒/2024/1223317748.pdf,https://static.cninfo.com.cn/finalpage/2025-04-26/1223317748.PDF
601100,恒立液压,江苏恒立液压股份有限公司2024年年度报告,2025-04-29 00:00:00,1223384610,reports_raw/companies/601_sh_main/601100_恒立液压/2024/1223384610.pdf,https://static.cninfo.com.cn/finalpage/2025-04-29/1223384610.PDF
601101,昊华能源,北京昊华能源股份有限公司2024年年度报告,2025-04-29 00:00:00,1223390391,reports_raw/companies/601_sh_main/601101_昊华能源/2024/1223390391.pdf,https://static.cninfo.com.cn/finalpage/2025-04-29/1223390391.PDF
601108,财通证券,2024年年度报告,2025-04-26 00:00:00,1223320210,reports_raw/companies/601_sh_main/601108_财通证券/2024/1223320210.pdf,https://static.cninfo.com.cn/finalpage/2025-04-26/1223320210.PDF
601117,中国化学,中国化学2024年年度报告,2025-04-30 00:00:00,1223421525,reports_raw/companies/601_sh_main/601117_中国化学/2024/1223421525.pdf,https://static.cninfo.com.cn/finalpage/2025-04-30/1223421525.PDF
601118,海南橡胶,2024年年度报告,2025-04-26 00:00:00,1223325262,reports_raw/companies/601_sh_main/601118_海南橡胶/2024/1223325262.pdf,https://static.cninfo.com.cn/finalpage/2025-04-26/1223325262.PDF
601138,工业富联,富士康工业互联网股份有限公司2024年年度报告,2025-04-30 00:00:00,1223421561,reports_raw/companies/601_sh_main/601138_工业富联/2024/1223421561.pdf,https://static.cninfo.com.cn/finalpage/2025-04-30/1223421561.PDF
601162,天风证券,天风证券股份有限公司2024年年度报告,2025-04-30 00:00:00,1223421580,reports_raw/companies/601_sh_main/601162_天风证券/2024/1223421580.pdf,https://static.cninfo.com.cn/finalpage/2025-04-30/1223421580.PDF
601187,厦门银行,厦门银行股份有限公司2024年年度报告,2025-04-29 00:00:00,1223384645,reports_raw/companies/601_sh_main/601187_厦门银行/2024/1223384645.pdf,https://static.cninfo.com.cn/finalpage/2025-04-29/1223384645.PDF
601212,白银有色,白银有色集团股份有限公司2024年年度报告,2025-04-30 00:00:00,1223421624,reports_raw/companies/601_sh_main/601212_白银有色/2024/1223421624.pdf,https://static.cninfo.com.cn/finalpage/2025-04-30/1223421624.PDF
601222,林洋能源,江苏林洋能源股份有限公司2024年年度报告,2025-04-26 00:00:00,1223326755,reports_raw/companies/601_sh_main/601222_林洋能源/2024/1223326755.pdf,https://static.cninfo.com.cn/finalpage/2025-04-26/1223326755.PDF
601360,三六零,三六零安全科技股份有限公司2024年年度报告,2025-04-26 00:00:00,1223325025,reports_raw/companies/601_sh_main/601360_三六零/2024/1223325025.pdf,https://static.cninfo.com.cn/finalpage/2025-04-26/1223325025.PDF
601388,怡球资源,怡球资源2024年年度报告,2025-04-26 00:00:00,1223318991,reports_raw/companies/601_sh_main/601388_怡球资源/2024/1223318991.pdf,https://static.cninfo.com.cn/finalpage/2025-04-26/1223318991.PDF
601500,通用股份,江苏通用科技股份有限公司2024年年度报告,2025-04-30 00:00:00,1223415504,reports_raw/companies/601_sh_main/601500_通用股份/2024/1223415504.pdf,https://static.cninfo.com.cn/finalpage/2025-04-30/1223415504.PDF
601611,中国核建,中国核建2024年年度报告,2025-04-30 00:00:00,1223426571,reports_raw/companies/601_sh_main/601611_中国核建/2024/1223426571.pdf,https://static.cninfo.com.cn/finalpage/2025-04-30/1223426571.PDF
601615,明阳智能,明阳智慧能源集团股份公司2024年年度报告,2025-04-26 00:00:00,1223322777,reports_raw/companies/601_sh_main/601615_明阳智能/2024/1223322777.pdf,https://static.cninfo.com.cn/finalpage/2025-04-26/1223322777.PDF
601669,中国电建,中国电力建设股份有限公司2024年年度报告,2025-04-28 00:00:00,1223346745,reports_raw/companies/601_sh_main/601669_中国电建/2024/1223346745.pdf,https://static.cninfo.com.cn/finalpage/2025-04-28/1223346745.PDF
601678,滨化股份,滨化股份2024年年度报告,2025-04-30 00:00:00,1223409460,reports_raw/companies/601_sh_main/601678_滨化股份/2024/1223409460.pdf,https://static.cninfo.com.cn/finalpage/2025-04-30/1223409460.PDF
601696,中银证券,2024年年度报告,2025-04-30 00:00:00,1223421823,reports_raw/companies/601_sh_main/601696_中银证券/2024/1223421823.pdf,https://static.cninfo.com.cn/finalpage/2025-04-30/1223421823.PDF
601699,潞安环能,潞安环能2024年年度报告,2025-04-29 00:00:00,1223390418,reports_raw/companies/601_sh_main/601699_潞安环能/2024/1223390418.pdf,https://static.cninfo.com.cn/finalpage/2025-04-29/1223390418.PDF
601718,际华集团,际华集团2024年年度报告,2025-04-28 00:00:00,1223346796,reports_raw/companies/601_sh_main/601718_际华集团/2024/1223346796.pdf,https://static.cninfo.com.cn/finalpage/2025-04-28/1223346796.PDF
601816,京沪高铁,京沪高速铁路股份有限公司2024年年度报告,2025-04-30 00:00:00,1223415927,reports_raw/companies/601_sh_main/601816_京沪高铁/2024/1223415927.pdf,https://static.cninfo.com.cn/finalpage/2025-04-30/1223415927.PDF
601838,成都银行,成都银行股份有限公司2024年年度报告,2025-04-29 00:00:00,1223384734,reports_raw/companies/601_sh_main/601838_成都银行/2024/1223384734.pdf,https://static.cninfo.com.cn/finalpage/2025-04-29/1223384734.PDF
601858,中国科传,中国科技出版传媒股份有限公司2024年年度报告,2025-04-29 00:00:00,1223384815,reports_raw/companies/601_sh_main/601858_中国科传/2024/1223384815.pdf,https://static.cninfo.com.cn/finalpage/2025-04-29/1223384815.PDF
601877,正泰电器,正泰电器2024年年度报告,2025-04-30 00:00:00,1223409484,reports_raw/companies/601_sh_main/601877_正泰电器/2024/1223409484.pdf,https://static.cninfo.com.cn/finalpage/2025-04-30/1223409484.PDF
601890,亚星锚链,亚星锚链2024年年度报告,2025-04-29 00:00:00,1223375897,reports_raw/companies/601_sh_main/601890_亚星锚链/2024/1223375897.pdf,https://static.cninfo.com.cn/finalpage/2025-04-29/1223375897.PDF
601900,南方传媒,南方传媒2024年年度报告,2025-04-26 00:00:00,1223328820,reports_raw/companies/601_sh_main/601900_南方传媒/2024/1223328820.pdf,https://static.cninfo.com.cn/finalpage/2025-04-26/1223328820.PDF
601908,京运通,2024年年度报告,2025-04-29 00:00:00,1223384853,reports_raw/companies/601_sh_main/601908_京运通/2024/1223384853.pdf,https://static.cninfo.com.cn/finalpage/2025-04-29/1223384853.PDF
601933,永辉超市,永辉超市股份有限公司2024年年度报告,2025-04-26 00:00:00,1223319424,reports_raw/companies/601_sh_main/601933_永辉超市/2024/1223319424.pdf,https://static.cninfo.com.cn/finalpage/2025-04-26/1223319424.PDF
601949,中国出版,中国出版传媒股份有限公司2024年年度报告,2025-04-26 00:00:00,1223327597,reports_raw/companies/601_sh_main/601949_中国出版/2024/1223327597.pdf,https://static.cninfo.com.cn/finalpage/2025-04-26/1223327597.PDF
601985,中国核电,中国核能电力股份有限公司2024年年度报告,2025-04-29 00:00:00,1223364592,reports_raw/companies/601_sh_main/601985_中国核电/2024/1223364592.pdf,https://static.cninfo.com.cn/finalpage/2025-04-29/1223364592.PDF
601989,中国重工,中国重工2024年年度报告,2025-04-30 00:00:00,1223421937,reports_raw/companies/601_sh_main/601989_中国重工/2024/1223421937.pdf,https://static.cninfo.com.cn/finalpage/2025-04-30/1223421937.PDF
601997,贵阳银行,贵阳银行股份有限公司2024年年度报告,2025-04-29 00:00:00,1223385076,reports_raw/companies/601_sh_main/601997_贵阳银行/2024/1223385076.pdf,https://static.cninfo.com.cn/finalpage/2025-04-29/1223385076.PDF
603003,*ST龙宇,上海龙宇数据股份有限公司2024年年度报告,2025-04-30 00:00:00,1223426590,reports_raw/companies/603_sh_main/603003_ST龙宇/2024/1223426590.pdf,https://static.cninfo.com.cn/finalpage/2025-04-30/1223426590.PDF
603004,鼎龙科技,2024年年度报告,2025-04-29 00:00:00,1223375988,reports_raw/companies/603_sh_main/603004_鼎龙科技/2024/1223375988.pdf,https://static.cninfo.com.cn/finalpage/2025-04-29/1223375988.PDF
603007,ST花王,2024年年度报告,2025-04-30 00:00:00,1223426622,reports_raw/companies/603_sh_main/603007_ST花王/2024/1223426622.pdf,https://static.cninfo.com.cn/finalpage/2025-04-30/1223426622.PDF
603011,合锻智能,合肥合锻智能制造股份有限公司2024年年度报告,2025-04-29 00:00:00,1223364660,reports_raw/companies/603_sh_main/603011_合锻智能/2024/1223364660.pdf,https://static.cninfo.com.cn/finalpage/2025-04-29/1223364660.PDF
603023,*ST威帝,哈尔滨威帝电子股份有限公司2024年年度报告,2025-04-29 00:00:00,1223390460,reports_raw/companies/603_sh_main/603023_ST威帝/2024/1223390460.pdf,https://static.cninfo.com.cn/finalpage/2025-04-29/1223390460.PDF
603030,全筑股份,全筑股份2024年年度报告,2025-04-26 00:00:00,1223356214,reports_raw/companies/603_sh_main/603030_全筑股份/2024/1223356214.pdf,https://static.cninfo.com.cn/finalpage/2025-04-26/1223356214.pdf
603032,德新科技,德力西新能源科技股份有限公司2024年年度报告,2025-04-29 00:00:00,1223390567,reports_raw/companies/603_sh_main/603032_德新科技/2024/1223390567.pdf,https://static.cninfo.com.cn/finalpage/2025-04-29/1223390567.PDF
603033,三维股份,三维控股集团股份有限公司2024年年度报告,2025-04-29 00:00:00,1223364721,reports_raw/companies/603_sh_main/603033_三维股份/2024/1223364721.pdf,https://static.cninfo.com.cn/finalpage/2025-04-29/1223364721.PDF
603037,凯众股份,2024年年度报告,2025-04-29 00:00:00,1223385106,reports_raw/companies/603_sh_main/603037_凯众股份/2024/1223385106.pdf,https://static.cninfo.com.cn/finalpage/2025-04-29/1223385106.PDF
603040,新坐标,新坐标2024年年度报告,2025-04-29 00:00:00,1223364816,reports_raw/companies/603_sh_main/603040_新坐标/2024/1223364816.pdf,https://static.cninfo.com.cn/finalpage/2025-04-29/1223364816.PDF
603041,美思德,2024年年度报告,2025-04-26 00:00:00,1223318216,reports_raw/companies/603_sh_main/603041_美思德/2024/1223318216.pdf,https://static.cninfo.com.cn/finalpage/2025-04-26/1223318216.PDF
603048,浙江黎明,2024年年度报告,2025-04-26 00:00:00,1223325149,reports_raw/companies/603_sh_main/603048_浙江黎明/2024/1223325149.pdf,https://static.cninfo.com.cn/finalpage/2025-04-26/1223325149.PDF
603051,鹿山新材,广州鹿山新材料股份有限公司2024年年度报告,2025-04-28 00:00:00,1223346811,reports_raw/companies/603_sh_main/603051_鹿山新材/2024/1223346811.pdf,https://static.cninfo.com.cn/finalpage/2025-04-28/1223346811.PDF
603052,可川科技,2024年年度报告,2025-04-30 00:00:00,1223421978,reports_raw/companies/603_sh_main/603052_可川科技/2024/1223421978.pdf,https://static.cninfo.com.cn/finalpage/2025-04-30/1223421978.PDF
603059,倍加洁,倍加洁集团股份有限公司2024年年度报告,2025-04-30 00:00:00,1223416041,reports_raw/companies/603_sh_main/603059_倍加洁/2024/1223416041.pdf,https://static.cninfo.com.cn/finalpage/2025-04-30/1223416041.PDF
603065,宿迁联盛,宿迁联盛2024年年度报告,2025-04-29 00:00:00,1223365185,reports_raw/companies/603_sh_main/603065_宿迁联盛/2024/1223365185.pdf,https://static.cninfo.com.cn/finalpage/2025-04-29/1223365185.PDF
603067,振华股份,振华股份2024年年度报告,2025-04-28 00:00:00,1223346842,reports_raw/companies/603_sh_main/603067_振华股份/2024/1223346842.pdf,https://static.cninfo.com.cn/finalpage/2025-04-28/1223346842.PDF
603068,博通集成,博通集成2024年年度报告,2025-04-29 00:00:00,1223390602,reports_raw/companies/603_sh_main/603068_博通集成/2024/1223390602.pdf,https://static.cninfo.com.cn/finalpage/2025-04-29/1223390602.PDF
603069,海汽集团,海汽集团2024年年度报告,2025-04-29 00:00:00,1223390639,reports_raw/companies/603_sh_main/603069_海汽集团/2024/1223390639.pdf,https://static.cninfo.com.cn/finalpage/2025-04-29/1223390639.PDF
603072,天和磁材,2024年年度报告,2025-04-26 00:00:00,1223324264,reports_raw/companies/603_sh_main/603072_天和磁材/2024/1223324264.pdf,https://static.cninfo.com.cn/finalpage/2025-04-26/1223324264.PDF
603073,彩蝶实业,浙江彩蝶实业股份有限公司2024年年度报告,2025-04-29 00:00:00,1223368630,reports_raw/companies/603_sh_main/603073_彩蝶实业/2024/1223368630.pdf,https://static.cninfo.com.cn/finalpage/2025-04-29/1223368630.PDF
603077,和邦生物,和邦生物2024年年度报告,2025-04-29 00:00:00,1223365226,reports_raw/companies/603_sh_main/603077_和邦生物/2024/1223365226.pdf,https://static.cninfo.com.cn/finalpage/2025-04-29/1223365226.PDF
603079,圣达生物,浙江圣达生物药业股份有限公司2024年年度报告,2025-04-28 00:00:00,1223346876,reports_raw/companies/603_sh_main/603079_圣达生物/2024/1223346876.pdf,https://static.cninfo.com.cn/finalpage/2025-04-28/1223346876.PDF
603081,大丰实业,浙江大丰实业股份有限公司2024年年度报告,2025-04-29 00:00:00,1223385152,reports_raw/companies/603_sh_main/603081_大丰实业/2024/1223385152.pdf,https://static.cninfo.com.cn/finalpage/2025-04-29/1223385152.PDF
603085,天成自控,天成自控2024年年度报告,2025-04-29 00:00:00,1223376056,reports_raw/companies/603_sh_main/603085_天成自控/2024/1223376056.pdf,https://static.cninfo.com.cn/finalpage/2025-04-29/1223376056.PDF
603097,江苏华辰,江苏华辰2024年年度报告,2025-04-29 00:00:00,1223361750,reports_raw/companies/603_sh_main/603097_江苏华辰/2024/1223361750.pdf,https://static.cninfo.com.cn/finalpage/2025-04-29/1223361750.PDF
603111,康尼机电,康尼机电2024年年度报告,2025-04-29 00:00:00,1223376108,reports_raw/companies/603_sh_main/603111_康尼机电/2024/1223376108.pdf,https://static.cninfo.com.cn/finalpage/2025-04-29/1223376108.PDF
603116,红蜻蜓,2024年年度报告,2025-04-29 00:00:00,1223376126,reports_raw/companies/603_sh_main/603116_红蜻蜓/2024/1223376126.pdf,https://static.cninfo.com.cn/finalpage/2025-04-29/1223376126.PDF
603117,万林物流,江苏万林现代物流股份有限公司2024年年度报告,2025-04-29 00:00:00,1223385182,reports_raw/companies/603_sh_main/603117_万林物流/2024/1223385182.pdf,https://static.cninfo.com.cn/finalpage/2025-04-29/1223385182.PDF
603118,共进股份,2024年年度报告,2025-04-29 00:00:00,1223376901,reports_raw/companies/603_sh_main/603118_共进股份/2024/1223376901.pdf,https://static.cninfo.com.cn/finalpage/2025-04-29/1223376901.PDF
603119,浙江荣泰,浙江荣泰电工器材股份有限公司2024年年度报告,2025-04-30 00:00:00,1223406527,reports_raw/companies/603_sh_main/603119_浙江荣泰/2024/1223406527.pdf,https://static.cninfo.com.cn/finalpage/2025-04-30/1223406527.PDF
603123,翠微股份,翠微股份2024年年度报告,2025-04-30 00:00:00,1223409617,reports_raw/companies/603_sh_main/603123_翠微股份/2024/1223409617.pdf,https://static.cninfo.com.cn/finalpage/2025-04-30/1223409617.PDF
603124,江南新材,2024年年度报告,2025-04-29 00:00:00,1223365281,reports_raw/companies/603_sh_main/603124_江南新材/2024/1223365281.pdf,https://static.cninfo.com.cn/finalpage/2025-04-29/1223365281.PDF
603135,中重科技,中重科技2024年年度报告,2025-04-29 00:00:00,1223361807,reports_raw/companies/603_sh_main/603135_中重科技/2024/1223361807.pdf,https://static.cninfo.com.cn/finalpage/2025-04-29/1223361807.PDF
603139,康惠制药,康惠制药2024年年度报告,2025-04-29 00:00:00,1223357736,reports_raw/companies/603_sh_main/603139_康惠制药/2024/1223357736.pdf,https://static.cninfo.com.cn/finalpage/2025-04-29/1223357736.PDF
603168,莎普爱思,莎普爱思2024年年度报告,2025-04-30 00:00:00,1223422120,reports_raw/companies/603_sh_main/603168_莎普爱思/2024/1223422120.pdf,https://static.cninfo.com.cn/finalpage/2025-04-30/1223422120.PDF
603172,万丰股份,浙江万丰化工股份有限公司2024年年度报告,2025-04-29 00:00:00,1223361876,reports_raw/companies/603_sh_main/603172_万丰股份/2024/1223361876.pdf,https://static.cninfo.com.cn/finalpage/2025-04-29/1223361876.PDF
603176,汇通集团,汇通集团2024年年度报告,2025-04-29 00:00:00,1223365312,reports_raw/companies/603_sh_main/603176_汇通集团/2024/1223365312.pdf,https://static.cninfo.com.cn/finalpage/2025-04-29/1223365312.PDF
603177,德创环保,603177：德创环保2024年年度报告,2025-04-29 00:00:00,1223376978,reports_raw/companies/603_sh_main/603177_德创环保/2024/1223376978.pdf,https://static.cninfo.com.cn/finalpage/2025-04-29/1223376978.PDF
603178,圣龙股份,圣龙股份2024年年度报告,2025-04-29 00:00:00,1223390669,reports_raw/companies/603_sh_main/603178_圣龙股份/2024/1223390669.pdf,https://static.cninfo.com.cn/finalpage/2025-04-29/1223390669.PDF
603179,新泉股份,江苏新泉汽车饰件股份有限公司2024年年度报告,2025-04-29 00:00:00,1223365371,reports_raw/companies/603_sh_main/603179_新泉股份/2024/1223365371.pdf,https://static.cninfo.com.cn/finalpage/2025-04-29/1223365371.PDF
603180,金牌家居,金牌家居2024年年度报告,2025-04-29 00:00:00,1223385230,reports_raw/companies/603_sh_main/603180_金牌家居/2024/1223385230.pdf,https://static.cninfo.com.cn/finalpage/2025-04-29/1223385230.PDF
603185,弘元绿能,2024年年度报告,2025-04-30 00:00:00,1223422199,reports_raw/companies/603_sh_main/603185_弘元绿能/2024/1223422199.pdf,https://static.cninfo.com.cn/finalpage/2025-04-30/1223422199.PDF
603188,亚邦股份,亚邦股份2024年年度报告,2025-04-30 00:00:00,1223426667,reports_raw/companies/603_sh_main/603188_亚邦股份/2024/1223426667.pdf,https://static.cninfo.com.cn/finalpage/2025-04-30/1223426667.PDF
603190,亚通精工,2024年年度报告,2025-04-29 00:00:00,1223368684,reports_raw/companies/603_sh_main/603190_亚通精工/2024/1223368684.pdf,https://static.cninfo.com.cn/finalpage/2025-04-29/1223368684.PDF
603197,保隆科技,保隆科技2024年年度报告,2025-04-30 00:00:00,1223422247,reports_raw/companies/603_sh_main/603197_保隆科技/2024/1223422247.pdf,https://static.cninfo.com.cn/finalpage/2025-04-30/1223422247.PDF
603198,迎驾贡酒,安徽迎驾贡酒股份有限公司2024年年度报告,2025-04-29 00:00:00,1223377012,reports_raw/companies/603_sh_main/603198_迎驾贡酒/2024/1223377012.pdf,https://static.cninfo.com.cn/finalpage/2025-04-29/1223377012.PDF
603200,上海洗霸,上海洗霸科技股份有限公司2024年年度报告,2025-04-29 00:00:00,1223377024,reports_raw/companies/603_sh_main/603200_上海洗霸/2024/1223377024.pdf,https://static.cninfo.com.cn/finalpage/2025-04-29/1223377024.PDF
603201,常润股份,常熟通润汽车零部件股份有限公司2024年年度报告,2025-04-29 00:00:00,1223392498,reports_raw/companies/603_sh_main/603201_常润股份/2024/1223392498.pdf,https://static.cninfo.com.cn/finalpage/2025-04-29/1223392498.PDF
603203,快克智能,快克智能2024年年度报告,2025-04-29 00:00:00,1223403806,reports_raw/companies/603_sh_main/603203_快克智能/2024/1223403806.pdf,https://static.cninfo.com.cn/finalpage/2025-04-29/1223403806.pdf
603207,小方制药,小方制药2024年年度报告,2025-04-30 00:00:00,1223416123,reports_raw/companies/603_sh_main/603207_小方制药/2024/1223416123.pdf,https://static.cninfo.com.cn/finalpage/2025-04-30/1223416123.PDF
603208,江山欧派,江山欧派2024年年度报告,2025-04-30 00:00:00,1223406562,reports_raw/companies/603_sh_main/603208_江山欧派/2024/1223406562.pdf,https://static.cninfo.com.cn/finalpage/2025-04-30/1223406562.PDF
603212,赛伍技术,2024年年度报告,2025-04-30 00:00:00,1223422278,reports_raw/companies/603_sh_main/603212_赛伍技术/2024/1223422278.pdf,https://static.cninfo.com.cn/finalpage/2025-04-30/1223422278.PDF
603216,梦天家居,梦天家居2024年年度报告,2025-04-29 00:00:00,1223377074,reports_raw/companies/603_sh_main/603216_梦天家居/2024/1223377074.pdf,https://static.cninfo.com.cn/finalpage/2025-04-29/1223377074.PDF
603218,日月股份,日月重工股份有限公司2024年年度报告,2025-04-29 00:00:00,1223390701,reports_raw/companies/603_sh_main/603218_日月股份/2024/1223390701.pdf,https://static.cninfo.com.cn/finalpage/2025-04-29/1223390701.PDF
603221,爱丽家居,爱丽家居科技股份有限公司2024年年度报告,2025-04-29 00:00:00,1223361925,reports_raw/companies/603_sh_main/603221_爱丽家居/2024/1223361925.pdf,https://static.cninfo.com.cn/finalpage/2025-04-29/1223361925.PDF
603222,济民健康,济民健康管理股份有限公司2024年年度报告,2025-04-29 00:00:00,1223368738,reports_raw/companies/603_sh_main/603222_济民健康/2024/1223368738.pdf,https://static.cninfo.com.cn/finalpage/2025-04-29/1223368738.PDF
603226,菲林格尔,2024年年度报告,2025-04-30 00:00:00,1223422303,reports_raw/companies/603_sh_main/603226_菲林格尔/2024/1223422303.pdf,https://static.cninfo.com.cn/finalpage/2025-04-30/1223422303.PDF
603228,景旺电子,深圳市景旺电子股份有限公司2024年年度报告,2025-04-29 00:00:00,1223377812,reports_raw/companies/603_sh_main/603228_景旺电子/2024/1223377812.pdf,https://static.cninfo.com.cn/finalpage/2025-04-29/1223377812.PDF
603229,奥翔药业,奥翔药业2024年年度报告,2025-04-30 00:00:00,1223406889,reports_raw/companies/603_sh_main/603229_奥翔药业/2024/1223406889.pdf,https://static.cninfo.com.cn/finalpage/2025-04-30/1223406889.PDF
603233,大参林,大参林医药集团股份有限公司2024年年度报告,2025-04-26 00:00:00,1223325451,reports_raw/companies/603_sh_main/603233_大参林/2024/1223325451.pdf,https://static.cninfo.com.cn/finalpage/2025-04-26/1223325451.PDF
603255,鼎际得,辽宁鼎际得石化股份有限公司2024年年度报告,2025-04-29 00:00:00,1223392527,reports_raw/companies/603_sh_main/603255_鼎际得/2024/1223392527.pdf,https://static.cninfo.com.cn/finalpage/2025-04-29/1223392527.PDF
603256,宏和科技,宏和科技2024年年度报告,2025-04-29 00:00:00,1223369070,reports_raw/companies/603_sh_main/603256_宏和科技/2024/1223369070.pdf,https://static.cninfo.com.cn/finalpage/2025-04-29/1223369070.PDF
603268,松发股份,松发股份：2024年年度报告,2025-04-28 00:00:00,1223346934,reports_raw/companies/603_sh_main/603268_松发股份/2024/1223346934.pdf,https://static.cninfo.com.cn/finalpage/2025-04-28/1223346934.PDF
603269,海鸥股份,江苏海鸥冷却塔股份有限公司2024年年度报告,2025-04-29 00:00:00,1223369103,reports_raw/companies/603_sh_main/603269_海鸥股份/2024/1223369103.pdf,https://static.cninfo.com.cn/finalpage/2025-04-29/1223369103.PDF
603270,金帝股份,山东金帝精密机械科技股份有限公司2024年年度报告,2025-04-29 00:00:00,1223369139,reports_raw/companies/603_sh_main/603270_金帝股份/2024/1223369139.pdf,https://static.cninfo.com.cn/finalpage/2025-04-29/1223369139.PDF
603272,联翔股份,2024年年度报告,2025-04-29 00:00:00,1223385569,reports_raw/companies/603_sh_main/603272_联翔股份/2024/1223385569.pdf,https://static.cninfo.com.cn/finalpage/2025-04-29/1223385569.PDF
603273,天元智能,2024年年度报告,2025-04-29 00:00:00,1223390740,reports_raw/companies/603_sh_main/603273_天元智能/2024/1223390740.pdf,https://static.cninfo.com.cn/finalpage/2025-04-29/1223390740.PDF
603276,恒兴新材,2024年年度报告,2025-04-29 00:00:00,1223361990,reports_raw/companies/603_sh_main/603276_恒兴新材/2024/1223361990.pdf,https://static.cninfo.com.cn/finalpage/2025-04-29/1223361990.PDF
603277,银都股份,银都餐饮设备股份有限公司2024年年度报告,2025-04-29 00:00:00,1223357778,reports_raw/companies/603_sh_main/603277_银都股份/2024/1223357778.pdf,https://static.cninfo.com.cn/finalpage/2025-04-29/1223357778.PDF
603278,大业股份,大业股份2024年年度报告,2025-04-29 00:00:00,1223377881,reports_raw/companies/603_sh_main/603278_大业股份/2024/1223377881.pdf,https://static.cninfo.com.cn/finalpage/2025-04-29/1223377881.PDF
603281,江瀚新材,2024年年度报告,2025-04-29 00:00:00,1223385591,reports_raw/companies/603_sh_main/603281_江瀚新材/2024/1223385591.pdf,https://static.cninfo.com.cn/finalpage/2025-04-29/1223385591.PDF
603282,亚光股份,亚光股份：公司2024年年度报告全文,2025-04-30 00:00:00,1223422399,reports_raw/companies/603_sh_main/603282_亚光股份/2024/1223422399.pdf,https://static.cninfo.com.cn/finalpage/2025-04-30/1223422399.PDF
603283,赛腾股份,苏州赛腾精密电子股份有限公司2024年年度报告,2025-04-30 00:00:00,1223410191,reports_raw/companies/603_sh_main/603283_赛腾股份/2024/1223410191.pdf,https://static.cninfo.com.cn/finalpage/2025-04-30/1223410191.PDF
603290,斯达半导,2024年年度报告,2025-04-26 00:00:00,1223325294,reports_raw/companies/603_sh_main/603290_斯达半导/2024/1223325294.pdf,https://static.cninfo.com.cn/finalpage/2025-04-26/1223325294.PDF
603297,永新光学,宁波永新光学股份有限公司2024年年度报告,2025-04-26 00:00:00,1223331241,reports_raw/companies/603_sh_main/603297_永新光学/2024/1223331241.pdf,https://static.cninfo.com.cn/finalpage/2025-04-26/1223331241.PDF
603299,苏盐井神,江苏苏盐井神股份有限公司2024年年度报告,2025-04-29 00:00:00,1223390939,reports_raw/companies/603_sh_main/603299_苏盐井神/2024/1223390939.pdf,https://static.cninfo.com.cn/finalpage/2025-04-29/1223390939.PDF
603301,振德医疗,振德医疗2024年年度报告,2025-04-26 00:00:00,1223317788,reports_raw/companies/603_sh_main/603301_振德医疗/2024/1223317788.pdf,https://static.cninfo.com.cn/finalpage/2025-04-26/1223317788.PDF
603306,华懋科技,华懋科技2024年年度报告,2025-04-29 00:00:00,1223377908,reports_raw/companies/603_sh_main/603306_华懋科技/2024/1223377908.pdf,https://static.cninfo.com.cn/finalpage/2025-04-29/1223377908.PDF
603307,扬州金泉,2024年年度报告,2025-04-26 00:00:00,1223325983,reports_raw/companies/603_sh_main/603307_扬州金泉/2024/1223325983.pdf,https://static.cninfo.com.cn/finalpage/2025-04-26/1223325983.PDF
603310,巍华新材,2024年年度报告,2025-04-29 00:00:00,1223377960,reports_raw/companies/603_sh_main/603310_巍华新材/2024/1223377960.pdf,https://static.cninfo.com.cn/finalpage/2025-04-29/1223377960.PDF
603316,诚邦股份,诚邦生态环境股份有限公司2024年年度报告,2025-04-30 00:00:00,1223422454,reports_raw/companies/603_sh_main/603316_诚邦股份/2024/1223422454.pdf,https://static.cninfo.com.cn/finalpage/2025-04-30/1223422454.PDF
603319,美湖股份,2024年年度报告,2025-04-26 00:00:00,1223324308,reports_raw/companies/603_sh_main/603319_美湖股份/2024/1223324308.pdf,https://static.cninfo.com.cn/finalpage/2025-04-26/1223324308.PDF
603321,梅轮电梯,浙江梅轮电梯股份有限公司2024年年度报告,2025-04-29 00:00:00,1223365823,reports_raw/companies/603_sh_main/603321_梅轮电梯/2024/1223365823.pdf,https://static.cninfo.com.cn/finalpage/2025-04-29/1223365823.PDF
603322,超讯通信,超讯通信：2024年年度报告,2025-04-30 00:00:00,1223422515,reports_raw/companies/603_sh_main/603322_超讯通信/2024/1223422515.pdf,https://static.cninfo.com.cn/finalpage/2025-04-30/1223422515.PDF
603323,苏农银行,苏农银行2024年年度报告,2025-04-30 00:00:00,1223422525,reports_raw/companies/603_sh_main/603323_苏农银行/2024/1223422525.pdf,https://static.cninfo.com.cn/finalpage/2025-04-30/1223422525.PDF
603330,天洋新材,2024年年度报告,2025-04-26 00:00:00,1223319748,reports_raw/companies/603_sh_main/603330_天洋新材/2024/1223319748.pdf,https://static.cninfo.com.cn/finalpage/2025-04-26/1223319748.PDF
603331,百达精工,百达精工2024年年度报告,2025-04-28 00:00:00,1223346977,reports_raw/companies/603_sh_main/603331_百达精工/2024/1223346977.pdf,https://static.cninfo.com.cn/finalpage/2025-04-28/1223346977.PDF
603335,迪生力,迪生力2024年年度报告,2025-04-30 00:00:00,1223422556,reports_raw/companies/603_sh_main/603335_迪生力/2024/1223422556.pdf,https://static.cninfo.com.cn/finalpage/2025-04-30/1223422556.PDF
603345,安井食品,安井食品2024年年度报告,2025-04-29 00:00:00,1223385636,reports_raw/companies/603_sh_main/603345_安井食品/2024/1223385636.pdf,https://static.cninfo.com.cn/finalpage/2025-04-29/1223385636.PDF
603348,文灿股份,2024年年度报告,2025-04-26 00:00:00,1223319457,reports_raw/companies/603_sh_main/603348_文灿股份/2024/1223319457.pdf,https://static.cninfo.com.cn/finalpage/2025-04-26/1223319457.PDF
603350,安乃达,2024年年度报告,2025-04-30 00:00:00,1223410242,reports_raw/companies/603_sh_main/603350_安乃达/2024/1223410242.pdf,https://static.cninfo.com.cn/finalpage/2025-04-30/1223410242.PDF
603358,华达科技,2024年年度报告,2025-04-30 00:00:00,1223422623,reports_raw/companies/603_sh_main/603358_华达科技/2024/1223422623.pdf,https://static.cninfo.com.cn/finalpage/2025-04-30/1223422623.PDF
603359,东珠生态,东珠生态环保股份有限公司2024年年度报告,2025-04-29 00:00:00,1223385666,reports_raw/companies/603_sh_main/603359_东珠生态/2024/1223385666.pdf,https://static.cninfo.com.cn/finalpage/2025-04-29/1223385666.PDF
603363,*ST傲农,福建傲农生物科技集团股份有限公司2024年年度报告,2025-04-30 00:00:00,1223410275,reports_raw/companies/603_sh_main/603363_ST傲农/2024/1223410275.pdf,https://static.cninfo.com.cn/finalpage/2025-04-30/1223410275.PDF
603365,水星家纺,上海水星家用纺织品股份有限公司2024年年度报告,2025-04-29 00:00:00,1223369236,reports_raw/companies/603_sh_main/603365_水星家纺/2024/1223369236.pdf,https://static.cninfo.com.cn/finalpage/2025-04-29/1223369236.PDF
603366,日出东方,日出东方控股股份有限公司2024年年度报告,2025-04-30 00:00:00,1223416267,reports_raw/companies/603_sh_main/603366_日出东方/2024/1223416267.pdf,https://static.cninfo.com.cn/finalpage/2025-04-30/1223416267.PDF
603369,今世缘,江苏今世缘酒业股份有限公司2024年年度报告,2025-04-30 00:00:00,1223416277,reports_raw/companies/603_sh_main/603369_今世缘/2024/1223416277.pdf,https://static.cninfo.com.cn/finalpage/2025-04-30/1223416277.PDF
603375,盛景微,2024年年度报告,2025-04-29 00:00:00,1223378035,reports_raw/companies/603_sh_main/603375_盛景微/2024/1223378035.pdf,https://static.cninfo.com.cn/finalpage/2025-04-29/1223378035.PDF
603377,ST东时,2024年年度报告,2025-04-30 00:00:00,1223426714,reports_raw/companies/603_sh_main/603377_ST东时/2024/1223426714.pdf,https://static.cninfo.com.cn/finalpage/2025-04-30/1223426714.PDF
603378,亚士创能,亚士创能2024年年度报告,2025-04-30 00:00:00,1223422714,reports_raw/companies/603_sh_main/603378_亚士创能/2024/1223422714.pdf,https://static.cninfo.com.cn/finalpage/2025-04-30/1223422714.PDF
603379,三美股份,浙江三美化工股份有限公司2024年年度报告,2025-04-29 00:00:00,1223378634,reports_raw/companies/603_sh_main/603379_三美股份/2024/1223378634.pdf,https://static.cninfo.com.cn/finalpage/2025-04-29/1223378634.PDF
603380,易德龙,苏州易德龙科技股份有限公司2024年年度报告,2025-04-26 00:00:00,1223323421,reports_raw/companies/603_sh_main/603380_易德龙/2024/1223323421.pdf,https://static.cninfo.com.cn/finalpage/2025-04-26/1223323421.PDF
603381,永臻股份,2024年年度报告,2025-04-30 00:00:00,1223406935,reports_raw/companies/603_sh_main/603381_永臻股份/2024/1223406935.pdf,https://static.cninfo.com.cn/finalpage/2025-04-30/1223406935.PDF
603385,惠达卫浴,2024年年度报告,2025-04-29 00:00:00,1223365846,reports_raw/companies/603_sh_main/603385_惠达卫浴/2024/1223365846.pdf,https://static.cninfo.com.cn/finalpage/2025-04-29/1223365846.PDF
603386,骏亚科技,骏亚科技：2024年年度报告,2025-04-26 00:00:00,1223317311,reports_raw/companies/603_sh_main/603386_骏亚科技/2024/1223317311.pdf,https://static.cninfo.com.cn/finalpage/2025-04-26/1223317311.PDF
603387,基蛋生物,基蛋生物：2024年年度报告,2025-04-30 00:00:00,1223422742,reports_raw/companies/603_sh_main/603387_基蛋生物/2024/1223422742.pdf,https://static.cninfo.com.cn/finalpage/2025-04-30/1223422742.PDF
603388,ST元成,元成环境股份有限公司2024年年度报告,2025-04-30 00:00:00,1223427888,reports_raw/companies/603_sh_main/603388_ST元成/2024/1223427888.pdf,https://static.cninfo.com.cn/finalpage/2025-04-30/1223427888.PDF
603389,亚振家居,2024年年度报告,2025-04-30 00:00:00,1223426816,reports_raw/companies/603_sh_main/603389_亚振家居/2024/1223426816.pdf,https://static.cninfo.com.cn/finalpage/2025-04-30/1223426816.PDF
603398,沐邦高科,江西沐邦高科股份有限公司2024年年度报告,2025-04-30 00:00:00,1223426841,reports_raw/companies/603_sh_main/603398_沐邦高科/2024/1223426841.pdf,https://static.cninfo.com.cn/finalpage/2025-04-30/1223426841.PDF
603416,信捷电气,无锡信捷电气股份有限公司2024年年度报告,2025-04-26 00:00:00,1223319027,reports_raw/companies/603_sh_main/603416_信捷电气/2024/1223319027.pdf,https://static.cninfo.com.cn/finalpage/2025-04-26/1223319027.PDF
603486,科沃斯,2024年年度报告,2025-04-26 00:00:00,1223323879,reports_raw/companies/603_sh_main/603486_科沃斯/2024/1223323879.pdf,https://static.cninfo.com.cn/finalpage/2025-04-26/1223323879.PDF
603488,展鹏科技,展鹏科技股份有限公司2024年年度报告,2025-04-30 00:00:00,1223422780,reports_raw/companies/603_sh_main/603488_展鹏科技/2024/1223422780.pdf,https://static.cninfo.com.cn/finalpage/2025-04-30/1223422780.PDF
603489,八方股份,2024年年度报告,2025-04-30 00:00:00,1223422806,reports_raw/companies/603_sh_main/603489_八方股份/2024/1223422806.pdf,https://static.cninfo.com.cn/finalpage/2025-04-30/1223422806.PDF
603515,欧普照明,欧普照明股份有限公司2024年年度报告,2025-04-29 00:00:00,1223369296,reports_raw/companies/603_sh_main/603515_欧普照明/2024/1223369296.pdf,https://static.cninfo.com.cn/finalpage/2025-04-29/1223369296.PDF
603520,司太立,浙江司太立制药股份有限公司2024年年度报告,2025-04-30 00:00:00,1223422851,reports_raw/companies/603_sh_main/603520_司太立/2024/1223422851.pdf,https://static.cninfo.com.cn/finalpage/2025-04-30/1223422851.PDF
603527,众源新材,众源新材2024年年度报告,2025-04-26 00:00:00,1223326652,reports_raw/companies/603_sh_main/603527_众源新材/2024/1223326652.pdf,https://static.cninfo.com.cn/finalpage/2025-04-26/1223326652.PDF
603528,多伦科技,多伦科技2024年年度报告,2025-04-26 00:00:00,1223316779,reports_raw/companies/603_sh_main/603528_多伦科技/2024/1223316779.pdf,https://static.cninfo.com.cn/finalpage/2025-04-26/1223316779.PDF
603551,奥普科技,奥普智能科技股份有限公司2024年年度报告,2025-04-26 00:00:00,1223322514,reports_raw/companies/603_sh_main/603551_奥普科技/2024/1223322514.pdf,https://static.cninfo.com.cn/finalpage/2025-04-26/1223322514.PDF
603557,ST起步,ST起步：2024年年度报告,2025-04-30 00:00:00,1223416325,reports_raw/companies/603_sh_main/603557_ST起步/2024/1223416325.pdf,https://static.cninfo.com.cn/finalpage/2025-04-30/1223416325.PDF
603559,*ST通脉,中通国脉通信股份有限公司2024年年度报告,2025-04-29 00:00:00,1223385746,reports_raw/companies/603_sh_main/603559_ST通脉/2024/1223385746.pdf,https://static.cninfo.com.cn/finalpage/2025-04-29/1223385746.PDF
603567,珍宝岛,黑龙江珍宝岛药业股份有限公司2024年年度报告,2025-04-30 00:00:00,1223422928,reports_raw/companies/603_sh_main/603567_珍宝岛/2024/1223422928.pdf,https://static.cninfo.com.cn/finalpage/2025-04-30/1223422928.PDF
603578,三星新材,2024年年度报告,2025-04-29 00:00:00,1223378681,reports_raw/companies/603_sh_main/603578_三星新材/2024/1223378681.pdf,https://static.cninfo.com.cn/finalpage/2025-04-29/1223378681.PDF
603580,艾艾精工,艾艾精工2024年年度报告,2025-04-29 00:00:00,1223392574,reports_raw/companies/603_sh_main/603580_艾艾精工/2024/1223392574.pdf,https://static.cninfo.com.cn/finalpage/2025-04-29/1223392574.PDF
603583,捷昌驱动,2024年年度报告,2025-04-28 00:00:00,1223347044,reports_raw/companies/603_sh_main/603583_捷昌驱动/2024/1223347044.pdf,https://static.cninfo.com.cn/finalpage/2025-04-28/1223347044.PDF
603586,金麒麟,山东金麒麟股份有限公司2024年年度报告全文,2025-04-26 00:00:00,1223330506,reports_raw/companies/603_sh_main/603586_金麒麟/2024/1223330506.pdf,https://static.cninfo.com.cn/finalpage/2025-04-26/1223330506.PDF
603587,地素时尚,地素时尚2024年年度报告,2025-04-29 00:00:00,1223385908,reports_raw/companies/603_sh_main/603587_地素时尚/2024/1223385908.pdf,https://static.cninfo.com.cn/finalpage/2025-04-29/1223385908.PDF
603589,口子窖,安徽口子酒业股份有限公司2024年年度报告,2025-04-29 00:00:00,1223370055,reports_raw/companies/603_sh_main/603589_口子窖/2024/1223370055.pdf,https://static.cninfo.com.cn/finalpage/2025-04-29/1223370055.PDF
603590,康辰药业,康辰药业2024年年度报告,2025-04-26 00:00:00,1223328846,reports_raw/companies/603_sh_main/603590_康辰药业/2024/1223328846.pdf,https://static.cninfo.com.cn/finalpage/2025-04-26/1223328846.PDF
603598,引力传媒,引力传媒：2024年年度报告(修订版),2025-04-30 00:00:00,1223416356,reports_raw/companies/603_sh_main/603598_引力传媒/2024/1223416356.pdf,https://static.cninfo.com.cn/finalpage/2025-04-30/1223416356.PDF
603599,广信股份,2024年年度报告,2025-04-28 00:00:00,1223347077,reports_raw/companies/603_sh_main/603599_广信股份/2024/1223347077.pdf,https://static.cninfo.com.cn/finalpage/2025-04-28/1223347077.PDF
603602,纵横通信,纵横通信2024年年度报告,2025-04-26 00:00:00,1223328115,reports_raw/companies/603_sh_main/603602_纵横通信/2024/1223328115.pdf,https://static.cninfo.com.cn/finalpage/2025-04-26/1223328115.PDF
603607,京华激光,京华激光2024年年度报告,2025-04-29 00:00:00,1223378714,reports_raw/companies/603_sh_main/603607_京华激光/2024/1223378714.pdf,https://static.cninfo.com.cn/finalpage/2025-04-29/1223378714.PDF
603611,诺力股份,诺力股份2024年年度报告,2025-04-28 00:00:00,1223347087,reports_raw/companies/603_sh_main/603611_诺力股份/2024/1223347087.pdf,https://static.cninfo.com.cn/finalpage/2025-04-28/1223347087.PDF
603616,韩建河山,韩建河山2024年年度报告,2025-04-30 00:00:00,1223426931,reports_raw/companies/603_sh_main/603616_韩建河山/2024/1223426931.pdf,https://static.cninfo.com.cn/finalpage/2025-04-30/1223426931.PDF
603626,科森科技,2024年年度报告,2025-04-29 00:00:00,1223370079,reports_raw/companies/603_sh_main/603626_科森科技/2024/1223370079.pdf,https://static.cninfo.com.cn/finalpage/2025-04-29/1223370079.PDF
603628,清源股份,2024年年度报告,2025-04-30 00:00:00,1223422933,reports_raw/companies/603_sh_main/603628_清源股份/2024/1223422933.pdf,https://static.cninfo.com.cn/finalpage/2025-04-30/1223422933.PDF
603629,利通电子,603629：利通电子2024年年度报告,2025-04-29 00:00:00,1223378770,reports_raw/companies/603_sh_main/603629_利通电子/2024/1223378770.pdf,https://static.cninfo.com.cn/finalpage/2025-04-29/1223378770.PDF
603630,拉芳家化,2024年年度报告,2025-04-29 00:00:00,1223378805,reports_raw/companies/603_sh_main/603630_拉芳家化/2024/1223378805.pdf,https://static.cninfo.com.cn/finalpage/2025-04-29/1223378805.PDF
603633,徕木股份,徕木股份2024年年度报告,2025-04-29 00:00:00,1223370131,reports_raw/companies/603_sh_main/603633_徕木股份/2024/1223370131.pdf,https://static.cninfo.com.cn/finalpage/2025-04-29/1223370131.PDF
603636,南威软件,南威软件：2024年年度报告,2025-04-26 00:00:00,1223331004,reports_raw/companies/603_sh_main/603636_南威软件/2024/1223331004.pdf,https://static.cninfo.com.cn/finalpage/2025-04-26/1223331004.PDF
603639,海利尔,海利尔药业集团股份有限公司2024年年度报告,2025-04-29 00:00:00,1223390993,reports_raw/companies/603_sh_main/603639_海利尔/2024/1223390993.pdf,https://static.cninfo.com.cn/finalpage/2025-04-29/1223390993.PDF
603648,畅联股份,上海畅联国际物流股份有限公司2024年年度报告,2025-04-28 00:00:00,1223347140,reports_raw/companies/603_sh_main/603648_畅联股份/2024/1223347140.pdf,https://static.cninfo.com.cn/finalpage/2025-04-28/1223347140.PDF
603655,朗博科技,2024年年度报告,2025-04-29 00:00:00,1223358784,reports_raw/companies/603_sh_main/603655_朗博科技/2024/1223358784.pdf,https://static.cninfo.com.cn/finalpage/2025-04-29/1223358784.PDF
603659,璞泰来,上海璞泰来新能源科技股份有限公司2024年年度报告,2025-04-26 00:00:00,1223327273,reports_raw/companies/603_sh_main/603659_璞泰来/2024/1223327273.pdf,https://static.cninfo.com.cn/finalpage/2025-04-26/1223327273.PDF
603661,恒林股份,恒林股份2024年年度报告,2025-04-26 00:00:00,1223322820,reports_raw/companies/603_sh_main/603661_恒林股份/2024/1223322820.pdf,https://static.cninfo.com.cn/finalpage/2025-04-26/1223322820.PDF
603662,柯力传感,柯力传感2024年年度报告,2025-04-29 00:00:00,1223365920,reports_raw/companies/603_sh_main/603662_柯力传感/2024/1223365920.pdf,https://static.cninfo.com.cn/finalpage/2025-04-29/1223365920.PDF
603666,亿嘉和,亿嘉和科技股份有限公司2024年年度报告,2025-04-26 00:00:00,1223323138,reports_raw/companies/603_sh_main/603666_亿嘉和/2024/1223323138.pdf,https://static.cninfo.com.cn/finalpage/2025-04-26/1223323138.PDF
603667,五洲新春,五洲新春2024年年度报告,2025-04-29 00:00:00,1223385949,reports_raw/companies/603_sh_main/603667_五洲新春/2024/1223385949.pdf,https://static.cninfo.com.cn/finalpage/2025-04-29/1223385949.PDF
603668,天马科技,天马科技2024年年度报告全文,2025-04-30 00:00:00,1223422997,reports_raw/companies/603_sh_main/603668_天马科技/2024/1223422997.pdf,https://static.cninfo.com.cn/finalpage/2025-04-30/1223422997.PDF
603680,今创集团,2024年年度报告,2025-04-29 00:00:00,1223378851,reports_raw/companies/603_sh_main/603680_今创集团/2024/1223378851.pdf,https://static.cninfo.com.cn/finalpage/2025-04-29/1223378851.PDF
603681,永冠新材,上海永冠众诚新材料科技（集团）股份有限公司2024年年度报告,2025-04-29 00:00:00,1223385989,reports_raw/companies/603_sh_main/603681_永冠新材/2024/1223385989.pdf,https://static.cninfo.com.cn/finalpage/2025-04-29/1223385989.PDF
603685,晨丰科技,晨丰科技2024年年度报告全文,2025-04-29 00:00:00,1223379490,reports_raw/companies/603_sh_main/603685_晨丰科技/2024/1223379490.pdf,https://static.cninfo.com.cn/finalpage/2025-04-29/1223379490.PDF
603686,福龙马,福龙马：2024年年度报告,2025-04-29 00:00:00,1223362041,reports_raw/companies/603_sh_main/603686_福龙马/2024/1223362041.pdf,https://static.cninfo.com.cn/finalpage/2025-04-29/1223362041.PDF
603688,石英股份,江苏太平洋石英股份有限公司2024年年度报告,2025-04-26 00:00:00,1223319839,reports_raw/companies/603_sh_main/603688_石英股份/2024/1223319839.pdf,https://static.cninfo.com.cn/finalpage/2025-04-26/1223319839.PDF
603690,至纯科技,2024年年度报告,2025-04-29 00:00:00,1223391045,reports_raw/companies/603_sh_main/603690_至纯科技/2024/1223391045.pdf,https://static.cninfo.com.cn/finalpage/2025-04-29/1223391045.PDF
603707,健友股份,健友股份2024年年度报告,2025-04-29 00:00:00,1223386041,reports_raw/companies/603_sh_main/603707_健友股份/2024/1223386041.pdf,https://static.cninfo.com.cn/finalpage/2025-04-29/1223386041.PDF
603709,中源家居,中源家居股份有限公司2024年年度报告,2025-04-29 00:00:00,1223362418,reports_raw/companies/603_sh_main/603709_中源家居/2024/1223362418.pdf,https://static.cninfo.com.cn/finalpage/2025-04-29/1223362418.PDF
603716,塞力医疗,2024年年度报告,2025-04-29 00:00:00,1223365969,reports_raw/companies/603_sh_main/603716_塞力医疗/2024/1223365969.pdf,https://static.cninfo.com.cn/finalpage/2025-04-29/1223365969.PDF
603719,良品铺子,良品铺子2024年年度报告,2025-04-29 00:00:00,1223379529,reports_raw/companies/603_sh_main/603719_良品铺子/2024/1223379529.pdf,https://static.cninfo.com.cn/finalpage/2025-04-29/1223379529.PDF
603721,中广天择,中广天择2024年年度报告,2025-04-30 00:00:00,1223423033,reports_raw/companies/603_sh_main/603721_中广天择/2024/1223423033.pdf,https://static.cninfo.com.cn/finalpage/2025-04-30/1223423033.PDF
603722,阿科力,无锡阿科力科技股份有限公司2024年年度报告,2025-04-30 00:00:00,1223410345,reports_raw/companies/603_sh_main/603722_阿科力/2024/1223410345.pdf,https://static.cninfo.com.cn/finalpage/2025-04-30/1223410345.PDF
603726,朗迪集团,2024年年度报告,2025-04-29 00:00:00,1223379569,reports_raw/companies/603_sh_main/603726_朗迪集团/2024/1223379569.pdf,https://static.cninfo.com.cn/finalpage/2025-04-29/1223379569.PDF
603728,鸣志电器,鸣志电器2024年年度报告全文,2025-04-26 00:00:00,1223327773,reports_raw/companies/603_sh_main/603728_鸣志电器/2024/1223327773.pdf,https://static.cninfo.com.cn/finalpage/2025-04-26/1223327773.PDF
603730,岱美股份,上海岱美汽车内饰件股份有限公司2024年年度报告,2025-04-30 00:00:00,1223416541,reports_raw/companies/603_sh_main/603730_岱美股份/2024/1223416541.pdf,https://static.cninfo.com.cn/finalpage/2025-04-30/1223416541.PDF
603733,仙鹤股份,仙鹤股份2024年年度报告,2025-04-29 00:00:00,1223379633,reports_raw/companies/603_sh_main/603733_仙鹤股份/2024/1223379633.pdf,https://static.cninfo.com.cn/finalpage/2025-04-29/1223379633.PDF
603738,泰晶科技,泰晶科技股份有限公司2024年年度报告,2025-04-29 00:00:00,1223370198,reports_raw/companies/603_sh_main/603738_泰晶科技/2024/1223370198.pdf,https://static.cninfo.com.cn/finalpage/2025-04-29/1223370198.PDF
603739,蔚蓝生物,青岛蔚蓝生物股份有限公司2024年年度报告,2025-04-26 00:00:00,1223325709,reports_raw/companies/603_sh_main/603739_蔚蓝生物/2024/1223325709.pdf,https://static.cninfo.com.cn/finalpage/2025-04-26/1223325709.PDF
603757,大元泵业,浙江大元泵业股份有限公司2024年年度报告,2025-04-28 00:00:00,1223347175,reports_raw/companies/603_sh_main/603757_大元泵业/2024/1223347175.pdf,https://static.cninfo.com.cn/finalpage/2025-04-28/1223347175.PDF
603766,隆鑫通用,隆鑫通用动力股份有限公司2024年年度报告,2025-04-29 00:00:00,1223357821,reports_raw/companies/603_sh_main/603766_隆鑫通用/2024/1223357821.pdf,https://static.cninfo.com.cn/finalpage/2025-04-29/1223357821.PDF
603768,常青股份,常青股份2024年年度报告,2025-04-28 00:00:00,1223347197,reports_raw/companies/603_sh_main/603768_常青股份/2024/1223347197.pdf,https://static.cninfo.com.cn/finalpage/2025-04-28/1223347197.PDF
603777,来伊份,2024年年度报告,2025-04-29 00:00:00,1223386078,reports_raw/companies/603_sh_main/603777_来伊份/2024/1223386078.pdf,https://static.cninfo.com.cn/finalpage/2025-04-29/1223386078.PDF
603778,国晟科技,2024年年度报告,2025-04-26 00:00:00,1223331116,reports_raw/companies/603_sh_main/603778_国晟科技/2024/1223331116.pdf,https://static.cninfo.com.cn/finalpage/2025-04-26/1223331116.PDF
603779,威龙股份,威龙葡萄酒股份有限公司2024年年度报告,2025-04-29 00:00:00,1223386316,reports_raw/companies/603_sh_main/603779_威龙股份/2024/1223386316.pdf,https://static.cninfo.com.cn/finalpage/2025-04-29/1223386316.PDF
603789,星光农机,星光农机2024年年度报告,2025-04-30 00:00:00,1223423063,reports_raw/companies/603_sh_main/603789_星光农机/2024/1223423063.pdf,https://static.cninfo.com.cn/finalpage/2025-04-30/1223423063.PDF
603797,联泰环保,广东联泰环保股份有限公司2024年年度报告,2025-04-29 00:00:00,1223386342,reports_raw/companies/603_sh_main/603797_联泰环保/2024/1223386342.pdf,https://static.cninfo.com.cn/finalpage/2025-04-29/1223386342.PDF
603798,康普顿,青岛康普顿科技股份有限公司2024年年度报告全文,2025-04-30 00:00:00,1223423143,reports_raw/companies/603_sh_main/603798_康普顿/2024/1223423143.pdf,https://static.cninfo.com.cn/finalpage/2025-04-30/1223423143.PDF
603803,瑞斯康达,公司2024年年度报告,2025-04-26 00:00:00,1223327514,reports_raw/companies/603_sh_main/603803_瑞斯康达/2024/1223327514.pdf,https://static.cninfo.com.cn/finalpage/2025-04-26/1223327514.PDF
603808,歌力思,2024年年度报告,2025-04-29 00:00:00,1223379681,reports_raw/companies/603_sh_main/603808_歌力思/2024/1223379681.pdf,https://static.cninfo.com.cn/finalpage/2025-04-29/1223379681.PDF
603810,丰山集团,2024年年度报告,2025-04-29 00:00:00,1223386430,reports_raw/companies/603_sh_main/603810_丰山集团/2024/1223386430.pdf,https://static.cninfo.com.cn/finalpage/2025-04-29/1223386430.PDF
603811,诚意药业,浙江诚意药业股份有限公司2024年年度报告,2025-04-30 00:00:00,1223406993,reports_raw/companies/603_sh_main/603811_诚意药业/2024/1223406993.pdf,https://static.cninfo.com.cn/finalpage/2025-04-30/1223406993.PDF
603813,原尚股份,原尚股份2024年年度报告,2025-04-29 00:00:00,1223370226,reports_raw/companies/603_sh_main/603813_原尚股份/2024/1223370226.pdf,https://static.cninfo.com.cn/finalpage/2025-04-29/1223370226.PDF
603815,交建股份,安徽省交通建设股份有限公司2024年年度报告,2025-04-29 00:00:00,1223362442,reports_raw/companies/603_sh_main/603815_交建股份/2024/1223362442.pdf,https://static.cninfo.com.cn/finalpage/2025-04-29/1223362442.PDF
603816,顾家家居,顾家家居2024年年度报告,2025-04-29 00:00:00,1223386613,reports_raw/companies/603_sh_main/603816_顾家家居/2024/1223386613.pdf,https://static.cninfo.com.cn/finalpage/2025-04-29/1223386613.PDF
603818,曲美家居,2024年年度报告,2025-04-30 00:00:00,1223416584,reports_raw/companies/603_sh_main/603818_曲美家居/2024/1223416584.pdf,https://static.cninfo.com.cn/finalpage/2025-04-30/1223416584.PDF
603819,神力股份,神力股份：2024年年度报告,2025-04-29 00:00:00,1223386627,reports_raw/companies/603_sh_main/603819_神力股份/2024/1223386627.pdf,https://static.cninfo.com.cn/finalpage/2025-04-29/1223386627.PDF
603822,嘉澳环保,2024年年度报告,2025-04-29 00:00:00,1223386657,reports_raw/companies/603_sh_main/603822_嘉澳环保/2024/1223386657.pdf,https://static.cninfo.com.cn/finalpage/2025-04-29/1223386657.PDF
603825,华扬联众,华扬联众数字技术股份有限公司2024年年度报告,2025-04-29 00:00:00,1223386673,reports_raw/companies/603_sh_main/603825_华扬联众/2024/1223386673.pdf,https://static.cninfo.com.cn/finalpage/2025-04-29/1223386673.PDF
603826,坤彩科技,2024年年度报告,2025-04-26 00:00:00,1223322136,reports_raw/companies/603_sh_main/603826_坤彩科技/2024/1223322136.pdf,https://static.cninfo.com.cn/finalpage/2025-04-26/1223322136.PDF
603838,四通股份,四通股份2024年年度报告,2025-04-29 00:00:00,1223370287,reports_raw/companies/603_sh_main/603838_四通股份/2024/1223370287.pdf,https://static.cninfo.com.cn/finalpage/2025-04-29/1223370287.PDF
603839,安正时尚,安正时尚集团股份有限公司2024年年度报告,2025-04-30 00:00:00,1223416619,reports_raw/companies/603_sh_main/603839_安正时尚/2024/1223416619.pdf,https://static.cninfo.com.cn/finalpage/2025-04-30/1223416619.PDF
603843,正平股份,正平股份2024年年度报告,2025-04-30 00:00:00,1223426983,reports_raw/companies/603_sh_main/603843_正平股份/2024/1223426983.pdf,https://static.cninfo.com.cn/finalpage/2025-04-30/1223426983.PDF
603858,步长制药,山东步长制药股份有限公司2024年年度报告,2025-04-26 00:00:00,1223325841,reports_raw/companies/603_sh_main/603858_步长制药/2024/1223325841.pdf,https://static.cninfo.com.cn/finalpage/2025-04-26/1223325841.PDF
603861,白云电器,白云电器2024年年度报告,2025-04-30 00:00:00,1223423180,reports_raw/companies/603_sh_main/603861_白云电器/2024/1223423180.pdf,https://static.cninfo.com.cn/finalpage/2025-04-30/1223423180.PDF
603863,松炀资源,广东松炀再生资源股份有限公司2024年年度报告,2025-04-30 00:00:00,1223416646,reports_raw/companies/603_sh_main/603863_松炀资源/2024/1223416646.pdf,https://static.cninfo.com.cn/finalpage/2025-04-30/1223416646.PDF
603867,新化股份,新化股份2024年年度报告,2025-04-29 00:00:00,1223357869,reports_raw/companies/603_sh_main/603867_新化股份/2024/1223357869.pdf,https://static.cninfo.com.cn/finalpage/2025-04-29/1223357869.PDF
603868,飞科电器,上海飞科电器股份有限公司2024年年度报告,2025-04-30 00:00:00,1223423209,reports_raw/companies/603_sh_main/603868_飞科电器/2024/1223423209.pdf,https://static.cninfo.com.cn/finalpage/2025-04-30/1223423209.PDF
603869,ST智知,新智认知数字科技股份有限公司2024年年度报告,2025-04-29 00:00:00,1223386713,reports_raw/companies/603_sh_main/603869_ST智知/2024/1223386713.pdf,https://static.cninfo.com.cn/finalpage/2025-04-29/1223386713.PDF
603876,鼎胜新材,江苏鼎胜新能源材料股份有限公司2024年年度报告,2025-04-29 00:00:00,1223362461,reports_raw/companies/603_sh_main/603876_鼎胜新材/2024/1223362461.pdf,https://static.cninfo.com.cn/finalpage/2025-04-29/1223362461.PDF
603878,武进不锈,江苏武进不锈股份有限公司2024年年度报告,2025-04-28 00:00:00,1223347243,reports_raw/companies/603_sh_main/603878_武进不锈/2024/1223347243.pdf,https://static.cninfo.com.cn/finalpage/2025-04-28/1223347243.PDF
603880,南卫股份,南卫股份2024年年度报告,2025-04-30 00:00:00,1223427006,reports_raw/companies/603_sh_main/603880_南卫股份/2024/1223427006.pdf,https://static.cninfo.com.cn/finalpage/2025-04-30/1223427006.PDF
603882,金域医学,广州金域医学检验集团股份有限公司2024年年度报告,2025-04-26 00:00:00,1223325500,reports_raw/companies/603_sh_main/603882_金域医学/2024/1223325500.pdf,https://static.cninfo.com.cn/finalpage/2025-04-26/1223325500.PDF
603883,老百姓,老百姓2024年年度报告,2025-04-30 00:00:00,1223423272,reports_raw/companies/603_sh_main/603883_老百姓/2024/1223423272.pdf,https://static.cninfo.com.cn/finalpage/2025-04-30/1223423272.PDF
603887,城地香江,上海城地香江数据科技股份有限公司2024年年度报告,2025-04-30 00:00:00,1223427063,reports_raw/companies/603_sh_main/603887_城地香江/2024/1223427063.pdf,https://static.cninfo.com.cn/finalpage/2025-04-30/1223427063.PDF
603898,好莱客,广州好莱客创意家居股份有限公司2024年年度报告,2025-04-29 00:00:00,1223356573,reports_raw/companies/603_sh_main/603898_好莱客/2024/1223356573.pdf,https://static.cninfo.com.cn/finalpage/2025-04-29/1223356573.PDF
603908,牧高笛,牧高笛户外用品股份有限公司2024年年度报告,2025-04-29 00:00:00,1223386764,reports_raw/companies/603_sh_main/603908_牧高笛/2024/1223386764.pdf,https://static.cninfo.com.cn/finalpage/2025-04-29/1223386764.PDF
603915,国茂股份,国茂股份2024年年度报告,2025-04-29 00:00:00,1223380152,reports_raw/companies/603_sh_main/603915_国茂股份/2024/1223380152.pdf,https://static.cninfo.com.cn/finalpage/2025-04-29/1223380152.PDF
603916,苏博特,2024年年度报告,2025-04-29 00:00:00,1223380178,reports_raw/companies/603_sh_main/603916_苏博特/2024/1223380178.pdf,https://static.cninfo.com.cn/finalpage/2025-04-29/1223380178.PDF
603922,金鸿顺,金鸿顺2024年年度报告,2025-04-30 00:00:00,1223423312,reports_raw/companies/603_sh_main/603922_金鸿顺/2024/1223423312.pdf,https://static.cninfo.com.cn/finalpage/2025-04-30/1223423312.PDF
603928,兴业股份,兴业股份2024年年度报告,2025-04-29 00:00:00,1223380239,reports_raw/companies/603_sh_main/603928_兴业股份/2024/1223380239.pdf,https://static.cninfo.com.cn/finalpage/2025-04-29/1223380239.PDF
603936,博敏电子,博敏电子2024年年度报告,2025-04-26 00:00:00,1223322160,reports_raw/companies/603_sh_main/603936_博敏电子/2024/1223322160.pdf,https://static.cninfo.com.cn/finalpage/2025-04-26/1223322160.PDF
603939,益丰药房,益丰药房2024年年度报告（英文版）,2025-04-29 00:00:00,1223386869,reports_raw/companies/603_sh_main/603939_益丰药房/2024/1223386869.pdf,https://static.cninfo.com.cn/finalpage/2025-04-29/1223386869.PDF
603958,哈森股份,2024年年度报告,2025-04-29 00:00:00,1223380262,reports_raw/companies/603_sh_main/603958_哈森股份/2024/1223380262.pdf,https://static.cninfo.com.cn/finalpage/2025-04-29/1223380262.PDF
603959,ST百利,湖南百利工程科技股份有限公司2024年年度报告,2025-04-30 00:00:00,1223423399,reports_raw/companies/603_sh_main/603959_ST百利/2024/1223423399.pdf,https://static.cninfo.com.cn/finalpage/2025-04-30/1223423399.PDF
603960,克来机电,克来机电2024年年度报告,2025-04-26 00:00:00,1223326280,reports_raw/companies/603_sh_main/603960_克来机电/2024/1223326280.pdf,https://static.cninfo.com.cn/finalpage/2025-04-26/1223326280.PDF
603980,吉华集团,吉华集团2024年年度报告,2025-04-29 00:00:00,1223386878,reports_raw/companies/603_sh_main/603980_吉华集团/2024/1223386878.pdf,https://static.cninfo.com.cn/finalpage/2025-04-29/1223386878.PDF
603983,丸美生物,广东丸美生物技术股份有限公司2024年年度报告,2025-04-26 00:00:00,1223320239,reports_raw/companies/603_sh_main/603983_丸美生物/2024/1223320239.pdf,https://static.cninfo.com.cn/finalpage/2025-04-26/1223320239.PDF
603989,艾华集团,湖南艾华集团股份有限公司2024年年度报告,2025-04-30 00:00:00,1223416714,reports_raw/companies/603_sh_main/603989_艾华集团/2024/1223416714.pdf,https://static.cninfo.com.cn/finalpage/2025-04-30/1223416714.PDF
603990,麦迪科技,苏州麦迪斯顿医疗科技股份有限公司2024年年度报告,2025-04-30 00:00:00,1223427093,reports_raw/companies/603_sh_main/603990_麦迪科技/2024/1223427093.pdf,https://static.cninfo.com.cn/finalpage/2025-04-30/1223427093.PDF
603998,方盛制药,湖南方盛制药股份有限公司2024年年度报告,2025-04-29 00:00:00,1223386938,reports_raw/companies/603_sh_main/603998_方盛制药/2024/1223386938.pdf,https://static.cninfo.com.cn/finalpage/2025-04-29/1223386938.PDF
605055,迎丰股份,迎丰股份2024年年度报告,2025-04-30 00:00:00,1223410931,reports_raw/companies/605_sh_main/605055_迎丰股份/2024/1223410931.pdf,https://static.cninfo.com.cn/finalpage/2025-04-30/1223410931.PDF
605069,正和生态,2024年年度报告,2025-04-30 00:00:00,1223423440,reports_raw/companies/605_sh_main/605069_正和生态/2024/1223423440.pdf,https://static.cninfo.com.cn/finalpage/2025-04-30/1223423440.PDF
605080,浙江自然,浙江自然2024年年度报告,2025-04-29 00:00:00,1223380347,reports_raw/companies/605_sh_main/605080_浙江自然/2024/1223380347.pdf,https://static.cninfo.com.cn/finalpage/2025-04-29/1223380347.PDF
605081,太和水,上海太和水科技发展股份有限公司2024年年度报告,2025-04-26 00:00:00,1223331429,reports_raw/companies/605_sh_main/605081_太和水/2024/1223331429.pdf,https://static.cninfo.com.cn/finalpage/2025-04-26/1223331429.PDF
605089,味知香,2024年年度报告,2025-04-29 00:00:00,1223380638,reports_raw/companies/605_sh_main/605089_味知香/2024/1223380638.pdf,https://static.cninfo.com.cn/finalpage/2025-04-29/1223380638.PDF
605099,共创草坪,2024年年度报告,2025-04-28 00:00:00,1223347273,reports_raw/companies/605_sh_main/605099_共创草坪/2024/1223347273.pdf,https://static.cninfo.com.cn/finalpage/2025-04-28/1223347273.PDF
605100,华丰股份,华丰动力股份有限公司2024年年度报告（更新后）,2025-04-30 00:00:00,1223405825,reports_raw/companies/605_sh_main/605100_华丰股份/2024/1223405825.pdf,https://static.cninfo.com.cn/finalpage/2025-04-30/1223405825.PDF
605108,同庆楼,同庆楼2024年年度报告,2025-04-29 00:00:00,1223491964,reports_raw/companies/605_sh_main/605108_同庆楼/2024/1223491964.pdf,https://static.cninfo.com.cn/finalpage/2025-04-29/1223491964.pdf
605117,德业股份,2024年年度报告,2025-04-30 00:00:00,1223427135,reports_raw/companies/605_sh_main/605117_德业股份/2024/1223427135.pdf,https://static.cninfo.com.cn/finalpage/2025-04-30/1223427135.PDF
605122,四方新材,重庆四方新材股份有限公司2024年年度报告,2025-04-29 00:00:00,1223387021,reports_raw/companies/605_sh_main/605122_四方新材/2024/1223387021.pdf,https://static.cninfo.com.cn/finalpage/2025-04-29/1223387021.PDF
605123,派克新材,派克新材2024年年度报告,2025-04-29 00:00:00,1223359731,reports_raw/companies/605_sh_main/605123_派克新材/2024/1223359731.pdf,https://static.cninfo.com.cn/finalpage/2025-04-29/1223359731.PDF
605162,新中港,2024年年度报告,2025-04-30 00:00:00,1223407043,reports_raw/companies/605_sh_main/605162_新中港/2024/1223407043.pdf,https://static.cninfo.com.cn/finalpage/2025-04-30/1223407043.PDF
605167,利柏特,2024年年度报告,2025-04-30 00:00:00,1223405246,reports_raw/companies/605_sh_main/605167_利柏特/2024/1223405246.pdf,https://static.cninfo.com.cn/finalpage/2025-04-30/1223405246.PDF
605177,东亚药业,东亚药业2024年年度报告,2025-04-30 00:00:00,1223405270,reports_raw/companies/605_sh_main/605177_东亚药业/2024/1223405270.pdf,https://static.cninfo.com.cn/finalpage/2025-04-30/1223405270.PDF
605178,时空科技,2024年年度报告,2025-04-29 00:00:00,1223387149,reports_raw/companies/605_sh_main/605178_时空科技/2024/1223387149.pdf,https://static.cninfo.com.cn/finalpage/2025-04-29/1223387149.PDF
605179,一鸣食品,2024年年度报告,2025-04-30 00:00:00,1223417132,reports_raw/companies/605_sh_main/605179_一鸣食品/2024/1223417132.pdf,https://static.cninfo.com.cn/finalpage/2025-04-30/1223417132.PDF
605186,健麾信息,2024年年度报告,2025-04-30 00:00:00,1223423476,reports_raw/companies/605_sh_main/605186_健麾信息/2024/1223423476.pdf,https://static.cninfo.com.cn/finalpage/2025-04-30/1223423476.PDF
605188,国光连锁,江西国光商业连锁股份有限公司2024年年度报告,2025-04-29 00:00:00,1223370386,reports_raw/companies/605_sh_main/605188_国光连锁/2024/1223370386.pdf,https://static.cninfo.com.cn/finalpage/2025-04-29/1223370386.PDF
605199,葫芦娃,海南葫芦娃药业集团股份有限公司2024年年度报告,2025-04-29 00:00:00,1223387311,reports_raw/companies/605_sh_main/605199_葫芦娃/2024/1223387311.pdf,https://static.cninfo.com.cn/finalpage/2025-04-29/1223387311.PDF
605259,绿田机械,绿田机械2024年年度报告,2025-04-26 00:00:00,1223317382,reports_raw/companies/605_sh_main/605259_绿田机械/2024/1223317382.pdf,https://static.cninfo.com.cn/finalpage/2025-04-26/1223317382.PDF
605268,王力安防,王力安防2024年年度报告,2025-04-29 00:00:00,1223362576,reports_raw/companies/605_sh_main/605268_王力安防/2024/1223362576.pdf,https://static.cninfo.com.cn/finalpage/2025-04-29/1223362576.PDF
605277,新亚电子,新亚电子股份有限公司2024年年度报告,2025-04-29 00:00:00,1223387345,reports_raw/companies/605_sh_main/605277_新亚电子/2024/1223387345.pdf,https://static.cninfo.com.cn/finalpage/2025-04-29/1223387345.PDF
605286,同力日升,同力日升2024年年度报告,2025-04-26 00:00:00,1223320846,reports_raw/companies/605_sh_main/605286_同力日升/2024/1223320846.pdf,https://static.cninfo.com.cn/finalpage/2025-04-26/1223320846.PDF
605287,德才股份,德才股份2024年年度报告,2025-04-30 00:00:00,1223423532,reports_raw/companies/605_sh_main/605287_德才股份/2024/1223423532.pdf,https://static.cninfo.com.cn/finalpage/2025-04-30/1223423532.PDF
605288,凯迪股份,常州市凯迪电器股份有限公司2024年年度报告,2025-04-30 00:00:00,1223417172,reports_raw/companies/605_sh_main/605288_凯迪股份/2024/1223417172.pdf,https://static.cninfo.com.cn/finalpage/2025-04-30/1223417172.PDF
605289,罗曼股份,罗曼股份：2024年年度报告,2025-04-28 00:00:00,1223347289,reports_raw/companies/605_sh_main/605289_罗曼股份/2024/1223347289.pdf,https://static.cninfo.com.cn/finalpage/2025-04-28/1223347289.PDF
605296,神农集团,云南神农农业产业集团股份有限公司2024年年度报告,2025-04-29 00:00:00,1223366038,reports_raw/companies/605_sh_main/605296_神农集团/2024/1223366038.pdf,https://static.cninfo.com.cn/finalpage/2025-04-29/1223366038.PDF
605298,必得科技,江苏必得科技股份有限公司2024年年度报告,2025-04-26 00:00:00,1223317833,reports_raw/companies/605_sh_main/605298_必得科技/2024/1223317833.pdf,https://static.cninfo.com.cn/finalpage/2025-04-26/1223317833.PDF
605300,佳禾食品,佳禾食品工业股份有限公司2024年年度报告,2025-04-26 00:00:00,1223326155,reports_raw/companies/605_sh_main/605300_佳禾食品/2024/1223326155.pdf,https://static.cninfo.com.cn/finalpage/2025-04-26/1223326155.PDF
605303,园林股份,2024年年度报告,2025-04-30 00:00:00,1223417192,reports_raw/companies/605_sh_main/605303_园林股份/2024/1223417192.pdf,https://static.cninfo.com.cn/finalpage/2025-04-30/1223417192.PDF
605318,法狮龙,法狮龙家居建材股份有限公司2024年年度报告,2025-04-28 00:00:00,1223347357,reports_raw/companies/605_sh_main/605318_法狮龙/2024/1223347357.pdf,https://static.cninfo.com.cn/finalpage/2025-04-28/1223347357.PDF
605333,沪光股份,2024年年度报告,2025-04-26 00:00:00,1223316677,reports_raw/companies/605_sh_main/605333_沪光股份/2024/1223316677.pdf,https://static.cninfo.com.cn/finalpage/2025-04-26/1223316677.PDF
605337,李子园,浙江李子园食品股份有限公司2024年年度报告,2025-04-29 00:00:00,1223358850,reports_raw/companies/605_sh_main/605337_李子园/2024/1223358850.pdf,https://static.cninfo.com.cn/finalpage/2025-04-29/1223358850.PDF
605358,立昂微,立昂微2024年年度报告,2025-04-29 00:00:00,1223380678,reports_raw/companies/605_sh_main/605358_立昂微/2024/1223380678.pdf,https://static.cninfo.com.cn/finalpage/2025-04-29/1223380678.PDF
605366,宏柏新材,江西宏柏新材料股份有限公司2024年年度报告,2025-04-30 00:00:00,1223417229,reports_raw/companies/605_sh_main/605366_宏柏新材/2024/1223417229.pdf,https://static.cninfo.com.cn/finalpage/2025-04-30/1223417229.PDF
605377,华旺科技,杭州华旺新材料科技股份有限公司2024年年度报告,2025-04-30 00:00:00,1223417332,reports_raw/companies/605_sh_main/605377_华旺科技/2024/1223417332.pdf,https://static.cninfo.com.cn/finalpage/2025-04-30/1223417332.PDF
605378,野马电池,浙江野马电池股份有限公司2024年年度报告,2025-04-28 00:00:00,1223347363,reports_raw/companies/605_sh_main/605378_野马电池/2024/1223347363.pdf,https://static.cninfo.com.cn/finalpage/2025-04-28/1223347363.PDF
605388,均瑶健康,湖北均瑶大健康饮品股份有限公司2024年年度报告,2025-04-30 00:00:00,1223427175,reports_raw/companies/605_sh_main/605388_均瑶健康/2024/1223427175.pdf,https://static.cninfo.com.cn/finalpage/2025-04-30/1223427175.PDF
605500,森林包装,森林包装集团股份有限公司2024年年度报告,2025-04-29 00:00:00,1223380748,reports_raw/companies/605_sh_main/605500_森林包装/2024/1223380748.pdf,https://static.cninfo.com.cn/finalpage/2025-04-29/1223380748.PDF
605566,福莱蒽特,福莱蒽特2024年年度报告全文,2025-04-28 00:00:00,1223347416,reports_raw/companies/605_sh_main/605566_福莱蒽特/2024/1223347416.pdf,https://static.cninfo.com.cn/finalpage/2025-04-28/1223347416.PDF
605567,春雪食品,春雪食品集团股份有限公司2024年年度报告,2025-04-29 00:00:00,1223391149,reports_raw/companies/605_sh_main/605567_春雪食品/2024/1223391149.pdf,https://static.cninfo.com.cn/finalpage/2025-04-29/1223391149.PDF
605598,上海港湾,2024年年度报告,2025-04-30 00:00:00,1223417361,reports_raw/companies/605_sh_main/605598_上海港湾/2024/1223417361.pdf,https://static.cninfo.com.cn/finalpage/2025-04-30/1223417361.PDF
605599,菜百股份,北京菜市口百货股份有限公司2024年年度报告,2025-04-29 00:00:00,1223371577,reports_raw/companies/605_sh_main/605599_菜百股份/2024/1223371577.pdf,https://static.cninfo.com.cn/finalpage/2025-04-29/1223371577.PDF
688001,华兴源创,华兴源创：2024年年度报告,2025-04-30 00:00:00,1223423550,reports_raw/companies/688_star/688001_华兴源创/2024/1223423550.pdf,https://static.cninfo.com.cn/finalpage/2025-04-30/1223423550.PDF
688005,容百科技,2024年年度报告简版（英文版）,2025-04-30 00:00:00,1223423574,reports_raw/companies/688_star/688005_容百科技/2024/1223423574.pdf,https://static.cninfo.com.cn/finalpage/2025-04-30/1223423574.PDF
688006,杭可科技,浙江杭可科技股份有限公司2024年年度报告,2025-04-29 00:00:00,1223391203,reports_raw/companies/688_star/688006_杭可科技/2024/1223391203.pdf,https://static.cninfo.com.cn/finalpage/2025-04-29/1223391203.PDF
688007,光峰科技,2024年年度报告,2025-04-30 00:00:00,1223423643,reports_raw/companies/688_star/688007_光峰科技/2024/1223423643.pdf,https://static.cninfo.com.cn/finalpage/2025-04-30/1223423643.PDF
688011,新光光电,哈尔滨新光光电科技股份有限公司2024年年度报告,2025-04-26 00:00:00,1223327904,reports_raw/companies/688_star/688011_新光光电/2024/1223327904.pdf,https://static.cninfo.com.cn/finalpage/2025-04-26/1223327904.PDF
688013,天臣医疗,天臣医疗2024年年度报告,2025-04-28 00:00:00,1223347454,reports_raw/companies/688_star/688013_天臣医疗/2024/1223347454.pdf,https://static.cninfo.com.cn/finalpage/2025-04-28/1223347454.PDF
688017,绿的谐波,2024年年度报告,2025-04-30 00:00:00,1223423684,reports_raw/companies/688_star/688017_绿的谐波/2024/1223423684.pdf,https://static.cninfo.com.cn/finalpage/2025-04-30/1223423684.PDF
688021,奥福环保,山东奥福环保科技股份有限公司2024年年度报告,2025-04-26 00:00:00,1223321462,reports_raw/companies/688_star/688021_奥福环保/2024/1223321462.pdf,https://static.cninfo.com.cn/finalpage/2025-04-26/1223321462.PDF
688023,安恒信息,2024年年度报告,2025-04-30 00:00:00,1223423725,reports_raw/companies/688_star/688023_安恒信息/2024/1223423725.pdf,https://static.cninfo.com.cn/finalpage/2025-04-30/1223423725.PDF
688029,南微医学,南微医学科技股份有限公司2024年年度报告,2025-04-29 00:00:00,1223387389,reports_raw/companies/688_star/688029_南微医学/2024/1223387389.pdf,https://static.cninfo.com.cn/finalpage/2025-04-29/1223387389.PDF
688031,星环科技,2024年年度报告,2025-04-26 00:00:00,1223325316,reports_raw/companies/688_star/688031_星环科技/2024/1223325316.pdf,https://static.cninfo.com.cn/finalpage/2025-04-26/1223325316.PDF
688032,禾迈股份,2024年年度报告,2025-04-30 00:00:00,1223417404,reports_raw/companies/688_star/688032_禾迈股份/2024/1223417404.pdf,https://static.cninfo.com.cn/finalpage/2025-04-30/1223417404.PDF
688037,芯源微,芯源微2024年年度报告,2025-04-26 00:00:00,1223330378,reports_raw/companies/688_star/688037_芯源微/2024/1223330378.pdf,https://static.cninfo.com.cn/finalpage/2025-04-26/1223330378.PDF
688046,药康生物,药康生物2024年年度报告,2025-04-26 00:00:00,1223325045,reports_raw/companies/688_star/688046_药康生物/2024/1223325045.pdf,https://static.cninfo.com.cn/finalpage/2025-04-26/1223325045.PDF
688047,龙芯中科,龙芯中科2024年年度报告,2025-04-29 00:00:00,1223391254,reports_raw/companies/688_star/688047_龙芯中科/2024/1223391254.pdf,https://static.cninfo.com.cn/finalpage/2025-04-29/1223391254.PDF
688051,佳华科技,2024年年度报告,2025-04-30 00:00:00,1223423775,reports_raw/companies/688_star/688051_佳华科技/2024/1223423775.pdf,https://static.cninfo.com.cn/finalpage/2025-04-30/1223423775.PDF
688053,思科瑞,成都思科瑞微电子股份有限公司2024年年度报告,2025-04-26 00:00:00,1223332089,reports_raw/companies/688_star/688053_思科瑞/2024/1223332089.pdf,https://static.cninfo.com.cn/finalpage/2025-04-26/1223332089.PDF
688055,龙腾光电,龙腾光电2024年年度报告,2025-04-26 00:00:00,1223326920,reports_raw/companies/688_star/688055_龙腾光电/2024/1223326920.pdf,https://static.cninfo.com.cn/finalpage/2025-04-26/1223326920.PDF
688057,金达莱,2024年年度报告,2025-04-29 00:00:00,1223358877,reports_raw/companies/688_star/688057_金达莱/2024/1223358877.pdf,https://static.cninfo.com.cn/finalpage/2025-04-29/1223358877.PDF
688059,华锐精密,2024年年度报告,2025-04-29 00:00:00,1223371635,reports_raw/companies/688_star/688059_华锐精密/2024/1223371635.pdf,https://static.cninfo.com.cn/finalpage/2025-04-29/1223371635.PDF
688061,灿瑞科技,2024年年度报告,2025-04-26 00:00:00,1223325170,reports_raw/companies/688_star/688061_灿瑞科技/2024/1223325170.pdf,https://static.cninfo.com.cn/finalpage/2025-04-26/1223325170.PDF
688066,航天宏图,2024年年度报告,2025-04-29 00:00:00,1223387419,reports_raw/companies/688_star/688066_航天宏图/2024/1223387419.pdf,https://static.cninfo.com.cn/finalpage/2025-04-29/1223387419.PDF
688067,爱威科技,爱威科技2024年年度报告,2025-04-29 00:00:00,1223359770,reports_raw/companies/688_star/688067_爱威科技/2024/1223359770.pdf,https://static.cninfo.com.cn/finalpage/2025-04-29/1223359770.PDF
688068,热景生物,北京热景生物技术股份有限公司2024年年度报告,2025-04-30 00:00:00,1223427228,reports_raw/companies/688_star/688068_热景生物/2024/1223427228.pdf,https://static.cninfo.com.cn/finalpage/2025-04-30/1223427228.PDF
688071,华依科技,上海华依科技集团股份有限公司2024年年度报告,2025-04-30 00:00:00,1223410964,reports_raw/companies/688_star/688071_华依科技/2024/1223410964.pdf,https://static.cninfo.com.cn/finalpage/2025-04-30/1223410964.PDF
688075,安旭生物,安旭生物2024年年度报告,2025-04-30 00:00:00,1223423799,reports_raw/companies/688_star/688075_安旭生物/2024/1223423799.pdf,https://static.cninfo.com.cn/finalpage/2025-04-30/1223423799.PDF
688079,美迪凯,美迪凯2024年年度报告,2025-04-30 00:00:00,1223427309,reports_raw/companies/688_star/688079_美迪凯/2024/1223427309.pdf,https://static.cninfo.com.cn/finalpage/2025-04-30/1223427309.PDF
688084,晶品特装,2024年年度报告,2025-04-29 00:00:00,1223380866,reports_raw/companies/688_star/688084_晶品特装/2024/1223380866.pdf,https://static.cninfo.com.cn/finalpage/2025-04-29/1223380866.PDF
688085,三友医疗,2024年年度报告,2025-04-29 00:00:00,1223387465,reports_raw/companies/688_star/688085_三友医疗/2024/1223387465.pdf,https://static.cninfo.com.cn/finalpage/2025-04-29/1223387465.PDF
688087,英科再生,英科再生资源股份有限公司2024年年度报告,2025-04-28 00:00:00,1223347492,reports_raw/companies/688_star/688087_英科再生/2024/1223347492.pdf,https://static.cninfo.com.cn/finalpage/2025-04-28/1223347492.PDF
688090,瑞松科技,2024年年度报告,2025-04-29 00:00:00,1223391292,reports_raw/companies/688_star/688090_瑞松科技/2024/1223391292.pdf,https://static.cninfo.com.cn/finalpage/2025-04-29/1223391292.PDF
688092,爱科科技,杭州爱科科技股份有限公司2024年年度报告,2025-04-28 00:00:00,1223347559,reports_raw/companies/688_star/688092_爱科科技/2024/1223347559.pdf,https://static.cninfo.com.cn/finalpage/2025-04-28/1223347559.PDF
688095,福昕软件,福建福昕软件开发股份有限公司2024年年度报告,2025-04-29 00:00:00,1223381137,reports_raw/companies/688_star/688095_福昕软件/2024/1223381137.pdf,https://static.cninfo.com.cn/finalpage/2025-04-29/1223381137.PDF
688097,博众精工,2024年年度报告,2025-04-26 00:00:00,1223328775,reports_raw/companies/688_star/688097_博众精工/2024/1223328775.pdf,https://static.cninfo.com.cn/finalpage/2025-04-26/1223328775.PDF
688098,申联生物,申联生物医药（上海）股份有限公司2024年年度报告,2025-04-30 00:00:00,1223423965,reports_raw/companies/688_star/688098_申联生物/2024/1223423965.pdf,https://static.cninfo.com.cn/finalpage/2025-04-30/1223423965.PDF
688102,斯瑞新材,2024年年度报告,2025-04-29 00:00:00,1223387479,reports_raw/companies/688_star/688102_斯瑞新材/2024/1223387479.pdf,https://static.cninfo.com.cn/finalpage/2025-04-29/1223387479.PDF
688103,国力股份,昆山国力电子科技股份有限公司2024年年度报告,2025-04-29 00:00:00,1223387510,reports_raw/companies/688_star/688103_国力股份/2024/1223387510.pdf,https://static.cninfo.com.cn/finalpage/2025-04-29/1223387510.PDF
688107,安路科技,安路科技2024年年度报告,2025-04-26 00:00:00,1223327844,reports_raw/companies/688_star/688107_安路科技/2024/1223327844.pdf,https://static.cninfo.com.cn/finalpage/2025-04-26/1223327844.PDF
688108,赛诺医疗,赛诺医疗科学技术股份有限公司2024年年度报告,2025-04-26 00:00:00,1223328651,reports_raw/companies/688_star/688108_赛诺医疗/2024/1223328651.pdf,https://static.cninfo.com.cn/finalpage/2025-04-26/1223328651.PDF
688113,联测科技,江苏联测机电科技股份有限公司2024年年度报告,2025-04-28 00:00:00,1223348162,reports_raw/companies/688_star/688113_联测科技/2024/1223348162.pdf,https://static.cninfo.com.cn/finalpage/2025-04-28/1223348162.PDF
688114,华大智造,2024年年度报告,2025-04-30 00:00:00,1223427376,reports_raw/companies/688_star/688114_华大智造/2024/1223427376.pdf,https://static.cninfo.com.cn/finalpage/2025-04-30/1223427376.PDF
688116,天奈科技,天奈科技2024年年度报告,2025-04-30 00:00:00,1223411029,reports_raw/companies/688_star/688116_天奈科技/2024/1223411029.pdf,https://static.cninfo.com.cn/finalpage/2025-04-30/1223411029.PDF
688119,中钢洛耐,中钢洛耐2024年年度报告,2025-04-29 00:00:00,1223391492,reports_raw/companies/688_star/688119_中钢洛耐/2024/1223391492.pdf,https://static.cninfo.com.cn/finalpage/2025-04-29/1223391492.PDF
688120,华海清科,2024年年度报告,2025-04-29 00:00:00,1223387671,reports_raw/companies/688_star/688120_华海清科/2024/1223387671.pdf,https://static.cninfo.com.cn/finalpage/2025-04-29/1223387671.PDF
688128,中国电研,中国电研2024年年度报告,2025-04-29 00:00:00,1223371668,reports_raw/companies/688_star/688128_中国电研/2024/1223371668.pdf,https://static.cninfo.com.cn/finalpage/2025-04-29/1223371668.PDF
688129,东来技术,2024年年度报告,2025-04-26 00:00:00,1223320565,reports_raw/companies/688_star/688129_东来技术/2024/1223320565.pdf,https://static.cninfo.com.cn/finalpage/2025-04-26/1223320565.PDF
688135,利扬芯片,2024年年度报告,2025-04-30 00:00:00,1223424018,reports_raw/companies/688_star/688135_利扬芯片/2024/1223424018.pdf,https://static.cninfo.com.cn/finalpage/2025-04-30/1223424018.PDF
688137,近岸蛋白,2024年年度报告,2025-04-29 00:00:00,1223391508,reports_raw/companies/688_star/688137_近岸蛋白/2024/1223391508.pdf,https://static.cninfo.com.cn/finalpage/2025-04-29/1223391508.PDF
688138,清溢光电,2024年年度报告,2025-04-30 00:00:00,1223427407,reports_raw/companies/688_star/688138_清溢光电/2024/1223427407.pdf,https://static.cninfo.com.cn/finalpage/2025-04-30/1223427407.PDF
688147,微导纳米,江苏微导纳米科技股份有限公司2024年年度报告,2025-04-26 00:00:00,1223321525,reports_raw/companies/688_star/688147_微导纳米/2024/1223321525.pdf,https://static.cninfo.com.cn/finalpage/2025-04-26/1223321525.PDF
688152,麒麟信安,麒麟信安：2024年年度报告,2025-04-30 00:00:00,1223443581,reports_raw/companies/688_star/688152_麒麟信安/2024/1223443581.pdf,https://static.cninfo.com.cn/finalpage/2025-04-30/1223443581.pdf
688157,松井股份,松井新材料集团股份有限公司2024年年度报告,2025-04-29 00:00:00,1223362899,reports_raw/companies/688_star/688157_松井股份/2024/1223362899.pdf,https://static.cninfo.com.cn/finalpage/2025-04-29/1223362899.PDF
688159,有方科技,有方科技：2024年年度报告,2025-04-30 00:00:00,1223424100,reports_raw/companies/688_star/688159_有方科技/2024/1223424100.pdf,https://static.cninfo.com.cn/finalpage/2025-04-30/1223424100.PDF
688163,赛伦生物,赛伦生物：2024年年度报告,2025-04-26 00:00:00,1223326207,reports_raw/companies/688_star/688163_赛伦生物/2024/1223326207.pdf,https://static.cninfo.com.cn/finalpage/2025-04-26/1223326207.PDF
688165,埃夫特,埃夫特2024年年度报告,2025-04-30 00:00:00,1223424150,reports_raw/companies/688_star/688165_埃夫特/2024/1223424150.pdf,https://static.cninfo.com.cn/finalpage/2025-04-30/1223424150.PDF
688167,炬光科技,西安炬光科技股份有限公司2024年年度报告,2025-04-26 00:00:00,1223328399,reports_raw/companies/688_star/688167_炬光科技/2024/1223328399.pdf,https://static.cninfo.com.cn/finalpage/2025-04-26/1223328399.PDF
688168,安博通,2024年年度报告,2025-04-30 00:00:00,1223424157,reports_raw/companies/688_star/688168_安博通/2024/1223424157.pdf,https://static.cninfo.com.cn/finalpage/2025-04-30/1223424157.PDF
688170,德龙激光,德龙激光2024年年度报告,2025-04-29 00:00:00,1223371735,reports_raw/companies/688_star/688170_德龙激光/2024/1223371735.pdf,https://static.cninfo.com.cn/finalpage/2025-04-29/1223371735.PDF
688171,纬德信息,2024年年度报告,2025-04-30 00:00:00,1223424273,reports_raw/companies/688_star/688171_纬德信息/2024/1223424273.pdf,https://static.cninfo.com.cn/finalpage/2025-04-30/1223424273.PDF
688172,燕东微,2024年年度报告,2025-04-26 00:00:00,1223323327,reports_raw/companies/688_star/688172_燕东微/2024/1223323327.pdf,https://static.cninfo.com.cn/finalpage/2025-04-26/1223323327.PDF
688178,万德斯,南京万德斯环保科技股份有限公司2024年年度报告,2025-04-30 00:00:00,1223417535,reports_raw/companies/688_star/688178_万德斯/2024/1223417535.pdf,https://static.cninfo.com.cn/finalpage/2025-04-30/1223417535.PDF
688181,八亿时空,八亿时空2024年年度报告,2025-04-26 00:00:00,1223321553,reports_raw/companies/688_star/688181_八亿时空/2024/1223321553.pdf,https://static.cninfo.com.cn/finalpage/2025-04-26/1223321553.PDF
688184,帕瓦股份,浙江帕瓦新能源股份有限公司2024年年度报告,2025-04-30 00:00:00,1223427414,reports_raw/companies/688_star/688184_帕瓦股份/2024/1223427414.pdf,https://static.cninfo.com.cn/finalpage/2025-04-30/1223427414.PDF
688189,南新制药,南新制药2024年年度报告,2025-04-30 00:00:00,1223427478,reports_raw/companies/688_star/688189_南新制药/2024/1223427478.pdf,https://static.cninfo.com.cn/finalpage/2025-04-30/1223427478.PDF
688191,智洋创新,2024年年度报告,2025-04-26 00:00:00,1223319517,reports_raw/companies/688_star/688191_智洋创新/2024/1223319517.pdf,https://static.cninfo.com.cn/finalpage/2025-04-26/1223319517.PDF
688192,迪哲医药,迪哲医药：2024年年度报告,2025-04-30 00:00:00,1223417689,reports_raw/companies/688_star/688192_迪哲医药/2024/1223417689.pdf,https://static.cninfo.com.cn/finalpage/2025-04-30/1223417689.PDF
688193,仁度生物,2024年年度报告,2025-04-30 00:00:00,1223417716,reports_raw/companies/688_star/688193_仁度生物/2024/1223417716.pdf,https://static.cninfo.com.cn/finalpage/2025-04-30/1223417716.PDF
688197,首药控股,首药控股（北京）股份有限公司2024年年度报告,2025-04-28 00:00:00,1223347604,reports_raw/companies/688_star/688197_首药控股/2024/1223347604.pdf,https://static.cninfo.com.cn/finalpage/2025-04-28/1223347604.PDF
688201,信安世纪,2024年年度报告,2025-04-29 00:00:00,1223366610,reports_raw/companies/688_star/688201_信安世纪/2024/1223366610.pdf,https://static.cninfo.com.cn/finalpage/2025-04-29/1223366610.PDF
688206,概伦电子,2024年年度报告,2025-04-30 00:00:00,1223424311,reports_raw/companies/688_star/688206_概伦电子/2024/1223424311.pdf,https://static.cninfo.com.cn/finalpage/2025-04-30/1223424311.PDF
688207,格灵深瞳,格灵深瞳2024年年度报告,2025-04-26 00:00:00,1223325180,reports_raw/companies/688_star/688207_格灵深瞳/2024/1223325180.pdf,https://static.cninfo.com.cn/finalpage/2025-04-26/1223325180.PDF
688209,英集芯,英集芯2024年年度报告,2025-04-29 00:00:00,1223387702,reports_raw/companies/688_star/688209_英集芯/2024/1223387702.pdf,https://static.cninfo.com.cn/finalpage/2025-04-29/1223387702.PDF
688215,瑞晟智能,浙江瑞晟智能科技股份有限公司2024年年度报告,2025-04-26 00:00:00,1223324357,reports_raw/companies/688_star/688215_瑞晟智能/2024/1223324357.pdf,https://static.cninfo.com.cn/finalpage/2025-04-26/1223324357.PDF
688218,江苏北人,2024年年度报告,2025-04-30 00:00:00,1223407096,reports_raw/companies/688_star/688218_江苏北人/2024/1223407096.pdf,https://static.cninfo.com.cn/finalpage/2025-04-30/1223407096.PDF
688221,前沿生物,前沿生物2024年年度报告,2025-04-30 00:00:00,1223417780,reports_raw/companies/688_star/688221_前沿生物/2024/1223417780.pdf,https://static.cninfo.com.cn/finalpage/2025-04-30/1223417780.PDF
688222,成都先导,成都先导药物开发股份有限公司2024年年度报告,2025-04-26 00:00:00,1223325652,reports_raw/companies/688_star/688222_成都先导/2024/1223325652.pdf,https://static.cninfo.com.cn/finalpage/2025-04-26/1223325652.PDF
688223,晶科能源,晶科能源2024年年度报告,2025-04-30 00:00:00,1223417809,reports_raw/companies/688_star/688223_晶科能源/2024/1223417809.pdf,https://static.cninfo.com.cn/finalpage/2025-04-30/1223417809.PDF
688225,亚信安全,2024年年度报告,2025-04-29 00:00:00,1223381153,reports_raw/companies/688_star/688225_亚信安全/2024/1223381153.pdf,https://static.cninfo.com.cn/finalpage/2025-04-29/1223381153.PDF
688226,威腾电气,威腾电气集团股份有限公司2024年年度报告,2025-04-26 00:00:00,1223326322,reports_raw/companies/688_star/688226_威腾电气/2024/1223326322.pdf,https://static.cninfo.com.cn/finalpage/2025-04-26/1223326322.PDF
688227,品高股份,2024年年度报告,2025-04-28 00:00:00,1223347625,reports_raw/companies/688_star/688227_品高股份/2024/1223347625.pdf,https://static.cninfo.com.cn/finalpage/2025-04-28/1223347625.PDF
688235,百济神州,百济神州有限公司2024年年度报告,2025-04-29 00:00:00,1223387705,reports_raw/companies/688_star/688235_百济神州/2024/1223387705.pdf,https://static.cninfo.com.cn/finalpage/2025-04-29/1223387705.PDF
688237,超卓航科,超卓航科2024年年度报告,2025-04-26 00:00:00,1223325991,reports_raw/companies/688_star/688237_超卓航科/2024/1223325991.pdf,https://static.cninfo.com.cn/finalpage/2025-04-26/1223325991.PDF
688244,永信至诚,2024年年度报告,2025-04-29 00:00:00,1223362960,reports_raw/companies/688_star/688244_永信至诚/2024/1223362960.pdf,https://static.cninfo.com.cn/finalpage/2025-04-29/1223362960.PDF
688246,嘉和美康,嘉和美康2024年年度报告,2025-04-30 00:00:00,1223427496,reports_raw/companies/688_star/688246_嘉和美康/2024/1223427496.pdf,https://static.cninfo.com.cn/finalpage/2025-04-30/1223427496.PDF
688247,宣泰医药,2024年年度报告,2025-04-30 00:00:00,1223424354,reports_raw/companies/688_star/688247_宣泰医药/2024/1223424354.pdf,https://static.cninfo.com.cn/finalpage/2025-04-30/1223424354.PDF
688251,井松智能,井松智能2024年年度报告,2025-04-26 00:00:00,1223324505,reports_raw/companies/688_star/688251_井松智能/2024/1223324505.pdf,https://static.cninfo.com.cn/finalpage/2025-04-26/1223324505.PDF
688261,东微半导,苏州东微半导体股份有限公司2024年年度报告,2025-04-26 00:00:00,1223356212,reports_raw/companies/688_star/688261_东微半导/2024/1223356212.pdf,https://static.cninfo.com.cn/finalpage/2025-04-26/1223356212.pdf
688262,国芯科技,2024年年度报告,2025-04-29 00:00:00,1223387736,reports_raw/companies/688_star/688262_国芯科技/2024/1223387736.pdf,https://static.cninfo.com.cn/finalpage/2025-04-29/1223387736.PDF
688265,南模生物,2024年年度报告,2025-04-29 00:00:00,1223387760,reports_raw/companies/688_star/688265_南模生物/2024/1223387760.pdf,https://static.cninfo.com.cn/finalpage/2025-04-29/1223387760.PDF
688271,联影医疗,联影医疗2024年年度报告,2025-04-29 00:00:00,1223362977,reports_raw/companies/688_star/688271_联影医疗/2024/1223362977.pdf,https://static.cninfo.com.cn/finalpage/2025-04-29/1223362977.PDF
688272,富吉瑞,2024年年度报告,2025-04-26 00:00:00,1223321750,reports_raw/companies/688_star/688272_富吉瑞/2024/1223321750.pdf,https://static.cninfo.com.cn/finalpage/2025-04-26/1223321750.PDF
688275,万润新能,2024年年度报告,2025-04-30 00:00:00,1223424397,reports_raw/companies/688_star/688275_万润新能/2024/1223424397.pdf,https://static.cninfo.com.cn/finalpage/2025-04-30/1223424397.PDF
688277,天智航,2024年年度报告,2025-04-29 00:00:00,1223387799,reports_raw/companies/688_star/688277_天智航/2024/1223387799.pdf,https://static.cninfo.com.cn/finalpage/2025-04-29/1223387799.PDF
688283,坤恒顺维,成都坤恒顺维科技股份有限公司2024年年度报告,2025-04-29 00:00:00,1223381194,reports_raw/companies/688_star/688283_坤恒顺维/2024/1223381194.pdf,https://static.cninfo.com.cn/finalpage/2025-04-29/1223381194.PDF
688286,敏芯股份,苏州敏芯微电子技术股份有限公司2024年年度报告全文,2025-04-26 00:00:00,1223316869,reports_raw/companies/688_star/688286_敏芯股份/2024/1223316869.pdf,https://static.cninfo.com.cn/finalpage/2025-04-26/1223316869.PDF
688287,*ST观典,2024年年度报告,2025-04-29 00:00:00,1223434879,reports_raw/companies/688_star/688287_ST观典/2024/1223434879.pdf,https://static.cninfo.com.cn/finalpage/2025-04-29/1223434879.pdf
688288,鸿泉物联,鸿泉物联：2024年年度报告,2025-04-29 00:00:00,1223391534,reports_raw/companies/688_star/688288_鸿泉物联/2024/1223391534.pdf,https://static.cninfo.com.cn/finalpage/2025-04-29/1223391534.PDF
688289,圣湘生物,圣湘生物科技股份有限公司2024年年度报告全文,2025-04-29 00:00:00,1223391578,reports_raw/companies/688_star/688289_圣湘生物/2024/1223391578.pdf,https://static.cninfo.com.cn/finalpage/2025-04-29/1223391578.PDF
688298,东方生物,2024年年度报告,2025-04-30 00:00:00,1223427552,reports_raw/companies/688_star/688298_东方生物/2024/1223427552.pdf,https://static.cninfo.com.cn/finalpage/2025-04-30/1223427552.PDF
688301,奕瑞科技,奕瑞科技2024年年度报告,2025-04-26 00:00:00,1223318519,reports_raw/companies/688_star/688301_奕瑞科技/2024/1223318519.pdf,https://static.cninfo.com.cn/finalpage/2025-04-26/1223318519.PDF
688303,大全能源,新疆大全新能源股份有限公司2024年年度报告,2025-04-30 00:00:00,1223424424,reports_raw/companies/688_star/688303_大全能源/2024/1223424424.pdf,https://static.cninfo.com.cn/finalpage/2025-04-30/1223424424.PDF
688305,科德数控,科德数控股份有限公司2024年年度报告,2025-04-29 00:00:00,1223366666,reports_raw/companies/688_star/688305_科德数控/2024/1223366666.pdf,https://static.cninfo.com.cn/finalpage/2025-04-29/1223366666.PDF
688309,恒誉环保,2024年年度报告,2025-04-29 00:00:00,1223387933,reports_raw/companies/688_star/688309_恒誉环保/2024/1223387933.pdf,https://static.cninfo.com.cn/finalpage/2025-04-29/1223387933.PDF
688310,迈得医疗,迈得医疗工业设备股份有限公司2024年年度报告,2025-04-30 00:00:00,1223424486,reports_raw/companies/688_star/688310_迈得医疗/2024/1223424486.pdf,https://static.cninfo.com.cn/finalpage/2025-04-30/1223424486.PDF
688316,青云科技,2024年年度报告,2025-04-28 00:00:00,1223347697,reports_raw/companies/688_star/688316_青云科技/2024/1223347697.pdf,https://static.cninfo.com.cn/finalpage/2025-04-28/1223347697.PDF
688320,禾川科技,浙江禾川科技股份有限公司2024年年度报告,2025-04-26 00:00:00,1223330402,reports_raw/companies/688_star/688320_禾川科技/2024/1223330402.pdf,https://static.cninfo.com.cn/finalpage/2025-04-26/1223330402.PDF
688326,经纬恒润,2024年年度报告,2025-04-29 00:00:00,1223381276,reports_raw/companies/688_star/688326_经纬恒润/2024/1223381276.pdf,https://static.cninfo.com.cn/finalpage/2025-04-29/1223381276.PDF
688327,云从科技,2024年年度报告,2025-04-30 00:00:00,1223424524,reports_raw/companies/688_star/688327_云从科技/2024/1223424524.pdf,https://static.cninfo.com.cn/finalpage/2025-04-30/1223424524.PDF
688328,深科达,2024年年度报告,2025-04-28 00:00:00,1223348179,reports_raw/companies/688_star/688328_深科达/2024/1223348179.pdf,https://static.cninfo.com.cn/finalpage/2025-04-28/1223348179.PDF
688329,艾隆科技,艾隆科技2024年年度报告,2025-04-29 00:00:00,1223388045,reports_raw/companies/688_star/688329_艾隆科技/2024/1223388045.pdf,https://static.cninfo.com.cn/finalpage/2025-04-29/1223388045.PDF
688333,铂力特,西安铂力特增材技术股份有限公司2024年年度报告,2025-04-29 00:00:00,1223391646,reports_raw/companies/688_star/688333_铂力特/2024/1223391646.pdf,https://static.cninfo.com.cn/finalpage/2025-04-29/1223391646.PDF
688339,亿华通,亿华通  2024年年度报告,2025-04-29 00:00:00,1223388104,reports_raw/companies/688_star/688339_亿华通/2024/1223388104.pdf,https://static.cninfo.com.cn/finalpage/2025-04-29/1223388104.PDF
688343,云天励飞,2024年年度报告,2025-04-26 00:00:00,1223327349,reports_raw/companies/688_star/688343_云天励飞/2024/1223327349.pdf,https://static.cninfo.com.cn/finalpage/2025-04-26/1223327349.PDF
688348,昱能科技,2024年年度报告,2025-04-30 00:00:00,1223424566,reports_raw/companies/688_star/688348_昱能科技/2024/1223424566.pdf,https://static.cninfo.com.cn/finalpage/2025-04-30/1223424566.PDF
688349,三一重能,三一重能2024年年度报告,2025-04-29 00:00:00,1223371806,reports_raw/companies/688_star/688349_三一重能/2024/1223371806.pdf,https://static.cninfo.com.cn/finalpage/2025-04-29/1223371806.PDF
688355,明志科技,苏州明志科技股份有限公司2024年年度报告,2025-04-29 00:00:00,1223388156,reports_raw/companies/688_star/688355_明志科技/2024/1223388156.pdf,https://static.cninfo.com.cn/finalpage/2025-04-29/1223388156.PDF
688356,键凯科技,2024年年度报告,2025-04-29 00:00:00,1223381333,reports_raw/companies/688_star/688356_键凯科技/2024/1223381333.pdf,https://static.cninfo.com.cn/finalpage/2025-04-29/1223381333.PDF
688357,建龙微纳,2024年年度报告,2025-04-29 00:00:00,1223366701,reports_raw/companies/688_star/688357_建龙微纳/2024/1223366701.pdf,https://static.cninfo.com.cn/finalpage/2025-04-29/1223366701.PDF
688360,德马科技,德马科技2024年年度报告,2025-04-29 00:00:00,1223391688,reports_raw/companies/688_star/688360_德马科技/2024/1223391688.pdf,https://static.cninfo.com.cn/finalpage/2025-04-29/1223391688.PDF
688365,光云科技,光云科技：2024年年度报告,2025-04-26 00:00:00,1223321800,reports_raw/companies/688_star/688365_光云科技/2024/1223321800.pdf,https://static.cninfo.com.cn/finalpage/2025-04-26/1223321800.PDF
688367,工大高科,工大高科2024年年度报告,2025-04-30 00:00:00,1223411069,reports_raw/companies/688_star/688367_工大高科/2024/1223411069.pdf,https://static.cninfo.com.cn/finalpage/2025-04-30/1223411069.PDF
688372,伟测科技,2024年年度报告,2025-04-29 00:00:00,1223372161,reports_raw/companies/688_star/688372_伟测科技/2024/1223372161.pdf,https://static.cninfo.com.cn/finalpage/2025-04-29/1223372161.PDF
688376,美埃科技,2024年年度报告,2025-04-26 00:00:00,1223322209,reports_raw/companies/688_star/688376_美埃科技/2024/1223322209.pdf,https://static.cninfo.com.cn/finalpage/2025-04-26/1223322209.PDF
688383,新益昌,深圳新益昌科技股份有限公司2024年年度报告,2025-04-29 00:00:00,1223388335,reports_raw/companies/688_star/688383_新益昌/2024/1223388335.pdf,https://static.cninfo.com.cn/finalpage/2025-04-29/1223388335.PDF
688386,泛亚微透,泛亚微透2024年年度报告,2025-04-30 00:00:00,1223452204,reports_raw/companies/688_star/688386_泛亚微透/2024/1223452204.pdf,https://static.cninfo.com.cn/finalpage/2025-04-30/1223452204.pdf
688388,嘉元科技,广东嘉元科技股份有限公司2024年年度报告,2025-04-29 00:00:00,1223381371,reports_raw/companies/688_star/688388_嘉元科技/2024/1223381371.pdf,https://static.cninfo.com.cn/finalpage/2025-04-29/1223381371.PDF
688390,固德威,2024年年度报告,2025-04-29 00:00:00,1223388354,reports_raw/companies/688_star/688390_固德威/2024/1223388354.pdf,https://static.cninfo.com.cn/finalpage/2025-04-29/1223388354.PDF
688395,正弦电气,2024年年度报告,2025-04-26 00:00:00,1223327209,reports_raw/companies/688_star/688395_正弦电气/2024/1223327209.pdf,https://static.cninfo.com.cn/finalpage/2025-04-26/1223327209.PDF
688396,华润微,2024年年度报告,2025-04-30 00:00:00,1223417959,reports_raw/companies/688_star/688396_华润微/2024/1223417959.pdf,https://static.cninfo.com.cn/finalpage/2025-04-30/1223417959.PDF
688400,凌云光,2024年年度报告,2025-04-29 00:00:00,1223391818,reports_raw/companies/688_star/688400_凌云光/2024/1223391818.pdf,https://static.cninfo.com.cn/finalpage/2025-04-29/1223391818.PDF
688409,富创精密,2024年年度报告,2025-04-30 00:00:00,1223424645,reports_raw/companies/688_star/688409_富创精密/2024/1223424645.pdf,https://static.cninfo.com.cn/finalpage/2025-04-30/1223424645.PDF
688411,海博思创,北京海博思创科技股份有限公司2024年年度报告,2025-04-29 00:00:00,1223381675,reports_raw/companies/688_star/688411_海博思创/2024/1223381675.pdf,https://static.cninfo.com.cn/finalpage/2025-04-29/1223381675.PDF
688418,震有科技,2024年年度报告,2025-04-30 00:00:00,1223424684,reports_raw/companies/688_star/688418_震有科技/2024/1223424684.pdf,https://static.cninfo.com.cn/finalpage/2025-04-30/1223424684.PDF
688429,时创能源,常州时创能源股份有限公司2024年年度报告,2025-04-29 00:00:00,1223391861,reports_raw/companies/688_star/688429_时创能源/2024/1223391861.pdf,https://static.cninfo.com.cn/finalpage/2025-04-29/1223391861.PDF
688439,振华风光,贵州振华风光半导体股份有限公司2024年年度报告,2025-04-26 00:00:00,1223329277,reports_raw/companies/688_star/688439_振华风光/2024/1223329277.pdf,https://static.cninfo.com.cn/finalpage/2025-04-26/1223329277.PDF
688448,磁谷科技,南京磁谷科技股份有限公司2024年年度报告,2025-04-29 00:00:00,1223366797,reports_raw/companies/688_star/688448_磁谷科技/2024/1223366797.pdf,https://static.cninfo.com.cn/finalpage/2025-04-29/1223366797.PDF
688455,科捷智能,2024年年度报告,2025-04-26 00:00:00,1223328298,reports_raw/companies/688_star/688455_科捷智能/2024/1223328298.pdf,https://static.cninfo.com.cn/finalpage/2025-04-26/1223328298.PDF
688456,有研粉材,2024年年度报告,2025-04-26 00:00:00,1223324370,reports_raw/companies/688_star/688456_有研粉材/2024/1223324370.pdf,https://static.cninfo.com.cn/finalpage/2025-04-26/1223324370.PDF
688458,美芯晟,2024年年度报告,2025-04-30 00:00:00,1223417994,reports_raw/companies/688_star/688458_美芯晟/2024/1223417994.pdf,https://static.cninfo.com.cn/finalpage/2025-04-30/1223417994.PDF
688459,哈铁科技,哈铁科技2024年年度报告,2025-04-26 00:00:00,1223325215,reports_raw/companies/688_star/688459_哈铁科技/2024/1223325215.pdf,https://static.cninfo.com.cn/finalpage/2025-04-26/1223325215.PDF
688468,科美诊断,科美诊断技术股份有限公司2024年年度报告,2025-04-29 00:00:00,1223381723,reports_raw/companies/688_star/688468_科美诊断/2024/1223381723.pdf,https://static.cninfo.com.cn/finalpage/2025-04-29/1223381723.PDF
688469,芯联集成,芯联集成电路制造股份有限公司2024年年度报告,2025-04-29 00:00:00,1223388408,reports_raw/companies/688_star/688469_芯联集成/2024/1223388408.pdf,https://static.cninfo.com.cn/finalpage/2025-04-29/1223388408.PDF
688472,阿特斯,阿特斯阳光电力集团股份有限公司2024年年度报告,2025-04-29 00:00:00,1223391888,reports_raw/companies/688_star/688472_阿特斯/2024/1223391888.pdf,https://static.cninfo.com.cn/finalpage/2025-04-29/1223391888.PDF
688478,晶升股份,南京晶升装备股份有限公司2024年年度报告,2025-04-29 00:00:00,1223388429,reports_raw/companies/688_star/688478_晶升股份/2024/1223388429.pdf,https://static.cninfo.com.cn/finalpage/2025-04-29/1223388429.PDF
688484,南芯科技,南芯科技2024年年度报告,2025-04-29 00:00:00,1223391931,reports_raw/companies/688_star/688484_南芯科技/2024/1223391931.pdf,https://static.cninfo.com.cn/finalpage/2025-04-29/1223391931.PDF
688485,九州一轨,北京九州一轨环境科技股份有限公司2024年年度报告,2025-04-28 00:00:00,1223347725,reports_raw/companies/688_star/688485_九州一轨/2024/1223347725.pdf,https://static.cninfo.com.cn/finalpage/2025-04-28/1223347725.PDF
688488,艾迪药业,艾迪药业2024年年度报告,2025-04-30 00:00:00,1223424742,reports_raw/companies/688_star/688488_艾迪药业/2024/1223424742.pdf,https://static.cninfo.com.cn/finalpage/2025-04-30/1223424742.PDF
688496,清越科技,清越科技2024年年度报告,2025-04-28 00:00:00,1223347751,reports_raw/companies/688_star/688496_清越科技/2024/1223347751.pdf,https://static.cninfo.com.cn/finalpage/2025-04-28/1223347751.PDF
688499,利元亨,广东利元亨智能装备股份有限公司2024年年度报告,2025-04-30 00:00:00,1223424804,reports_raw/companies/688_star/688499_利元亨/2024/1223424804.pdf,https://static.cninfo.com.cn/finalpage/2025-04-30/1223424804.PDF
688503,聚和材料,2024年年度报告,2025-04-28 00:00:00,1223347795,reports_raw/companies/688_star/688503_聚和材料/2024/1223347795.pdf,https://static.cninfo.com.cn/finalpage/2025-04-28/1223347795.PDF
688509,正元地信,正元地信2024年年度报告,2025-04-29 00:00:00,1223391955,reports_raw/companies/688_star/688509_正元地信/2024/1223391955.pdf,https://static.cninfo.com.cn/finalpage/2025-04-29/1223391955.PDF
688511,天微电子,2024年年度报告,2025-04-30 00:00:00,1223424872,reports_raw/companies/688_star/688511_天微电子/2024/1223424872.pdf,https://static.cninfo.com.cn/finalpage/2025-04-30/1223424872.PDF
688512,慧智微,2024年年度报告,2025-04-28 00:00:00,1223347856,reports_raw/companies/688_star/688512_慧智微/2024/1223347856.pdf,https://static.cninfo.com.cn/finalpage/2025-04-28/1223347856.PDF
688515,裕太微,2024年年度报告,2025-04-29 00:00:00,1223372244,reports_raw/companies/688_star/688515_裕太微/2024/1223372244.pdf,https://static.cninfo.com.cn/finalpage/2025-04-29/1223372244.PDF
688520,神州细胞,神州细胞2024年年度报告,2025-04-26 00:00:00,1223323161,reports_raw/companies/688_star/688520_神州细胞/2024/1223323161.pdf,https://static.cninfo.com.cn/finalpage/2025-04-26/1223323161.PDF
688523,航天环宇,航天环宇2024年年度报告,2025-04-29 00:00:00,1223372306,reports_raw/companies/688_star/688523_航天环宇/2024/1223372306.pdf,https://static.cninfo.com.cn/finalpage/2025-04-29/1223372306.PDF
688525,佰维存储,2024年年度报告,2025-04-30 00:00:00,1223427605,reports_raw/companies/688_star/688525_佰维存储/2024/1223427605.pdf,https://static.cninfo.com.cn/finalpage/2025-04-30/1223427605.PDF
688526,科前生物,武汉科前生物股份有限公司2024年年度报告,2025-04-29 00:00:00,1223388529,reports_raw/companies/688_star/688526_科前生物/2024/1223388529.pdf,https://static.cninfo.com.cn/finalpage/2025-04-29/1223388529.PDF
688528,秦川物联,2024年年度报告,2025-04-29 00:00:00,1223381757,reports_raw/companies/688_star/688528_秦川物联/2024/1223381757.pdf,https://static.cninfo.com.cn/finalpage/2025-04-29/1223381757.PDF
688530,欧莱新材,欧莱新材2024年年度报告,2025-04-26 00:00:00,1223325664,reports_raw/companies/688_star/688530_欧莱新材/2024/1223325664.pdf,https://static.cninfo.com.cn/finalpage/2025-04-26/1223325664.PDF
688531,日联科技,2024年年度报告,2025-04-26 00:00:00,1223324566,reports_raw/companies/688_star/688531_日联科技/2024/1223324566.pdf,https://static.cninfo.com.cn/finalpage/2025-04-26/1223324566.PDF
688533,上声电子,苏州上声电子股份有限公司2024年年度报告,2025-04-30 00:00:00,1223418073,reports_raw/companies/688_star/688533_上声电子/2024/1223418073.pdf,https://static.cninfo.com.cn/finalpage/2025-04-30/1223418073.PDF
688536,思瑞浦,2024年年度报告,2025-04-29 00:00:00,1223363024,reports_raw/companies/688_star/688536_思瑞浦/2024/1223363024.pdf,https://static.cninfo.com.cn/finalpage/2025-04-29/1223363024.PDF
688551,科威尔,2024年年度报告,2025-04-26 00:00:00,1223324400,reports_raw/companies/688_star/688551_科威尔/2024/1223324400.pdf,https://static.cninfo.com.cn/finalpage/2025-04-26/1223324400.PDF
688553,汇宇制药,2024年年度报告,2025-04-26 00:00:00,1223325869,reports_raw/companies/688_star/688553_汇宇制药/2024/1223325869.pdf,https://static.cninfo.com.cn/finalpage/2025-04-26/1223325869.PDF
688556,高测股份,2024年年度报告,2025-04-29 00:00:00,1223388586,reports_raw/companies/688_star/688556_高测股份/2024/1223388586.pdf,https://static.cninfo.com.cn/finalpage/2025-04-29/1223388586.PDF
688559,海目星,海目星2024年年度报告,2025-04-30 00:00:00,1223443540,reports_raw/companies/688_star/688559_海目星/2024/1223443540.pdf,https://static.cninfo.com.cn/finalpage/2025-04-30/1223443540.pdf
688560,明冠新材,明冠新材2024年年度报告,2025-04-29 00:00:00,1223391991,reports_raw/companies/688_star/688560_明冠新材/2024/1223391991.pdf,https://static.cninfo.com.cn/finalpage/2025-04-29/1223391991.PDF
688561,奇安信,奇安信2024年年度报告,2025-04-30 00:00:00,1223425012,reports_raw/companies/688_star/688561_奇安信/2024/1223425012.pdf,https://static.cninfo.com.cn/finalpage/2025-04-30/1223425012.PDF
688567,孚能科技,孚能科技2024年年度报告,2025-04-30 00:00:00,1223418150,reports_raw/companies/688_star/688567_孚能科技/2024/1223418150.pdf,https://static.cninfo.com.cn/finalpage/2025-04-30/1223418150.PDF
688576,西山科技,重庆西山科技股份有限公司2024年年度报告,2025-04-29 00:00:00,1223392033,reports_raw/companies/688_star/688576_西山科技/2024/1223392033.pdf,https://static.cninfo.com.cn/finalpage/2025-04-29/1223392033.PDF
688583,思看科技,2024年年度报告,2025-04-26 00:00:00,1223321821,reports_raw/companies/688_star/688583_思看科技/2024/1223321821.pdf,https://static.cninfo.com.cn/finalpage/2025-04-26/1223321821.PDF
688590,新致软件,2024年年度报告,2025-04-29 00:00:00,1223366936,reports_raw/companies/688_star/688590_新致软件/2024/1223366936.pdf,https://static.cninfo.com.cn/finalpage/2025-04-29/1223366936.PDF
688592,司南导航,2024年年度报告,2025-04-29 00:00:00,1223388754,reports_raw/companies/688_star/688592_司南导航/2024/1223388754.pdf,https://static.cninfo.com.cn/finalpage/2025-04-29/1223388754.PDF
688596,正帆科技,2024年年度报告,2025-04-29 00:00:00,1223388804,reports_raw/companies/688_star/688596_正帆科技/2024/1223388804.pdf,https://static.cninfo.com.cn/finalpage/2025-04-29/1223388804.PDF
688598,金博股份,2024年年度报告,2025-04-29 00:00:00,1223392087,reports_raw/companies/688_star/688598_金博股份/2024/1223392087.pdf,https://static.cninfo.com.cn/finalpage/2025-04-29/1223392087.PDF
688599,天合光能,天合光能股份有限公司2024年年度报告,2025-04-30 00:00:00,1223425055,reports_raw/companies/688_star/688599_天合光能/2024/1223425055.pdf,https://static.cninfo.com.cn/finalpage/2025-04-30/1223425055.PDF
688600,皖仪科技,2024年年度报告,2025-04-29 00:00:00,1223381782,reports_raw/companies/688_star/688600_皖仪科技/2024/1223381782.pdf,https://static.cninfo.com.cn/finalpage/2025-04-29/1223381782.PDF
688605,先锋精科,先锋精科2024年年度报告,2025-04-29 00:00:00,1223372342,reports_raw/companies/688_star/688605_先锋精科/2024/1223372342.pdf,https://static.cninfo.com.cn/finalpage/2025-04-29/1223372342.PDF
688606,奥泰生物,2024年年度报告,2025-04-29 00:00:00,1223366974,reports_raw/companies/688_star/688606_奥泰生物/2024/1223366974.pdf,https://static.cninfo.com.cn/finalpage/2025-04-29/1223366974.PDF
688612,威迈斯,2024年年度报告,2025-04-26 00:00:00,1223323939,reports_raw/companies/688_star/688612_威迈斯/2024/1223323939.pdf,https://static.cninfo.com.cn/finalpage/2025-04-26/1223323939.PDF
688613,奥精医疗,奥精医疗：2024年年度报告,2025-04-26 00:00:00,1223330543,reports_raw/companies/688_star/688613_奥精医疗/2024/1223330543.pdf,https://static.cninfo.com.cn/finalpage/2025-04-26/1223330543.PDF
688616,西力科技,杭州西力智能科技股份有限公司2024年年度报告,2025-04-28 00:00:00,1223347889,reports_raw/companies/688_star/688616_西力科技/2024/1223347889.pdf,https://static.cninfo.com.cn/finalpage/2025-04-28/1223347889.PDF
688618,三旺通信,深圳市三旺通信股份有限公司2024年年度报告,2025-04-30 00:00:00,1223418441,reports_raw/companies/688_star/688618_三旺通信/2024/1223418441.pdf,https://static.cninfo.com.cn/finalpage/2025-04-30/1223418441.PDF
688620,安凯微,广州安凯微电子股份有限公司2024年年度报告,2025-04-30 00:00:00,1223418456,reports_raw/companies/688_star/688620_安凯微/2024/1223418456.pdf,https://static.cninfo.com.cn/finalpage/2025-04-30/1223418456.PDF
688623,双元科技,2024年年度报告,2025-04-29 00:00:00,1223372401,reports_raw/companies/688_star/688623_双元科技/2024/1223372401.pdf,https://static.cninfo.com.cn/finalpage/2025-04-29/1223372401.PDF
688625,呈和科技,2024年年度报告,2025-04-30 00:00:00,1223418551,reports_raw/companies/688_star/688625_呈和科技/2024/1223418551.pdf,https://static.cninfo.com.cn/finalpage/2025-04-30/1223418551.PDF
688627,精智达,2024年年度报告,2025-04-26 00:00:00,1223323612,reports_raw/companies/688_star/688627_精智达/2024/1223323612.pdf,https://static.cninfo.com.cn/finalpage/2025-04-26/1223323612.PDF
688629,华丰科技,2024年年度报告,2025-04-29 00:00:00,1223372592,reports_raw/companies/688_star/688629_华丰科技/2024/1223372592.pdf,https://static.cninfo.com.cn/finalpage/2025-04-29/1223372592.PDF
688631,莱斯信息,莱斯信息2024年年度报告,2025-04-26 00:00:00,1223320255,reports_raw/companies/688_star/688631_莱斯信息/2024/1223320255.pdf,https://static.cninfo.com.cn/finalpage/2025-04-26/1223320255.PDF
688633,星球石墨,2024年年度报告,2025-04-28 00:00:00,1223347932,reports_raw/companies/688_star/688633_星球石墨/2024/1223347932.pdf,https://static.cninfo.com.cn/finalpage/2025-04-28/1223347932.PDF
688638,誉辰智能,深圳市誉辰智能装备股份有限公司2024年年度报告,2025-04-29 00:00:00,1223381825,reports_raw/companies/688_star/688638_誉辰智能/2024/1223381825.pdf,https://static.cninfo.com.cn/finalpage/2025-04-29/1223381825.PDF
688646,逸飞激光,逸飞激光2024年年度报告,2025-04-30 00:00:00,1223427694,reports_raw/companies/688_star/688646_逸飞激光/2024/1223427694.pdf,https://static.cninfo.com.cn/finalpage/2025-04-30/1223427694.PDF
688648,中邮科技,中邮科技股份有限公司2024年年度报告,2025-04-29 00:00:00,1223388823,reports_raw/companies/688_star/688648_中邮科技/2024/1223388823.pdf,https://static.cninfo.com.cn/finalpage/2025-04-29/1223388823.PDF
688651,盛邦安全,2024年年度报告,2025-04-29 00:00:00,1223392681,reports_raw/companies/688_star/688651_盛邦安全/2024/1223392681.pdf,https://static.cninfo.com.cn/finalpage/2025-04-29/1223392681.PDF
688652,京仪装备,北京京仪自动化装备技术股份有限公司2024年年度报告,2025-04-30 00:00:00,1223425097,reports_raw/companies/688_star/688652_京仪装备/2024/1223425097.pdf,https://static.cninfo.com.cn/finalpage/2025-04-30/1223425097.PDF
688653,康希通信,康希通信2024年年度报告,2025-04-30 00:00:00,1223425129,reports_raw/companies/688_star/688653_康希通信/2024/1223425129.pdf,https://static.cninfo.com.cn/finalpage/2025-04-30/1223425129.PDF
688659,元琛科技,2024年年度报告,2025-04-29 00:00:00,1223367077,reports_raw/companies/688_star/688659_元琛科技/2024/1223367077.pdf,https://static.cninfo.com.cn/finalpage/2025-04-29/1223367077.PDF
688661,和林微纳,2024年年度报告,2025-04-30 00:00:00,1223418595,reports_raw/companies/688_star/688661_和林微纳/2024/1223418595.pdf,https://static.cninfo.com.cn/finalpage/2025-04-30/1223418595.PDF
688669,聚石化学,2024年年度报告,2025-04-29 00:00:00,1223392152,reports_raw/companies/688_star/688669_聚石化学/2024/1223392152.pdf,https://static.cninfo.com.cn/finalpage/2025-04-29/1223392152.PDF
688686,奥普特,2024年年度报告,2025-04-29 00:00:00,1223381881,reports_raw/companies/688_star/688686_奥普特/2024/1223381881.pdf,https://static.cninfo.com.cn/finalpage/2025-04-29/1223381881.PDF
688687,凯因科技,凯因科技2024年年度报告,2025-04-29 00:00:00,1223388887,reports_raw/companies/688_star/688687_凯因科技/2024/1223388887.pdf,https://static.cninfo.com.cn/finalpage/2025-04-29/1223388887.PDF
688689,银河微电,2024年年度报告,2025-04-28 00:00:00,1223347988,reports_raw/companies/688_star/688689_银河微电/2024/1223347988.pdf,https://static.cninfo.com.cn/finalpage/2025-04-28/1223347988.PDF
688691,灿芯股份,2024年年度报告,2025-04-28 00:00:00,1223347998,reports_raw/companies/688_star/688691_灿芯股份/2024/1223347998.pdf,https://static.cninfo.com.cn/finalpage/2025-04-28/1223347998.PDF
688695,中创股份,山东中创软件商用中间件股份有限公司2024年年度报告,2025-04-28 00:00:00,1223348033,reports_raw/companies/688_star/688695_中创股份/2024/1223348033.pdf,https://static.cninfo.com.cn/finalpage/2025-04-28/1223348033.PDF
688700,东威科技,2024年年度报告,2025-04-26 00:00:00,1223322879,reports_raw/companies/688_star/688700_东威科技/2024/1223322879.pdf,https://static.cninfo.com.cn/finalpage/2025-04-26/1223322879.PDF
688701,卓锦股份,浙江卓锦环保科技股份有限公司2024年年度报告,2025-04-29 00:00:00,1223381947,reports_raw/companies/688_star/688701_卓锦股份/2024/1223381947.pdf,https://static.cninfo.com.cn/finalpage/2025-04-29/1223381947.PDF
688702,盛科通信,盛科通信2024年年度报告,2025-04-28 00:00:00,1223348061,reports_raw/companies/688_star/688702_盛科通信/2024/1223348061.pdf,https://static.cninfo.com.cn/finalpage/2025-04-28/1223348061.PDF
688707,振华新材,2024年年度报告,2025-04-26 00:00:00,1223316897,reports_raw/companies/688_star/688707_振华新材/2024/1223316897.pdf,https://static.cninfo.com.cn/finalpage/2025-04-26/1223316897.PDF
688709,成都华微,成都华微电子科技股份有限公司2024年年度报告,2025-04-30 00:00:00,1223427723,reports_raw/companies/688_star/688709_成都华微/2024/1223427723.pdf,https://static.cninfo.com.cn/finalpage/2025-04-30/1223427723.PDF
688710,益诺思,2024年年度报告,2025-04-30 00:00:00,1223425153,reports_raw/companies/688_star/688710_益诺思/2024/1223425153.pdf,https://static.cninfo.com.cn/finalpage/2025-04-30/1223425153.PDF
688717,艾罗能源,2024年年度报告,2025-04-29 00:00:00,1223392162,reports_raw/companies/688_star/688717_艾罗能源/2024/1223392162.pdf,https://static.cninfo.com.cn/finalpage/2025-04-29/1223392162.PDF
688718,唯赛勃,唯赛勃2024年年度报告,2025-04-29 00:00:00,1223367131,reports_raw/companies/688_star/688718_唯赛勃/2024/1223367131.pdf,https://static.cninfo.com.cn/finalpage/2025-04-29/1223367131.PDF
688720,艾森股份,2024年年度报告,2025-04-26 00:00:00,1223319132,reports_raw/companies/688_star/688720_艾森股份/2024/1223319132.pdf,https://static.cninfo.com.cn/finalpage/2025-04-26/1223319132.PDF
688728,格科微,格科微有限公司2024年年度报告,2025-04-29 00:00:00,1223359800,reports_raw/companies/688_star/688728_格科微/2024/1223359800.pdf,https://static.cninfo.com.cn/finalpage/2025-04-29/1223359800.PDF
688737,中自科技,中自科技股份有限公司2024年年度报告,2025-04-30 00:00:00,1223425177,reports_raw/companies/688_star/688737_中自科技/2024/1223425177.pdf,https://static.cninfo.com.cn/finalpage/2025-04-30/1223425177.PDF
688758,赛分科技,苏州赛分科技股份有限公司2024年年度报告,2025-04-29 00:00:00,1223372635,reports_raw/companies/688_star/688758_赛分科技/2024/1223372635.pdf,https://static.cninfo.com.cn/finalpage/2025-04-29/1223372635.PDF
688767,博拓生物,博拓生物2024年年度报告,2025-04-26 00:00:00,1223319855,reports_raw/companies/688_star/688767_博拓生物/2024/1223319855.pdf,https://static.cninfo.com.cn/finalpage/2025-04-26/1223319855.PDF
688778,厦钨新能,厦门厦钨新能源材料股份有限公司2024年年度报告,2025-04-26 00:00:00,1223331830,reports_raw/companies/688_star/688778_厦钨新能/2024/1223331830.pdf,https://static.cninfo.com.cn/finalpage/2025-04-26/1223331830.PDF
688787,海天瑞声,海天瑞声2024年年度报告,2025-04-26 00:00:00,1223328731,reports_raw/companies/688_star/688787_海天瑞声/2024/1223328731.pdf,https://static.cninfo.com.cn/finalpage/2025-04-26/1223328731.PDF
688789,宏华数科,杭州宏华数码科技股份有限公司2024年年度报告,2025-04-26 00:00:00,1223326047,reports_raw/companies/688_star/688789_宏华数科/2024/1223326047.pdf,https://static.cninfo.com.cn/finalpage/2025-04-26/1223326047.PDF
688793,倍轻松,2024年年度报告,2025-04-29 00:00:00,1223392700,reports_raw/companies/688_star/688793_倍轻松/2024/1223392700.pdf,https://static.cninfo.com.cn/finalpage/2025-04-29/1223392700.PDF
830809,安达科技,2024年年度报告,2025-04-28 00:00:00,1223382197,reports_raw/companies/830_other/830809_安达科技/2024/1223382197.pdf,https://static.cninfo.com.cn/finalpage/2025-04-28/1223382197.PDF
830832,齐鲁华信,2024年年度报告,2025-04-29 00:00:00,1223422048,reports_raw/companies/830_other/830832_齐鲁华信/2024/1223422048.pdf,https://static.cninfo.com.cn/finalpage/2025-04-29/1223422048.PDF
830896,旺成科技,2024年年度报告,2025-04-28 00:00:00,1223383985,reports_raw/companies/830_other/830896_旺成科技/2024/1223383985.pdf,https://static.cninfo.com.cn/finalpage/2025-04-28/1223383985.PDF
830974,凯大催化,2024年年度报告,2025-04-29 00:00:00,1223424985,reports_raw/companies/830_other/830974_凯大催化/2024/1223424985.pdf,https://static.cninfo.com.cn/finalpage/2025-04-29/1223424985.PDF
831152,昆工科技,2024年年度报告,2025-04-28 00:00:00,1223383226,reports_raw/companies/831_other/831152_昆工科技/2024/1223383226.pdf,https://static.cninfo.com.cn/finalpage/2025-04-28/1223383226.PDF
831167,鑫汇科,2024年年度报告,2025-04-28 00:00:00,1223392971,reports_raw/companies/831_other/831167_鑫汇科/2024/1223392971.pdf,https://static.cninfo.com.cn/finalpage/2025-04-28/1223392971.PDF
831195,三祥科技,2024年年度报告,2025-04-28 00:00:00,1223368086,reports_raw/companies/831_other/831195_三祥科技/2024/1223368086.pdf,https://static.cninfo.com.cn/finalpage/2025-04-28/1223368086.PDF
831641,格利尔,2024年年度报告,2025-04-29 00:00:00,1223420705,reports_raw/companies/831_other/831641_格利尔/2024/1223420705.pdf,https://static.cninfo.com.cn/finalpage/2025-04-29/1223420705.PDF
831832,科达自控,2024年年度报告,2025-04-29 00:00:00,1223425612,reports_raw/companies/831_other/831832_科达自控/2024/1223425612.pdf,https://static.cninfo.com.cn/finalpage/2025-04-29/1223425612.PDF
832023,田野股份,2024年年度报告,2025-04-29 00:00:00,1223428830,reports_raw/companies/832_other/832023_田野股份/2024/1223428830.pdf,https://static.cninfo.com.cn/finalpage/2025-04-29/1223428830.PDF
832149,利尔达,2024年年度报告,2025-04-28 00:00:00,1223393940,reports_raw/companies/832_other/832149_利尔达/2024/1223393940.pdf,https://static.cninfo.com.cn/finalpage/2025-04-28/1223393940.PDF
832469,富恒新材,2024年年度报告,2025-04-29 00:00:00,1223428895,reports_raw/companies/832_other/832469_富恒新材/2024/1223428895.pdf,https://static.cninfo.com.cn/finalpage/2025-04-29/1223428895.PDF
832471,美邦科技,2024年年度报告,2025-04-29 00:00:00,1223424635,reports_raw/companies/832_other/832471_美邦科技/2024/1223424635.pdf,https://static.cninfo.com.cn/finalpage/2025-04-29/1223424635.PDF
832566,梓橦宫,2024年年度报告,2025-04-28 00:00:00,1223392017,reports_raw/companies/832_other/832566_梓橦宫/2024/1223392017.pdf,https://static.cninfo.com.cn/finalpage/2025-04-28/1223392017.PDF
832651,天罡股份,2024年年度报告,2025-04-28 00:00:00,1223384447,reports_raw/companies/832_other/832651_天罡股份/2024/1223384447.pdf,https://static.cninfo.com.cn/finalpage/2025-04-28/1223384447.PDF
832802,保丽洁,2024年年度报告,2025-04-29 00:00:00,1223418732,reports_raw/companies/832_other/832802_保丽洁/2024/1223418732.pdf,https://static.cninfo.com.cn/finalpage/2025-04-29/1223418732.PDF
833030,立方控股,2024年年度报告,2025-04-28 00:00:00,1223395097,reports_raw/companies/833_other/833030_立方控股/2024/1223395097.pdf,https://static.cninfo.com.cn/finalpage/2025-04-28/1223395097.PDF
833266,生物谷,2024年年度报告,2025-04-29 00:00:00,1223418366,reports_raw/companies/833_other/833266_生物谷/2024/1223418366.pdf,https://static.cninfo.com.cn/finalpage/2025-04-29/1223418366.PDF
833455,汇隆活塞,2024年年度报告,2025-04-29 00:00:00,1223429116,reports_raw/companies/833_other/833455_汇隆活塞/2024/1223429116.pdf,https://static.cninfo.com.cn/finalpage/2025-04-29/1223429116.PDF
833523,德瑞锂电,2024年年度报告,2025-04-28 00:00:00,1223394397,reports_raw/companies/833_other/833523_德瑞锂电/2024/1223394397.pdf,https://static.cninfo.com.cn/finalpage/2025-04-28/1223394397.PDF
833575,康乐卫士,2024年年度报告,2025-04-29 00:00:00,1223428715,reports_raw/companies/833_other/833575_康乐卫士/2024/1223428715.pdf,https://static.cninfo.com.cn/finalpage/2025-04-29/1223428715.PDF
834058,华洋赛车,2024年年度报告,2025-04-28 00:00:00,1223393198,reports_raw/companies/834_other/834058_华洋赛车/2024/1223393198.pdf,https://static.cninfo.com.cn/finalpage/2025-04-28/1223393198.PDF
834062,科润智控,2024年年度报告,2025-04-29 00:00:00,1223420374,reports_raw/companies/834_other/834062_科润智控/2024/1223420374.pdf,https://static.cninfo.com.cn/finalpage/2025-04-29/1223420374.PDF
834407,驰诚股份,2024年年度报告,2025-04-28 00:00:00,1223394697,reports_raw/companies/834_other/834407_驰诚股份/2024/1223394697.pdf,https://static.cninfo.com.cn/finalpage/2025-04-28/1223394697.PDF
834639,晨光电缆,2024年年度报告,2025-04-29 00:00:00,1223425371,reports_raw/companies/834_other/834639_晨光电缆/2024/1223425371.pdf,https://static.cninfo.com.cn/finalpage/2025-04-29/1223425371.PDF
834770,艾能聚,2024年年度报告,2025-04-28 00:00:00,1223394238,reports_raw/companies/834_other/834770_艾能聚/2024/1223394238.pdf,https://static.cninfo.com.cn/finalpage/2025-04-28/1223394238.PDF
835174,五新隧装,2024年年度报告,2025-04-28 00:00:00,1223379264,reports_raw/companies/835_other/835174_五新隧装/2024/1223379264.pdf,https://static.cninfo.com.cn/finalpage/2025-04-28/1223379264.PDF
835207,众诚科技,2024年年度报告,2025-04-29 00:00:00,1223428666,reports_raw/companies/835_other/835207_众诚科技/2024/1223428666.pdf,https://static.cninfo.com.cn/finalpage/2025-04-29/1223428666.PDF
835305,云创数据,2024年年度报告,2025-04-29 00:00:00,1223423828,reports_raw/companies/835_other/835305_云创数据/2024/1223423828.pdf,https://static.cninfo.com.cn/finalpage/2025-04-29/1223423828.PDF
835508,殷图网联,2024年年度报告,2025-04-28 00:00:00,1223394270,reports_raw/companies/835_other/835508_殷图网联/2024/1223394270.pdf,https://static.cninfo.com.cn/finalpage/2025-04-28/1223394270.PDF
835579,机科股份,2024年年度报告,2025-04-28 00:00:00,1223378527,reports_raw/companies/835_other/835579_机科股份/2024/1223378527.pdf,https://static.cninfo.com.cn/finalpage/2025-04-28/1223378527.PDF
835670,数字人,2024年年度报告,2025-04-29 00:00:00,1223423582,reports_raw/companies/835_other/835670_数字人/2024/1223423582.pdf,https://static.cninfo.com.cn/finalpage/2025-04-29/1223423582.PDF
835857,百甲科技,2024年年度报告,2025-04-29 00:00:00,1223429930,reports_raw/companies/835_other/835857_百甲科技/2024/1223429930.pdf,https://static.cninfo.com.cn/finalpage/2025-04-29/1223429930.PDF
836942,恒立钻具,2024年年度报告,2025-04-28 00:00:00,1223394814,reports_raw/companies/836_other/836942_恒立钻具/2024/1223394814.pdf,https://static.cninfo.com.cn/finalpage/2025-04-28/1223394814.PDF
837006,晟楠科技,2024年年度报告,2025-04-29 00:00:00,1223426217,reports_raw/companies/837_other/837006_晟楠科技/2024/1223426217.pdf,https://static.cninfo.com.cn/finalpage/2025-04-29/1223426217.PDF
837046,亿能电力,2024年年度报告,2025-04-29 00:00:00,1223424232,reports_raw/companies/837_other/837046_亿能电力/2024/1223424232.pdf,https://static.cninfo.com.cn/finalpage/2025-04-29/1223424232.PDF
837403,康农种业,2024年年度报告,2025-04-29 00:00:00,1223421627,reports_raw/companies/837_other/837403_康农种业/2024/1223421627.pdf,https://static.cninfo.com.cn/finalpage/2025-04-29/1223421627.PDF
837592,华信永道,2024年年度报告,2025-04-28 00:00:00,1223394516,reports_raw/companies/837_other/837592_华信永道/2024/1223394516.pdf,https://static.cninfo.com.cn/finalpage/2025-04-28/1223394516.PDF
837748,路桥信息,2024年年度报告,2025-04-28 00:00:00,1223394149,reports_raw/companies/837_other/837748_路桥信息/2024/1223394149.pdf,https://static.cninfo.com.cn/finalpage/2025-04-28/1223394149.PDF
838163,方大新材,2024年年度报告,2025-04-28 00:00:00,1223392780,reports_raw/companies/838_other/838163_方大新材/2024/1223392780.pdf,https://static.cninfo.com.cn/finalpage/2025-04-28/1223392780.PDF
838810,春光智能,2024年年度报告,2025-04-28 00:00:00,1223392367,reports_raw/companies/838_other/838810_春光智能/2024/1223392367.pdf,https://static.cninfo.com.cn/finalpage/2025-04-28/1223392367.PDF
839167,同享科技,2024年年度报告,2025-04-28 00:00:00,1223393607,reports_raw/companies/839_other/839167_同享科技/2024/1223393607.pdf,https://static.cninfo.com.cn/finalpage/2025-04-28/1223393607.PDF
839493,并行科技,2024年年度报告,2025-04-28 00:00:00,1223393860,reports_raw/companies/839_other/839493_并行科技/2024/1223393860.pdf,https://static.cninfo.com.cn/finalpage/2025-04-28/1223393860.PDF
839680,广道数字,2024年年度报告,2025-04-29 00:00:00,1223429009,reports_raw/companies/839_other/839680_广道数字/2024/1223429009.pdf,https://static.cninfo.com.cn/finalpage/2025-04-29/1223429009.PDF
839719,宁新新材,2024年年度报告,2025-04-28 00:00:00,1223393772,reports_raw/companies/839_other/839719_宁新新材/2024/1223393772.pdf,https://static.cninfo.com.cn/finalpage/2025-04-28/1223393772.PDF
839729,永顺生物,2024年年度报告,2025-04-28 00:00:00,1223382421,reports_raw/companies/839_other/839729_永顺生物/2024/1223382421.pdf,https://static.cninfo.com.cn/finalpage/2025-04-28/1223382421.PDF
839792,东和新材,2024年年度报告,2025-04-29 00:00:00,1223422183,reports_raw/companies/839_other/839792_东和新材/2024/1223422183.pdf,https://static.cninfo.com.cn/finalpage/2025-04-29/1223422183.PDF
870357,雅葆轩,2024年年度报告,2025-04-28 00:00:00,1223378949,reports_raw/companies/870_other/870357_雅葆轩/2024/1223378949.pdf,https://static.cninfo.com.cn/finalpage/2025-04-28/1223378949.PDF
870436,大地电气,2024年年度报告,2025-04-28 00:00:00,1223394051,reports_raw/companies/870_other/870436_大地电气/2024/1223394051.pdf,https://static.cninfo.com.cn/finalpage/2025-04-28/1223394051.PDF
871642,通易航天,2024年年度报告,2025-04-29 00:00:00,1223418799,reports_raw/companies/871_other/871642_通易航天/2024/1223418799.pdf,https://static.cninfo.com.cn/finalpage/2025-04-29/1223418799.PDF
871753,天纺标,2024年年度报告,2025-04-29 00:00:00,1223419266,reports_raw/companies/871_other/871753_天纺标/2024/1223419266.pdf,https://static.cninfo.com.cn/finalpage/2025-04-29/1223419266.PDF
871970,大禹生物,2024年年度报告,2025-04-28 00:00:00,1223360540,reports_raw/companies/871_other/871970_大禹生物/2024/1223360540.pdf,https://static.cninfo.com.cn/finalpage/2025-04-28/1223360540.PDF
872190,雷神科技,2024年年度报告,2025-04-28 00:00:00,1223393037,reports_raw/companies/872_other/872190_雷神科技/2024/1223393037.pdf,https://static.cninfo.com.cn/finalpage/2025-04-28/1223393037.PDF
872374,云里物里,2024年年度报告,2025-04-28 00:00:00,1223391455,reports_raw/companies/872_other/872374_云里物里/2024/1223391455.pdf,https://static.cninfo.com.cn/finalpage/2025-04-28/1223391455.PDF
872392,佳合科技,2024年年度报告,2025-04-28 00:00:00,1223367727,reports_raw/companies/872_other/872392_佳合科技/2024/1223367727.pdf,https://static.cninfo.com.cn/finalpage/2025-04-28/1223367727.PDF
872895,花溪科技,2024年年度报告,2025-04-29 00:00:00,1223421284,reports_raw/companies/872_other/872895_花溪科技/2024/1223421284.pdf,https://static.cninfo.com.cn/finalpage/2025-04-29/1223421284.PDF
872931,无锡鼎邦,2024年年度报告,2025-04-28 00:00:00,1223392909,reports_raw/companies/872_other/872931_无锡鼎邦/2024/1223392909.pdf,https://static.cninfo.com.cn/finalpage/2025-04-28/1223392909.PDF
873122,中纺标,2024年年度报告,2025-04-29 00:00:00,1223419496,reports_raw/companies/873_other/873122_中纺标/2024/1223419496.pdf,https://static.cninfo.com.cn/finalpage/2025-04-29/1223419496.PDF
873132,泰鹏智能,2024年年度报告,2025-04-29 00:00:00,1223425447,reports_raw/companies/873_other/873132_泰鹏智能/2024/1223425447.pdf,https://static.cninfo.com.cn/finalpage/2025-04-29/1223425447.PDF
873169,七丰精工,[定期报告]七丰精工:2024年年度报告,2025-04-28 00:00:00,1223395109,reports_raw/companies/873_other/873169_七丰精工/2024/1223395109.pdf,https://static.cninfo.com.cn/finalpage/2025-04-28/1223395109.PDF
873570,坤博精工,2024年年度报告,2025-04-28 00:00:00,1223392739,reports_raw/companies/873_other/873570_坤博精工/2024/1223392739.pdf,https://static.cninfo.com.cn/finalpage/2025-04-28/1223392739.PDF
873576,天力复合,2024年年度报告,2025-04-28 00:00:00,1223393422,reports_raw/companies/873_other/873576_天力复合/2024/1223393422.pdf,https://static.cninfo.com.cn/finalpage/2025-04-28/1223393422.PDF
873665,科强股份,2024年年度报告,2025-04-28 00:00:00,1223392242,reports_raw/companies/873_other/873665_科强股份/2024/1223392242.pdf,https://static.cninfo.com.cn/finalpage/2025-04-28/1223392242.PDF
873679,前进科技,2024年年度报告,2025-04-29 00:00:00,1223418926,reports_raw/companies/873_other/873679_前进科技/2024/1223418926.pdf,https://static.cninfo.com.cn/finalpage/2025-04-29/1223418926.PDF
873690,捷众科技,2024年年度报告,2025-04-28 00:00:00,1223394388,reports_raw/companies/873_other/873690_捷众科技/2024/1223394388.pdf,https://static.cninfo.com.cn/finalpage/2025-04-28/1223394388.PDF
873706,铁拓机械,2024年年度报告,2025-04-28 00:00:00,1223393248,reports_raw/companies/873_other/873706_铁拓机械/2024/1223393248.pdf,https://static.cninfo.com.cn/finalpage/2025-04-28/1223393248.PDF
873726,卓兆点胶,2024年年度报告,2025-04-28 00:00:00,1223393304,reports_raw/companies/873_other/873726_卓兆点胶/2024/1223393304.pdf,https://static.cninfo.com.cn/finalpage/2025-04-28/1223393304.PDF
900948,伊泰Ｂ股,内蒙古伊泰煤炭股份有限公司2024年年度报告,2025-04-29 00:00:00,1223392220,reports_raw/companies/900_sh_b/900948_伊泰Ｂ股/2024/1223392220.pdf,https://static.cninfo.com.cn/finalpage/2025-04-29/1223392220.PDF
920008,成电光信,2024年年度报告,2025-04-29 00:00:00,1223419940,reports_raw/companies/920_bse/920008_成电光信/2024/1223419940.pdf,https://static.cninfo.com.cn/finalpage/2025-04-29/1223419940.PDF
920019,铜冠矿建,2024年年度报告,2025-04-29 00:00:00,1223421391,reports_raw/companies/920_bse/920019_铜冠矿建/2024/1223421391.pdf,https://static.cninfo.com.cn/finalpage/2025-04-29/1223421391.PDF
920088,科力股份,2024年年度报告,2025-04-28 00:00:00,1223390848,reports_raw/companies/920_bse/920088_科力股份/2024/1223390848.pdf,https://static.cninfo.com.cn/finalpage/2025-04-28/1223390848.PDF
920099,瑞华技术,2024年年度报告,2025-04-28 00:00:00,1223393470,reports_raw/companies/920_bse/920099_瑞华技术/2024/1223393470.pdf,https://static.cninfo.com.cn/finalpage/2025-04-28/1223393470.PDF
