sec_code,sec_name,announcement_title,announcement_time,announcement_id,local_path,source_url
000008,神州高铁,2024年年度报告,2025-04-19 00:00:00,1223150123,reports_raw/companies/000_sz_main/000008_神州高铁/2024/1223150123.pdf,https://static.cninfo.com.cn/finalpage/2025-04-19/1223150123.PDF
000009,中国宝安,2024年年度报告,2025-04-16 00:00:00,1223101050,reports_raw/companies/000_sz_main/000009_中国宝安/2024/1223101050.pdf,https://static.cninfo.com.cn/finalpage/2025-04-16/1223101050.PDF
000016,深康佳Ａ,2024年年度报告,2025-04-15 00:00:00,1223095858,reports_raw/companies/000_sz_main/000016_深康佳Ａ/2024/1223095858.pdf,https://static.cninfo.com.cn/finalpage/2025-04-15/1223095858.PDF
000027,深圳能源,2024年年度报告,2025-04-18 00:00:00,1223126126,reports_raw/companies/000_sz_main/000027_深圳能源/2024/1223126126.pdf,https://static.cninfo.com.cn/finalpage/2025-04-18/1223126126.PDF
000030,富奥股份,2024年年度报告,2025-04-18 00:00:00,1223124906,reports_raw/companies/000_sz_main/000030_富奥股份/2024/1223124906.pdf,https://static.cninfo.com.cn/finalpage/2025-04-18/1223124906.PDF
000031,大悦城,2024年年度报告,2025-04-19 00:00:00,1223153545,reports_raw/companies/000_sz_main/000031_大悦城/2024/1223153545.pdf,https://static.cninfo.com.cn/finalpage/2025-04-19/1223153545.PDF
000059,华锦股份,2024年年度报告,2025-04-16 00:00:00,1223099352,reports_raw/companies/000_sz_main/000059_华锦股份/2024/1223099352.pdf,https://static.cninfo.com.cn/finalpage/2025-04-16/1223099352.PDF
000060,中金岭南,2024年年度报告,2025-04-15 00:00:00,1223094665,reports_raw/companies/000_sz_main/000060_中金岭南/2024/1223094665.pdf,https://static.cninfo.com.cn/finalpage/2025-04-15/1223094665.PDF
000153,丰原药业,2024年年度报告,2025-04-11 00:00:00,1223056025,reports_raw/companies/000_sz_main/000153_丰原药业/2024/1223056025.pdf,https://static.cninfo.com.cn/finalpage/2025-04-11/1223056025.PDF
000400,许继电气,2024年年度报告,2025-04-11 00:00:00,1223055724,reports_raw/companies/000_sz_main/000400_许继电气/2024/1223055724.pdf,https://static.cninfo.com.cn/finalpage/2025-04-11/1223055724.PDF
000404,长虹华意,2024年年度报告,2025-04-19 00:00:00,1223154247,reports_raw/companies/000_sz_main/000404_长虹华意/2024/1223154247.pdf,https://static.cninfo.com.cn/finalpage/2025-04-19/1223154247.PDF
000430,张家界,2024年年度报告,2025-04-16 00:00:00,1223102184,reports_raw/companies/000_sz_main/000430_张家界/2024/1223102184.pdf,https://static.cninfo.com.cn/finalpage/2025-04-16/1223102184.PDF
000498,山东路桥,2024年年度报告,2025-04-15 00:00:00,1223096801,reports_raw/companies/000_sz_main/000498_山东路桥/2024/1223096801.pdf,https://static.cninfo.com.cn/finalpage/2025-04-15/1223096801.pdf
000533,顺钠股份,2024年年度报告,2025-04-16 00:00:00,1223100386,reports_raw/companies/000_sz_main/000533_顺钠股份/2024/1223100386.pdf,https://static.cninfo.com.cn/finalpage/2025-04-16/1223100386.PDF
000536,华映科技,2024年年度报告,2025-04-15 00:00:00,1223095618,reports_raw/companies/000_sz_main/000536_华映科技/2024/1223095618.pdf,https://static.cninfo.com.cn/finalpage/2025-04-15/1223095618.PDF
000547,航天发展,2024年年度报告,2025-04-19 00:00:00,1223156667,reports_raw/companies/000_sz_main/000547_航天发展/2024/1223156667.pdf,https://static.cninfo.com.cn/finalpage/2025-04-19/1223156667.PDF
000566,海南海药,2024年年度报告,2025-04-12 00:00:00,1223072357,reports_raw/companies/000_sz_main/000566_海南海药/2024/1223072357.pdf,https://static.cninfo.com.cn/finalpage/2025-04-12/1223072357.PDF
000573,粤宏远Ａ,2024年年度报告,2025-04-19 00:00:00,1223151948,reports_raw/companies/000_sz_main/000573_粤宏远Ａ/2024/1223151948.pdf,https://static.cninfo.com.cn/finalpage/2025-04-19/1223151948.PDF
000576,甘化科工,2024年年度报告,2025-04-19 00:00:00,1223144139,reports_raw/companies/000_sz_main/000576_甘化科工/2024/1223144139.pdf,https://static.cninfo.com.cn/finalpage/2025-04-19/1223144139.PDF
000581,威孚高科,2024年年度报告,2025-04-18 00:00:00,1223125324,reports_raw/companies/000_sz_main/000581_威孚高科/2024/1223125324.pdf,https://static.cninfo.com.cn/finalpage/2025-04-18/1223125324.PDF
000598,兴蓉环境,2024年年度报告,2025-04-18 00:00:00,1223128111,reports_raw/companies/000_sz_main/000598_兴蓉环境/2024/1223128111.pdf,https://static.cninfo.com.cn/finalpage/2025-04-18/1223128111.PDF
000607,华媒控股,2024年年度报告,2025-04-19 00:00:00,1223143119,reports_raw/companies/000_sz_main/000607_华媒控股/2024/1223143119.pdf,https://static.cninfo.com.cn/finalpage/2025-04-19/1223143119.PDF
000608,阳光股份,2024年年度报告,2025-04-19 00:00:00,1223158035,reports_raw/companies/000_sz_main/000608_阳光股份/2024/1223158035.pdf,https://static.cninfo.com.cn/finalpage/2025-04-19/1223158035.PDF
000610,西安旅游,2024年年度报告,2025-04-19 00:00:00,1223154031,reports_raw/companies/000_sz_main/000610_西安旅游/2024/1223154031.pdf,https://static.cninfo.com.cn/finalpage/2025-04-19/1223154031.PDF
000625,长安汽车,2024年年度报告,2025-04-11 00:00:00,1223057073,reports_raw/companies/000_sz_main/000625_长安汽车/2024/1223057073.pdf,https://static.cninfo.com.cn/finalpage/2025-04-11/1223057073.PDF
000631,顺发恒业,2024年年度报告,2025-04-19 00:00:00,1223150968,reports_raw/companies/000_sz_main/000631_顺发恒业/2024/1223150968.pdf,https://static.cninfo.com.cn/finalpage/2025-04-19/1223150968.PDF
000636,风华高科,2024年年度报告,2025-04-15 00:00:00,1223096284,reports_raw/companies/000_sz_main/000636_风华高科/2024/1223096284.pdf,https://static.cninfo.com.cn/finalpage/2025-04-15/1223096284.PDF
000659,珠海中富,2024年年度报告,2025-04-11 00:00:00,1223055797,reports_raw/companies/000_sz_main/000659_珠海中富/2024/1223055797.pdf,https://static.cninfo.com.cn/finalpage/2025-04-11/1223055797.PDF
000677,恒天海龙,2024年年度报告,2025-04-18 00:00:00,1223122978,reports_raw/companies/000_sz_main/000677_恒天海龙/2024/1223122978.pdf,https://static.cninfo.com.cn/finalpage/2025-04-18/1223122978.PDF
000695,滨海能源,2024年年度报告,2025-04-19 00:00:00,1223147267,reports_raw/companies/000_sz_main/000695_滨海能源/2024/1223147267.pdf,https://static.cninfo.com.cn/finalpage/2025-04-19/1223147267.PDF
000697,炼石航空,2024年年度报告,2025-04-18 00:00:00,1223127697,reports_raw/companies/000_sz_main/000697_炼石航空/2024/1223127697.pdf,https://static.cninfo.com.cn/finalpage/2025-04-18/1223127697.PDF
000701,厦门信达,2024年年度报告,2025-04-19 00:00:00,1223149222,reports_raw/companies/000_sz_main/000701_厦门信达/2024/1223149222.pdf,https://static.cninfo.com.cn/finalpage/2025-04-19/1223149222.PDF
000711,*ST京蓝,2024年年度报告,2025-04-16 00:00:00,1223101719,reports_raw/companies/000_sz_main/000711_ST京蓝/2024/1223101719.pdf,https://static.cninfo.com.cn/finalpage/2025-04-16/1223101719.PDF
000718,苏宁环球,2024年年度报告,2025-04-15 00:00:00,1223096531,reports_raw/companies/000_sz_main/000718_苏宁环球/2024/1223096531.pdf,https://static.cninfo.com.cn/finalpage/2025-04-15/1223096531.PDF
000719,中原传媒,2024年年度报告,2025-04-18 00:00:00,1223122201,reports_raw/companies/000_sz_main/000719_中原传媒/2024/1223122201.pdf,https://static.cninfo.com.cn/finalpage/2025-04-18/1223122201.PDF
000721,西安饮食,2024年年度报告,2025-04-19 00:00:00,1223149748,reports_raw/companies/000_sz_main/000721_西安饮食/2024/1223149748.pdf,https://static.cninfo.com.cn/finalpage/2025-04-19/1223149748.PDF
000728,国元证券,2024年年度报告,2025-04-15 00:00:00,1223096099,reports_raw/companies/000_sz_main/000728_国元证券/2024/1223096099.pdf,https://static.cninfo.com.cn/finalpage/2025-04-15/1223096099.PDF
000735,罗 牛 山,2024年年度报告,2025-04-19 00:00:00,1223142745,reports_raw/companies/000_sz_main/000735_罗_牛_山/2024/1223142745.pdf,https://static.cninfo.com.cn/finalpage/2025-04-19/1223142745.PDF
000736,中交地产,2024年年度报告,2025-04-15 00:00:00,1223096939,reports_raw/companies/000_sz_main/000736_中交地产/2024/1223096939.pdf,https://static.cninfo.com.cn/finalpage/2025-04-15/1223096939.PDF
000753,漳州发展,2024年年度报告,2025-04-19 00:00:00,1223149278,reports_raw/companies/000_sz_main/000753_漳州发展/2024/1223149278.pdf,https://static.cninfo.com.cn/finalpage/2025-04-19/1223149278.PDF
000766,通化金马,2024年年度报告,2025-04-18 00:00:00,1223122279,reports_raw/companies/000_sz_main/000766_通化金马/2024/1223122279.pdf,https://static.cninfo.com.cn/finalpage/2025-04-18/1223122279.PDF
000777,中核科技,2024年年度报告,2025-04-16 00:00:00,1223103041,reports_raw/companies/000_sz_main/000777_中核科技/2024/1223103041.pdf,https://static.cninfo.com.cn/finalpage/2025-04-16/1223103041.PDF
000778,新兴铸管,2024年年度报告,2025-04-11 00:00:00,1223058153,reports_raw/companies/000_sz_main/000778_新兴铸管/2024/1223058153.pdf,https://static.cninfo.com.cn/finalpage/2025-04-11/1223058153.pdf
000797,中国武夷,2024年年度报告,2025-04-19 00:00:00,1223149048,reports_raw/companies/000_sz_main/000797_中国武夷/2024/1223149048.pdf,https://static.cninfo.com.cn/finalpage/2025-04-19/1223149048.PDF
000798,中水渔业,2024年年度报告,2025-04-19 00:00:00,1223155364,reports_raw/companies/000_sz_main/000798_中水渔业/2024/1223155364.pdf,https://static.cninfo.com.cn/finalpage/2025-04-19/1223155364.PDF
000802,北京文化,2024年年度报告,2025-04-19 00:00:00,1223147225,reports_raw/companies/000_sz_main/000802_北京文化/2024/1223147225.pdf,https://static.cninfo.com.cn/finalpage/2025-04-19/1223147225.PDF
000811,冰轮环境,2024年年度报告,2025-04-17 00:00:00,1223110835,reports_raw/companies/000_sz_main/000811_冰轮环境/2024/1223110835.pdf,https://static.cninfo.com.cn/finalpage/2025-04-17/1223110835.PDF
000837,秦川机床,2024年年度报告,2025-04-15 00:00:00,1223095829,reports_raw/companies/000_sz_main/000837_秦川机床/2024/1223095829.pdf,https://static.cninfo.com.cn/finalpage/2025-04-15/1223095829.PDF
000869,张  裕Ａ,2024年年度报告,2025-04-18 00:00:00,1223125984,reports_raw/companies/000_sz_main/000869_张_裕Ａ/2024/1223125984.pdf,https://static.cninfo.com.cn/finalpage/2025-04-18/1223125984.PDF
000889,ST中嘉,2024年年度报告,2025-04-15 00:00:00,1223096506,reports_raw/companies/000_sz_main/000889_ST中嘉/2024/1223096506.pdf,https://static.cninfo.com.cn/finalpage/2025-04-15/1223096506.PDF
000899,赣能股份,2024年年度报告,2025-04-16 00:00:00,1223101800,reports_raw/companies/000_sz_main/000899_赣能股份/2024/1223101800.pdf,https://static.cninfo.com.cn/finalpage/2025-04-16/1223101800.PDF
000902,新洋丰,2024年年度报告,2025-04-18 00:00:00,1223120800,reports_raw/companies/000_sz_main/000902_新洋丰/2024/1223120800.pdf,https://static.cninfo.com.cn/finalpage/2025-04-18/1223120800.PDF
000909,ST数源,2024年年度报告,2025-04-19 00:00:00,1223154999,reports_raw/companies/000_sz_main/000909_ST数源/2024/1223154999.pdf,https://static.cninfo.com.cn/finalpage/2025-04-19/1223154999.PDF
000931,中 关 村,2024年年度报告,2025-04-18 00:00:00,1223123176,reports_raw/companies/000_sz_main/000931_中_关_村/2024/1223123176.pdf,https://static.cninfo.com.cn/finalpage/2025-04-18/1223123176.PDF
000959,首钢股份,2024年年度报告（英文版）,2025-04-18 00:00:00,1223126185,reports_raw/companies/000_sz_main/000959_首钢股份/2024/1223126185.pdf,https://static.cninfo.com.cn/finalpage/2025-04-18/1223126185.PDF
000962,东方钽业,2024年年度报告,2025-04-15 00:00:00,1223094589,reports_raw/companies/000_sz_main/000962_东方钽业/2024/1223094589.pdf,https://static.cninfo.com.cn/finalpage/2025-04-15/1223094589.PDF
000963,华东医药,2024年年度报告,2025-04-18 00:00:00,1223128343,reports_raw/companies/000_sz_main/000963_华东医药/2024/1223128343.pdf,https://static.cninfo.com.cn/finalpage/2025-04-18/1223128343.PDF
000978,桂林旅游,2024年年度报告,2025-04-12 00:00:00,1223070689,reports_raw/companies/000_sz_main/000978_桂林旅游/2024/1223070689.pdf,https://static.cninfo.com.cn/finalpage/2025-04-12/1223070689.PDF
000988,华工科技,2024年年度报告,2025-04-12 00:00:00,1223072198,reports_raw/companies/000_sz_main/000988_华工科技/2024/1223072198.pdf,https://static.cninfo.com.cn/finalpage/2025-04-12/1223072198.PDF
001202,炬申股份,2024年年度报告,2025-04-18 00:00:00,1223127106,reports_raw/companies/001_sz_main/001202_炬申股份/2024/1223127106.pdf,https://static.cninfo.com.cn/finalpage/2025-04-18/1223127106.PDF
001203,大中矿业,2024年年度报告,2025-04-19 00:00:00,1223152067,reports_raw/companies/001_sz_main/001203_大中矿业/2024/1223152067.pdf,https://static.cninfo.com.cn/finalpage/2025-04-19/1223152067.PDF
001217,华尔泰,2024年年度报告,2025-04-18 00:00:00,1223122125,reports_raw/companies/001_sz_main/001217_华尔泰/2024/1223122125.pdf,https://static.cninfo.com.cn/finalpage/2025-04-18/1223122125.PDF
001219,青岛食品,2024年年度报告,2025-04-17 00:00:00,1223111454,reports_raw/companies/001_sz_main/001219_青岛食品/2024/1223111454.pdf,https://static.cninfo.com.cn/finalpage/2025-04-17/1223111454.PDF
001278,一彬科技,2024年年度报告,2025-04-15 00:00:00,1223093563,reports_raw/companies/001_sz_main/001278_一彬科技/2024/1223093563.pdf,https://static.cninfo.com.cn/finalpage/2025-04-15/1223093563.PDF
001286,陕西能源,2024年年度报告,2025-04-18 00:00:00,1223129393,reports_raw/companies/001_sz_main/001286_陕西能源/2024/1223129393.pdf,https://static.cninfo.com.cn/finalpage/2025-04-18/1223129393.PDF
001316,润贝航科,2024年年度报告,2025-04-18 00:00:00,1223129714,reports_raw/companies/001_sz_main/001316_润贝航科/2024/1223129714.pdf,https://static.cninfo.com.cn/finalpage/2025-04-18/1223129714.PDF
001318,阳光乳业,2024年年度报告,2025-04-18 00:00:00,1223120391,reports_raw/companies/001_sz_main/001318_阳光乳业/2024/1223120391.pdf,https://static.cninfo.com.cn/finalpage/2025-04-18/1223120391.PDF
001337,四川黄金,2024年年度报告,2025-04-11 00:00:00,1223055257,reports_raw/companies/001_sz_main/001337_四川黄金/2024/1223055257.pdf,https://static.cninfo.com.cn/finalpage/2025-04-11/1223055257.PDF
001359,平安电工,2024年年度报告,2025-04-18 00:00:00,1223122871,reports_raw/companies/001_sz_main/001359_平安电工/2024/1223122871.pdf,https://static.cninfo.com.cn/finalpage/2025-04-18/1223122871.PDF
001378,德冠新材,2024年年度报告,2025-04-19 00:00:00,1223147676,reports_raw/companies/001_sz_main/001378_德冠新材/2024/1223147676.pdf,https://static.cninfo.com.cn/finalpage/2025-04-19/1223147676.PDF
001896,豫能控股,2024年年度报告,2025-04-12 00:00:00,1223071112,reports_raw/companies/001_sz_main/001896_豫能控股/2024/1223071112.pdf,https://static.cninfo.com.cn/finalpage/2025-04-12/1223071112.PDF
002001,新 和 成,2024年年度报告（英文版）,2025-04-19 00:00:00,1223145625,reports_raw/companies/002_sz_main/002001_新_和_成/2024/1223145625.pdf,https://static.cninfo.com.cn/finalpage/2025-04-19/1223145625.PDF
002006,精工科技,2024年年度报告,2025-04-19 00:00:00,1223144957,reports_raw/companies/002_sz_main/002006_精工科技/2024/1223144957.pdf,https://static.cninfo.com.cn/finalpage/2025-04-19/1223144957.PDF
002011,盾安环境,2024年年度报告,2025-04-18 00:00:00,1223129034,reports_raw/companies/002_sz_main/002011_盾安环境/2024/1223129034.pdf,https://static.cninfo.com.cn/finalpage/2025-04-18/1223129034.PDF
002028,思源电气,2024年年度报告,2025-04-19 00:00:00,1223145398,reports_raw/companies/002_sz_main/002028_思源电气/2024/1223145398.pdf,https://static.cninfo.com.cn/finalpage/2025-04-19/1223145398.PDF
002034,旺能环境,2024年年度报告,2025-04-18 00:00:00,1223125438,reports_raw/companies/002_sz_main/002034_旺能环境/2024/1223125438.pdf,https://static.cninfo.com.cn/finalpage/2025-04-18/1223125438.PDF
002039,黔源电力,2024年年度报告,2025-04-17 00:00:00,1223121706,reports_raw/companies/002_sz_main/002039_黔源电力/2024/1223121706.pdf,https://static.cninfo.com.cn/finalpage/2025-04-17/1223121706.pdf
002044,美年健康,2024年年度报告,2025-04-17 00:00:00,1223113463,reports_raw/companies/002_sz_main/002044_美年健康/2024/1223113463.pdf,https://static.cninfo.com.cn/finalpage/2025-04-17/1223113463.PDF
002046,国机精工,2024年年度报告,2025-04-12 00:00:00,1223070565,reports_raw/companies/002_sz_main/002046_国机精工/2024/1223070565.pdf,https://static.cninfo.com.cn/finalpage/2025-04-12/1223070565.PDF
002060,广东建工,2024年年度报告,2025-04-12 00:00:00,1223072078,reports_raw/companies/002_sz_main/002060_广东建工/2024/1223072078.pdf,https://static.cninfo.com.cn/finalpage/2025-04-12/1223072078.PDF
002065,东华软件,2024年年度报告,2025-04-11 00:00:00,1223055612,reports_raw/companies/002_sz_main/002065_东华软件/2024/1223055612.pdf,https://static.cninfo.com.cn/finalpage/2025-04-11/1223055612.PDF
002079,苏州固锝,2024年年度报告,2025-04-15 00:00:00,1223093465,reports_raw/companies/002_sz_main/002079_苏州固锝/2024/1223093465.pdf,https://static.cninfo.com.cn/finalpage/2025-04-15/1223093465.PDF
002090,金智科技,2024年年度报告,2025-04-11 00:00:00,1223056393,reports_raw/companies/002_sz_main/002090_金智科技/2024/1223056393.pdf,https://static.cninfo.com.cn/finalpage/2025-04-11/1223056393.PDF
002094,青岛金王,2024年年度报告,2025-04-19 00:00:00,1223213000,reports_raw/companies/002_sz_main/002094_青岛金王/2024/1223213000.pdf,https://static.cninfo.com.cn/finalpage/2025-04-19/1223213000.pdf
002103,广博股份,2024年年度报告,2025-04-12 00:00:00,1223067265,reports_raw/companies/002_sz_main/002103_广博股份/2024/1223067265.pdf,https://static.cninfo.com.cn/finalpage/2025-04-12/1223067265.PDF
002126,银轮股份,2024年年度报告,2025-04-19 00:00:00,1223155253,reports_raw/companies/002_sz_main/002126_银轮股份/2024/1223155253.pdf,https://static.cninfo.com.cn/finalpage/2025-04-19/1223155253.PDF
002154,报 喜 鸟,2024年年度报告,2025-04-19 00:00:00,1223144950,reports_raw/companies/002_sz_main/002154_报_喜_鸟/2024/1223144950.pdf,https://static.cninfo.com.cn/finalpage/2025-04-19/1223144950.PDF
002155,湖南黄金,2024年年度报告,2025-04-11 00:00:00,1223058050,reports_raw/companies/002_sz_main/002155_湖南黄金/2024/1223058050.pdf,https://static.cninfo.com.cn/finalpage/2025-04-11/1223058050.PDF
002156,通富微电,2024年年度报告,2025-04-12 00:00:00,1223070267,reports_raw/companies/002_sz_main/002156_通富微电/2024/1223070267.pdf,https://static.cninfo.com.cn/finalpage/2025-04-12/1223070267.PDF
002160,常铝股份,2024年年度报告,2025-04-18 00:00:00,1223122166,reports_raw/companies/002_sz_main/002160_常铝股份/2024/1223122166.pdf,https://static.cninfo.com.cn/finalpage/2025-04-18/1223122166.PDF
002167,东方锆业,2024年年度报告,2025-04-16 00:00:00,1223101744,reports_raw/companies/002_sz_main/002167_东方锆业/2024/1223101744.pdf,https://static.cninfo.com.cn/finalpage/2025-04-16/1223101744.PDF
002170,芭田股份,2024年年度报告,2025-04-15 00:00:00,1223091811,reports_raw/companies/002_sz_main/002170_芭田股份/2024/1223091811.pdf,https://static.cninfo.com.cn/finalpage/2025-04-15/1223091811.PDF
002172,澳洋健康,2024年年度报告,2025-04-15 00:00:00,1223094135,reports_raw/companies/002_sz_main/002172_澳洋健康/2024/1223094135.pdf,https://static.cninfo.com.cn/finalpage/2025-04-15/1223094135.PDF
002173,创新医疗,2024年年度报告,2025-04-12 00:00:00,1223068858,reports_raw/companies/002_sz_main/002173_创新医疗/2024/1223068858.pdf,https://static.cninfo.com.cn/finalpage/2025-04-12/1223068858.PDF
002180,纳思达,2024年年度报告,2025-04-12 00:00:00,1223072032,reports_raw/companies/002_sz_main/002180_纳思达/2024/1223072032.pdf,https://static.cninfo.com.cn/finalpage/2025-04-12/1223072032.PDF
002186,全 聚 德,2024年年度报告,2025-04-15 00:00:00,1223096137,reports_raw/companies/002_sz_main/002186_全_聚_德/2024/1223096137.pdf,https://static.cninfo.com.cn/finalpage/2025-04-15/1223096137.PDF
002196,方正电机,2024年年度报告,2025-04-16 00:00:00,1223102059,reports_raw/companies/002_sz_main/002196_方正电机/2024/1223102059.pdf,https://static.cninfo.com.cn/finalpage/2025-04-16/1223102059.PDF
002200,ST交投,2024年年度报告,2025-04-17 00:00:00,1223114015,reports_raw/companies/002_sz_main/002200_ST交投/2024/1223114015.pdf,https://static.cninfo.com.cn/finalpage/2025-04-17/1223114015.pdf
002204,大连重工,2024年年度报告,2025-04-17 00:00:00,1223109566,reports_raw/companies/002_sz_main/002204_大连重工/2024/1223109566.pdf,https://static.cninfo.com.cn/finalpage/2025-04-17/1223109566.PDF
002207,准油股份,2024年年度报告,2025-04-16 00:00:00,1223100521,reports_raw/companies/002_sz_main/002207_准油股份/2024/1223100521.pdf,https://static.cninfo.com.cn/finalpage/2025-04-16/1223100521.PDF
002212,天融信,2024年年度报告,2025-04-19 00:00:00,1223143764,reports_raw/companies/002_sz_main/002212_天融信/2024/1223143764.pdf,https://static.cninfo.com.cn/finalpage/2025-04-19/1223143764.PDF
002225,濮耐股份,2024年年度报告,2025-04-18 00:00:00,1223123481,reports_raw/companies/002_sz_main/002225_濮耐股份/2024/1223123481.pdf,https://static.cninfo.com.cn/finalpage/2025-04-18/1223123481.PDF
002226,江南化工,2024年年度报告,2025-04-17 00:00:00,1223110433,reports_raw/companies/002_sz_main/002226_江南化工/2024/1223110433.pdf,https://static.cninfo.com.cn/finalpage/2025-04-17/1223110433.PDF
002232,启明信息,2024年年度报告,2025-04-19 00:00:00,1223151810,reports_raw/companies/002_sz_main/002232_启明信息/2024/1223151810.pdf,https://static.cninfo.com.cn/finalpage/2025-04-19/1223151810.PDF
002238,天威视讯,2024年年度报告,2025-04-19 00:00:00,1223151025,reports_raw/companies/002_sz_main/002238_天威视讯/2024/1223151025.pdf,https://static.cninfo.com.cn/finalpage/2025-04-19/1223151025.PDF
002239,奥特佳,2024年年度报告,2025-04-19 00:00:00,1223155045,reports_raw/companies/002_sz_main/002239_奥特佳/2024/1223155045.pdf,https://static.cninfo.com.cn/finalpage/2025-04-19/1223155045.PDF
002247,聚力文化,2024年年度报告,2025-04-16 00:00:00,1223101270,reports_raw/companies/002_sz_main/002247_聚力文化/2024/1223101270.pdf,https://static.cninfo.com.cn/finalpage/2025-04-16/1223101270.PDF
002252,上海莱士,2024年年度报告,2025-04-18 00:00:00,1223128663,reports_raw/companies/002_sz_main/002252_上海莱士/2024/1223128663.pdf,https://static.cninfo.com.cn/finalpage/2025-04-18/1223128663.PDF
002254,泰和新材,2024年年度报告,2025-04-19 00:00:00,1223152382,reports_raw/companies/002_sz_main/002254_泰和新材/2024/1223152382.pdf,https://static.cninfo.com.cn/finalpage/2025-04-19/1223152382.PDF
002256,兆新股份,2024年年度报告,2025-04-18 00:00:00,1223127383,reports_raw/companies/002_sz_main/002256_兆新股份/2024/1223127383.pdf,https://static.cninfo.com.cn/finalpage/2025-04-18/1223127383.PDF
002270,华明装备,2024年年度报告,2025-04-11 00:00:00,1223055875,reports_raw/companies/002_sz_main/002270_华明装备/2024/1223055875.pdf,https://static.cninfo.com.cn/finalpage/2025-04-11/1223055875.PDF
002276,万马股份,2024年年度报告,2025-04-19 00:00:00,1223152940,reports_raw/companies/002_sz_main/002276_万马股份/2024/1223152940.pdf,https://static.cninfo.com.cn/finalpage/2025-04-19/1223152940.PDF
002299,圣农发展,2024年年度报告,2025-04-12 00:00:00,1223071100,reports_raw/companies/002_sz_main/002299_圣农发展/2024/1223071100.pdf,https://static.cninfo.com.cn/finalpage/2025-04-12/1223071100.PDF
002300,太阳电缆,2024年年度报告,2025-04-17 00:00:00,1223112807,reports_raw/companies/002_sz_main/002300_太阳电缆/2024/1223112807.pdf,https://static.cninfo.com.cn/finalpage/2025-04-17/1223112807.PDF
002303,美盈森,2024年年度报告,2025-04-15 00:00:00,1223093193,reports_raw/companies/002_sz_main/002303_美盈森/2024/1223093193.pdf,https://static.cninfo.com.cn/finalpage/2025-04-15/1223093193.PDF
002306,中科云网,2024年年度报告,2025-04-15 00:00:00,1223097499,reports_raw/companies/002_sz_main/002306_中科云网/2024/1223097499.pdf,https://static.cninfo.com.cn/finalpage/2025-04-15/1223097499.PDF
002321,华英农业,2024年年度报告,2025-04-19 00:00:00,1223152260,reports_raw/companies/002_sz_main/002321_华英农业/2024/1223152260.pdf,https://static.cninfo.com.cn/finalpage/2025-04-19/1223152260.PDF
002324,普利特,2024年年度报告,2025-04-19 00:00:00,1223153726,reports_raw/companies/002_sz_main/002324_普利特/2024/1223153726.pdf,https://static.cninfo.com.cn/finalpage/2025-04-19/1223153726.PDF
002330,得利斯,2024年年度报告,2025-04-16 00:00:00,1223101858,reports_raw/companies/002_sz_main/002330_得利斯/2024/1223101858.pdf,https://static.cninfo.com.cn/finalpage/2025-04-16/1223101858.PDF
002349,精华制药,2024年年度报告,2025-04-15 00:00:00,1223094609,reports_raw/companies/002_sz_main/002349_精华制药/2024/1223094609.pdf,https://static.cninfo.com.cn/finalpage/2025-04-15/1223094609.PDF
002354,天娱数科,2024年年度报告,2025-04-18 00:00:00,1223128415,reports_raw/companies/002_sz_main/002354_天娱数科/2024/1223128415.pdf,https://static.cninfo.com.cn/finalpage/2025-04-18/1223128415.PDF
002372,伟星新材,2024年年度报告,2025-04-16 00:00:00,1223102793,reports_raw/companies/002_sz_main/002372_伟星新材/2024/1223102793.pdf,https://static.cninfo.com.cn/finalpage/2025-04-16/1223102793.PDF
002373,千方科技,2024年年度报告,2025-04-19 00:00:00,1223150393,reports_raw/companies/002_sz_main/002373_千方科技/2024/1223150393.pdf,https://static.cninfo.com.cn/finalpage/2025-04-19/1223150393.PDF
002383,合众思壮,2024年年度报告,2025-04-18 00:00:00,1223123771,reports_raw/companies/002_sz_main/002383_合众思壮/2024/1223123771.pdf,https://static.cninfo.com.cn/finalpage/2025-04-18/1223123771.PDF
002390,信邦制药,2024年年度报告,2025-04-15 00:00:00,1223091721,reports_raw/companies/002_sz_main/002390_信邦制药/2024/1223091721.pdf,https://static.cninfo.com.cn/finalpage/2025-04-15/1223091721.PDF
002391,长青股份,2024年年度报告,2025-04-18 00:00:00,1223124406,reports_raw/companies/002_sz_main/002391_长青股份/2024/1223124406.pdf,https://static.cninfo.com.cn/finalpage/2025-04-18/1223124406.PDF
002395,双象股份,2024年年度报告,2025-04-15 00:00:00,1223091574,reports_raw/companies/002_sz_main/002395_双象股份/2024/1223091574.pdf,https://static.cninfo.com.cn/finalpage/2025-04-15/1223091574.PDF
002413,雷科防务,2024年年度报告,2025-04-19 00:00:00,1223149241,reports_raw/companies/002_sz_main/002413_雷科防务/2024/1223149241.pdf,https://static.cninfo.com.cn/finalpage/2025-04-19/1223149241.PDF
002415,海康威视,2024年年度报告,2025-04-19 00:00:00,1223153152,reports_raw/companies/002_sz_main/002415_海康威视/2024/1223153152.pdf,https://static.cninfo.com.cn/finalpage/2025-04-19/1223153152.PDF
002429,兆驰股份,2024年年度报告,2025-04-17 00:00:00,1223113522,reports_raw/companies/002_sz_main/002429_兆驰股份/2024/1223113522.pdf,https://static.cninfo.com.cn/finalpage/2025-04-17/1223113522.PDF
002438,江苏神通,2024年年度报告,2025-04-15 00:00:00,1223093730,reports_raw/companies/002_sz_main/002438_江苏神通/2024/1223093730.pdf,https://static.cninfo.com.cn/finalpage/2025-04-15/1223093730.PDF
002439,启明星辰,2024年年度报告,2025-04-15 00:00:00,1223095781,reports_raw/companies/002_sz_main/002439_启明星辰/2024/1223095781.pdf,https://static.cninfo.com.cn/finalpage/2025-04-15/1223095781.PDF
002445,中南文化,2024年年度报告,2025-04-19 00:00:00,1223149467,reports_raw/companies/002_sz_main/002445_中南文化/2024/1223149467.pdf,https://static.cninfo.com.cn/finalpage/2025-04-19/1223149467.PDF
002449,国星光电,2024年年度报告,2025-04-19 00:00:00,1223149662,reports_raw/companies/002_sz_main/002449_国星光电/2024/1223149662.pdf,https://static.cninfo.com.cn/finalpage/2025-04-19/1223149662.PDF
002471,中超控股,2024年年度报告,2025-04-15 00:00:00,1223094007,reports_raw/companies/002_sz_main/002471_中超控股/2024/1223094007.pdf,https://static.cninfo.com.cn/finalpage/2025-04-15/1223094007.PDF
002474,榕基软件,2024年年度报告,2025-04-18 00:00:00,1223122698,reports_raw/companies/002_sz_main/002474_榕基软件/2024/1223122698.pdf,https://static.cninfo.com.cn/finalpage/2025-04-18/1223122698.PDF
002479,富春环保,2024年年度报告,2025-04-15 00:00:00,1223096114,reports_raw/companies/002_sz_main/002479_富春环保/2024/1223096114.pdf,https://static.cninfo.com.cn/finalpage/2025-04-15/1223096114.PDF
002487,大金重工,2024年年度报告,2025-04-12 00:00:00,1223067849,reports_raw/companies/002_sz_main/002487_大金重工/2024/1223067849.pdf,https://static.cninfo.com.cn/finalpage/2025-04-12/1223067849.PDF
002492,恒基达鑫,2024年年度报告,2025-04-19 00:00:00,1223155398,reports_raw/companies/002_sz_main/002492_恒基达鑫/2024/1223155398.pdf,https://static.cninfo.com.cn/finalpage/2025-04-19/1223155398.PDF
002494,华斯股份,2024年年度报告,2025-04-16 00:00:00,1223099481,reports_raw/companies/002_sz_main/002494_华斯股份/2024/1223099481.pdf,https://static.cninfo.com.cn/finalpage/2025-04-16/1223099481.PDF
002521,齐峰新材,2024年年度报告,2025-04-12 00:00:00,1223069087,reports_raw/companies/002_sz_main/002521_齐峰新材/2024/1223069087.pdf,https://static.cninfo.com.cn/finalpage/2025-04-12/1223069087.PDF
002522,浙江众成,2024年年度报告,2025-04-19 00:00:00,1223145502,reports_raw/companies/002_sz_main/002522_浙江众成/2024/1223145502.pdf,https://static.cninfo.com.cn/finalpage/2025-04-19/1223145502.PDF
002532,天山铝业,2024年年度报告,2025-04-18 00:00:00,1223122101,reports_raw/companies/002_sz_main/002532_天山铝业/2024/1223122101.pdf,https://static.cninfo.com.cn/finalpage/2025-04-18/1223122101.PDF
002541,鸿路钢构,2024年年度报告,2025-04-18 00:00:00,1223127330,reports_raw/companies/002_sz_main/002541_鸿路钢构/2024/1223127330.pdf,https://static.cninfo.com.cn/finalpage/2025-04-18/1223127330.PDF
002548,金新农,2024年年度报告,2025-04-15 00:00:00,1223093006,reports_raw/companies/002_sz_main/002548_金新农/2024/1223093006.pdf,https://static.cninfo.com.cn/finalpage/2025-04-15/1223093006.PDF
002550,千红制药,2024年年度报告,2025-04-19 00:00:00,1223142459,reports_raw/companies/002_sz_main/002550_千红制药/2024/1223142459.pdf,https://static.cninfo.com.cn/finalpage/2025-04-19/1223142459.PDF
002555,三七互娱,2024年年度报告,2025-04-19 00:00:00,1223144140,reports_raw/companies/002_sz_main/002555_三七互娱/2024/1223144140.pdf,https://static.cninfo.com.cn/finalpage/2025-04-19/1223144140.PDF
002556,辉隆股份,2024年年度报告,2025-04-17 00:00:00,1223111192,reports_raw/companies/002_sz_main/002556_辉隆股份/2024/1223111192.pdf,https://static.cninfo.com.cn/finalpage/2025-04-17/1223111192.PDF
002566,益盛药业,2024年年度报告,2025-04-18 00:00:00,1223120990,reports_raw/companies/002_sz_main/002566_益盛药业/2024/1223120990.pdf,https://static.cninfo.com.cn/finalpage/2025-04-18/1223120990.PDF
002571,德力股份,2024年年度报告,2025-04-18 00:00:00,1223123367,reports_raw/companies/002_sz_main/002571_德力股份/2024/1223123367.pdf,https://static.cninfo.com.cn/finalpage/2025-04-18/1223123367.PDF
002573,清新环境,2024年年度报告,2025-04-18 00:00:00,1223128039,reports_raw/companies/002_sz_main/002573_清新环境/2024/1223128039.pdf,https://static.cninfo.com.cn/finalpage/2025-04-18/1223128039.PDF
002588,史丹利,2024年年度报告,2025-04-18 00:00:00,1223122753,reports_raw/companies/002_sz_main/002588_史丹利/2024/1223122753.pdf,https://static.cninfo.com.cn/finalpage/2025-04-18/1223122753.PDF
002590,万安科技,2024年年度报告,2025-04-11 00:00:00,1223056461,reports_raw/companies/002_sz_main/002590_万安科技/2024/1223056461.pdf,https://static.cninfo.com.cn/finalpage/2025-04-11/1223056461.PDF
002593,日上集团,2024年年度报告,2025-04-15 00:00:00,1223093551,reports_raw/companies/002_sz_main/002593_日上集团/2024/1223093551.pdf,https://static.cninfo.com.cn/finalpage/2025-04-15/1223093551.PDF
002596,海南瑞泽,2024年年度报告,2025-04-19 00:00:00,1223151570,reports_raw/companies/002_sz_main/002596_海南瑞泽/2024/1223151570.pdf,https://static.cninfo.com.cn/finalpage/2025-04-19/1223151570.PDF
002597,金禾实业,2024年年度报告,2025-04-18 00:00:00,1223125114,reports_raw/companies/002_sz_main/002597_金禾实业/2024/1223125114.pdf,https://static.cninfo.com.cn/finalpage/2025-04-18/1223125114.PDF
002631,德尔未来,2024年年度报告,2025-04-19 00:00:00,1223151446,reports_raw/companies/002_sz_main/002631_德尔未来/2024/1223151446.pdf,https://static.cninfo.com.cn/finalpage/2025-04-19/1223151446.PDF
002633,申科股份,2024年年度报告,2025-04-18 00:00:00,1223130843,reports_raw/companies/002_sz_main/002633_申科股份/2024/1223130843.pdf,https://static.cninfo.com.cn/finalpage/2025-04-18/1223130843.PDF
002653,海思科,2024年年度报告,2025-04-12 00:00:00,1223068553,reports_raw/companies/002_sz_main/002653_海思科/2024/1223068553.pdf,https://static.cninfo.com.cn/finalpage/2025-04-12/1223068553.PDF
002663,普邦股份,2024年年度报告,2025-04-16 00:00:00,1223100602,reports_raw/companies/002_sz_main/002663_普邦股份/2024/1223100602.pdf,https://static.cninfo.com.cn/finalpage/2025-04-16/1223100602.PDF
002664,信质集团,2024年年度报告,2025-04-18 00:00:00,1223126826,reports_raw/companies/002_sz_main/002664_信质集团/2024/1223126826.pdf,https://static.cninfo.com.cn/finalpage/2025-04-18/1223126826.PDF
002676,顺威股份,2024年年度报告,2025-04-15 00:00:00,1223092879,reports_raw/companies/002_sz_main/002676_顺威股份/2024/1223092879.pdf,https://static.cninfo.com.cn/finalpage/2025-04-15/1223092879.PDF
002685,华东重机,2024年年度报告,2025-04-11 00:00:00,1223055101,reports_raw/companies/002_sz_main/002685_华东重机/2024/1223055101.pdf,https://static.cninfo.com.cn/finalpage/2025-04-11/1223055101.PDF
002691,冀凯股份,2024年年度报告,2025-04-19 00:00:00,1223151262,reports_raw/companies/002_sz_main/002691_冀凯股份/2024/1223151262.pdf,https://static.cninfo.com.cn/finalpage/2025-04-19/1223151262.PDF
002695,煌上煌,2024年年度报告,2025-04-12 00:00:00,1223068321,reports_raw/companies/002_sz_main/002695_煌上煌/2024/1223068321.pdf,https://static.cninfo.com.cn/finalpage/2025-04-12/1223068321.PDF
002697,红旗连锁,2024年年度报告,2025-04-19 00:00:00,1223142268,reports_raw/companies/002_sz_main/002697_红旗连锁/2024/1223142268.pdf,https://static.cninfo.com.cn/finalpage/2025-04-19/1223142268.PDF
002709,天赐材料,2024年年度报告,2025-04-15 00:00:00,1223095035,reports_raw/companies/002_sz_main/002709_天赐材料/2024/1223095035.pdf,https://static.cninfo.com.cn/finalpage/2025-04-15/1223095035.PDF
002712,思美传媒,2024年年度报告,2025-04-19 00:00:00,1223147215,reports_raw/companies/002_sz_main/002712_思美传媒/2024/1223147215.pdf,https://static.cninfo.com.cn/finalpage/2025-04-19/1223147215.PDF
002734,利民股份,2024年年度报告,2025-04-18 00:00:00,1223126979,reports_raw/companies/002_sz_main/002734_利民股份/2024/1223126979.pdf,https://static.cninfo.com.cn/finalpage/2025-04-18/1223126979.PDF
002736,国信证券,2024年年度报告,2025-04-19 00:00:00,1223150227,reports_raw/companies/002_sz_main/002736_国信证券/2024/1223150227.pdf,https://static.cninfo.com.cn/finalpage/2025-04-19/1223150227.PDF
002757,南兴股份,2024年年度报告,2025-04-19 00:00:00,1223147381,reports_raw/companies/002_sz_main/002757_南兴股份/2024/1223147381.pdf,https://static.cninfo.com.cn/finalpage/2025-04-19/1223147381.PDF
002800,天顺股份,2024年年度报告,2025-04-18 00:00:00,1223124522,reports_raw/companies/002_sz_main/002800_天顺股份/2024/1223124522.pdf,https://static.cninfo.com.cn/finalpage/2025-04-18/1223124522.PDF
002815,崇达技术,2024年年度报告,2025-04-17 00:00:00,1223109893,reports_raw/companies/002_sz_main/002815_崇达技术/2024/1223109893.pdf,https://static.cninfo.com.cn/finalpage/2025-04-17/1223109893.PDF
002823,凯中精密,2024年年度报告,2025-04-16 00:00:00,1223101339,reports_raw/companies/002_sz_main/002823_凯中精密/2024/1223101339.pdf,https://static.cninfo.com.cn/finalpage/2025-04-16/1223101339.PDF
002828,贝肯能源,2024年年度报告,2025-04-18 00:00:00,1223121503,reports_raw/companies/002_sz_main/002828_贝肯能源/2024/1223121503.pdf,https://static.cninfo.com.cn/finalpage/2025-04-18/1223121503.PDF
002846,英联股份,2024年年度报告,2025-04-18 00:00:00,1223126245,reports_raw/companies/002_sz_main/002846_英联股份/2024/1223126245.pdf,https://static.cninfo.com.cn/finalpage/2025-04-18/1223126245.PDF
002850,科达利,2024年年度报告,2025-04-18 00:00:00,1223126375,reports_raw/companies/002_sz_main/002850_科达利/2024/1223126375.pdf,https://static.cninfo.com.cn/finalpage/2025-04-18/1223126375.PDF
002857,三晖电气,2024年年度报告,2025-04-16 00:00:00,1223099045,reports_raw/companies/002_sz_main/002857_三晖电气/2024/1223099045.pdf,https://static.cninfo.com.cn/finalpage/2025-04-16/1223099045.PDF
002859,洁美科技,2024年年度报告,2025-04-15 00:00:00,1223095077,reports_raw/companies/002_sz_main/002859_洁美科技/2024/1223095077.pdf,https://static.cninfo.com.cn/finalpage/2025-04-15/1223095077.PDF
002862,实丰文化,2024年年度报告,2025-04-15 00:00:00,1223095995,reports_raw/companies/002_sz_main/002862_实丰文化/2024/1223095995.pdf,https://static.cninfo.com.cn/finalpage/2025-04-15/1223095995.PDF
002884,凌霄泵业,2024年年度报告,2025-04-11 00:00:00,1223056727,reports_raw/companies/002_sz_main/002884_凌霄泵业/2024/1223056727.pdf,https://static.cninfo.com.cn/finalpage/2025-04-11/1223056727.PDF
002890,弘宇股份,2024年年度报告,2025-04-17 00:00:00,1223109941,reports_raw/companies/002_sz_main/002890_弘宇股份/2024/1223109941.pdf,https://static.cninfo.com.cn/finalpage/2025-04-17/1223109941.PDF
002896,中大力德,2024年年度报告,2025-04-18 00:00:00,1223126845,reports_raw/companies/002_sz_main/002896_中大力德/2024/1223126845.pdf,https://static.cninfo.com.cn/finalpage/2025-04-18/1223126845.PDF
002905,金逸影视,2024年年度报告,2025-04-15 00:00:00,1223095551,reports_raw/companies/002_sz_main/002905_金逸影视/2024/1223095551.pdf,https://static.cninfo.com.cn/finalpage/2025-04-15/1223095551.PDF
002918,蒙娜丽莎,2024年年度报告,2025-04-18 00:00:00,1223127298,reports_raw/companies/002_sz_main/002918_蒙娜丽莎/2024/1223127298.pdf,https://static.cninfo.com.cn/finalpage/2025-04-18/1223127298.PDF
002935,天奥电子,2024年年度报告,2025-04-12 00:00:00,1223068984,reports_raw/companies/002_sz_main/002935_天奥电子/2024/1223068984.pdf,https://static.cninfo.com.cn/finalpage/2025-04-12/1223068984.PDF
002960,青鸟消防,2024年年度报告,2025-04-15 00:00:00,1223096573,reports_raw/companies/002_sz_main/002960_青鸟消防/2024/1223096573.pdf,https://static.cninfo.com.cn/finalpage/2025-04-15/1223096573.PDF
002963,豪尔赛,2024年年度报告,2025-04-11 00:00:00,1223055465,reports_raw/companies/002_sz_main/002963_豪尔赛/2024/1223055465.pdf,https://static.cninfo.com.cn/finalpage/2025-04-11/1223055465.PDF
002980,华盛昌,2024年年度报告,2025-04-18 00:00:00,1223124792,reports_raw/companies/002_sz_main/002980_华盛昌/2024/1223124792.pdf,https://static.cninfo.com.cn/finalpage/2025-04-18/1223124792.PDF
002982,湘佳股份,2024年年度报告,2025-04-19 00:00:00,1223142535,reports_raw/companies/002_sz_main/002982_湘佳股份/2024/1223142535.pdf,https://static.cninfo.com.cn/finalpage/2025-04-19/1223142535.PDF
002987,京北方,2024年年度报告,2025-04-12 00:00:00,1223070467,reports_raw/companies/002_sz_main/002987_京北方/2024/1223070467.pdf,https://static.cninfo.com.cn/finalpage/2025-04-12/1223070467.PDF
002990,盛视科技,2024年年度报告,2025-04-12 00:00:00,1223070667,reports_raw/companies/002_sz_main/002990_盛视科技/2024/1223070667.pdf,https://static.cninfo.com.cn/finalpage/2025-04-12/1223070667.PDF
002991,甘源食品,2024年年度报告,2025-04-19 00:00:00,1223155852,reports_raw/companies/002_sz_main/002991_甘源食品/2024/1223155852.pdf,https://static.cninfo.com.cn/finalpage/2025-04-19/1223155852.PDF
002995,天地在线,2024年年度报告,2025-04-19 00:00:00,1223142648,reports_raw/companies/002_sz_main/002995_天地在线/2024/1223142648.pdf,https://static.cninfo.com.cn/finalpage/2025-04-19/1223142648.PDF
003001,中岩大地,2024年年度报告,2025-04-18 00:00:00,1223128217,reports_raw/companies/003_sz_main/003001_中岩大地/2024/1223128217.pdf,https://static.cninfo.com.cn/finalpage/2025-04-18/1223128217.PDF
003012,东鹏控股,2024年年度报告,2025-04-19 00:00:00,1223150769,reports_raw/companies/003_sz_main/003012_东鹏控股/2024/1223150769.pdf,https://static.cninfo.com.cn/finalpage/2025-04-19/1223150769.PDF
003015,日久光电,2024年年度报告,2025-04-15 00:00:00,1223091255,reports_raw/companies/003_sz_main/003015_日久光电/2024/1223091255.pdf,https://static.cninfo.com.cn/finalpage/2025-04-15/1223091255.PDF
003036,泰坦股份,2024年年度报告,2025-04-18 00:00:00,1223121074,reports_raw/companies/003_sz_main/003036_泰坦股份/2024/1223121074.pdf,https://static.cninfo.com.cn/finalpage/2025-04-18/1223121074.PDF
003040,楚天龙,2024年年度报告,2025-04-19 00:00:00,1223143862,reports_raw/companies/003_sz_main/003040_楚天龙/2024/1223143862.pdf,https://static.cninfo.com.cn/finalpage/2025-04-19/1223143862.PDF
200016,深康佳Ｂ,2024年年度报告（英文版）,2025-04-15 00:00:00,1223095842,reports_raw/companies/200_sz_b/200016_深康佳Ｂ/2024/1223095842.pdf,https://static.cninfo.com.cn/finalpage/2025-04-15/1223095842.PDF
200581,苏威孚Ｂ,2024年年度报告（英文版）,2025-04-18 00:00:00,1223125280,reports_raw/companies/200_sz_b/200581_苏威孚Ｂ/2024/1223125280.pdf,https://static.cninfo.com.cn/finalpage/2025-04-18/1223125280.PDF
200625,长  安Ｂ,2024年年度报告（英文版）,2025-04-11 00:00:00,1223057068,reports_raw/companies/200_sz_b/200625_长_安Ｂ/2024/1223057068.pdf,https://static.cninfo.com.cn/finalpage/2025-04-11/1223057068.PDF
200771,杭汽轮Ｂ,2024年年度报告,2025-04-15 00:00:00,1223096394,reports_raw/companies/200_sz_b/200771_杭汽轮Ｂ/2024/1223096394.pdf,https://static.cninfo.com.cn/finalpage/2025-04-15/1223096394.PDF
200869,张  裕Ｂ,2024年年度报告（英文版）,2025-04-18 00:00:00,1223125974,reports_raw/companies/200_sz_b/200869_张_裕Ｂ/2024/1223125974.pdf,https://static.cninfo.com.cn/finalpage/2025-04-18/1223125974.PDF
300003,乐普医疗,2024年年度报告,2025-04-19 00:00:00,1223154451,reports_raw/companies/300_chinext/300003_乐普医疗/2024/1223154451.pdf,https://static.cninfo.com.cn/finalpage/2025-04-19/1223154451.PDF
300012,华测检测,2024年年度报告,2025-04-18 00:00:00,1223121668,reports_raw/companies/300_chinext/300012_华测检测/2024/1223121668.pdf,https://static.cninfo.com.cn/finalpage/2025-04-18/1223121668.PDF
300013,*ST新宁,2024年年度报告,2025-04-16 00:00:00,1223099757,reports_raw/companies/300_chinext/300013_ST新宁/2024/1223099757.pdf,https://static.cninfo.com.cn/finalpage/2025-04-16/1223099757.PDF
300014,亿纬锂能,2024年年度报告,2025-04-18 00:00:00,1223125812,reports_raw/companies/300_chinext/300014_亿纬锂能/2024/1223125812.pdf,https://static.cninfo.com.cn/finalpage/2025-04-18/1223125812.PDF
300016,北陆药业,2024年年度报告,2025-04-18 00:00:00,1223128874,reports_raw/companies/300_chinext/300016_北陆药业/2024/1223128874.pdf,https://static.cninfo.com.cn/finalpage/2025-04-18/1223128874.PDF
300017,网宿科技,2024年年度报告,2025-04-15 00:00:00,1223092214,reports_raw/companies/300_chinext/300017_网宿科技/2024/1223092214.pdf,https://static.cninfo.com.cn/finalpage/2025-04-15/1223092214.PDF
300024,机器人,2024年年度报告,2025-04-19 00:00:00,1223152070,reports_raw/companies/300_chinext/300024_机器人/2024/1223152070.pdf,https://static.cninfo.com.cn/finalpage/2025-04-19/1223152070.PDF
300027,华谊兄弟,2024年年度报告,2025-04-19 00:00:00,1223150007,reports_raw/companies/300_chinext/300027_华谊兄弟/2024/1223150007.pdf,https://static.cninfo.com.cn/finalpage/2025-04-19/1223150007.PDF
300039,上海凯宝,2024年年度报告,2025-04-16 00:00:00,1223103081,reports_raw/companies/300_chinext/300039_上海凯宝/2024/1223103081.pdf,https://static.cninfo.com.cn/finalpage/2025-04-16/1223103081.PDF
300045,华力创通,2024年年度报告,2025-04-18 00:00:00,1223126757,reports_raw/companies/300_chinext/300045_华力创通/2024/1223126757.pdf,https://static.cninfo.com.cn/finalpage/2025-04-18/1223126757.PDF
300055,万邦达,2024年年度报告,2025-04-18 00:00:00,1223823789,reports_raw/companies/300_chinext/300055_万邦达/2024/1223823789.pdf,https://static.cninfo.com.cn/finalpage/2025-04-18/1223823789.pdf
300066,三川智慧,2024年年度报告,2025-04-19 00:00:00,1223146539,reports_raw/companies/300_chinext/300066_三川智慧/2024/1223146539.pdf,https://static.cninfo.com.cn/finalpage/2025-04-19/1223146539.PDF
300067,安诺其,2024年年度报告,2025-04-12 00:00:00,1223071038,reports_raw/companies/300_chinext/300067_安诺其/2024/1223071038.pdf,https://static.cninfo.com.cn/finalpage/2025-04-12/1223071038.PDF
300070,碧水源,2024年年度报告,2025-04-11 00:00:00,1223056798,reports_raw/companies/300_chinext/300070_碧水源/2024/1223056798.pdf,https://static.cninfo.com.cn/finalpage/2025-04-11/1223056798.PDF
300077,国民技术,2024年年度报告,2025-04-17 00:00:00,1223110736,reports_raw/companies/300_chinext/300077_国民技术/2024/1223110736.pdf,https://static.cninfo.com.cn/finalpage/2025-04-17/1223110736.PDF
300079,数码视讯,2024年年度报告,2025-04-18 00:00:00,1223124464,reports_raw/companies/300_chinext/300079_数码视讯/2024/1223124464.pdf,https://static.cninfo.com.cn/finalpage/2025-04-18/1223124464.PDF
300085,银之杰,2024年年度报告,2025-04-16 00:00:00,1223102021,reports_raw/companies/300_chinext/300085_银之杰/2024/1223102021.pdf,https://static.cninfo.com.cn/finalpage/2025-04-16/1223102021.PDF
300098,高新兴,2024年年度报告,2025-04-19 00:00:00,1223152469,reports_raw/companies/300_chinext/300098_高新兴/2024/1223152469.pdf,https://static.cninfo.com.cn/finalpage/2025-04-19/1223152469.PDF
300100,双林股份,2024年年度报告,2025-04-16 00:00:00,1223099836,reports_raw/companies/300_chinext/300100_双林股份/2024/1223099836.pdf,https://static.cninfo.com.cn/finalpage/2025-04-16/1223099836.PDF
300103,达刚控股,2024年年度报告,2025-04-19 00:00:00,1223145851,reports_raw/companies/300_chinext/300103_达刚控股/2024/1223145851.pdf,https://static.cninfo.com.cn/finalpage/2025-04-19/1223145851.PDF
300107,建新股份,2024年年度报告,2025-04-19 00:00:00,1223146873,reports_raw/companies/300_chinext/300107_建新股份/2024/1223146873.pdf,https://static.cninfo.com.cn/finalpage/2025-04-19/1223146873.PDF
300109,新开源,2024年年度报告,2025-04-19 00:00:00,1223143299,reports_raw/companies/300_chinext/300109_新开源/2024/1223143299.pdf,https://static.cninfo.com.cn/finalpage/2025-04-19/1223143299.PDF
300111,向日葵,2024年年度报告,2025-04-18 00:00:00,1223126190,reports_raw/companies/300_chinext/300111_向日葵/2024/1223126190.pdf,https://static.cninfo.com.cn/finalpage/2025-04-18/1223126190.PDF
300113,顺网科技,2024年年度报告,2025-04-18 00:00:00,1223124352,reports_raw/companies/300_chinext/300113_顺网科技/2024/1223124352.pdf,https://static.cninfo.com.cn/finalpage/2025-04-18/1223124352.PDF
300115,长盈精密,2024年年度报告,2025-04-18 00:00:00,1223124284,reports_raw/companies/300_chinext/300115_长盈精密/2024/1223124284.pdf,https://static.cninfo.com.cn/finalpage/2025-04-18/1223124284.PDF
300117,*ST嘉寓,2024年年度报告,2025-04-19 00:00:00,1223157030,reports_raw/companies/300_chinext/300117_ST嘉寓/2024/1223157030.pdf,https://static.cninfo.com.cn/finalpage/2025-04-19/1223157030.PDF
300126,锐奇股份,2024年年度报告,2025-04-18 00:00:00,1223124076,reports_raw/companies/300_chinext/300126_锐奇股份/2024/1223124076.pdf,https://static.cninfo.com.cn/finalpage/2025-04-18/1223124076.PDF
300129,泰胜风能,2024年年度报告,2025-04-19 00:00:00,1223148035,reports_raw/companies/300_chinext/300129_泰胜风能/2024/1223148035.pdf,https://static.cninfo.com.cn/finalpage/2025-04-19/1223148035.PDF
300133,华策影视,2024年年度报告,2025-04-18 00:00:00,1223124392,reports_raw/companies/300_chinext/300133_华策影视/2024/1223124392.pdf,https://static.cninfo.com.cn/finalpage/2025-04-18/1223124392.PDF
300139,晓程科技,2024年年度报告,2025-04-17 00:00:00,1223307934,reports_raw/companies/300_chinext/300139_晓程科技/2024/1223307934.pdf,https://static.cninfo.com.cn/finalpage/2025-04-17/1223307934.pdf
300142,沃森生物,2024年年度报告,2025-04-12 00:00:00,1223069232,reports_raw/companies/300_chinext/300142_沃森生物/2024/1223069232.pdf,https://static.cninfo.com.cn/finalpage/2025-04-12/1223069232.PDF
300160,秀强股份,2024年年度报告,2025-04-17 00:00:00,1223110314,reports_raw/companies/300_chinext/300160_秀强股份/2024/1223110314.pdf,https://static.cninfo.com.cn/finalpage/2025-04-17/1223110314.PDF
300164,通源石油,2024年年度报告,2025-04-11 00:00:00,1223056587,reports_raw/companies/300_chinext/300164_通源石油/2024/1223056587.pdf,https://static.cninfo.com.cn/finalpage/2025-04-11/1223056587.PDF
300177,中海达,2024年年度报告,2025-04-16 00:00:00,1223103459,reports_raw/companies/300_chinext/300177_中海达/2024/1223103459.pdf,https://static.cninfo.com.cn/finalpage/2025-04-16/1223103459.PDF
300184,力源信息,2024年年度报告,2025-04-19 00:00:00,1223147867,reports_raw/companies/300_chinext/300184_力源信息/2024/1223147867.pdf,https://static.cninfo.com.cn/finalpage/2025-04-19/1223147867.PDF
300196,长海股份,2024年年度报告,2025-04-19 00:00:00,1223146064,reports_raw/companies/300_chinext/300196_长海股份/2024/1223146064.pdf,https://static.cninfo.com.cn/finalpage/2025-04-19/1223146064.PDF
300201,海伦哲,2024年年度报告,2025-04-15 00:00:00,1223095290,reports_raw/companies/300_chinext/300201_海伦哲/2024/1223095290.pdf,https://static.cninfo.com.cn/finalpage/2025-04-15/1223095290.PDF
300209,*ST有树,2024年年度报告,2025-04-18 00:00:00,1223126766,reports_raw/companies/300_chinext/300209_ST有树/2024/1223126766.pdf,https://static.cninfo.com.cn/finalpage/2025-04-18/1223126766.PDF
300214,日科化学,2024年年度报告,2025-04-18 00:00:00,1223129427,reports_raw/companies/300_chinext/300214_日科化学/2024/1223129427.pdf,https://static.cninfo.com.cn/finalpage/2025-04-18/1223129427.PDF
300218,安利股份,2024年年度报告,2025-04-15 00:00:00,1223096246,reports_raw/companies/300_chinext/300218_安利股份/2024/1223096246.pdf,https://static.cninfo.com.cn/finalpage/2025-04-15/1223096246.PDF
300222,科大智能,2024年年度报告,2025-04-19 00:00:00,1223147967,reports_raw/companies/300_chinext/300222_科大智能/2024/1223147967.pdf,https://static.cninfo.com.cn/finalpage/2025-04-19/1223147967.PDF
300223,北京君正,2024年年度报告,2025-04-19 00:00:00,1223154348,reports_raw/companies/300_chinext/300223_北京君正/2024/1223154348.pdf,https://static.cninfo.com.cn/finalpage/2025-04-19/1223154348.PDF
300228,富瑞特装,2024年年度报告,2025-04-12 00:00:00,1223068709,reports_raw/companies/300_chinext/300228_富瑞特装/2024/1223068709.pdf,https://static.cninfo.com.cn/finalpage/2025-04-12/1223068709.PDF
300229,拓尔思,2024年年度报告,2025-04-18 00:00:00,1223130052,reports_raw/companies/300_chinext/300229_拓尔思/2024/1223130052.pdf,https://static.cninfo.com.cn/finalpage/2025-04-18/1223130052.PDF
300234,开尔新材,2024年年度报告,2025-04-12 00:00:00,1223069134,reports_raw/companies/300_chinext/300234_开尔新材/2024/1223069134.pdf,https://static.cninfo.com.cn/finalpage/2025-04-12/1223069134.PDF
300236,上海新阳,2024年年度报告,2025-04-18 00:00:00,1223141520,reports_raw/companies/300_chinext/300236_上海新阳/2024/1223141520.pdf,https://static.cninfo.com.cn/finalpage/2025-04-18/1223141520.pdf
300240,飞力达,2024年年度报告,2025-04-19 00:00:00,1223143890,reports_raw/companies/300_chinext/300240_飞力达/2024/1223143890.pdf,https://static.cninfo.com.cn/finalpage/2025-04-19/1223143890.PDF
300242,佳云科技,2024年年度报告,2025-04-18 00:00:00,1223126548,reports_raw/companies/300_chinext/300242_佳云科技/2024/1223126548.pdf,https://static.cninfo.com.cn/finalpage/2025-04-18/1223126548.PDF
300253,卫宁健康,2024年年度报告,2025-04-19 00:00:00,1223150539,reports_raw/companies/300_chinext/300253_卫宁健康/2024/1223150539.pdf,https://static.cninfo.com.cn/finalpage/2025-04-19/1223150539.PDF
300254,仟源医药,2024年年度报告,2025-04-15 00:00:00,1223095667,reports_raw/companies/300_chinext/300254_仟源医药/2024/1223095667.pdf,https://static.cninfo.com.cn/finalpage/2025-04-15/1223095667.PDF
300258,精锻科技,2024年年度报告,2025-04-19 00:00:00,1223153202,reports_raw/companies/300_chinext/300258_精锻科技/2024/1223153202.pdf,https://static.cninfo.com.cn/finalpage/2025-04-19/1223153202.PDF
300259,新天科技,2024年年度报告,2025-04-19 00:00:00,1223143518,reports_raw/companies/300_chinext/300259_新天科技/2024/1223143518.pdf,https://static.cninfo.com.cn/finalpage/2025-04-19/1223143518.PDF
300265,通光线缆,2024年年度报告,2025-04-19 00:00:00,1223153747,reports_raw/companies/300_chinext/300265_通光线缆/2024/1223153747.pdf,https://static.cninfo.com.cn/finalpage/2025-04-19/1223153747.PDF
300269,联建光电,2024年年度报告,2025-04-16 00:00:00,1223100175,reports_raw/companies/300_chinext/300269_联建光电/2024/1223100175.pdf,https://static.cninfo.com.cn/finalpage/2025-04-16/1223100175.PDF
300271,华宇软件,2024年年度报告,2025-04-19 00:00:00,1223152333,reports_raw/companies/300_chinext/300271_华宇软件/2024/1223152333.pdf,https://static.cninfo.com.cn/finalpage/2025-04-19/1223152333.PDF
300275,梅安森,2024年年度报告,2025-04-17 00:00:00,1223107572,reports_raw/companies/300_chinext/300275_梅安森/2024/1223107572.pdf,https://static.cninfo.com.cn/finalpage/2025-04-17/1223107572.PDF
300278,华昌达,2024年年度报告,2025-04-18 00:00:00,1223122972,reports_raw/companies/300_chinext/300278_华昌达/2024/1223122972.pdf,https://static.cninfo.com.cn/finalpage/2025-04-18/1223122972.PDF
300279,和晶科技,2024年年度报告,2025-04-19 00:00:00,1223150189,reports_raw/companies/300_chinext/300279_和晶科技/2024/1223150189.pdf,https://static.cninfo.com.cn/finalpage/2025-04-19/1223150189.PDF
300283,温州宏丰,2024年年度报告,2025-04-18 00:00:00,1223127836,reports_raw/companies/300_chinext/300283_温州宏丰/2024/1223127836.pdf,https://static.cninfo.com.cn/finalpage/2025-04-18/1223127836.PDF
300284,苏交科,2024年年度报告,2025-04-15 00:00:00,1223096868,reports_raw/companies/300_chinext/300284_苏交科/2024/1223096868.pdf,https://static.cninfo.com.cn/finalpage/2025-04-15/1223096868.PDF
300286,安科瑞,2024年年度报告,2025-04-19 00:00:00,1223148625,reports_raw/companies/300_chinext/300286_安科瑞/2024/1223148625.pdf,https://static.cninfo.com.cn/finalpage/2025-04-19/1223148625.PDF
300303,聚飞光电,2024年年度报告,2025-04-19 00:00:00,1223155546,reports_raw/companies/300_chinext/300303_聚飞光电/2024/1223155546.pdf,https://static.cninfo.com.cn/finalpage/2025-04-19/1223155546.PDF
300305,裕兴股份,2024年年度报告,2025-04-17 00:00:00,1223110880,reports_raw/companies/300_chinext/300305_裕兴股份/2024/1223110880.pdf,https://static.cninfo.com.cn/finalpage/2025-04-17/1223110880.pdf
300306,远方信息,2024年年度报告,2025-04-16 00:00:00,1223099682,reports_raw/companies/300_chinext/300306_远方信息/2024/1223099682.pdf,https://static.cninfo.com.cn/finalpage/2025-04-16/1223099682.PDF
300307,慈星股份,2024年年度报告,2025-04-16 00:00:00,1223100229,reports_raw/companies/300_chinext/300307_慈星股份/2024/1223100229.pdf,https://static.cninfo.com.cn/finalpage/2025-04-16/1223100229.PDF
300316,晶盛机电,2024年年度报告,2025-04-19 00:00:00,1223152654,reports_raw/companies/300_chinext/300316_晶盛机电/2024/1223152654.pdf,https://static.cninfo.com.cn/finalpage/2025-04-19/1223152654.PDF
300324,旋极信息,2024年年度报告,2025-04-19 00:00:00,1223155465,reports_raw/companies/300_chinext/300324_旋极信息/2024/1223155465.pdf,https://static.cninfo.com.cn/finalpage/2025-04-19/1223155465.PDF
300329,海伦钢琴,2024年年度报告,2025-04-18 00:00:00,1223126959,reports_raw/companies/300_chinext/300329_海伦钢琴/2024/1223126959.pdf,https://static.cninfo.com.cn/finalpage/2025-04-18/1223126959.PDF
300337,银邦股份,2024年年度报告,2025-04-18 00:00:00,1223120427,reports_raw/companies/300_chinext/300337_银邦股份/2024/1223120427.pdf,https://static.cninfo.com.cn/finalpage/2025-04-18/1223120427.PDF
300342,天银机电,2024年年度报告,2025-04-12 00:00:00,1223068979,reports_raw/companies/300_chinext/300342_天银机电/2024/1223068979.pdf,https://static.cninfo.com.cn/finalpage/2025-04-12/1223068979.PDF
300348,长亮科技,2024年年度报告,2025-04-18 00:00:00,1223129154,reports_raw/companies/300_chinext/300348_长亮科技/2024/1223129154.pdf,https://static.cninfo.com.cn/finalpage/2025-04-18/1223129154.PDF
300354,东华测试,2024年年度报告,2025-04-18 00:00:00,1223128605,reports_raw/companies/300_chinext/300354_东华测试/2024/1223128605.pdf,https://static.cninfo.com.cn/finalpage/2025-04-18/1223128605.PDF
300357,我武生物,2024年年度报告,2025-04-19 00:00:00,1223145501,reports_raw/companies/300_chinext/300357_我武生物/2024/1223145501.pdf,https://static.cninfo.com.cn/finalpage/2025-04-19/1223145501.PDF
300365,恒华科技,2024年年度报告,2025-04-19 00:00:00,1223150886,reports_raw/companies/300_chinext/300365_恒华科技/2024/1223150886.pdf,https://static.cninfo.com.cn/finalpage/2025-04-19/1223150886.PDF
300370,安控科技,2024年年度报告,2025-04-18 00:00:00,1223124768,reports_raw/companies/300_chinext/300370_安控科技/2024/1223124768.pdf,https://static.cninfo.com.cn/finalpage/2025-04-18/1223124768.pdf
300371,汇中股份,2024年年度报告,2025-04-18 00:00:00,1223123325,reports_raw/companies/300_chinext/300371_汇中股份/2024/1223123325.pdf,https://static.cninfo.com.cn/finalpage/2025-04-18/1223123325.PDF
300381,溢多利,2024年年度报告,2025-04-19 00:00:00,1223149453,reports_raw/companies/300_chinext/300381_溢多利/2024/1223149453.pdf,https://static.cninfo.com.cn/finalpage/2025-04-19/1223149453.PDF
300383,光环新网,2024年年度报告,2025-04-19 00:00:00,1223150812,reports_raw/companies/300_chinext/300383_光环新网/2024/1223150812.pdf,https://static.cninfo.com.cn/finalpage/2025-04-19/1223150812.PDF
300386,飞天诚信,2024年年度报告,2025-04-18 00:00:00,1223121791,reports_raw/companies/300_chinext/300386_飞天诚信/2024/1223121791.pdf,https://static.cninfo.com.cn/finalpage/2025-04-18/1223121791.PDF
300399,天利科技,2024年年度报告,2025-04-18 00:00:00,1223128557,reports_raw/companies/300_chinext/300399_天利科技/2024/1223128557.pdf,https://static.cninfo.com.cn/finalpage/2025-04-18/1223128557.PDF
300412,迦南科技,2024年年度报告,2025-04-19 00:00:00,1223141736,reports_raw/companies/300_chinext/300412_迦南科技/2024/1223141736.pdf,https://static.cninfo.com.cn/finalpage/2025-04-19/1223141736.PDF
300414,中光防雷,2024年年度报告,2025-04-18 00:00:00,1223122531,reports_raw/companies/300_chinext/300414_中光防雷/2024/1223122531.pdf,https://static.cninfo.com.cn/finalpage/2025-04-18/1223122531.PDF
300420,五洋自控,2024年年度报告,2025-04-19 00:00:00,1223152526,reports_raw/companies/300_chinext/300420_五洋自控/2024/1223152526.pdf,https://static.cninfo.com.cn/finalpage/2025-04-19/1223152526.PDF
300435,中泰股份,2024年年度报告,2025-04-18 00:00:00,1223122440,reports_raw/companies/300_chinext/300435_中泰股份/2024/1223122440.pdf,https://static.cninfo.com.cn/finalpage/2025-04-18/1223122440.PDF
300436,广生堂,2024年年度报告,2025-04-18 00:00:00,1223129797,reports_raw/companies/300_chinext/300436_广生堂/2024/1223129797.pdf,https://static.cninfo.com.cn/finalpage/2025-04-18/1223129797.PDF
300439,美康生物,2024年年度报告,2025-04-19 00:00:00,1223141782,reports_raw/companies/300_chinext/300439_美康生物/2024/1223141782.pdf,https://static.cninfo.com.cn/finalpage/2025-04-19/1223141782.PDF
300440,运达科技,2024年年度报告,2025-04-19 00:00:00,1223153671,reports_raw/companies/300_chinext/300440_运达科技/2024/1223153671.pdf,https://static.cninfo.com.cn/finalpage/2025-04-19/1223153671.PDF
300444,双杰电气,2024年年度报告,2025-04-16 00:00:00,1223101502,reports_raw/companies/300_chinext/300444_双杰电气/2024/1223101502.pdf,https://static.cninfo.com.cn/finalpage/2025-04-16/1223101502.PDF
300451,创业慧康,2024年年度报告,2025-04-15 00:00:00,1223093821,reports_raw/companies/300_chinext/300451_创业慧康/2024/1223093821.pdf,https://static.cninfo.com.cn/finalpage/2025-04-15/1223093821.PDF
300470,中密控股,2024年年度报告,2025-04-15 00:00:00,1223092159,reports_raw/companies/300_chinext/300470_中密控股/2024/1223092159.pdf,https://static.cninfo.com.cn/finalpage/2025-04-15/1223092159.PDF
300486,东杰智能,2024年年度报告,2025-04-18 00:00:00,1223125086,reports_raw/companies/300_chinext/300486_东杰智能/2024/1223125086.pdf,https://static.cninfo.com.cn/finalpage/2025-04-18/1223125086.PDF
300501,海顺新材,2024年年度报告,2025-04-18 00:00:00,1223123393,reports_raw/companies/300_chinext/300501_海顺新材/2024/1223123393.pdf,https://static.cninfo.com.cn/finalpage/2025-04-18/1223123393.PDF
300507,苏奥传感,2024年年度报告,2025-04-18 00:00:00,1223127453,reports_raw/companies/300_chinext/300507_苏奥传感/2024/1223127453.pdf,https://static.cninfo.com.cn/finalpage/2025-04-18/1223127453.PDF
300527,中船应急,2024年年度报告,2025-04-19 00:00:00,1223146333,reports_raw/companies/300_chinext/300527_中船应急/2024/1223146333.pdf,https://static.cninfo.com.cn/finalpage/2025-04-19/1223146333.PDF
300528,幸福蓝海,2024年年度报告,2025-04-12 00:00:00,1223070944,reports_raw/companies/300_chinext/300528_幸福蓝海/2024/1223070944.pdf,https://static.cninfo.com.cn/finalpage/2025-04-12/1223070944.PDF
300529,健帆生物,2024年年度报告,2025-04-16 00:00:00,1223100821,reports_raw/companies/300_chinext/300529_健帆生物/2024/1223100821.pdf,https://static.cninfo.com.cn/finalpage/2025-04-16/1223100821.PDF
300535,达威股份,2024年年度报告,2025-04-19 00:00:00,1223153235,reports_raw/companies/300_chinext/300535_达威股份/2024/1223153235.pdf,https://static.cninfo.com.cn/finalpage/2025-04-19/1223153235.PDF
300536,*ST农尚,2024年年度报告,2025-04-15 00:00:00,1223096620,reports_raw/companies/300_chinext/300536_ST农尚/2024/1223096620.pdf,https://static.cninfo.com.cn/finalpage/2025-04-15/1223096620.PDF
300540,蜀道装备,2024年年度报告,2025-04-17 00:00:00,1223107450,reports_raw/companies/300_chinext/300540_蜀道装备/2024/1223107450.pdf,https://static.cninfo.com.cn/finalpage/2025-04-17/1223107450.PDF
300541,先进数通,2024年年度报告,2025-04-15 00:00:00,1223096326,reports_raw/companies/300_chinext/300541_先进数通/2024/1223096326.pdf,https://static.cninfo.com.cn/finalpage/2025-04-15/1223096326.PDF
300552,万集科技,2024年年度报告,2025-04-12 00:00:00,1223072050,reports_raw/companies/300_chinext/300552_万集科技/2024/1223072050.pdf,https://static.cninfo.com.cn/finalpage/2025-04-12/1223072050.PDF
300557,理工光科,2024年年度报告,2025-04-17 00:00:00,1223112069,reports_raw/companies/300_chinext/300557_理工光科/2024/1223112069.pdf,https://static.cninfo.com.cn/finalpage/2025-04-17/1223112069.PDF
300558,贝达药业,2024年年度报告,2025-04-18 00:00:00,1223125998,reports_raw/companies/300_chinext/300558_贝达药业/2024/1223125998.pdf,https://static.cninfo.com.cn/finalpage/2025-04-18/1223125998.PDF
300559,佳发教育,2024年年度报告,2025-04-19 00:00:00,1223145330,reports_raw/companies/300_chinext/300559_佳发教育/2024/1223145330.pdf,https://static.cninfo.com.cn/finalpage/2025-04-19/1223145330.PDF
300602,飞荣达,2024年年度报告,2025-04-16 00:00:00,1223100760,reports_raw/companies/300_chinext/300602_飞荣达/2024/1223100760.pdf,https://static.cninfo.com.cn/finalpage/2025-04-16/1223100760.PDF
300608,思特奇,2024年年度报告,2025-04-16 00:00:00,1223103284,reports_raw/companies/300_chinext/300608_思特奇/2024/1223103284.pdf,https://static.cninfo.com.cn/finalpage/2025-04-16/1223103284.PDF
300610,晨化股份,2024年年度报告,2025-04-18 00:00:00,1223128133,reports_raw/companies/300_chinext/300610_晨化股份/2024/1223128133.pdf,https://static.cninfo.com.cn/finalpage/2025-04-18/1223128133.PDF
300612,宣亚国际,2024年年度报告,2025-04-18 00:00:00,1223125903,reports_raw/companies/300_chinext/300612_宣亚国际/2024/1223125903.pdf,https://static.cninfo.com.cn/finalpage/2025-04-18/1223125903.PDF
300613,富瀚微,2024年年度报告,2025-04-12 00:00:00,1223071874,reports_raw/companies/300_chinext/300613_富瀚微/2024/1223071874.pdf,https://static.cninfo.com.cn/finalpage/2025-04-12/1223071874.PDF
300618,寒锐钴业,2024年年度报告,2025-04-18 00:00:00,1223123636,reports_raw/companies/300_chinext/300618_寒锐钴业/2024/1223123636.pdf,https://static.cninfo.com.cn/finalpage/2025-04-18/1223123636.PDF
300621,维业股份,2024年年度报告,2025-04-19 00:00:00,1223148412,reports_raw/companies/300_chinext/300621_维业股份/2024/1223148412.pdf,https://static.cninfo.com.cn/finalpage/2025-04-19/1223148412.PDF
300622,博士眼镜,2024年年度报告,2025-04-15 00:00:00,1223094780,reports_raw/companies/300_chinext/300622_博士眼镜/2024/1223094780.pdf,https://static.cninfo.com.cn/finalpage/2025-04-15/1223094780.PDF
300623,捷捷微电,2024年年度报告,2025-04-16 00:00:00,1223100873,reports_raw/companies/300_chinext/300623_捷捷微电/2024/1223100873.pdf,https://static.cninfo.com.cn/finalpage/2025-04-16/1223100873.PDF
300627,华测导航,2024年年度报告,2025-04-18 00:00:00,1223129564,reports_raw/companies/300_chinext/300627_华测导航/2024/1223129564.pdf,https://static.cninfo.com.cn/finalpage/2025-04-18/1223129564.PDF
300633,开立医疗,2024年年度报告,2025-04-12 00:00:00,1223068285,reports_raw/companies/300_chinext/300633_开立医疗/2024/1223068285.pdf,https://static.cninfo.com.cn/finalpage/2025-04-12/1223068285.PDF
300634,彩讯股份,2024年年度报告,2025-04-12 00:00:00,1223071251,reports_raw/companies/300_chinext/300634_彩讯股份/2024/1223071251.pdf,https://static.cninfo.com.cn/finalpage/2025-04-12/1223071251.PDF
300638,广和通,2024年年度报告,2025-04-19 00:00:00,1223152460,reports_raw/companies/300_chinext/300638_广和通/2024/1223152460.pdf,https://static.cninfo.com.cn/finalpage/2025-04-19/1223152460.PDF
300641,正丹股份,2024年年度报告,2025-04-16 00:00:00,1223100263,reports_raw/companies/300_chinext/300641_正丹股份/2024/1223100263.pdf,https://static.cninfo.com.cn/finalpage/2025-04-16/1223100263.PDF
300642,透景生命,2024年年度报告,2025-04-19 00:00:00,1223153663,reports_raw/companies/300_chinext/300642_透景生命/2024/1223153663.pdf,https://static.cninfo.com.cn/finalpage/2025-04-19/1223153663.PDF
300644,南京聚隆,2024年年度报告,2025-04-18 00:00:00,1223126329,reports_raw/companies/300_chinext/300644_南京聚隆/2024/1223126329.pdf,https://static.cninfo.com.cn/finalpage/2025-04-18/1223126329.PDF
300653,正海生物,2024年年度报告,2025-04-15 00:00:00,1223095612,reports_raw/companies/300_chinext/300653_正海生物/2024/1223095612.pdf,https://static.cninfo.com.cn/finalpage/2025-04-15/1223095612.PDF
300654,世纪天鸿,2024年年度报告,2025-04-15 00:00:00,1223092705,reports_raw/companies/300_chinext/300654_世纪天鸿/2024/1223092705.pdf,https://static.cninfo.com.cn/finalpage/2025-04-15/1223092705.PDF
300656,民德电子,2024年年度报告,2025-04-19 00:00:00,1223149696,reports_raw/companies/300_chinext/300656_民德电子/2024/1223149696.pdf,https://static.cninfo.com.cn/finalpage/2025-04-19/1223149696.PDF
300666,江丰电子,2024年年度报告,2025-04-16 00:00:00,1223102295,reports_raw/companies/300_chinext/300666_江丰电子/2024/1223102295.pdf,https://static.cninfo.com.cn/finalpage/2025-04-16/1223102295.PDF
300671,富满微,2024年年度报告,2025-04-19 00:00:00,1223153394,reports_raw/companies/300_chinext/300671_富满微/2024/1223153394.pdf,https://static.cninfo.com.cn/finalpage/2025-04-19/1223153394.PDF
300673,佩蒂股份,2024年年度报告,2025-04-19 00:00:00,1223145456,reports_raw/companies/300_chinext/300673_佩蒂股份/2024/1223145456.pdf,https://static.cninfo.com.cn/finalpage/2025-04-19/1223145456.PDF
300688,创业黑马,2024年年度报告,2025-04-18 00:00:00,1223122548,reports_raw/companies/300_chinext/300688_创业黑马/2024/1223122548.pdf,https://static.cninfo.com.cn/finalpage/2025-04-18/1223122548.PDF
300690,双一科技,2024年年度报告,2025-04-19 00:00:00,1223147114,reports_raw/companies/300_chinext/300690_双一科技/2024/1223147114.pdf,https://static.cninfo.com.cn/finalpage/2025-04-19/1223147114.pdf
300694,蠡湖股份,2024年年度报告,2025-04-18 00:00:00,1223126422,reports_raw/companies/300_chinext/300694_蠡湖股份/2024/1223126422.pdf,https://static.cninfo.com.cn/finalpage/2025-04-18/1223126422.PDF
300698,万马科技,2024年年度报告,2025-04-15 00:00:00,1223095931,reports_raw/companies/300_chinext/300698_万马科技/2024/1223095931.pdf,https://static.cninfo.com.cn/finalpage/2025-04-15/1223095931.PDF
300702,天宇股份,2024年年度报告,2025-04-18 00:00:00,1223125263,reports_raw/companies/300_chinext/300702_天宇股份/2024/1223125263.pdf,https://static.cninfo.com.cn/finalpage/2025-04-18/1223125263.PDF
300715,凯伦股份,2024年年度报告,2025-04-19 00:00:00,1223143379,reports_raw/companies/300_chinext/300715_凯伦股份/2024/1223143379.pdf,https://static.cninfo.com.cn/finalpage/2025-04-19/1223143379.PDF
300717,华信新材,2024年年度报告,2025-04-16 00:00:00,1223100343,reports_raw/companies/300_chinext/300717_华信新材/2024/1223100343.pdf,https://static.cninfo.com.cn/finalpage/2025-04-16/1223100343.PDF
300732,设研院,2024年年度报告,2025-04-17 00:00:00,1223111691,reports_raw/companies/300_chinext/300732_设研院/2024/1223111691.pdf,https://static.cninfo.com.cn/finalpage/2025-04-17/1223111691.PDF
300747,锐科激光,2024年年度报告,2025-04-18 00:00:00,1223129045,reports_raw/companies/300_chinext/300747_锐科激光/2024/1223129045.pdf,https://static.cninfo.com.cn/finalpage/2025-04-18/1223129045.PDF
300753,爱朋医疗,2024年年度报告,2025-04-19 00:00:00,1223152898,reports_raw/companies/300_chinext/300753_爱朋医疗/2024/1223152898.pdf,https://static.cninfo.com.cn/finalpage/2025-04-19/1223152898.PDF
300755,华致酒行,2024年年度报告,2025-04-18 00:00:00,1223127715,reports_raw/companies/300_chinext/300755_华致酒行/2024/1223127715.pdf,https://static.cninfo.com.cn/finalpage/2025-04-18/1223127715.PDF
300758,七彩化学,2024年年度报告,2025-04-18 00:00:00,1223130230,reports_raw/companies/300_chinext/300758_七彩化学/2024/1223130230.pdf,https://static.cninfo.com.cn/finalpage/2025-04-18/1223130230.PDF
300767,震安科技,2024年年度报告,2025-04-19 00:00:00,1223146156,reports_raw/companies/300_chinext/300767_震安科技/2024/1223146156.pdf,https://static.cninfo.com.cn/finalpage/2025-04-19/1223146156.PDF
300768,迪普科技,2024年年度报告,2025-04-15 00:00:00,1223096044,reports_raw/companies/300_chinext/300768_迪普科技/2024/1223096044.pdf,https://static.cninfo.com.cn/finalpage/2025-04-15/1223096044.PDF
300777,中简科技,2024年年度报告,2025-04-15 00:00:00,1223097527,reports_raw/companies/300_chinext/300777_中简科技/2024/1223097527.pdf,https://static.cninfo.com.cn/finalpage/2025-04-15/1223097527.PDF
300779,惠城环保,2024年年度报告,2025-04-18 00:00:00,1223125169,reports_raw/companies/300_chinext/300779_惠城环保/2024/1223125169.pdf,https://static.cninfo.com.cn/finalpage/2025-04-18/1223125169.PDF
300784,利安科技,2024年年度报告,2025-04-19 00:00:00,1223145319,reports_raw/companies/300_chinext/300784_利安科技/2024/1223145319.pdf,https://static.cninfo.com.cn/finalpage/2025-04-19/1223145319.PDF
300791,仙乐健康,2024年年度报告,2025-04-18 00:00:00,1223126467,reports_raw/companies/300_chinext/300791_仙乐健康/2024/1223126467.pdf,https://static.cninfo.com.cn/finalpage/2025-04-18/1223126467.PDF
300796,贝斯美,2024年年度报告,2025-04-19 00:00:00,1223147573,reports_raw/companies/300_chinext/300796_贝斯美/2024/1223147573.pdf,https://static.cninfo.com.cn/finalpage/2025-04-19/1223147573.PDF
300797,钢研纳克,2024年年度报告,2025-04-17 00:00:00,1223110115,reports_raw/companies/300_chinext/300797_钢研纳克/2024/1223110115.pdf,https://static.cninfo.com.cn/finalpage/2025-04-17/1223110115.PDF
300804,广康生化,2024年年度报告,2025-04-18 00:00:00,1223129100,reports_raw/companies/300_chinext/300804_广康生化/2024/1223129100.pdf,https://static.cninfo.com.cn/finalpage/2025-04-18/1223129100.PDF
300807,天迈科技,2024年年度报告,2025-04-16 00:00:00,1223101402,reports_raw/companies/300_chinext/300807_天迈科技/2024/1223101402.pdf,https://static.cninfo.com.cn/finalpage/2025-04-16/1223101402.PDF
300810,中科海讯,2024年年度报告,2025-04-18 00:00:00,1223125640,reports_raw/companies/300_chinext/300810_中科海讯/2024/1223125640.pdf,https://static.cninfo.com.cn/finalpage/2025-04-18/1223125640.PDF
300819,聚杰微纤,2024年年度报告,2025-04-15 00:00:00,1223093872,reports_raw/companies/300_chinext/300819_聚杰微纤/2024/1223093872.pdf,https://static.cninfo.com.cn/finalpage/2025-04-15/1223093872.PDF
300821,东岳硅材,2024年年度报告,2025-04-18 00:00:00,1223127237,reports_raw/companies/300_chinext/300821_东岳硅材/2024/1223127237.pdf,https://static.cninfo.com.cn/finalpage/2025-04-18/1223127237.PDF
300828,锐新科技,2024年年度报告,2025-04-18 00:00:00,1223127839,reports_raw/companies/300_chinext/300828_锐新科技/2024/1223127839.pdf,https://static.cninfo.com.cn/finalpage/2025-04-18/1223127839.PDF
300831,派瑞股份,2024年年度报告,2025-04-15 00:00:00,1223095499,reports_raw/companies/300_chinext/300831_派瑞股份/2024/1223095499.pdf,https://static.cninfo.com.cn/finalpage/2025-04-15/1223095499.PDF
300841,康华生物,2024年年度报告,2025-04-19 00:00:00,1223153950,reports_raw/companies/300_chinext/300841_康华生物/2024/1223153950.pdf,https://static.cninfo.com.cn/finalpage/2025-04-19/1223153950.PDF
300855,图南股份,2024年年度报告,2025-04-19 00:00:00,1223142633,reports_raw/companies/300_chinext/300855_图南股份/2024/1223142633.pdf,https://static.cninfo.com.cn/finalpage/2025-04-19/1223142633.PDF
300860,锋尚文化,2024年年度报告,2025-04-19 00:00:00,1223154414,reports_raw/companies/300_chinext/300860_锋尚文化/2024/1223154414.pdf,https://static.cninfo.com.cn/finalpage/2025-04-19/1223154414.PDF
300862,蓝盾光电,2024年年度报告,2025-04-14 00:00:00,1223071314,reports_raw/companies/300_chinext/300862_蓝盾光电/2024/1223071314.pdf,https://static.cninfo.com.cn/finalpage/2025-04-14/1223071314.PDF
300865,大宏立,2024年年度报告,2025-04-17 00:00:00,1223108569,reports_raw/companies/300_chinext/300865_大宏立/2024/1223108569.pdf,https://static.cninfo.com.cn/finalpage/2025-04-17/1223108569.PDF
300867,圣元环保,2024年年度报告,2025-04-18 00:00:00,1223125100,reports_raw/companies/300_chinext/300867_圣元环保/2024/1223125100.pdf,https://static.cninfo.com.cn/finalpage/2025-04-18/1223125100.PDF
300873,海晨股份,2024年年度报告,2025-04-19 00:00:00,1223150633,reports_raw/companies/300_chinext/300873_海晨股份/2024/1223150633.pdf,https://static.cninfo.com.cn/finalpage/2025-04-19/1223150633.PDF
300881,盛德鑫泰,2024年年度报告,2025-04-18 00:00:00,1223128058,reports_raw/companies/300_chinext/300881_盛德鑫泰/2024/1223128058.pdf,https://static.cninfo.com.cn/finalpage/2025-04-18/1223128058.pdf
300886,华业香料,2024年年度报告,2025-04-17 00:00:00,1223108903,reports_raw/companies/300_chinext/300886_华业香料/2024/1223108903.pdf,https://static.cninfo.com.cn/finalpage/2025-04-17/1223108903.PDF
300892,品渥食品,2024年年度报告,2025-04-18 00:00:00,1223124317,reports_raw/companies/300_chinext/300892_品渥食品/2024/1223124317.pdf,https://static.cninfo.com.cn/finalpage/2025-04-18/1223124317.PDF
300898,熊猫乳品,2024年年度报告,2025-04-18 00:00:00,1223125165,reports_raw/companies/300_chinext/300898_熊猫乳品/2024/1223125165.pdf,https://static.cninfo.com.cn/finalpage/2025-04-18/1223125165.PDF
300901,中胤时尚,2024年年度报告,2025-04-15 00:00:00,1223096668,reports_raw/companies/300_chinext/300901_中胤时尚/2024/1223096668.pdf,https://static.cninfo.com.cn/finalpage/2025-04-15/1223096668.PDF
300905,宝丽迪,2024年年度报告,2025-04-16 00:00:00,1223098269,reports_raw/companies/300_chinext/300905_宝丽迪/2024/1223098269.pdf,https://static.cninfo.com.cn/finalpage/2025-04-16/1223098269.PDF
300907,康平科技,2024年年度报告,2025-04-19 00:00:00,1223146278,reports_raw/companies/300_chinext/300907_康平科技/2024/1223146278.pdf,https://static.cninfo.com.cn/finalpage/2025-04-19/1223146278.PDF
300919,中伟股份,2024年年度报告,2025-04-12 00:00:00,1223071473,reports_raw/companies/300_chinext/300919_中伟股份/2024/1223071473.pdf,https://static.cninfo.com.cn/finalpage/2025-04-12/1223071473.PDF
300927,江天化学,2024年年度报告,2025-04-18 00:00:00,1223128318,reports_raw/companies/300_chinext/300927_江天化学/2024/1223128318.pdf,https://static.cninfo.com.cn/finalpage/2025-04-18/1223128318.PDF
300935,盈建科,2024年年度报告,2025-04-12 00:00:00,1223069994,reports_raw/companies/300_chinext/300935_盈建科/2024/1223069994.pdf,https://static.cninfo.com.cn/finalpage/2025-04-12/1223069994.PDF
300937,药易购,2024年年度报告,2025-04-11 00:00:00,1223057459,reports_raw/companies/300_chinext/300937_药易购/2024/1223057459.pdf,https://static.cninfo.com.cn/finalpage/2025-04-11/1223057459.PDF
300946,恒而达,2024年年度报告,2025-04-19 00:00:00,1223144776,reports_raw/companies/300_chinext/300946_恒而达/2024/1223144776.pdf,https://static.cninfo.com.cn/finalpage/2025-04-19/1223144776.PDF
300965,*ST恒宇,2024年年度报告,2025-04-11 00:00:00,1223058569,reports_raw/companies/300_chinext/300965_ST恒宇/2024/1223058569.pdf,https://static.cninfo.com.cn/finalpage/2025-04-11/1223058569.PDF
300967,晓鸣股份,2024年年度报告,2025-04-16 00:00:00,1223103016,reports_raw/companies/300_chinext/300967_晓鸣股份/2024/1223103016.pdf,https://static.cninfo.com.cn/finalpage/2025-04-16/1223103016.PDF
300971,博亚精工,2024年年度报告,2025-04-19 00:00:00,1223152005,reports_raw/companies/300_chinext/300971_博亚精工/2024/1223152005.pdf,https://static.cninfo.com.cn/finalpage/2025-04-19/1223152005.PDF
300972,万辰集团,2024年年度报告,2025-04-19 00:00:00,1223153803,reports_raw/companies/300_chinext/300972_万辰集团/2024/1223153803.pdf,https://static.cninfo.com.cn/finalpage/2025-04-19/1223153803.PDF
300979,华利集团,2024年年度报告,2025-04-11 00:00:00,1223057126,reports_raw/companies/300_chinext/300979_华利集团/2024/1223057126.pdf,https://static.cninfo.com.cn/finalpage/2025-04-11/1223057126.PDF
300983,尤安设计,2024年年度报告,2025-04-14 00:00:00,1223067040,reports_raw/companies/300_chinext/300983_尤安设计/2024/1223067040.pdf,https://static.cninfo.com.cn/finalpage/2025-04-14/1223067040.PDF
300984,金沃股份,2024年年度报告,2025-04-12 00:00:00,1223069943,reports_raw/companies/300_chinext/300984_金沃股份/2024/1223069943.pdf,https://static.cninfo.com.cn/finalpage/2025-04-12/1223069943.PDF
300990,同飞股份,2024年年度报告,2025-04-18 00:00:00,1223121132,reports_raw/companies/300_chinext/300990_同飞股份/2024/1223121132.pdf,https://static.cninfo.com.cn/finalpage/2025-04-18/1223121132.PDF
300991,创益通,2024年年度报告,2025-04-18 00:00:00,1223123828,reports_raw/companies/300_chinext/300991_创益通/2024/1223123828.pdf,https://static.cninfo.com.cn/finalpage/2025-04-18/1223123828.PDF
300995,奇德新材,2024年年度报告,2025-04-15 00:00:00,1223097377,reports_raw/companies/300_chinext/300995_奇德新材/2024/1223097377.pdf,https://static.cninfo.com.cn/finalpage/2025-04-15/1223097377.PDF
301010,晶雪节能,2024年年度报告,2025-04-19 00:00:00,1223145042,reports_raw/companies/301_chinext/301010_晶雪节能/2024/1223145042.pdf,https://static.cninfo.com.cn/finalpage/2025-04-19/1223145042.PDF
301023,江南奕帆,2024年年度报告,2025-04-18 00:00:00,1223123888,reports_raw/companies/301_chinext/301023_江南奕帆/2024/1223123888.pdf,https://static.cninfo.com.cn/finalpage/2025-04-18/1223123888.PDF
301038,深水规院,2024年年度报告,2025-04-17 00:00:00,1223113388,reports_raw/companies/301_chinext/301038_深水规院/2024/1223113388.pdf,https://static.cninfo.com.cn/finalpage/2025-04-17/1223113388.PDF
301047,义翘神州,2024年年度报告,2025-04-19 00:00:00,1223147542,reports_raw/companies/301_chinext/301047_义翘神州/2024/1223147542.pdf,https://static.cninfo.com.cn/finalpage/2025-04-19/1223147542.PDF
301055,张小泉,2024年年度报告,2025-04-19 00:00:00,1223150259,reports_raw/companies/301_chinext/301055_张小泉/2024/1223150259.pdf,https://static.cninfo.com.cn/finalpage/2025-04-19/1223150259.PDF
301075,多瑞医药,2024年年度报告,2025-04-18 00:00:00,1223128189,reports_raw/companies/301_chinext/301075_多瑞医药/2024/1223128189.pdf,https://static.cninfo.com.cn/finalpage/2025-04-18/1223128189.PDF
301077,星华新材,2024年年度报告,2025-04-14 00:00:00,1223070606,reports_raw/companies/301_chinext/301077_星华新材/2024/1223070606.pdf,https://static.cninfo.com.cn/finalpage/2025-04-14/1223070606.PDF
301097,天益医疗,2024年年度报告,2025-04-15 00:00:00,1223093977,reports_raw/companies/301_chinext/301097_天益医疗/2024/1223093977.pdf,https://static.cninfo.com.cn/finalpage/2025-04-15/1223093977.PDF
301101,明月镜片,2024年年度报告,2025-04-18 00:00:00,1223121979,reports_raw/companies/301_chinext/301101_明月镜片/2024/1223121979.pdf,https://static.cninfo.com.cn/finalpage/2025-04-18/1223121979.PDF
301105,鸿铭股份,2024年年度报告,2025-04-19 00:00:00,1223148654,reports_raw/companies/301_chinext/301105_鸿铭股份/2024/1223148654.pdf,https://static.cninfo.com.cn/finalpage/2025-04-19/1223148654.PDF
301106,骏成科技,2024年年度报告,2025-04-18 00:00:00,1223121774,reports_raw/companies/301_chinext/301106_骏成科技/2024/1223121774.pdf,https://static.cninfo.com.cn/finalpage/2025-04-18/1223121774.PDF
301149,隆华新材,2024年年度报告,2025-04-19 00:00:00,1223141820,reports_raw/companies/301_chinext/301149_隆华新材/2024/1223141820.pdf,https://static.cninfo.com.cn/finalpage/2025-04-19/1223141820.PDF
301160,翔楼新材,2024年年度报告,2025-04-11 00:00:00,1223055130,reports_raw/companies/301_chinext/301160_翔楼新材/2024/1223055130.pdf,https://static.cninfo.com.cn/finalpage/2025-04-11/1223055130.PDF
301162,国能日新,2024年年度报告,2025-04-12 00:00:00,1223067591,reports_raw/companies/301_chinext/301162_国能日新/2024/1223067591.pdf,https://static.cninfo.com.cn/finalpage/2025-04-12/1223067591.PDF
301176,逸豪新材,2024年年度报告,2025-04-19 00:00:00,1223152127,reports_raw/companies/301_chinext/301176_逸豪新材/2024/1223152127.pdf,https://static.cninfo.com.cn/finalpage/2025-04-19/1223152127.PDF
301179,泽宇智能,2024年年度报告,2025-04-18 00:00:00,1223129467,reports_raw/companies/301_chinext/301179_泽宇智能/2024/1223129467.pdf,https://static.cninfo.com.cn/finalpage/2025-04-18/1223129467.PDF
301181,标榜股份,2024年年度报告,2025-04-17 00:00:00,1223110298,reports_raw/companies/301_chinext/301181_标榜股份/2024/1223110298.pdf,https://static.cninfo.com.cn/finalpage/2025-04-17/1223110298.PDF
301187,欧圣电气,2024年年度报告,2025-04-18 00:00:00,1223129739,reports_raw/companies/301_chinext/301187_欧圣电气/2024/1223129739.pdf,https://static.cninfo.com.cn/finalpage/2025-04-18/1223129739.PDF
301218,华是科技,2024年年度报告,2025-04-19 00:00:00,1223148800,reports_raw/companies/301_chinext/301218_华是科技/2024/1223148800.pdf,https://static.cninfo.com.cn/finalpage/2025-04-19/1223148800.PDF
301229,纽泰格,2024年年度报告,2025-04-18 00:00:00,1223123784,reports_raw/companies/301_chinext/301229_纽泰格/2024/1223123784.pdf,https://static.cninfo.com.cn/finalpage/2025-04-18/1223123784.PDF
301234,五洲医疗,2024年年度报告,2025-04-19 00:00:00,1223148113,reports_raw/companies/301_chinext/301234_五洲医疗/2024/1223148113.pdf,https://static.cninfo.com.cn/finalpage/2025-04-19/1223148113.PDF
301237,和顺科技,2024年年度报告,2025-04-18 00:00:00,1223125679,reports_raw/companies/301_chinext/301237_和顺科技/2024/1223125679.pdf,https://static.cninfo.com.cn/finalpage/2025-04-18/1223125679.PDF
301281,科源制药,2024年年度报告,2025-04-11 00:00:00,1223057554,reports_raw/companies/301_chinext/301281_科源制药/2024/1223057554.pdf,https://static.cninfo.com.cn/finalpage/2025-04-11/1223057554.PDF
301283,聚胶股份,2024年年度报告,2025-04-15 00:00:00,1223095745,reports_raw/companies/301_chinext/301283_聚胶股份/2024/1223095745.pdf,https://static.cninfo.com.cn/finalpage/2025-04-15/1223095745.PDF
301290,东星医疗,2024年年度报告,2025-04-15 00:00:00,1223091159,reports_raw/companies/301_chinext/301290_东星医疗/2024/1223091159.pdf,https://static.cninfo.com.cn/finalpage/2025-04-15/1223091159.PDF
301293,三博脑科,2024年年度报告,2025-04-18 00:00:00,1223125344,reports_raw/companies/301_chinext/301293_三博脑科/2024/1223125344.pdf,https://static.cninfo.com.cn/finalpage/2025-04-18/1223125344.PDF
301310,鑫宏业,2024年年度报告,2025-04-11 00:00:00,1223055341,reports_raw/companies/301_chinext/301310_鑫宏业/2024/1223055341.pdf,https://static.cninfo.com.cn/finalpage/2025-04-11/1223055341.PDF
301320,豪江智能,2024年年度报告,2025-04-19 00:00:00,1223152845,reports_raw/companies/301_chinext/301320_豪江智能/2024/1223152845.pdf,https://static.cninfo.com.cn/finalpage/2025-04-19/1223152845.PDF
301329,信音电子,2024年年度报告,2025-04-11 00:00:00,1223056564,reports_raw/companies/301_chinext/301329_信音电子/2024/1223056564.pdf,https://static.cninfo.com.cn/finalpage/2025-04-11/1223056564.PDF
301335,天元宠物,2024年年度报告,2025-04-15 00:00:00,1223094846,reports_raw/companies/301_chinext/301335_天元宠物/2024/1223094846.pdf,https://static.cninfo.com.cn/finalpage/2025-04-15/1223094846.PDF
301337,亚华电子,2024年年度报告,2025-04-19 00:00:00,1223145451,reports_raw/companies/301_chinext/301337_亚华电子/2024/1223145451.pdf,https://static.cninfo.com.cn/finalpage/2025-04-19/1223145451.PDF
301359,东南电子,2024年年度报告,2025-04-18 00:00:00,1223120565,reports_raw/companies/301_chinext/301359_东南电子/2024/1223120565.pdf,https://static.cninfo.com.cn/finalpage/2025-04-18/1223120565.PDF
301361,众智科技,2024年年度报告,2025-04-17 00:00:00,1223112860,reports_raw/companies/301_chinext/301361_众智科技/2024/1223112860.pdf,https://static.cninfo.com.cn/finalpage/2025-04-17/1223112860.PDF
301363,美好医疗,2024年年度报告,2025-04-18 00:00:00,1223128912,reports_raw/companies/301_chinext/301363_美好医疗/2024/1223128912.pdf,https://static.cninfo.com.cn/finalpage/2025-04-18/1223128912.PDF
301367,怡和嘉业,2024年年度报告,2025-04-18 00:00:00,1223124901,reports_raw/companies/301_chinext/301367_怡和嘉业/2024/1223124901.pdf,https://static.cninfo.com.cn/finalpage/2025-04-18/1223124901.PDF
301369,联动科技,2024年年度报告,2025-04-18 00:00:00,1223980009,reports_raw/companies/301_chinext/301369_联动科技/2024/1223980009.pdf,https://static.cninfo.com.cn/finalpage/2025-04-18/1223980009.pdf
301373,凌玮科技,2024年年度报告,2025-04-17 00:00:00,1223107973,reports_raw/companies/301_chinext/301373_凌玮科技/2024/1223107973.pdf,https://static.cninfo.com.cn/finalpage/2025-04-17/1223107973.PDF
301383,天键股份,2024年年度报告,2025-04-18 00:00:00,1223129014,reports_raw/companies/301_chinext/301383_天键股份/2024/1223129014.pdf,https://static.cninfo.com.cn/finalpage/2025-04-18/1223129014.PDF
301386,未来电器,2024年年度报告,2025-04-17 00:00:00,1223109458,reports_raw/companies/301_chinext/301386_未来电器/2024/1223109458.pdf,https://static.cninfo.com.cn/finalpage/2025-04-17/1223109458.PDF
301388,欣灵电气,2024年年度报告,2025-04-19 00:00:00,1223152611,reports_raw/companies/301_chinext/301388_欣灵电气/2024/1223152611.pdf,https://static.cninfo.com.cn/finalpage/2025-04-19/1223152611.PDF
301429,森泰股份,2024年年度报告,2025-04-18 00:00:00,1223121621,reports_raw/companies/301_chinext/301429_森泰股份/2024/1223121621.pdf,https://static.cninfo.com.cn/finalpage/2025-04-18/1223121621.PDF
301486,致尚科技,2024年年度报告,2025-04-18 00:00:00,1223130244,reports_raw/companies/301_chinext/301486_致尚科技/2024/1223130244.pdf,https://static.cninfo.com.cn/finalpage/2025-04-18/1223130244.PDF
301489,思泉新材,2024年年度报告,2025-04-16 00:00:00,1223099319,reports_raw/companies/301_chinext/301489_思泉新材/2024/1223099319.pdf,https://static.cninfo.com.cn/finalpage/2025-04-16/1223099319.PDF
301500,飞南资源,2024年年度报告,2025-04-12 00:00:00,1223069572,reports_raw/companies/301_chinext/301500_飞南资源/2024/1223069572.pdf,https://static.cninfo.com.cn/finalpage/2025-04-12/1223069572.PDF
301511,德福科技,2024年年度报告,2025-04-19 00:00:00,1223236654,reports_raw/companies/301_chinext/301511_德福科技/2024/1223236654.pdf,https://static.cninfo.com.cn/finalpage/2025-04-19/1223236654.pdf
301528,多浦乐,2024年年度报告,2025-04-19 00:00:00,1223152147,reports_raw/companies/301_chinext/301528_多浦乐/2024/1223152147.pdf,https://static.cninfo.com.cn/finalpage/2025-04-19/1223152147.PDF
301536,星宸科技,2024年年度报告,2025-04-19 00:00:00,1223150325,reports_raw/companies/301_chinext/301536_星宸科技/2024/1223150325.pdf,https://static.cninfo.com.cn/finalpage/2025-04-19/1223150325.PDF
301539,宏鑫科技,2024年年度报告,2025-04-18 00:00:00,1223122798,reports_raw/companies/301_chinext/301539_宏鑫科技/2024/1223122798.pdf,https://static.cninfo.com.cn/finalpage/2025-04-18/1223122798.PDF
301566,达利凯普,2024年年度报告,2025-04-18 00:00:00,1223122037,reports_raw/companies/301_chinext/301566_达利凯普/2024/1223122037.pdf,https://static.cninfo.com.cn/finalpage/2025-04-18/1223122037.PDF
301585,蓝宇股份,2024年年度报告,2025-04-18 00:00:00,1223129378,reports_raw/companies/301_chinext/301585_蓝宇股份/2024/1223129378.pdf,https://static.cninfo.com.cn/finalpage/2025-04-18/1223129378.PDF
301589,诺瓦星云,2024年年度报告,2025-04-18 00:00:00,1223123984,reports_raw/companies/301_chinext/301589_诺瓦星云/2024/1223123984.pdf,https://static.cninfo.com.cn/finalpage/2025-04-18/1223123984.PDF
301596,瑞迪智驱,2024年年度报告,2025-04-19 00:00:00,1223142998,reports_raw/companies/301_chinext/301596_瑞迪智驱/2024/1223142998.pdf,https://static.cninfo.com.cn/finalpage/2025-04-19/1223142998.PDF
301598,博科测试,2024年年度报告,2025-04-18 00:00:00,1223127414,reports_raw/companies/301_chinext/301598_博科测试/2024/1223127414.pdf,https://static.cninfo.com.cn/finalpage/2025-04-18/1223127414.PDF
301613,新铝时代,2024年年度报告,2025-04-15 00:00:00,1223096431,reports_raw/companies/301_chinext/301613_新铝时代/2024/1223096431.pdf,https://static.cninfo.com.cn/finalpage/2025-04-15/1223096431.PDF
301622,英思特,2024年年度报告,2025-04-15 00:00:00,1223092058,reports_raw/companies/301_chinext/301622_英思特/2024/1223092058.pdf,https://static.cninfo.com.cn/finalpage/2025-04-15/1223092058.PDF
301628,强达电路,2024年年度报告,2025-04-18 00:00:00,1223130157,reports_raw/companies/301_chinext/301628_强达电路/2024/1223130157.pdf,https://static.cninfo.com.cn/finalpage/2025-04-18/1223130157.PDF
301631,壹连科技,2024年年度报告,2025-04-19 00:00:00,1223149939,reports_raw/companies/301_chinext/301631_壹连科技/2024/1223149939.pdf,https://static.cninfo.com.cn/finalpage/2025-04-19/1223149939.PDF
430478,峆一药业,2024年年度报告,2025-04-18 00:00:00,1223157416,reports_raw/companies/430_other/430478_峆一药业/2024/1223157416.pdf,https://static.cninfo.com.cn/finalpage/2025-04-18/1223157416.PDF
430718,合肥高科,2024年年度报告,2025-04-18 00:00:00,1223159094,reports_raw/companies/430_other/430718_合肥高科/2024/1223159094.pdf,https://static.cninfo.com.cn/finalpage/2025-04-18/1223159094.PDF
600008,首创环保,首创环保2024年年度报告,2025-04-12 00:00:00,1223071773,reports_raw/companies/600_sh_main/600008_首创环保/2024/1223071773.pdf,https://static.cninfo.com.cn/finalpage/2025-04-12/1223071773.PDF
600010,包钢股份,包钢股份2024年年度报告,2025-04-19 00:00:00,1223154551,reports_raw/companies/600_sh_main/600010_包钢股份/2024/1223154551.pdf,https://static.cninfo.com.cn/finalpage/2025-04-19/1223154551.PDF
600015,华夏银行,华夏银行2024年年度报告,2025-04-18 00:00:00,1223129834,reports_raw/companies/600_sh_main/600015_华夏银行/2024/1223129834.pdf,https://static.cninfo.com.cn/finalpage/2025-04-18/1223129834.PDF
600031,三一重工,三一重工股份有限公司2024年年度报告,2025-04-18 00:00:00,1223129214,reports_raw/companies/600_sh_main/600031_三一重工/2024/1223129214.pdf,https://static.cninfo.com.cn/finalpage/2025-04-18/1223129214.PDF
600033,福建高速,2024年年度报告,2025-04-19 00:00:00,1223148093,reports_raw/companies/600_sh_main/600033_福建高速/2024/1223148093.pdf,https://static.cninfo.com.cn/finalpage/2025-04-19/1223148093.PDF
600054,黄山旅游,黄山旅游2024年年度报告,2025-04-19 00:00:00,1223151684,reports_raw/companies/600_sh_main/600054_黄山旅游/2024/1223151684.pdf,https://static.cninfo.com.cn/finalpage/2025-04-19/1223151684.PDF
600088,中视传媒,中视传媒股份有限公司2024年年度报告,2025-04-19 00:00:00,1223152701,reports_raw/companies/600_sh_main/600088_中视传媒/2024/1223152701.pdf,https://static.cninfo.com.cn/finalpage/2025-04-19/1223152701.PDF
600103,青山纸业,2024年年度报告,2025-04-15 00:00:00,1223095227,reports_raw/companies/600_sh_main/600103_青山纸业/2024/1223095227.pdf,https://static.cninfo.com.cn/finalpage/2025-04-15/1223095227.PDF
600118,中国卫星,中国东方红卫星股份有限公司2024年年度报告,2025-04-12 00:00:00,1223068392,reports_raw/companies/600_sh_main/600118_中国卫星/2024/1223068392.pdf,https://static.cninfo.com.cn/finalpage/2025-04-12/1223068392.PDF
600126,杭钢股份,杭州钢铁股份有限公司2024年年度报告,2025-04-12 00:00:00,1223070385,reports_raw/companies/600_sh_main/600126_杭钢股份/2024/1223070385.pdf,https://static.cninfo.com.cn/finalpage/2025-04-12/1223070385.PDF
600148,长春一东,长春一东2024年年度报告,2025-04-19 00:00:00,1223153914,reports_raw/companies/600_sh_main/600148_长春一东/2024/1223153914.pdf,https://static.cninfo.com.cn/finalpage/2025-04-19/1223153914.PDF
600152,维科技术,维科技术2024年年度报告,2025-04-15 00:00:00,1223097135,reports_raw/companies/600_sh_main/600152_维科技术/2024/1223097135.pdf,https://static.cninfo.com.cn/finalpage/2025-04-15/1223097135.PDF
600153,建发股份,建发股份2024年年度报告,2025-04-15 00:00:00,1223097205,reports_raw/companies/600_sh_main/600153_建发股份/2024/1223097205.pdf,https://static.cninfo.com.cn/finalpage/2025-04-15/1223097205.PDF
600159,大龙地产,2024年年度报告,2025-04-19 00:00:00,1223146610,reports_raw/companies/600_sh_main/600159_大龙地产/2024/1223146610.pdf,https://static.cninfo.com.cn/finalpage/2025-04-19/1223146610.PDF
600162,香江控股,香江控股2024年年度报告全文,2025-04-19 00:00:00,1223152729,reports_raw/companies/600_sh_main/600162_香江控股/2024/1223152729.pdf,https://static.cninfo.com.cn/finalpage/2025-04-19/1223152729.PDF
600170,上海建工,上海建工2024年年度报告,2025-04-15 00:00:00,1223093132,reports_raw/companies/600_sh_main/600170_上海建工/2024/1223093132.pdf,https://static.cninfo.com.cn/finalpage/2025-04-15/1223093132.PDF
600178,东安动力,哈尔滨东安汽车动力股份有限公司2024年年度报告（更新后）,2025-04-17 00:00:00,1223110175,reports_raw/companies/600_sh_main/600178_东安动力/2024/1223110175.pdf,https://static.cninfo.com.cn/finalpage/2025-04-17/1223110175.PDF
600192,长城电工,长城电工2024年年度报告,2025-04-15 00:00:00,1223094175,reports_raw/companies/600_sh_main/600192_长城电工/2024/1223094175.pdf,https://static.cninfo.com.cn/finalpage/2025-04-15/1223094175.PDF
600195,中牧股份,中牧实业股份有限公司2024年年度报告,2025-04-12 00:00:00,1223072821,reports_raw/companies/600_sh_main/600195_中牧股份/2024/1223072821.pdf,https://static.cninfo.com.cn/finalpage/2025-04-12/1223072821.PDF
600203,福日电子,福建福日电子股份有限公司2024年年度报告,2025-04-12 00:00:00,1223071367,reports_raw/companies/600_sh_main/600203_福日电子/2024/1223071367.pdf,https://static.cninfo.com.cn/finalpage/2025-04-12/1223071367.PDF
600217,中再资环,中再资环2024年年度报告,2025-04-15 00:00:00,1223096898,reports_raw/companies/600_sh_main/600217_中再资环/2024/1223096898.pdf,https://static.cninfo.com.cn/finalpage/2025-04-15/1223096898.PDF
600230,沧州大化,沧州大化股份有限公司2024年年度报告,2025-04-19 00:00:00,1223146627,reports_raw/companies/600_sh_main/600230_沧州大化/2024/1223146627.pdf,https://static.cninfo.com.cn/finalpage/2025-04-19/1223146627.PDF
600266,城建发展,2024年年度报告,2025-04-19 00:00:00,1223155072,reports_raw/companies/600_sh_main/600266_城建发展/2024/1223155072.pdf,https://static.cninfo.com.cn/finalpage/2025-04-19/1223155072.PDF
600271,航天信息,航天信息股份有限公司2024年年度报告,2025-04-16 00:00:00,1223103351,reports_raw/companies/600_sh_main/600271_航天信息/2024/1223103351.pdf,https://static.cninfo.com.cn/finalpage/2025-04-16/1223103351.PDF
600283,钱江水利,钱江水利开发股份有限公司2024年年度报告,2025-04-17 00:00:00,1223111712,reports_raw/companies/600_sh_main/600283_钱江水利/2024/1223111712.pdf,https://static.cninfo.com.cn/finalpage/2025-04-17/1223111712.PDF
600295,鄂尔多斯,内蒙古鄂尔多斯资源股份有限公司2024年年度报告,2025-04-15 00:00:00,1223092806,reports_raw/companies/600_sh_main/600295_鄂尔多斯/2024/1223092806.pdf,https://static.cninfo.com.cn/finalpage/2025-04-15/1223092806.PDF
600300,维维股份,维维食品饮料股份有限公司2024年年度报告,2025-04-19 00:00:00,1223145739,reports_raw/companies/600_sh_main/600300_维维股份/2024/1223145739.pdf,https://static.cninfo.com.cn/finalpage/2025-04-19/1223145739.PDF
600302,标准股份,标准股份2024年年度报告全文,2025-04-19 00:00:00,1223157750,reports_raw/companies/600_sh_main/600302_标准股份/2024/1223157750.pdf,https://static.cninfo.com.cn/finalpage/2025-04-19/1223157750.PDF
600303,ST曙光,ST曙光2024年年度报告,2025-04-11 00:00:00,1223058592,reports_raw/companies/600_sh_main/600303_ST曙光/2024/1223058592.pdf,https://static.cninfo.com.cn/finalpage/2025-04-11/1223058592.PDF
600308,华泰股份,华泰股份2024年年度报告,2025-04-19 00:00:00,1223144229,reports_raw/companies/600_sh_main/600308_华泰股份/2024/1223144229.pdf,https://static.cninfo.com.cn/finalpage/2025-04-19/1223144229.PDF
600309,万华化学,万华化学2024年年度报告,2025-04-15 00:00:00,1223097325,reports_raw/companies/600_sh_main/600309_万华化学/2024/1223097325.pdf,https://static.cninfo.com.cn/finalpage/2025-04-15/1223097325.PDF
600313,农发种业,中农发种业集团股份有限公司2024年年度报告,2025-04-19 00:00:00,1223148730,reports_raw/companies/600_sh_main/600313_农发种业/2024/1223148730.pdf,https://static.cninfo.com.cn/finalpage/2025-04-19/1223148730.PDF
600323,瀚蓝环境,瀚蓝环境股份有限公司2024年年度报告,2025-04-11 00:00:00,1223057340,reports_raw/companies/600_sh_main/600323_瀚蓝环境/2024/1223057340.pdf,https://static.cninfo.com.cn/finalpage/2025-04-11/1223057340.PDF
600327,大东方,大东方2024年年度报告,2025-04-18 00:00:00,1223127508,reports_raw/companies/600_sh_main/600327_大东方/2024/1223127508.pdf,https://static.cninfo.com.cn/finalpage/2025-04-18/1223127508.PDF
600330,天通股份,天通股份2024年年度报告,2025-04-18 00:00:00,1223129859,reports_raw/companies/600_sh_main/600330_天通股份/2024/1223129859.pdf,https://static.cninfo.com.cn/finalpage/2025-04-18/1223129859.PDF
600339,中油工程,中油工程2024年年度报告,2025-04-15 00:00:00,1223097243,reports_raw/companies/600_sh_main/600339_中油工程/2024/1223097243.pdf,https://static.cninfo.com.cn/finalpage/2025-04-15/1223097243.PDF
600346,恒力石化,恒力石化2024年年度报告,2025-04-17 00:00:00,1223111836,reports_raw/companies/600_sh_main/600346_恒力石化/2024/1223111836.pdf,https://static.cninfo.com.cn/finalpage/2025-04-17/1223111836.PDF
600352,浙江龙盛,浙江龙盛2024年年度报告,2025-04-15 00:00:00,1223093600,reports_raw/companies/600_sh_main/600352_浙江龙盛/2024/1223093600.pdf,https://static.cninfo.com.cn/finalpage/2025-04-15/1223093600.PDF
600373,中文传媒,中文传媒2024年年度报告,2025-04-19 00:00:00,1223156111,reports_raw/companies/600_sh_main/600373_中文传媒/2024/1223156111.pdf,https://static.cninfo.com.cn/finalpage/2025-04-19/1223156111.PDF
600397,安源煤业,安源煤业2024年年度报告,2025-04-19 00:00:00,1223149801,reports_raw/companies/600_sh_main/600397_安源煤业/2024/1223149801.pdf,https://static.cninfo.com.cn/finalpage/2025-04-19/1223149801.PDF
600399,抚顺特钢,抚顺特钢：2024年年度报告,2025-04-12 00:00:00,1223069387,reports_raw/companies/600_sh_main/600399_抚顺特钢/2024/1223069387.pdf,https://static.cninfo.com.cn/finalpage/2025-04-12/1223069387.PDF
600409,三友化工,2024年年度报告,2025-04-16 00:00:00,1223098359,reports_raw/companies/600_sh_main/600409_三友化工/2024/1223098359.pdf,https://static.cninfo.com.cn/finalpage/2025-04-16/1223098359.PDF
600419,天润乳业,新疆天润乳业股份有限公司2024年年度报告,2025-04-18 00:00:00,1223127883,reports_raw/companies/600_sh_main/600419_天润乳业/2024/1223127883.pdf,https://static.cninfo.com.cn/finalpage/2025-04-18/1223127883.PDF
600446,金证股份,金证股份2024年年度报告,2025-04-19 00:00:00,1223151079,reports_raw/companies/600_sh_main/600446_金证股份/2024/1223151079.pdf,https://static.cninfo.com.cn/finalpage/2025-04-19/1223151079.PDF
600452,涪陵电力,涪陵电力2024年年度报告全文,2025-04-18 00:00:00,1223129529,reports_raw/companies/600_sh_main/600452_涪陵电力/2024/1223129529.pdf,https://static.cninfo.com.cn/finalpage/2025-04-18/1223129529.PDF
600460,士兰微,杭州士兰微电子股份有限公司2024年年度报告,2025-04-19 00:00:00,1223158152,reports_raw/companies/600_sh_main/600460_士兰微/2024/1223158152.pdf,https://static.cninfo.com.cn/finalpage/2025-04-19/1223158152.PDF
600461,洪城环境,江西洪城环境股份有限公司2024年年度报告,2025-04-15 00:00:00,1223094412,reports_raw/companies/600_sh_main/600461_洪城环境/2024/1223094412.pdf,https://static.cninfo.com.cn/finalpage/2025-04-15/1223094412.PDF
600468,百利电气,天津百利特精电气股份有限公司2024年年度报告,2025-04-19 00:00:00,1223146668,reports_raw/companies/600_sh_main/600468_百利电气/2024/1223146668.pdf,https://static.cninfo.com.cn/finalpage/2025-04-19/1223146668.PDF
600477,杭萧钢构,杭萧钢构2024年年度报告,2025-04-18 00:00:00,1223130986,reports_raw/companies/600_sh_main/600477_杭萧钢构/2024/1223130986.pdf,https://static.cninfo.com.cn/finalpage/2025-04-18/1223130986.PDF
600505,西昌电力,2024年年度报告,2025-04-18 00:00:00,1223129563,reports_raw/companies/600_sh_main/600505_西昌电力/2024/1223129563.pdf,https://static.cninfo.com.cn/finalpage/2025-04-18/1223129563.PDF
600512,腾达建设,腾达建设2024年年度报告,2025-04-19 00:00:00,1223147377,reports_raw/companies/600_sh_main/600512_腾达建设/2024/1223147377.pdf,https://static.cninfo.com.cn/finalpage/2025-04-19/1223147377.PDF
600513,联环药业,联环药业2024年年度报告,2025-04-18 00:00:00,1223127910,reports_raw/companies/600_sh_main/600513_联环药业/2024/1223127910.pdf,https://static.cninfo.com.cn/finalpage/2025-04-18/1223127910.PDF
600515,海南机场,海南机场设施股份有限公司2024年年度报告,2025-04-15 00:00:00,1223096443,reports_raw/companies/600_sh_main/600515_海南机场/2024/1223096443.pdf,https://static.cninfo.com.cn/finalpage/2025-04-15/1223096443.PDF
600518,康美药业,康美药业2024年年度报告,2025-04-19 00:00:00,1223152764,reports_raw/companies/600_sh_main/600518_康美药业/2024/1223152764.pdf,https://static.cninfo.com.cn/finalpage/2025-04-19/1223152764.PDF
600550,保变电气,保定天威保变电气股份有限公司2024年年度报告,2025-04-11 00:00:00,1223056375,reports_raw/companies/600_sh_main/600550_保变电气/2024/1223056375.pdf,https://static.cninfo.com.cn/finalpage/2025-04-11/1223056375.PDF
600551,时代出版,时代出版2024年年度报告全文,2025-04-12 00:00:00,1223069423,reports_raw/companies/600_sh_main/600551_时代出版/2024/1223069423.pdf,https://static.cninfo.com.cn/finalpage/2025-04-12/1223069423.PDF
600561,江西长运,江西长运2024年年度报告,2025-04-19 00:00:00,1223145787,reports_raw/companies/600_sh_main/600561_江西长运/2024/1223145787.pdf,https://static.cninfo.com.cn/finalpage/2025-04-19/1223145787.PDF
600562,国睿科技,国睿科技股份有限公司2024年年度报告,2025-04-19 00:00:00,1223156461,reports_raw/companies/600_sh_main/600562_国睿科技/2024/1223156461.pdf,https://static.cninfo.com.cn/finalpage/2025-04-19/1223156461.PDF
600568,ST中珠,中珠医疗控股股份有限公司2024年年度报告,2025-04-19 00:00:00,1223157151,reports_raw/companies/600_sh_main/600568_ST中珠/2024/1223157151.pdf,https://static.cninfo.com.cn/finalpage/2025-04-19/1223157151.PDF
600571,信雅达,信雅达科技股份有限公司2024年年度报告,2025-04-19 00:00:00,1223145834,reports_raw/companies/600_sh_main/600571_信雅达/2024/1223145834.pdf,https://static.cninfo.com.cn/finalpage/2025-04-19/1223145834.PDF
600573,惠泉啤酒,福建省燕京惠泉啤酒股份有限公司2024年年度报告,2025-04-16 00:00:00,1223100958,reports_raw/companies/600_sh_main/600573_惠泉啤酒/2024/1223100958.pdf,https://static.cninfo.com.cn/finalpage/2025-04-16/1223100958.PDF
600576,祥源文旅,2024年年度报告,2025-04-18 00:00:00,1223130620,reports_raw/companies/600_sh_main/600576_祥源文旅/2024/1223130620.pdf,https://static.cninfo.com.cn/finalpage/2025-04-18/1223130620.PDF
600595,中孚实业,河南中孚实业股份有限公司2024年年度报告,2025-04-16 00:00:00,1223101362,reports_raw/companies/600_sh_main/600595_中孚实业/2024/1223101362.pdf,https://static.cninfo.com.cn/finalpage/2025-04-16/1223101362.PDF
600604,市北高新,市北高新2024年年度报告,2025-04-12 00:00:00,1223069636,reports_raw/companies/600_sh_main/600604_市北高新/2024/1223069636.pdf,https://static.cninfo.com.cn/finalpage/2025-04-12/1223069636.PDF
600617,国新能源,山西省国新能源股份有限公司2024年年度报告,2025-04-15 00:00:00,1223095368,reports_raw/companies/600_sh_main/600617_国新能源/2024/1223095368.pdf,https://static.cninfo.com.cn/finalpage/2025-04-15/1223095368.PDF
600618,氯碱化工,氯碱化工2024年年度报告,2025-04-15 00:00:00,1223093383,reports_raw/companies/600_sh_main/600618_氯碱化工/2024/1223093383.pdf,https://static.cninfo.com.cn/finalpage/2025-04-15/1223093383.PDF
600628,新世界,新世界2024年年度报告,2025-04-12 00:00:00,1223073292,reports_raw/companies/600_sh_main/600628_新世界/2024/1223073292.pdf,https://static.cninfo.com.cn/finalpage/2025-04-12/1223073292.PDF
600637,东方明珠,东方明珠2024年年度报告,2025-04-19 00:00:00,1223144577,reports_raw/companies/600_sh_main/600637_东方明珠/2024/1223144577.pdf,https://static.cninfo.com.cn/finalpage/2025-04-19/1223144577.PDF
600639,浦东金桥,浦东金桥2024年年度报告,2025-04-15 00:00:00,1223095385,reports_raw/companies/600_sh_main/600639_浦东金桥/2024/1223095385.pdf,https://static.cninfo.com.cn/finalpage/2025-04-15/1223095385.PDF
600644,乐山电力,乐山电力股份有限公司2024年年度报告全文,2025-04-18 00:00:00,1223130651,reports_raw/companies/600_sh_main/600644_乐山电力/2024/1223130651.pdf,https://static.cninfo.com.cn/finalpage/2025-04-18/1223130651.PDF
600654,中安科,2024年年度报告,2025-04-19 00:00:00,1223158178,reports_raw/companies/600_sh_main/600654_中安科/2024/1223158178.pdf,https://static.cninfo.com.cn/finalpage/2025-04-19/1223158178.PDF
600657,信达地产,信达地产2024年年度报告,2025-04-12 00:00:00,1223073009,reports_raw/companies/600_sh_main/600657_信达地产/2024/1223073009.pdf,https://static.cninfo.com.cn/finalpage/2025-04-12/1223073009.PDF
600662,外服控股,外服控股2024年年度报告,2025-04-18 00:00:00,1223122288,reports_raw/companies/600_sh_main/600662_外服控股/2024/1223122288.pdf,https://static.cninfo.com.cn/finalpage/2025-04-18/1223122288.PDF
600666,奥瑞德,奥瑞德2024年年度报告,2025-04-19 00:00:00,1223198274,reports_raw/companies/600_sh_main/600666_奥瑞德/2024/1223198274.pdf,https://static.cninfo.com.cn/finalpage/2025-04-19/1223198274.pdf
600674,川投能源,四川川投能源股份有限公司2024年年度报告,2025-04-12 00:00:00,1223072843,reports_raw/companies/600_sh_main/600674_川投能源/2024/1223072843.pdf,https://static.cninfo.com.cn/finalpage/2025-04-12/1223072843.PDF
600675,中华企业,中华企业股份有限公司2024年年度报告,2025-04-17 00:00:00,1223113350,reports_raw/companies/600_sh_main/600675_中华企业/2024/1223113350.pdf,https://static.cninfo.com.cn/finalpage/2025-04-17/1223113350.PDF
600689,上海三毛,上海三毛企业（集团）股份有限公司2024年年度报告,2025-04-16 00:00:00,1223098381,reports_raw/companies/600_sh_main/600689_上海三毛/2024/1223098381.pdf,https://static.cninfo.com.cn/finalpage/2025-04-16/1223098381.PDF
600690,海尔智家,海尔智家股份有限公司2024年年度报告（英文版）,2025-04-12 00:00:00,1223067780,reports_raw/companies/600_sh_main/600690_海尔智家/2024/1223067780.pdf,https://static.cninfo.com.cn/finalpage/2025-04-12/1223067780.PDF
600691,阳煤化工,阳煤化工股份有限公司2024年年度报告,2025-04-19 00:00:00,1223141907,reports_raw/companies/600_sh_main/600691_阳煤化工/2024/1223141907.pdf,https://static.cninfo.com.cn/finalpage/2025-04-19/1223141907.PDF
600692,亚通股份,亚通股份2024年年度报告,2025-04-11 00:00:00,1223058648,reports_raw/companies/600_sh_main/600692_亚通股份/2024/1223058648.pdf,https://static.cninfo.com.cn/finalpage/2025-04-11/1223058648.PDF
600693,东百集团,东百集团2024年年度报告,2025-04-12 00:00:00,1223073201,reports_raw/companies/600_sh_main/600693_东百集团/2024/1223073201.pdf,https://static.cninfo.com.cn/finalpage/2025-04-12/1223073201.PDF
600697,欧亚集团,长春欧亚集团股份有限公司2024年年度报告,2025-04-17 00:00:00,1223112600,reports_raw/companies/600_sh_main/600697_欧亚集团/2024/1223112600.pdf,https://static.cninfo.com.cn/finalpage/2025-04-17/1223112600.PDF
600707,彩虹股份,彩虹股份2024年年度报告,2025-04-18 00:00:00,1223131046,reports_raw/companies/600_sh_main/600707_彩虹股份/2024/1223131046.pdf,https://static.cninfo.com.cn/finalpage/2025-04-18/1223131046.PDF
600710,苏美达,2024年年度报告,2025-04-12 00:00:00,1223093837,reports_raw/companies/600_sh_main/600710_苏美达/2024/1223093837.pdf,https://static.cninfo.com.cn/finalpage/2025-04-12/1223093837.pdf
600722,金牛化工,金牛化工2024年年度报告,2025-04-12 00:00:00,1223071203,reports_raw/companies/600_sh_main/600722_金牛化工/2024/1223071203.pdf,https://static.cninfo.com.cn/finalpage/2025-04-12/1223071203.PDF
600725,云维股份,云维股份2024年年度报告,2025-04-12 00:00:00,1223069662,reports_raw/companies/600_sh_main/600725_云维股份/2024/1223069662.pdf,https://static.cninfo.com.cn/finalpage/2025-04-12/1223069662.PDF
600728,佳都科技,佳都科技2024年年度报告,2025-04-11 00:00:00,1223058860,reports_raw/companies/600_sh_main/600728_佳都科技/2024/1223058860.pdf,https://static.cninfo.com.cn/finalpage/2025-04-11/1223058860.PDF
600729,重庆百货,重庆百货大楼股份有限公司2024年年度报告,2025-04-19 00:00:00,1223152819,reports_raw/companies/600_sh_main/600729_重庆百货/2024/1223152819.pdf,https://static.cninfo.com.cn/finalpage/2025-04-19/1223152819.PDF
600734,实达集团,福建实达集团股份有限公司2024年年度报告,2025-04-16 00:00:00,1223103586,reports_raw/companies/600_sh_main/600734_实达集团/2024/1223103586.pdf,https://static.cninfo.com.cn/finalpage/2025-04-16/1223103586.PDF
600746,江苏索普,江苏索普2024年年度报告,2025-04-16 00:00:00,1223100665,reports_raw/companies/600_sh_main/600746_江苏索普/2024/1223100665.pdf,https://static.cninfo.com.cn/finalpage/2025-04-16/1223100665.PDF
600749,西藏旅游,西藏旅游2024年年度报告,2025-04-16 00:00:00,1223104188,reports_raw/companies/600_sh_main/600749_西藏旅游/2024/1223104188.pdf,https://static.cninfo.com.cn/finalpage/2025-04-16/1223104188.PDF
600757,长江传媒,长江传媒2024年年度报告,2025-04-11 00:00:00,1223057246,reports_raw/companies/600_sh_main/600757_长江传媒/2024/1223057246.pdf,https://static.cninfo.com.cn/finalpage/2025-04-11/1223057246.PDF
600770,综艺股份,综艺股份2024年年度报告,2025-04-19 00:00:00,1223156803,reports_raw/companies/600_sh_main/600770_综艺股份/2024/1223156803.pdf,https://static.cninfo.com.cn/finalpage/2025-04-19/1223156803.PDF
600787,中储股份,中储发展股份有限公司2024年年度报告,2025-04-19 00:00:00,1223152855,reports_raw/companies/600_sh_main/600787_中储股份/2024/1223152855.pdf,https://static.cninfo.com.cn/finalpage/2025-04-19/1223152855.PDF
600790,轻纺城,轻纺城2024年年度报告,2025-04-18 00:00:00,1223124151,reports_raw/companies/600_sh_main/600790_轻纺城/2024/1223124151.pdf,https://static.cninfo.com.cn/finalpage/2025-04-18/1223124151.PDF
600792,云煤能源,云南煤业能源股份有限公司2024年年度报告,2025-04-15 00:00:00,1223094893,reports_raw/companies/600_sh_main/600792_云煤能源/2024/1223094893.pdf,https://static.cninfo.com.cn/finalpage/2025-04-15/1223094893.PDF
600795,国电电力,国电电力2024年年度报告,2025-04-16 00:00:00,1223099977,reports_raw/companies/600_sh_main/600795_国电电力/2024/1223099977.pdf,https://static.cninfo.com.cn/finalpage/2025-04-16/1223099977.PDF
600796,钱江生化,钱江生化2024年年度报告,2025-04-19 00:00:00,1223142873,reports_raw/companies/600_sh_main/600796_钱江生化/2024/1223142873.pdf,https://static.cninfo.com.cn/finalpage/2025-04-19/1223142873.PDF
600815,厦工股份,厦工股份2024年年度报告,2025-04-18 00:00:00,1223128443,reports_raw/companies/600_sh_main/600815_厦工股份/2024/1223128443.pdf,https://static.cninfo.com.cn/finalpage/2025-04-18/1223128443.PDF
600818,中路股份,2024年年度报告,2025-04-18 00:00:00,1223127135,reports_raw/companies/600_sh_main/600818_中路股份/2024/1223127135.pdf,https://static.cninfo.com.cn/finalpage/2025-04-18/1223127135.PDF
600826,兰生股份,东浩兰生会展集团股份有限公司2024年年度报告,2025-04-12 00:00:00,1223072938,reports_raw/companies/600_sh_main/600826_兰生股份/2024/1223072938.pdf,https://static.cninfo.com.cn/finalpage/2025-04-12/1223072938.PDF
600827,百联股份,百联股份2024年年度报告,2025-04-15 00:00:00,1223097059,reports_raw/companies/600_sh_main/600827_百联股份/2024/1223097059.pdf,https://static.cninfo.com.cn/finalpage/2025-04-15/1223097059.PDF
600829,人民同泰,2024年年度报告,2025-04-12 00:00:00,1223071221,reports_raw/companies/600_sh_main/600829_人民同泰/2024/1223071221.pdf,https://static.cninfo.com.cn/finalpage/2025-04-12/1223071221.PDF
600848,上海临港,2024年年度报告,2025-04-12 00:00:00,1223073233,reports_raw/companies/600_sh_main/600848_上海临港/2024/1223073233.pdf,https://static.cninfo.com.cn/finalpage/2025-04-12/1223073233.PDF
600850,电科数字,中电科数字技术股份有限公司2024年年度报告,2025-04-15 00:00:00,1223092827,reports_raw/companies/600_sh_main/600850_电科数字/2024/1223092827.pdf,https://static.cninfo.com.cn/finalpage/2025-04-15/1223092827.PDF
600851,海欣股份,上海海欣集团股份有限公司2024年年度报告,2025-04-19 00:00:00,1223143626,reports_raw/companies/600_sh_main/600851_海欣股份/2024/1223143626.pdf,https://static.cninfo.com.cn/finalpage/2025-04-19/1223143626.PDF
600854,春兰股份,春兰股份2024年年度报告,2025-04-19 00:00:00,1223154565,reports_raw/companies/600_sh_main/600854_春兰股份/2024/1223154565.pdf,https://static.cninfo.com.cn/finalpage/2025-04-19/1223154565.PDF
600857,宁波中百,宁波中百股份有限公司2024年年度报告,2025-04-15 00:00:00,1223096144,reports_raw/companies/600_sh_main/600857_宁波中百/2024/1223096144.pdf,https://static.cninfo.com.cn/finalpage/2025-04-15/1223096144.PDF
600865,百大集团,百大集团股份有限公司2024年年度报告,2025-04-19 00:00:00,1223146695,reports_raw/companies/600_sh_main/600865_百大集团/2024/1223146695.pdf,https://static.cninfo.com.cn/finalpage/2025-04-19/1223146695.PDF
600919,江苏银行,江苏银行2024年年度报告,2025-04-19 00:00:00,1223143257,reports_raw/companies/600_sh_main/600919_江苏银行/2024/1223143257.pdf,https://static.cninfo.com.cn/finalpage/2025-04-19/1223143257.PDF
600926,杭州银行,杭州银行2024年年度报告,2025-04-12 00:00:00,1223072706,reports_raw/companies/600_sh_main/600926_杭州银行/2024/1223072706.pdf,https://static.cninfo.com.cn/finalpage/2025-04-12/1223072706.PDF
600929,雪天盐业,2024年年度报告,2025-04-15 00:00:00,1223096740,reports_raw/companies/600_sh_main/600929_雪天盐业/2024/1223096740.pdf,https://static.cninfo.com.cn/finalpage/2025-04-15/1223096740.PDF
600935,华塑股份,安徽华塑股份有限公司2024年年度报告,2025-04-12 00:00:00,1223068047,reports_raw/companies/600_sh_main/600935_华塑股份/2024/1223068047.pdf,https://static.cninfo.com.cn/finalpage/2025-04-12/1223068047.PDF
600955,维远股份,利华益维远化学股份有限公司2024年年度报告,2025-04-17 00:00:00,1223111224,reports_raw/companies/600_sh_main/600955_维远股份/2024/1223111224.pdf,https://static.cninfo.com.cn/finalpage/2025-04-17/1223111224.PDF
600961,株冶集团,株冶集团2024年年度报告,2025-04-11 00:00:00,1223057777,reports_raw/companies/600_sh_main/600961_株冶集团/2024/1223057777.pdf,https://static.cninfo.com.cn/finalpage/2025-04-11/1223057777.PDF
600965,福成股份,福成股份：关于更正《2024年年度报告》的公告,2025-04-11 00:00:00,1223057356,reports_raw/companies/600_sh_main/600965_福成股份/2024/1223057356.pdf,https://static.cninfo.com.cn/finalpage/2025-04-11/1223057356.PDF
600977,中国电影,中国电影2024年年度报告,2025-04-19 00:00:00,1223155089,reports_raw/companies/600_sh_main/600977_中国电影/2024/1223155089.pdf,https://static.cninfo.com.cn/finalpage/2025-04-19/1223155089.PDF
600984,建设机械,建设机械2024年年度报告（修订版）,2025-04-19 00:00:00,1223145096,reports_raw/companies/600_sh_main/600984_建设机械/2024/1223145096.pdf,https://static.cninfo.com.cn/finalpage/2025-04-19/1223145096.PDF
600986,浙文互联,浙文互联2024年年度报告,2025-04-12 00:00:00,1223073065,reports_raw/companies/600_sh_main/600986_浙文互联/2024/1223073065.pdf,https://static.cninfo.com.cn/finalpage/2025-04-12/1223073065.PDF
601015,陕西黑猫,陕西黑猫：2024年年度报告,2025-04-18 00:00:00,1223130121,reports_raw/companies/601_sh_main/601015_陕西黑猫/2024/1223130121.pdf,https://static.cninfo.com.cn/finalpage/2025-04-18/1223130121.PDF
601086,国芳集团,国芳集团：2024年年度报告,2025-04-12 00:00:00,1223073313,reports_raw/companies/601_sh_main/601086_国芳集团/2024/1223073313.pdf,https://static.cninfo.com.cn/finalpage/2025-04-12/1223073313.PDF
601096,宏盛华源,宏盛华源2024年年度报告,2025-04-11 00:00:00,1223058980,reports_raw/companies/601_sh_main/601096_宏盛华源/2024/1223058980.pdf,https://static.cninfo.com.cn/finalpage/2025-04-11/1223058980.PDF
601136,首创证券,2024年年度报告,2025-04-12 00:00:00,1223071824,reports_raw/companies/601_sh_main/601136_首创证券/2024/1223071824.pdf,https://static.cninfo.com.cn/finalpage/2025-04-12/1223071824.PDF
601137,博威合金,博威合金2024年年度报告,2025-04-15 00:00:00,1223092371,reports_raw/companies/601_sh_main/601137_博威合金/2024/1223092371.pdf,https://static.cninfo.com.cn/finalpage/2025-04-15/1223092371.PDF
601156,东航物流,东航物流2024年年度报告,2025-04-17 00:00:00,1223112624,reports_raw/companies/601_sh_main/601156_东航物流/2024/1223112624.pdf,https://static.cninfo.com.cn/finalpage/2025-04-17/1223112624.PDF
601168,西部矿业,西部矿业2024年年度报告,2025-04-12 00:00:00,1223071030,reports_raw/companies/601_sh_main/601168_西部矿业/2024/1223071030.pdf,https://static.cninfo.com.cn/finalpage/2025-04-12/1223071030.PDF
601169,北京银行,北京银行股份有限公司2024年年度报告,2025-04-15 00:00:00,1223096760,reports_raw/companies/601_sh_main/601169_北京银行/2024/1223096760.pdf,https://static.cninfo.com.cn/finalpage/2025-04-15/1223096760.PDF
601177,杭齿前进,2024年年度报告,2025-04-17 00:00:00,1223107747,reports_raw/companies/601_sh_main/601177_杭齿前进/2024/1223107747.pdf,https://static.cninfo.com.cn/finalpage/2025-04-17/1223107747.PDF
601179,中国西电,中国西电2024年年度报告,2025-04-15 00:00:00,1223094946,reports_raw/companies/601_sh_main/601179_中国西电/2024/1223094946.pdf,https://static.cninfo.com.cn/finalpage/2025-04-15/1223094946.PDF
601218,吉鑫科技,江苏吉鑫风能科技股份有限公司2024年年度报告,2025-04-18 00:00:00,1223130681,reports_raw/companies/601_sh_main/601218_吉鑫科技/2024/1223130681.pdf,https://static.cninfo.com.cn/finalpage/2025-04-18/1223130681.PDF
601231,环旭电子,2024年年度报告（英文版）,2025-04-18 00:00:00,1223121559,reports_raw/companies/601_sh_main/601231_环旭电子/2024/1223121559.pdf,https://static.cninfo.com.cn/finalpage/2025-04-18/1223121559.PDF
601311,骆驼股份,骆驼股份2024年年度报告,2025-04-19 00:00:00,1223145871,reports_raw/companies/601_sh_main/601311_骆驼股份/2024/1223145871.pdf,https://static.cninfo.com.cn/finalpage/2025-04-19/1223145871.PDF
601339,百隆东方,百隆东方2024年年度报告,2025-04-16 00:00:00,1223099224,reports_raw/companies/601_sh_main/601339_百隆东方/2024/1223099224.pdf,https://static.cninfo.com.cn/finalpage/2025-04-16/1223099224.PDF
601369,陕鼓动力,西安陕鼓动力股份有限公司2024年年度报告全文,2025-04-18 00:00:00,1223123581,reports_raw/companies/601_sh_main/601369_陕鼓动力/2024/1223123581.pdf,https://static.cninfo.com.cn/finalpage/2025-04-18/1223123581.PDF
601518,吉林高速,吉林高速公路股份有限公司2024年年度报告,2025-04-11 00:00:00,1223057366,reports_raw/companies/601_sh_main/601518_吉林高速/2024/1223057366.pdf,https://static.cninfo.com.cn/finalpage/2025-04-11/1223057366.PDF
601519,大智慧,2024年年度报告,2025-04-12 00:00:00,1223069690,reports_raw/companies/601_sh_main/601519_大智慧/2024/1223069690.pdf,https://static.cninfo.com.cn/finalpage/2025-04-12/1223069690.PDF
601599,浙文影业,2024年年度报告,2025-04-12 00:00:00,1223070412,reports_raw/companies/601_sh_main/601599_浙文影业/2024/1223070412.pdf,https://static.cninfo.com.cn/finalpage/2025-04-12/1223070412.PDF
601609,金田股份,金田股份2024年年度报告,2025-04-15 00:00:00,1223092595,reports_raw/companies/601_sh_main/601609_金田股份/2024/1223092595.pdf,https://static.cninfo.com.cn/finalpage/2025-04-15/1223092595.PDF
601668,中国建筑,中国建筑股份有限公司2024年年度报告,2025-04-16 00:00:00,1223102350,reports_raw/companies/601_sh_main/601668_中国建筑/2024/1223102350.pdf,https://static.cninfo.com.cn/finalpage/2025-04-16/1223102350.PDF
601702,华峰铝业,上海华峰铝业股份有限公司2024年年度报告,2025-04-19 00:00:00,1223150491,reports_raw/companies/601_sh_main/601702_华峰铝业/2024/1223150491.pdf,https://static.cninfo.com.cn/finalpage/2025-04-19/1223150491.PDF
601777,千里科技,重庆千里科技股份有限公司2024年年度报告,2025-04-19 00:00:00,1223151127,reports_raw/companies/601_sh_main/601777_千里科技/2024/1223151127.pdf,https://static.cninfo.com.cn/finalpage/2025-04-19/1223151127.PDF
601778,晶科科技,2024年年度报告,2025-04-18 00:00:00,1223129896,reports_raw/companies/601_sh_main/601778_晶科科技/2024/1223129896.pdf,https://static.cninfo.com.cn/finalpage/2025-04-18/1223129896.PDF
601798,蓝科高新,甘肃蓝科石化高新装备股份有限公司2024年年度报告,2025-04-19 00:00:00,1223155627,reports_raw/companies/601_sh_main/601798_蓝科高新/2024/1223155627.pdf,https://static.cninfo.com.cn/finalpage/2025-04-19/1223155627.PDF
601801,皖新传媒,皖新传媒2024年年度报告,2025-04-12 00:00:00,1223072661,reports_raw/companies/601_sh_main/601801_皖新传媒/2024/1223072661.pdf,https://static.cninfo.com.cn/finalpage/2025-04-12/1223072661.PDF
601878,浙商证券,浙商证券股份有限公司2024年年度报告,2025-04-11 00:00:00,1223057398,reports_raw/companies/601_sh_main/601878_浙商证券/2024/1223057398.pdf,https://static.cninfo.com.cn/finalpage/2025-04-11/1223057398.PDF
601956,东贝集团,湖北东贝机电集团股份有限公司2024年年度报告,2025-04-11 00:00:00,1223055397,reports_raw/companies/601_sh_main/601956_东贝集团/2024/1223055397.pdf,https://static.cninfo.com.cn/finalpage/2025-04-11/1223055397.PDF
601992,金隅集团,北京金隅集团股份有限公司2024年年度报告（更正版）,2025-04-12 00:00:00,1223071054,reports_raw/companies/601_sh_main/601992_金隅集团/2024/1223071054.pdf,https://static.cninfo.com.cn/finalpage/2025-04-12/1223071054.PDF
601996,丰林集团,广西丰林木业集团股份有限公司2024年年度报告,2025-04-12 00:00:00,1223073258,reports_raw/companies/601_sh_main/601996_丰林集团/2024/1223073258.pdf,https://static.cninfo.com.cn/finalpage/2025-04-12/1223073258.PDF
603001,奥康国际,2024年年度报告,2025-04-16 00:00:00,1223101202,reports_raw/companies/603_sh_main/603001_奥康国际/2024/1223101202.pdf,https://static.cninfo.com.cn/finalpage/2025-04-16/1223101202.PDF
603005,晶方科技,晶方科技2024年年度报告,2025-04-19 00:00:00,1223157814,reports_raw/companies/603_sh_main/603005_晶方科技/2024/1223157814.pdf,https://static.cninfo.com.cn/finalpage/2025-04-19/1223157814.PDF
603026,石大胜华,石大胜华2024年年度报告,2025-04-11 00:00:00,1223058924,reports_raw/companies/603_sh_main/603026_石大胜华/2024/1223058924.pdf,https://static.cninfo.com.cn/finalpage/2025-04-11/1223058924.PDF
603027,千禾味业,千禾味业2024年年度报告全文,2025-04-16 00:00:00,1223103749,reports_raw/companies/603_sh_main/603027_千禾味业/2024/1223103749.pdf,https://static.cninfo.com.cn/finalpage/2025-04-16/1223103749.PDF
603035,常熟汽饰,江苏常熟汽饰集团股份有限公司2024年年度报告（全文）,2025-04-19 00:00:00,1223143655,reports_raw/companies/603_sh_main/603035_常熟汽饰/2024/1223143655.pdf,https://static.cninfo.com.cn/finalpage/2025-04-19/1223143655.PDF
603036,如通股份,如通股份2024年年度报告,2025-04-15 00:00:00,1223091610,reports_raw/companies/603_sh_main/603036_如通股份/2024/1223091610.pdf,https://static.cninfo.com.cn/finalpage/2025-04-15/1223091610.PDF
603042,华脉科技,2024年年度报告,2025-04-19 00:00:00,1223149823,reports_raw/companies/603_sh_main/603042_华脉科技/2024/1223149823.pdf,https://static.cninfo.com.cn/finalpage/2025-04-19/1223149823.PDF
603053,成都燃气,成都燃气2024年年度报告,2025-04-19 00:00:00,1223143692,reports_raw/companies/603_sh_main/603053_成都燃气/2024/1223143692.pdf,https://static.cninfo.com.cn/finalpage/2025-04-19/1223143692.PDF
603055,台华新材,浙江台华新材料集团股份有限公司2024年年度报告,2025-04-11 00:00:00,1223057859,reports_raw/companies/603_sh_main/603055_台华新材/2024/1223057859.pdf,https://static.cninfo.com.cn/finalpage/2025-04-11/1223057859.PDF
603057,紫燕食品,紫燕食品2024年年度报告,2025-04-18 00:00:00,1223130733,reports_raw/companies/603_sh_main/603057_紫燕食品/2024/1223130733.pdf,https://static.cninfo.com.cn/finalpage/2025-04-18/1223130733.PDF
603091,众鑫股份,2024年年度报告,2025-04-12 00:00:00,1223071525,reports_raw/companies/603_sh_main/603091_众鑫股份/2024/1223071525.pdf,https://static.cninfo.com.cn/finalpage/2025-04-12/1223071525.PDF
603095,越剑智能,2024年年度报告,2025-04-12 00:00:00,1223068650,reports_raw/companies/603_sh_main/603095_越剑智能/2024/1223068650.pdf,https://static.cninfo.com.cn/finalpage/2025-04-12/1223068650.PDF
603102,百合股份,威海百合生物技术股份有限公司2024年年度报告,2025-04-15 00:00:00,1223095881,reports_raw/companies/603_sh_main/603102_百合股份/2024/1223095881.pdf,https://static.cninfo.com.cn/finalpage/2025-04-15/1223095881.PDF
603109,神驰机电,2024年年度报告,2025-04-18 00:00:00,1223121336,reports_raw/companies/603_sh_main/603109_神驰机电/2024/1223121336.pdf,https://static.cninfo.com.cn/finalpage/2025-04-18/1223121336.PDF
603112,华翔股份,2024年年度报告,2025-04-18 00:00:00,1223126598,reports_raw/companies/603_sh_main/603112_华翔股份/2024/1223126598.pdf,https://static.cninfo.com.cn/finalpage/2025-04-18/1223126598.PDF
603115,海星股份,2024年年度报告,2025-04-18 00:00:00,1223126654,reports_raw/companies/603_sh_main/603115_海星股份/2024/1223126654.pdf,https://static.cninfo.com.cn/finalpage/2025-04-18/1223126654.PDF
603125,常青科技,2024年年度报告,2025-04-12 00:00:00,1223072727,reports_raw/companies/603_sh_main/603125_常青科技/2024/1223072727.pdf,https://static.cninfo.com.cn/finalpage/2025-04-12/1223072727.PDF
603128,华贸物流,港中旅华贸国际物流股份有限公司2024年年度报告,2025-04-18 00:00:00,1223130350,reports_raw/companies/603_sh_main/603128_华贸物流/2024/1223130350.pdf,https://static.cninfo.com.cn/finalpage/2025-04-18/1223130350.PDF
603129,春风动力,春风动力2024年年度报告,2025-04-16 00:00:00,1223102372,reports_raw/companies/603_sh_main/603129_春风动力/2024/1223102372.pdf,https://static.cninfo.com.cn/finalpage/2025-04-16/1223102372.PDF
603138,海量数据,海量数据2024年年度报告,2025-04-18 00:00:00,1223124167,reports_raw/companies/603_sh_main/603138_海量数据/2024/1223124167.pdf,https://static.cninfo.com.cn/finalpage/2025-04-18/1223124167.PDF
603161,科华控股,科华控股股份有限公司2024年年度报告,2025-04-16 00:00:00,1223101915,reports_raw/companies/603_sh_main/603161_科华控股/2024/1223101915.pdf,https://static.cninfo.com.cn/finalpage/2025-04-16/1223101915.PDF
603171,税友股份,2024年年度报告,2025-04-18 00:00:00,1223124217,reports_raw/companies/603_sh_main/603171_税友股份/2024/1223124217.pdf,https://static.cninfo.com.cn/finalpage/2025-04-18/1223124217.PDF
603181,皇马科技,皇马科技2024年年度报告,2025-04-18 00:00:00,1223124567,reports_raw/companies/603_sh_main/603181_皇马科技/2024/1223124567.pdf,https://static.cninfo.com.cn/finalpage/2025-04-18/1223124567.PDF
603182,嘉华股份,嘉华股份2024年年度报告,2025-04-16 00:00:00,1223099734,reports_raw/companies/603_sh_main/603182_嘉华股份/2024/1223099734.pdf,https://static.cninfo.com.cn/finalpage/2025-04-16/1223099734.pdf
603183,建研院,2024年年度报告,2025-04-16 00:00:00,1223100680,reports_raw/companies/603_sh_main/603183_建研院/2024/1223100680.pdf,https://static.cninfo.com.cn/finalpage/2025-04-16/1223100680.PDF
603189,网达软件,网达软件2024年年度报告,2025-04-15 00:00:00,1223093669,reports_raw/companies/603_sh_main/603189_网达软件/2024/1223093669.pdf,https://static.cninfo.com.cn/finalpage/2025-04-15/1223093669.PDF
603213,镇洋发展,浙江镇洋发展股份有限公司2024年年度报告,2025-04-18 00:00:00,1223122311,reports_raw/companies/603_sh_main/603213_镇洋发展/2024/1223122311.pdf,https://static.cninfo.com.cn/finalpage/2025-04-18/1223122311.PDF
603227,雪峰科技,新疆雪峰科技（集团）股份有限公司2024年年度报告,2025-04-17 00:00:00,1223111003,reports_raw/companies/603_sh_main/603227_雪峰科技/2024/1223111003.pdf,https://static.cninfo.com.cn/finalpage/2025-04-17/1223111003.PDF
603230,内蒙新华,内蒙古新华发行集团股份有限公司2024年年度报告,2025-04-11 00:00:00,1223057581,reports_raw/companies/603_sh_main/603230_内蒙新华/2024/1223057581.pdf,https://static.cninfo.com.cn/finalpage/2025-04-11/1223057581.PDF
603237,五芳斋,浙江五芳斋实业股份有限公司2024年年度报告,2025-04-16 00:00:00,1223102222,reports_raw/companies/603_sh_main/603237_五芳斋/2024/1223102222.pdf,https://static.cninfo.com.cn/finalpage/2025-04-16/1223102222.PDF
603298,杭叉集团,杭叉集团：2024年年度报告,2025-04-18 00:00:00,1223129293,reports_raw/companies/603_sh_main/603298_杭叉集团/2024/1223129293.pdf,https://static.cninfo.com.cn/finalpage/2025-04-18/1223129293.PDF
603320,迪贝电气,2024年年度报告,2025-04-17 00:00:00,1223112304,reports_raw/companies/603_sh_main/603320_迪贝电气/2024/1223112304.pdf,https://static.cninfo.com.cn/finalpage/2025-04-17/1223112304.PDF
603326,我乐家居,2024年年度报告,2025-04-19 00:00:00,1223157167,reports_raw/companies/603_sh_main/603326_我乐家居/2024/1223157167.pdf,https://static.cninfo.com.cn/finalpage/2025-04-19/1223157167.PDF
603337,杰克股份,杰克股份：2024年年度报告,2025-04-15 00:00:00,1223094228,reports_raw/companies/603_sh_main/603337_杰克股份/2024/1223094228.pdf,https://static.cninfo.com.cn/finalpage/2025-04-15/1223094228.PDF
603338,浙江鼎力,浙江鼎力机械股份有限公司2024年年度报告,2025-04-18 00:00:00,1223122580,reports_raw/companies/603_sh_main/603338_浙江鼎力/2024/1223122580.pdf,https://static.cninfo.com.cn/finalpage/2025-04-18/1223122580.PDF
603339,四方科技,四方科技集团股份有限公司2024年年度报告,2025-04-17 00:00:00,1223107888,reports_raw/companies/603_sh_main/603339_四方科技/2024/1223107888.pdf,https://static.cninfo.com.cn/finalpage/2025-04-17/1223107888.PDF
603344,星德胜,星德胜2024年年度报告,2025-04-19 00:00:00,1223144259,reports_raw/companies/603_sh_main/603344_星德胜/2024/1223144259.pdf,https://static.cninfo.com.cn/finalpage/2025-04-19/1223144259.PDF
603355,莱克电气,莱克电气2024年年度报告,2025-04-16 00:00:00,1223100059,reports_raw/companies/603_sh_main/603355_莱克电气/2024/1223100059.pdf,https://static.cninfo.com.cn/finalpage/2025-04-16/1223100059.PDF
603356,华菱精工,2024年年度报告,2025-04-15 00:00:00,1223097178,reports_raw/companies/603_sh_main/603356_华菱精工/2024/1223097178.pdf,https://static.cninfo.com.cn/finalpage/2025-04-15/1223097178.PDF
603383,顶点软件,顶点软件2024年年度报告,2025-04-11 00:00:00,1223057988,reports_raw/companies/603_sh_main/603383_顶点软件/2024/1223057988.pdf,https://static.cninfo.com.cn/finalpage/2025-04-11/1223057988.PDF
603392,万泰生物,万泰生物2024年年度报告,2025-04-12 00:00:00,1223071956,reports_raw/companies/603_sh_main/603392_万泰生物/2024/1223071956.pdf,https://static.cninfo.com.cn/finalpage/2025-04-12/1223071956.PDF
603399,永杉锂业,永杉锂业2024年年度报告,2025-04-16 00:00:00,1223104081,reports_raw/companies/603_sh_main/603399_永杉锂业/2024/1223104081.pdf,https://static.cninfo.com.cn/finalpage/2025-04-16/1223104081.PDF
603409,汇通控股,2024年年度报告,2025-04-18 00:00:00,1223126727,reports_raw/companies/603_sh_main/603409_汇通控股/2024/1223126727.pdf,https://static.cninfo.com.cn/finalpage/2025-04-18/1223126727.PDF
603466,风语筑,上海风语筑文化科技股份有限公司2024年年度报告,2025-04-17 00:00:00,1223111892,reports_raw/companies/603_sh_main/603466_风语筑/2024/1223111892.pdf,https://static.cninfo.com.cn/finalpage/2025-04-17/1223111892.PDF
603496,恒为科技,2024年年度报告,2025-04-15 00:00:00,1223097459,reports_raw/companies/603_sh_main/603496_恒为科技/2024/1223097459.pdf,https://static.cninfo.com.cn/finalpage/2025-04-15/1223097459.PDF
603501,韦尔股份,2024年年度报告,2025-04-16 00:00:00,1223104428,reports_raw/companies/603_sh_main/603501_韦尔股份/2024/1223104428.pdf,https://static.cninfo.com.cn/finalpage/2025-04-16/1223104428.pdf
603506,南都物业,南都物业服务集团股份有限公司2024年年度报告,2025-04-19 00:00:00,1223154590,reports_raw/companies/603_sh_main/603506_南都物业/2024/1223154590.pdf,https://static.cninfo.com.cn/finalpage/2025-04-19/1223154590.PDF
603508,思维列控,思维列控2024年年度报告,2025-04-12 00:00:00,1223072290,reports_raw/companies/603_sh_main/603508_思维列控/2024/1223072290.pdf,https://static.cninfo.com.cn/finalpage/2025-04-12/1223072290.pdf
603519,立霸股份,立霸股份：2024年年度报告,2025-04-18 00:00:00,1223124587,reports_raw/companies/603_sh_main/603519_立霸股份/2024/1223124587.pdf,https://static.cninfo.com.cn/finalpage/2025-04-18/1223124587.PDF
603529,爱玛科技,爱玛科技2024年年度报告,2025-04-16 00:00:00,1223103373,reports_raw/companies/603_sh_main/603529_爱玛科技/2024/1223103373.pdf,https://static.cninfo.com.cn/finalpage/2025-04-16/1223103373.PDF
603533,掌阅科技,掌阅科技股份有限公司2024年年度报告,2025-04-19 00:00:00,1223154623,reports_raw/companies/603_sh_main/603533_掌阅科技/2024/1223154623.pdf,https://static.cninfo.com.cn/finalpage/2025-04-19/1223154623.PDF
603538,美诺华,宁波美诺华药业股份有限公司2024年年度报告,2025-04-18 00:00:00,1223130508,reports_raw/companies/603_sh_main/603538_美诺华/2024/1223130508.pdf,https://static.cninfo.com.cn/finalpage/2025-04-18/1223130508.PDF
603568,伟明环保,伟明环保2024年年度报告,2025-04-19 00:00:00,1223144638,reports_raw/companies/603_sh_main/603568_伟明环保/2024/1223144638.pdf,https://static.cninfo.com.cn/finalpage/2025-04-19/1223144638.PDF
603595,东尼电子,东尼电子2024年年度报告,2025-04-19 00:00:00,1223146779,reports_raw/companies/603_sh_main/603595_东尼电子/2024/1223146779.pdf,https://static.cninfo.com.cn/finalpage/2025-04-19/1223146779.PDF
603608,*ST天创,天创时尚股份有限公司2024年年度报告,2025-04-19 00:00:00,1223153993,reports_raw/companies/603_sh_main/603608_ST天创/2024/1223153993.pdf,https://static.cninfo.com.cn/finalpage/2025-04-19/1223153993.PDF
603610,麒盛科技,麒盛科技2024年年度报告,2025-04-19 00:00:00,1223158473,reports_raw/companies/603_sh_main/603610_麒盛科技/2024/1223158473.pdf,https://static.cninfo.com.cn/finalpage/2025-04-19/1223158473.PDF
603637,镇海股份,镇海石化工程股份有限公司2024年年度报告全文,2025-04-18 00:00:00,1223121868,reports_raw/companies/603_sh_main/603637_镇海股份/2024/1223121868.pdf,https://static.cninfo.com.cn/finalpage/2025-04-18/1223121868.PDF
603650,彤程新材,彤程新材料集团股份有限公司2024年年度报告,2025-04-18 00:00:00,1223159664,reports_raw/companies/603_sh_main/603650_彤程新材/2024/1223159664.pdf,https://static.cninfo.com.cn/finalpage/2025-04-18/1223159664.pdf
603657,春光科技,春光科技2024年年度报告,2025-04-19 00:00:00,1223145925,reports_raw/companies/603_sh_main/603657_春光科技/2024/1223145925.pdf,https://static.cninfo.com.cn/finalpage/2025-04-19/1223145925.PDF
603658,安图生物,安图生物2024年年度报告,2025-04-18 00:00:00,1223121916,reports_raw/companies/603_sh_main/603658_安图生物/2024/1223121916.pdf,https://static.cninfo.com.cn/finalpage/2025-04-18/1223121916.PDF
603669,灵康药业,2024年年度报告,2025-04-19 00:00:00,1223151797,reports_raw/companies/603_sh_main/603669_灵康药业/2024/1223151797.pdf,https://static.cninfo.com.cn/finalpage/2025-04-19/1223151797.PDF
603689,皖天然气,2024年年度报告,2025-04-12 00:00:00,1223067328,reports_raw/companies/603_sh_main/603689_皖天然气/2024/1223067328.pdf,https://static.cninfo.com.cn/finalpage/2025-04-12/1223067328.PDF
603703,盛洋科技,盛洋科技2024年年度报告,2025-04-18 00:00:00,1223129602,reports_raw/companies/603_sh_main/603703_盛洋科技/2024/1223129602.pdf,https://static.cninfo.com.cn/finalpage/2025-04-18/1223129602.PDF
603713,密尔克卫,密尔克卫智能供应链服务集团股份有限公司2024年年度报告,2025-04-15 00:00:00,1223097269,reports_raw/companies/603_sh_main/603713_密尔克卫/2024/1223097269.pdf,https://static.cninfo.com.cn/finalpage/2025-04-15/1223097269.PDF
603717,天域生物,2024年年度报告,2025-04-16 00:00:00,1223104038,reports_raw/companies/603_sh_main/603717_天域生物/2024/1223104038.pdf,https://static.cninfo.com.cn/finalpage/2025-04-16/1223104038.PDF
603725,天安新材,天安新材2024年年度报告,2025-04-17 00:00:00,1223109678,reports_raw/companies/603_sh_main/603725_天安新材/2024/1223109678.pdf,https://static.cninfo.com.cn/finalpage/2025-04-17/1223109678.PDF
603729,龙韵股份,上海龙韵文创科技集团股份有限公司2024年年度报告,2025-04-19 00:00:00,1223157839,reports_raw/companies/603_sh_main/603729_龙韵股份/2024/1223157839.pdf,https://static.cninfo.com.cn/finalpage/2025-04-19/1223157839.PDF
603776,永安行,永安行：2024年年度报告,2025-04-12 00:00:00,1223073071,reports_raw/companies/603_sh_main/603776_永安行/2024/1223073071.pdf,https://static.cninfo.com.cn/finalpage/2025-04-12/1223073071.PDF
603799,华友钴业,华友钴业2024年年度报告,2025-04-19 00:00:00,1223152968,reports_raw/companies/603_sh_main/603799_华友钴业/2024/1223152968.pdf,https://static.cninfo.com.cn/finalpage/2025-04-19/1223152968.PDF
603836,海程邦达,2024年年度报告,2025-04-18 00:00:00,1223123207,reports_raw/companies/603_sh_main/603836_海程邦达/2024/1223123207.pdf,https://static.cninfo.com.cn/finalpage/2025-04-18/1223123207.PDF
603889,新澳股份,新澳股份2024年年度报告,2025-04-18 00:00:00,1223127948,reports_raw/companies/603_sh_main/603889_新澳股份/2024/1223127948.pdf,https://static.cninfo.com.cn/finalpage/2025-04-18/1223127948.PDF
603896,寿仙谷,寿仙谷2024年年度报告,2025-04-18 00:00:00,1223130837,reports_raw/companies/603_sh_main/603896_寿仙谷/2024/1223130837.pdf,https://static.cninfo.com.cn/finalpage/2025-04-18/1223130837.PDF
603918,金桥信息,2024年年度报告,2025-04-19 00:00:00,1223147434,reports_raw/companies/603_sh_main/603918_金桥信息/2024/1223147434.pdf,https://static.cninfo.com.cn/finalpage/2025-04-19/1223147434.PDF
603920,世运电路,世运电路2024年年度报告,2025-04-16 00:00:00,1223102435,reports_raw/companies/603_sh_main/603920_世运电路/2024/1223102435.pdf,https://static.cninfo.com.cn/finalpage/2025-04-16/1223102435.PDF
603927,中科软,中科软2024年年度报告,2025-04-12 00:00:00,1223072507,reports_raw/companies/603_sh_main/603927_中科软/2024/1223072507.pdf,https://static.cninfo.com.cn/finalpage/2025-04-12/1223072507.PDF
603938,三孚股份,三孚股份：2024年年度报告,2025-04-16 00:00:00,1223100095,reports_raw/companies/603_sh_main/603938_三孚股份/2024/1223100095.pdf,https://static.cninfo.com.cn/finalpage/2025-04-16/1223100095.PDF
603970,中农立华,中农立华2024年年度报告,2025-04-18 00:00:00,1223127526,reports_raw/companies/603_sh_main/603970_中农立华/2024/1223127526.pdf,https://static.cninfo.com.cn/finalpage/2025-04-18/1223127526.PDF
603977,国泰集团,江西国泰集团股份有限公司2024年年度报告全文,2025-04-18 00:00:00,1223124626,reports_raw/companies/603_sh_main/603977_国泰集团/2024/1223124626.pdf,https://static.cninfo.com.cn/finalpage/2025-04-18/1223124626.PDF
603987,康德莱,上海康德莱企业发展集团股份有限公司2024年年度报告,2025-04-19 00:00:00,1223146804,reports_raw/companies/603_sh_main/603987_康德莱/2024/1223146804.pdf,https://static.cninfo.com.cn/finalpage/2025-04-19/1223146804.PDF
603988,中电电机,中电电机2024年年度报告,2025-04-19 00:00:00,1223156480,reports_raw/companies/603_sh_main/603988_中电电机/2024/1223156480.pdf,https://static.cninfo.com.cn/finalpage/2025-04-19/1223156480.PDF
603991,至正股份,至正股份2024年年度报告,2025-04-16 00:00:00,1223103940,reports_raw/companies/603_sh_main/603991_至正股份/2024/1223103940.pdf,https://static.cninfo.com.cn/finalpage/2025-04-16/1223103940.PDF
605007,五洲特纸,五洲特种纸业集团股份有限公司2024年年度报告,2025-04-11 00:00:00,1223055602,reports_raw/companies/605_sh_main/605007_五洲特纸/2024/1223055602.pdf,https://static.cninfo.com.cn/finalpage/2025-04-11/1223055602.PDF
605009,豪悦护理,杭州豪悦护理用品股份有限公司2024年年度报告,2025-04-15 00:00:00,1223094654,reports_raw/companies/605_sh_main/605009_豪悦护理/2024/1223094654.pdf,https://static.cninfo.com.cn/finalpage/2025-04-15/1223094654.PDF
605011,杭州热电,杭州热电集团股份有限公司2024年年度报告,2025-04-19 00:00:00,1223155113,reports_raw/companies/605_sh_main/605011_杭州热电/2024/1223155113.pdf,https://static.cninfo.com.cn/finalpage/2025-04-19/1223155113.PDF
605090,九丰能源,2024年年度报告,2025-04-18 00:00:00,1223124690,reports_raw/companies/605_sh_main/605090_九丰能源/2024/1223124690.pdf,https://static.cninfo.com.cn/finalpage/2025-04-18/1223124690.PDF
605098,行动教育,2024年年度报告,2025-04-15 00:00:00,1223094441,reports_raw/companies/605_sh_main/605098_行动教育/2024/1223094441.pdf,https://static.cninfo.com.cn/finalpage/2025-04-15/1223094441.PDF
605100,华丰股份,华丰动力股份有限公司2024年年度报告,2025-04-18 00:00:00,1223123675,reports_raw/companies/605_sh_main/605100_华丰股份/2024/1223123675.pdf,https://static.cninfo.com.cn/finalpage/2025-04-18/1223123675.PDF
605133,嵘泰股份,嵘泰股份2024年年度报告,2025-04-19 00:00:00,1223151206,reports_raw/companies/605_sh_main/605133_嵘泰股份/2024/1223151206.pdf,https://static.cninfo.com.cn/finalpage/2025-04-19/1223151206.PDF
605168,三人行,三人行：2024年年度报告全文,2025-04-19 00:00:00,1223155654,reports_raw/companies/605_sh_main/605168_三人行/2024/1223155654.pdf,https://static.cninfo.com.cn/finalpage/2025-04-19/1223155654.PDF
605169,洪通燃气,新疆洪通燃气股份有限公司2024年年度报告,2025-04-18 00:00:00,1223121008,reports_raw/companies/605_sh_main/605169_洪通燃气/2024/1223121008.pdf,https://static.cninfo.com.cn/finalpage/2025-04-18/1223121008.PDF
605196,华通线缆,华通线缆2024年年度报告,2025-04-18 00:00:00,1223129924,reports_raw/companies/605_sh_main/605196_华通线缆/2024/1223129924.pdf,https://static.cninfo.com.cn/finalpage/2025-04-18/1223129924.PDF
605208,永茂泰,2024年年度报告,2025-04-19 00:00:00,1223145962,reports_raw/companies/605_sh_main/605208_永茂泰/2024/1223145962.pdf,https://static.cninfo.com.cn/finalpage/2025-04-19/1223145962.PDF
605258,协和电子,2024年年度报告,2025-04-15 00:00:00,1223093415,reports_raw/companies/605_sh_main/605258_协和电子/2024/1223093415.pdf,https://static.cninfo.com.cn/finalpage/2025-04-15/1223093415.PDF
605305,中际联合,中际联合2024年年度报告,2025-04-19 00:00:00,1223142895,reports_raw/companies/605_sh_main/605305_中际联合/2024/1223142895.pdf,https://static.cninfo.com.cn/finalpage/2025-04-19/1223142895.PDF
605336,帅丰电器,浙江帅丰电器股份有限公司2024年年度报告全文,2025-04-18 00:00:00,1223127595,reports_raw/companies/605_sh_main/605336_帅丰电器/2024/1223127595.pdf,https://static.cninfo.com.cn/finalpage/2025-04-18/1223127595.PDF
605376,博迁新材,江苏博迁新材料股份有限公司2024年年度报告,2025-04-19 00:00:00,1223151809,reports_raw/companies/605_sh_main/605376_博迁新材/2024/1223151809.pdf,https://static.cninfo.com.cn/finalpage/2025-04-19/1223151809.PDF
605580,恒盛能源,恒盛能源股份有限公司2024年年度报告全文,2025-04-15 00:00:00,1223095417,reports_raw/companies/605_sh_main/605580_恒盛能源/2024/1223095417.pdf,https://static.cninfo.com.cn/finalpage/2025-04-15/1223095417.PDF
688002,睿创微纳,2024年年度报告,2025-04-11 00:00:00,1223058665,reports_raw/companies/688_star/688002_睿创微纳/2024/1223058665.pdf,https://static.cninfo.com.cn/finalpage/2025-04-11/1223058665.PDF
688003,天准科技,2024年年度报告,2025-04-12 00:00:00,1223073105,reports_raw/companies/688_star/688003_天准科技/2024/1223073105.pdf,https://static.cninfo.com.cn/finalpage/2025-04-12/1223073105.PDF
688004,博汇科技,博汇科技2024年年度报告,2025-04-18 00:00:00,1223129609,reports_raw/companies/688_star/688004_博汇科技/2024/1223129609.pdf,https://static.cninfo.com.cn/finalpage/2025-04-18/1223129609.PDF
688008,澜起科技,澜起科技2024年年度报告,2025-04-11 00:00:00,1223058389,reports_raw/companies/688_star/688008_澜起科技/2024/1223058389.pdf,https://static.cninfo.com.cn/finalpage/2025-04-11/1223058389.PDF
688012,中微公司,2024年年度报告,2025-04-18 00:00:00,1223127191,reports_raw/companies/688_star/688012_中微公司/2024/1223127191.pdf,https://static.cninfo.com.cn/finalpage/2025-04-18/1223127191.PDF
688019,安集科技,2024年年度报告,2025-04-16 00:00:00,1223101942,reports_raw/companies/688_star/688019_安集科技/2024/1223101942.pdf,https://static.cninfo.com.cn/finalpage/2025-04-16/1223101942.PDF
688020,方邦股份,2024年年度报告,2025-04-17 00:00:00,1223112844,reports_raw/companies/688_star/688020_方邦股份/2024/1223112844.pdf,https://static.cninfo.com.cn/finalpage/2025-04-17/1223112844.PDF
688026,洁特生物,2024年年度报告,2025-04-16 00:00:00,1223103775,reports_raw/companies/688_star/688026_洁特生物/2024/1223103775.pdf,https://static.cninfo.com.cn/finalpage/2025-04-16/1223103775.PDF
688035,德邦科技,烟台德邦科技股份有限公司2024年年度报告,2025-04-19 00:00:00,1223155144,reports_raw/companies/688_star/688035_德邦科技/2024/1223155144.pdf,https://static.cninfo.com.cn/finalpage/2025-04-19/1223155144.PDF
688063,派能科技,上海派能能源科技股份有限公司2024年年度报告,2025-04-12 00:00:00,1223071587,reports_raw/companies/688_star/688063_派能科技/2024/1223071587.pdf,https://static.cninfo.com.cn/finalpage/2025-04-12/1223071587.PDF
688070,纵横股份,2024年年度报告,2025-04-18 00:00:00,1223128738,reports_raw/companies/688_star/688070_纵横股份/2024/1223128738.pdf,https://static.cninfo.com.cn/finalpage/2025-04-18/1223128738.PDF
688078,龙软科技,北京龙软科技股份有限公司2024年年度报告,2025-04-18 00:00:00,1223130527,reports_raw/companies/688_star/688078_龙软科技/2024/1223130527.pdf,https://static.cninfo.com.cn/finalpage/2025-04-18/1223130527.PDF
688088,虹软科技,2024年年度报告,2025-04-15 00:00:00,1223097370,reports_raw/companies/688_star/688088_虹软科技/2024/1223097370.pdf,https://static.cninfo.com.cn/finalpage/2025-04-15/1223097370.PDF
688099,晶晨股份,晶晨股份2024年年度报告,2025-04-11 00:00:00,1223058176,reports_raw/companies/688_star/688099_晶晨股份/2024/1223058176.pdf,https://static.cninfo.com.cn/finalpage/2025-04-11/1223058176.PDF
688101,三达膜,2024年年度报告,2025-04-18 00:00:00,1223122911,reports_raw/companies/688_star/688101_三达膜/2024/1223122911.pdf,https://static.cninfo.com.cn/finalpage/2025-04-18/1223122911.PDF
688109,品茗科技,2024年年度报告,2025-04-19 00:00:00,1223145145,reports_raw/companies/688_star/688109_品茗科技/2024/1223145145.pdf,https://static.cninfo.com.cn/finalpage/2025-04-19/1223145145.PDF
688130,晶华微,晶华微2024年年度报告,2025-04-19 00:00:00,1223159063,reports_raw/companies/688_star/688130_晶华微/2024/1223159063.pdf,https://static.cninfo.com.cn/finalpage/2025-04-19/1223159063.PDF
688136,科兴制药,2024年年度报告,2025-04-11 00:00:00,1223058448,reports_raw/companies/688_star/688136_科兴制药/2024/1223058448.pdf,https://static.cninfo.com.cn/finalpage/2025-04-11/1223058448.PDF
688143,长盈通,2024年年度报告,2025-04-11 00:00:00,1223057272,reports_raw/companies/688_star/688143_长盈通/2024/1223057272.pdf,https://static.cninfo.com.cn/finalpage/2025-04-11/1223057272.PDF
688148,芳源股份,芳源股份2024年年度报告,2025-04-18 00:00:00,1223124726,reports_raw/companies/688_star/688148_芳源股份/2024/1223124726.pdf,https://static.cninfo.com.cn/finalpage/2025-04-18/1223124726.PDF
688155,先惠技术,上海先惠自动化技术股份有限公司2024年年度报告,2025-04-18 00:00:00,1223128787,reports_raw/companies/688_star/688155_先惠技术/2024/1223128787.pdf,https://static.cninfo.com.cn/finalpage/2025-04-18/1223128787.PDF
688156,路德环境,2024年年度报告,2025-04-18 00:00:00,1223159665,reports_raw/companies/688_star/688156_路德环境/2024/1223159665.pdf,https://static.cninfo.com.cn/finalpage/2025-04-18/1223159665.pdf
688158,优刻得,优刻得2024年年度报告,2025-04-19 00:00:00,1223158539,reports_raw/companies/688_star/688158_优刻得/2024/1223158539.pdf,https://static.cninfo.com.cn/finalpage/2025-04-19/1223158539.PDF
688176,亚虹医药,江苏亚虹医药科技股份有限公司2024年年度报告,2025-04-19 00:00:00,1223156150,reports_raw/companies/688_star/688176_亚虹医药/2024/1223156150.pdf,https://static.cninfo.com.cn/finalpage/2025-04-19/1223156150.PDF
688196,卓越新能,卓越新能2024年年度报告,2025-04-19 00:00:00,1223145990,reports_raw/companies/688_star/688196_卓越新能/2024/1223145990.pdf,https://static.cninfo.com.cn/finalpage/2025-04-19/1223145990.PDF
688199,久日新材,天津久日新材料股份有限公司2024年年度报告,2025-04-19 00:00:00,1223148165,reports_raw/companies/688_star/688199_久日新材/2024/1223148165.pdf,https://static.cninfo.com.cn/finalpage/2025-04-19/1223148165.PDF
688203,海正生材,浙江海正生物材料股份有限公司2024年年度报告,2025-04-15 00:00:00,1223093918,reports_raw/companies/688_star/688203_海正生材/2024/1223093918.pdf,https://static.cninfo.com.cn/finalpage/2025-04-15/1223093918.PDF
688213,思特威,2024年年度报告,2025-04-19 00:00:00,1223155210,reports_raw/companies/688_star/688213_思特威/2024/1223155210.pdf,https://static.cninfo.com.cn/finalpage/2025-04-19/1223155210.PDF
688217,睿昂基因,睿昂基因2024年年度报告,2025-04-18 00:00:00,1223129636,reports_raw/companies/688_star/688217_睿昂基因/2024/1223129636.pdf,https://static.cninfo.com.cn/finalpage/2025-04-18/1223129636.PDF
688230,芯导科技,2024年年度报告,2025-04-16 00:00:00,1223100362,reports_raw/companies/688_star/688230_芯导科技/2024/1223100362.pdf,https://static.cninfo.com.cn/finalpage/2025-04-16/1223100362.PDF
688232,新点软件,新点软件2024年年度报告,2025-04-12 00:00:00,1223070052,reports_raw/companies/688_star/688232_新点软件/2024/1223070052.pdf,https://static.cninfo.com.cn/finalpage/2025-04-12/1223070052.PDF
688238,和元生物,2024年年度报告,2025-04-18 00:00:00,1223130373,reports_raw/companies/688_star/688238_和元生物/2024/1223130373.pdf,https://static.cninfo.com.cn/finalpage/2025-04-18/1223130373.PDF
688256,寒武纪,2024年年度报告,2025-04-19 00:00:00,1223155683,reports_raw/companies/688_star/688256_寒武纪/2024/1223155683.pdf,https://static.cninfo.com.cn/finalpage/2025-04-19/1223155683.PDF
688257,新锐股份,新锐股份2024年年度报告,2025-04-18 00:00:00,1223125020,reports_raw/companies/688_star/688257_新锐股份/2024/1223125020.pdf,https://static.cninfo.com.cn/finalpage/2025-04-18/1223125020.PDF
688258,卓易信息,江苏卓易信息科技股份有限公司2024年年度报告,2025-04-18 00:00:00,1223130563,reports_raw/companies/688_star/688258_卓易信息/2024/1223130563.pdf,https://static.cninfo.com.cn/finalpage/2025-04-18/1223130563.PDF
688266,泽璟制药,泽璟制药2024年年度报告,2025-04-19 00:00:00,1223156534,reports_raw/companies/688_star/688266_泽璟制药/2024/1223156534.pdf,https://static.cninfo.com.cn/finalpage/2025-04-19/1223156534.PDF
688290,景业智能,景业智能2024年年度报告,2025-04-18 00:00:00,1223126124,reports_raw/companies/688_star/688290_景业智能/2024/1223126124.pdf,https://static.cninfo.com.cn/finalpage/2025-04-18/1223126124.PDF
688291,金橙子,2024年年度报告,2025-04-19 00:00:00,1223148207,reports_raw/companies/688_star/688291_金橙子/2024/1223148207.pdf,https://static.cninfo.com.cn/finalpage/2025-04-19/1223148207.PDF
688293,奥浦迈,奥浦迈：2024年年度报告,2025-04-16 00:00:00,1223101646,reports_raw/companies/688_star/688293_奥浦迈/2024/1223101646.pdf,https://static.cninfo.com.cn/finalpage/2025-04-16/1223101646.PDF
688296,和达科技,和达科技2024年年度报告,2025-04-16 00:00:00,1223101999,reports_raw/companies/688_star/688296_和达科技/2024/1223101999.pdf,https://static.cninfo.com.cn/finalpage/2025-04-16/1223101999.PDF
688302,海创药业,海创药业股份有限公司2024年年度报告,2025-04-19 00:00:00,1223157873,reports_raw/companies/688_star/688302_海创药业/2024/1223157873.pdf,https://static.cninfo.com.cn/finalpage/2025-04-19/1223157873.PDF
688306,均普智能,宁波均普智能制造股份有限公司2024年年度报告,2025-04-19 00:00:00,1223156537,reports_raw/companies/688_star/688306_均普智能/2024/1223156537.pdf,https://static.cninfo.com.cn/finalpage/2025-04-19/1223156537.PDF
688313,仕佳光子,2024年年度报告,2025-04-19 00:00:00,1223157242,reports_raw/companies/688_star/688313_仕佳光子/2024/1223157242.pdf,https://static.cninfo.com.cn/finalpage/2025-04-19/1223157242.PDF
688315,诺禾致源,北京诺禾致源科技股份有限公司2024年年度报告,2025-04-15 00:00:00,1223094477,reports_raw/companies/688_star/688315_诺禾致源/2024/1223094477.pdf,https://static.cninfo.com.cn/finalpage/2025-04-15/1223094477.PDF
688330,宏力达,宏力达2024年年度报告,2025-04-15 00:00:00,1223094502,reports_raw/companies/688_star/688330_宏力达/2024/1223094502.pdf,https://static.cninfo.com.cn/finalpage/2025-04-15/1223094502.PDF
688334,西高院,2024年年度报告,2025-04-11 00:00:00,1223056209,reports_raw/companies/688_star/688334_西高院/2024/1223056209.pdf,https://static.cninfo.com.cn/finalpage/2025-04-11/1223056209.PDF
688345,博力威,广东博力威科技股份有限公司2024年年度报告,2025-04-19 00:00:00,1223155231,reports_raw/companies/688_star/688345_博力威/2024/1223155231.pdf,https://static.cninfo.com.cn/finalpage/2025-04-19/1223155231.PDF
688363,华熙生物,华熙生物2024年年度报告,2025-04-11 00:00:00,1223058003,reports_raw/companies/688_star/688363_华熙生物/2024/1223058003.pdf,https://static.cninfo.com.cn/finalpage/2025-04-11/1223058003.PDF
688371,菲沃泰,2024年年度报告,2025-04-19 00:00:00,1223149867,reports_raw/companies/688_star/688371_菲沃泰/2024/1223149867.pdf,https://static.cninfo.com.cn/finalpage/2025-04-19/1223149867.PDF
688375,国博电子,南京国博电子股份有限公司2024年年度报告,2025-04-11 00:00:00,1223058747,reports_raw/companies/688_star/688375_国博电子/2024/1223058747.pdf,https://static.cninfo.com.cn/finalpage/2025-04-11/1223058747.PDF
688378,奥来德,2024年年度报告,2025-04-17 00:00:00,1223112137,reports_raw/companies/688_star/688378_奥来德/2024/1223112137.pdf,https://static.cninfo.com.cn/finalpage/2025-04-17/1223112137.PDF
688380,中微半导,2024年年度报告,2025-04-11 00:00:00,1223058226,reports_raw/companies/688_star/688380_中微半导/2024/1223058226.pdf,https://static.cninfo.com.cn/finalpage/2025-04-11/1223058226.PDF
688389,普门科技,深圳普门科技股份有限公司2024年年度报告,2025-04-11 00:00:00,1223058472,reports_raw/companies/688_star/688389_普门科技/2024/1223058472.pdf,https://static.cninfo.com.cn/finalpage/2025-04-11/1223058472.PDF
688391,钜泉科技,钜泉光电科技（上海）股份有限公司2024年年度报告,2025-04-17 00:00:00,1223110255,reports_raw/companies/688_star/688391_钜泉科技/2024/1223110255.pdf,https://static.cninfo.com.cn/finalpage/2025-04-17/1223110255.PDF
688392,骄成超声,2024年年度报告,2025-04-12 00:00:00,1223071618,reports_raw/companies/688_star/688392_骄成超声/2024/1223071618.pdf,https://static.cninfo.com.cn/finalpage/2025-04-12/1223071618.PDF
688399,硕世生物,江苏硕世生物科技股份有限公司2024年年度报告,2025-04-19 00:00:00,1223158219,reports_raw/companies/688_star/688399_硕世生物/2024/1223158219.pdf,https://static.cninfo.com.cn/finalpage/2025-04-19/1223158219.PDF
688401,路维光电,路维光电2024年年度报告,2025-04-19 00:00:00,1223159751,reports_raw/companies/688_star/688401_路维光电/2024/1223159751.pdf,https://static.cninfo.com.cn/finalpage/2025-04-19/1223159751.pdf
688408,中信博,中信博2024年年度报告,2025-04-17 00:00:00,1223111324,reports_raw/companies/688_star/688408_中信博/2024/1223111324.pdf,https://static.cninfo.com.cn/finalpage/2025-04-17/1223111324.PDF
688419,耐科装备,安徽耐科装备科技股份有限公司2024年年度报告,2025-04-12 00:00:00,1223071966,reports_raw/companies/688_star/688419_耐科装备/2024/1223071966.pdf,https://static.cninfo.com.cn/finalpage/2025-04-12/1223071966.PDF
688420,美腾科技,天津美腾科技股份有限公司2024年年度报告,2025-04-18 00:00:00,1223131161,reports_raw/companies/688_star/688420_美腾科技/2024/1223131161.pdf,https://static.cninfo.com.cn/finalpage/2025-04-18/1223131161.PDF
688449,联芸科技,2024年年度报告,2025-04-17 00:00:00,1223112666,reports_raw/companies/688_star/688449_联芸科技/2024/1223112666.pdf,https://static.cninfo.com.cn/finalpage/2025-04-17/1223112666.PDF
688475,萤石网络,2024年年度报告,2025-04-12 00:00:00,1223072966,reports_raw/companies/688_star/688475_萤石网络/2024/1223072966.pdf,https://static.cninfo.com.cn/finalpage/2025-04-12/1223072966.PDF
688500,慧辰股份,2024年年度报告,2025-04-19 00:00:00,1223156585,reports_raw/companies/688_star/688500_慧辰股份/2024/1223156585.pdf,https://static.cninfo.com.cn/finalpage/2025-04-19/1223156585.PDF
688518,联赢激光,深圳市联赢激光股份有限公司2024年年度报告,2025-04-15 00:00:00,1223096969,reports_raw/companies/688_star/688518_联赢激光/2024/1223096969.pdf,https://static.cninfo.com.cn/finalpage/2025-04-15/1223096969.PDF
688519,南亚新材,南亚新材2024年年度报告,2025-04-17 00:00:00,1223110521,reports_raw/companies/688_star/688519_南亚新材/2024/1223110521.pdf,https://static.cninfo.com.cn/finalpage/2025-04-17/1223110521.PDF
688522,纳睿雷达,广东纳睿雷达科技股份有限公司2024年年度报告,2025-04-19 00:00:00,1223148252,reports_raw/companies/688_star/688522_纳睿雷达/2024/1223148252.pdf,https://static.cninfo.com.cn/finalpage/2025-04-19/1223148252.PDF
688529,豪森智能,豪森智能2024年年度报告,2025-04-15 00:00:00,1223097087,reports_raw/companies/688_star/688529_豪森智能/2024/1223097087.pdf,https://static.cninfo.com.cn/finalpage/2025-04-15/1223097087.PDF
688539,高华科技,高华科技2024年年度报告,2025-04-19 00:00:00,1223144677,reports_raw/companies/688_star/688539_高华科技/2024/1223144677.pdf,https://static.cninfo.com.cn/finalpage/2025-04-19/1223144677.PDF
688549,中巨芯,2024年年度报告,2025-04-11 00:00:00,1223058299,reports_raw/companies/688_star/688549_中巨芯/2024/1223058299.pdf,https://static.cninfo.com.cn/finalpage/2025-04-11/1223058299.PDF
688550,瑞联新材,2024年年度报告,2025-04-19 00:00:00,1223158262,reports_raw/companies/688_star/688550_瑞联新材/2024/1223158262.pdf,https://static.cninfo.com.cn/finalpage/2025-04-19/1223158262.PDF
688558,国盛智科,国盛智科2024年年度报告,2025-04-19 00:00:00,1223149132,reports_raw/companies/688_star/688558_国盛智科/2024/1223149132.pdf,https://static.cninfo.com.cn/finalpage/2025-04-19/1223149132.PDF
688566,吉贝尔,吉贝尔2024年年度报告,2025-04-15 00:00:00,1223096183,reports_raw/companies/688_star/688566_吉贝尔/2024/1223096183.pdf,https://static.cninfo.com.cn/finalpage/2025-04-15/1223096183.PDF
688579,山大地纬,山大地纬2024年年度报告,2025-04-12 00:00:00,1223072333,reports_raw/companies/688_star/688579_山大地纬/2024/1223072333.pdf,https://static.cninfo.com.cn/finalpage/2025-04-12/1223072333.PDF
688588,凌志软件,凌志软件2024年年度报告,2025-04-18 00:00:00,1223128838,reports_raw/companies/688_star/688588_凌志软件/2024/1223128838.pdf,https://static.cninfo.com.cn/finalpage/2025-04-18/1223128838.PDF
688591,泰凌微,2024年年度报告,2025-04-18 00:00:00,1223125580,reports_raw/companies/688_star/688591_泰凌微/2024/1223125580.pdf,https://static.cninfo.com.cn/finalpage/2025-04-18/1223125580.PDF
688601,力芯微,2024年年度报告,2025-04-12 00:00:00,1223072573,reports_raw/companies/688_star/688601_力芯微/2024/1223072573.pdf,https://static.cninfo.com.cn/finalpage/2025-04-12/1223072573.PDF
688602,康鹏科技,上海康鹏科技股份有限公司2024年年度报告,2025-04-18 00:00:00,1223127977,reports_raw/companies/688_star/688602_康鹏科技/2024/1223127977.pdf,https://static.cninfo.com.cn/finalpage/2025-04-18/1223127977.PDF
688610,埃科光电,2024年年度报告,2025-04-18 00:00:00,1223130762,reports_raw/companies/688_star/688610_埃科光电/2024/1223130762.pdf,https://static.cninfo.com.cn/finalpage/2025-04-18/1223130762.PDF
688615,合合信息,上海合合信息科技股份有限公司2024年年度报告,2025-04-16 00:00:00,1223103971,reports_raw/companies/688_star/688615_合合信息/2024/1223103971.pdf,https://static.cninfo.com.cn/finalpage/2025-04-16/1223103971.PDF
688628,优利德,2024年年度报告,2025-04-12 00:00:00,1223070814,reports_raw/companies/688_star/688628_优利德/2024/1223070814.pdf,https://static.cninfo.com.cn/finalpage/2025-04-12/1223070814.PDF
688665,四方光电,四方光电2024年年度报告,2025-04-18 00:00:00,1223128454,reports_raw/companies/688_star/688665_四方光电/2024/1223128454.pdf,https://static.cninfo.com.cn/finalpage/2025-04-18/1223128454.PDF
688668,鼎通科技,2024年年度报告,2025-04-18 00:00:00,1223127213,reports_raw/companies/688_star/688668_鼎通科技/2024/1223127213.pdf,https://static.cninfo.com.cn/finalpage/2025-04-18/1223127213.PDF
688670,金迪克,江苏金迪克生物技术股份有限公司2024年年度报告,2025-04-18 00:00:00,1223129995,reports_raw/companies/688_star/688670_金迪克/2024/1223129995.pdf,https://static.cninfo.com.cn/finalpage/2025-04-18/1223129995.PDF
688679,通源环境,2024年年度报告,2025-04-15 00:00:00,1223094297,reports_raw/companies/688_star/688679_通源环境/2024/1223094297.pdf,https://static.cninfo.com.cn/finalpage/2025-04-15/1223094297.PDF
688682,霍莱沃,2024年年度报告,2025-04-11 00:00:00,1223058332,reports_raw/companies/688_star/688682_霍莱沃/2024/1223058332.pdf,https://static.cninfo.com.cn/finalpage/2025-04-11/1223058332.PDF
688692,达梦数据,2024年年度报告,2025-04-15 00:00:00,1223095468,reports_raw/companies/688_star/688692_达梦数据/2024/1223095468.pdf,https://static.cninfo.com.cn/finalpage/2025-04-15/1223095468.PDF
688698,伟创电气,2024年年度报告,2025-04-16 00:00:00,1223101017,reports_raw/companies/688_star/688698_伟创电气/2024/1223101017.pdf,https://static.cninfo.com.cn/finalpage/2025-04-16/1223101017.PDF
688708,佳驰科技,2024年年度报告,2025-04-18 00:00:00,1223122929,reports_raw/companies/688_star/688708_佳驰科技/2024/1223122929.pdf,https://static.cninfo.com.cn/finalpage/2025-04-18/1223122929.PDF
688711,宏微科技,江苏宏微科技股份有限公司2024年年度报告,2025-04-15 00:00:00,1223097019,reports_raw/companies/688_star/688711_宏微科技/2024/1223097019.pdf,https://static.cninfo.com.cn/finalpage/2025-04-15/1223097019.PDF
688719,爱科赛博,西安爱科赛博电气股份有限公司2024年年度报告,2025-04-18 00:00:00,1223125600,reports_raw/companies/688_star/688719_爱科赛博/2024/1223125600.pdf,https://static.cninfo.com.cn/finalpage/2025-04-18/1223125600.PDF
688726,拉普拉斯,2024年年度报告,2025-04-17 00:00:00,1223111531,reports_raw/companies/688_star/688726_拉普拉斯/2024/1223111531.pdf,https://static.cninfo.com.cn/finalpage/2025-04-17/1223111531.PDF
688733,壹石通,壹石通2024年年度报告,2025-04-18 00:00:00,1223128509,reports_raw/companies/688_star/688733_壹石通/2024/1223128509.pdf,https://static.cninfo.com.cn/finalpage/2025-04-18/1223128509.PDF
688779,五矿新能,五矿新能源材料（湖南）股份有限公司2024年年度报告,2025-04-19 00:00:00,1223144711,reports_raw/companies/688_star/688779_五矿新能/2024/1223144711.pdf,https://static.cninfo.com.cn/finalpage/2025-04-19/1223144711.PDF
688800,瑞可达,2024年年度报告,2025-04-15 00:00:00,1223095502,reports_raw/companies/688_star/688800_瑞可达/2024/1223095502.pdf,https://static.cninfo.com.cn/finalpage/2025-04-15/1223095502.PDF
689009,九号公司,九号有限公司2024年年度报告,2025-04-12 00:00:00,1223072410,reports_raw/companies/689_star/689009_九号公司/2024/1223072410.pdf,https://static.cninfo.com.cn/finalpage/2025-04-12/1223072410.PDF
830946,森萱医药,2024年年度报告,2025-04-14 00:00:00,1223096665,reports_raw/companies/830_other/830946_森萱医药/2024/1223096665.pdf,https://static.cninfo.com.cn/finalpage/2025-04-14/1223096665.PDF
830964,润农节水,2024年年度报告,2025-04-16 00:00:00,1223109778,reports_raw/companies/830_other/830964_润农节水/2024/1223109778.pdf,https://static.cninfo.com.cn/finalpage/2025-04-16/1223109778.PDF
831278,泰德股份,2024年年度报告,2025-04-18 00:00:00,1223153870,reports_raw/companies/831_other/831278_泰德股份/2024/1223153870.pdf,https://static.cninfo.com.cn/finalpage/2025-04-18/1223153870.PDF
831445,龙竹科技,2024年年度报告,2025-04-18 00:00:00,1223156911,reports_raw/companies/831_other/831445_龙竹科技/2024/1223156911.pdf,https://static.cninfo.com.cn/finalpage/2025-04-18/1223156911.PDF
831526,凯华材料,2024年年度报告,2025-04-18 00:00:00,1223157032,reports_raw/companies/831_other/831526_凯华材料/2024/1223157032.pdf,https://static.cninfo.com.cn/finalpage/2025-04-18/1223157032.PDF
831627,力王股份,2024年年度报告,2025-04-11 00:00:00,1223071660,reports_raw/companies/831_other/831627_力王股份/2024/1223071660.pdf,https://static.cninfo.com.cn/finalpage/2025-04-11/1223071660.PDF
832175,东方碳素,2024年年度报告,2025-04-16 00:00:00,1223113814,reports_raw/companies/832_other/832175_东方碳素/2024/1223113814.pdf,https://static.cninfo.com.cn/finalpage/2025-04-16/1223113814.PDF
832225,利通科技,2024年年度报告,2025-04-14 00:00:00,1223096706,reports_raw/companies/832_other/832225_利通科技/2024/1223096706.pdf,https://static.cninfo.com.cn/finalpage/2025-04-14/1223096706.PDF
832522,纳科诺尔,2024年年度报告,2025-04-18 00:00:00,1223158965,reports_raw/companies/832_other/832522_纳科诺尔/2024/1223158965.pdf,https://static.cninfo.com.cn/finalpage/2025-04-18/1223158965.PDF
832662,方盛股份,2024年年度报告,2025-04-15 00:00:00,1223101463,reports_raw/companies/832_other/832662_方盛股份/2024/1223101463.pdf,https://static.cninfo.com.cn/finalpage/2025-04-15/1223101463.PDF
832885,星辰科技,2024年年度报告,2025-04-16 00:00:00,1223113402,reports_raw/companies/832_other/832885_星辰科技/2024/1223113402.pdf,https://static.cninfo.com.cn/finalpage/2025-04-16/1223113402.PDF
833230,欧康医药,2024年年度报告,2025-04-17 00:00:00,1223130028,reports_raw/companies/833_other/833230_欧康医药/2024/1223130028.pdf,https://static.cninfo.com.cn/finalpage/2025-04-17/1223130028.PDF
833429,康比特,2024年年度报告,2025-04-18 00:00:00,1223156964,reports_raw/companies/833_other/833429_康比特/2024/1223156964.pdf,https://static.cninfo.com.cn/finalpage/2025-04-18/1223156964.PDF
833819,颖泰生物,2024年年度报告,2025-04-18 00:00:00,1223157950,reports_raw/companies/833_other/833819_颖泰生物/2024/1223157950.pdf,https://static.cninfo.com.cn/finalpage/2025-04-18/1223157950.PDF
833943,优机股份,2024年年度报告,2025-04-15 00:00:00,1223101540,reports_raw/companies/833_other/833943_优机股份/2024/1223101540.pdf,https://static.cninfo.com.cn/finalpage/2025-04-15/1223101540.PDF
834599,同力股份,2024年年度报告,2025-04-18 00:00:00,1223157339,reports_raw/companies/834_other/834599_同力股份/2024/1223157339.pdf,https://static.cninfo.com.cn/finalpage/2025-04-18/1223157339.PDF
834950,迅安科技,2024年年度报告,2025-04-17 00:00:00,1223130087,reports_raw/companies/834_other/834950_迅安科技/2024/1223130087.pdf,https://static.cninfo.com.cn/finalpage/2025-04-17/1223130087.PDF
835184,国源科技,2024年年度报告,2025-04-18 00:00:00,1223158331,reports_raw/companies/835_other/835184_国源科技/2024/1223158331.pdf,https://static.cninfo.com.cn/finalpage/2025-04-18/1223158331.PDF
835185,贝特瑞,2024年年度报告,2025-04-15 00:00:00,1223104318,reports_raw/companies/835_other/835185_贝特瑞/2024/1223104318.pdf,https://static.cninfo.com.cn/finalpage/2025-04-15/1223104318.PDF
835438,戈碧迦,2024年年度报告,2025-04-11 00:00:00,1223071427,reports_raw/companies/835_other/835438_戈碧迦/2024/1223071427.pdf,https://static.cninfo.com.cn/finalpage/2025-04-11/1223071427.PDF
836239,长虹能源,2024年年度报告,2025-04-18 00:00:00,1223158006,reports_raw/companies/836_other/836239_长虹能源/2024/1223158006.pdf,https://static.cninfo.com.cn/finalpage/2025-04-18/1223158006.PDF
836547,无锡晶海,2024年年度报告,2025-04-18 00:00:00,1223156736,reports_raw/companies/836_other/836547_无锡晶海/2024/1223156736.pdf,https://static.cninfo.com.cn/finalpage/2025-04-18/1223156736.PDF
836826,盖世食品,2024年年度报告,2025-04-11 00:00:00,1223072248,reports_raw/companies/836_other/836826_盖世食品/2024/1223072248.pdf,https://static.cninfo.com.cn/finalpage/2025-04-11/1223072248.PDF
836871,派特尔,2024年年度报告,2025-04-18 00:00:00,1223153347,reports_raw/companies/836_other/836871_派特尔/2024/1223153347.pdf,https://static.cninfo.com.cn/finalpage/2025-04-18/1223153347.PDF
836957,汉维科技,2024年年度报告,2025-04-16 00:00:00,1223112545,reports_raw/companies/836_other/836957_汉维科技/2024/1223112545.pdf,https://static.cninfo.com.cn/finalpage/2025-04-16/1223112545.PDF
837663,明阳科技,2024年年度报告,2025-04-17 00:00:00,1223131136,reports_raw/companies/837_other/837663_明阳科技/2024/1223131136.pdf,https://static.cninfo.com.cn/finalpage/2025-04-17/1223131136.PDF
838227,美登科技,2024年年度报告,2025-04-18 00:00:00,1223159021,reports_raw/companies/838_other/838227_美登科技/2024/1223159021.pdf,https://static.cninfo.com.cn/finalpage/2025-04-18/1223159021.PDF
838670,恒进感应,2024年年度报告,2025-04-18 00:00:00,1223157626,reports_raw/companies/838_other/838670_恒进感应/2024/1223157626.pdf,https://static.cninfo.com.cn/finalpage/2025-04-18/1223157626.PDF
870199,倍益康,2024年年度报告,2025-04-18 00:00:00,1223158865,reports_raw/companies/870_other/870199_倍益康/2024/1223158865.pdf,https://static.cninfo.com.cn/finalpage/2025-04-18/1223158865.PDF
870299,灿能电力,2024年年度报告,2025-04-18 00:00:00,1223157901,reports_raw/companies/870_other/870299_灿能电力/2024/1223157901.pdf,https://static.cninfo.com.cn/finalpage/2025-04-18/1223157901.PDF
870508,丰安股份,2024年年度报告,2025-04-18 00:00:00,1223153109,reports_raw/companies/870_other/870508_丰安股份/2024/1223153109.pdf,https://static.cninfo.com.cn/finalpage/2025-04-18/1223153109.PDF
873693,阿为特,2024年年度报告,2025-04-17 00:00:00,1223130281,reports_raw/companies/873_other/873693_阿为特/2024/1223130281.pdf,https://static.cninfo.com.cn/finalpage/2025-04-17/1223130281.PDF
900929,锦旅Ｂ股,锦旅B股2024年年度报告,2025-04-16 00:00:00,1223099005,reports_raw/companies/900_sh_b/900929_锦旅Ｂ股/2024/1223099005.pdf,https://static.cninfo.com.cn/finalpage/2025-04-16/1223099005.PDF
920016,中草香料,2024年年度报告,2025-04-18 00:00:00,1223157679,reports_raw/companies/920_bse/920016_中草香料/2024/1223157679.pdf,https://static.cninfo.com.cn/finalpage/2025-04-18/1223157679.PDF
920066,科拜尔,2024年年度报告,2025-04-16 00:00:00,1223109715,reports_raw/companies/920_bse/920066_科拜尔/2024/1223109715.pdf,https://static.cninfo.com.cn/finalpage/2025-04-16/1223109715.PDF
920082,方正阀门,2024年年度报告,2025-04-18 00:00:00,1223152557,reports_raw/companies/920_bse/920082_方正阀门/2024/1223152557.pdf,https://static.cninfo.com.cn/finalpage/2025-04-18/1223152557.PDF
920106,林泰新材,2024年年度报告,2025-04-16 00:00:00,1223113268,reports_raw/companies/920_bse/920106_林泰新材/2024/1223113268.pdf,https://static.cninfo.com.cn/finalpage/2025-04-16/1223113268.PDF
