sec_code,sec_name,announcement_title,announcement_time,announcement_id,local_path,source_url
000002,万科A,2025年年度报告,2026-04-01 00:00:00,1225067794,reports_raw/companies/000_sz_main/000002_万科A/2025/1225067794.pdf,https://static.cninfo.com.cn/finalpage/2026-04-01/1225067794.PDF
000006,深振业Ａ,2025年年度报告,2026-04-03 00:00:00,1225077783,reports_raw/companies/000_sz_main/000006_深振业Ａ/2025/1225077783.pdf,https://static.cninfo.com.cn/finalpage/2026-04-03/1225077783.PDF
000008,神州高铁,2025年年度报告,2026-04-18 00:00:00,1225116810,reports_raw/companies/000_sz_main/000008_神州高铁/2025/1225116810.pdf,https://static.cninfo.com.cn/finalpage/2026-04-18/1225116810.PDF
000027,深圳能源,2025年年度报告,2026-04-17 00:00:00,1225111758,reports_raw/companies/000_sz_main/000027_深圳能源/2025/1225111758.pdf,https://static.cninfo.com.cn/finalpage/2026-04-17/1225111758.PDF
000028,国药一致,2025年年度报告,2026-04-02 00:00:00,1225073245,reports_raw/companies/000_sz_main/000028_国药一致/2025/1225073245.pdf,https://static.cninfo.com.cn/finalpage/2026-04-02/1225073245.PDF
000037,深南电A,2025年年度报告,2026-04-15 00:00:00,1225101224,reports_raw/companies/000_sz_main/000037_深南电A/2025/1225101224.pdf,https://static.cninfo.com.cn/finalpage/2026-04-15/1225101224.PDF
000042,中洲控股,2025年年度报告,2026-04-18 00:00:00,1225123355,reports_raw/companies/000_sz_main/000042_中洲控股/2025/1225123355.pdf,https://static.cninfo.com.cn/finalpage/2026-04-18/1225123355.PDF
000048,京基智农,2025年年度报告,2026-04-10 00:00:00,1225089773,reports_raw/companies/000_sz_main/000048_京基智农/2025/1225089773.pdf,https://static.cninfo.com.cn/finalpage/2026-04-10/1225089773.PDF
000055,方大集团,2025年年度报告,2026-04-08 00:00:00,1225081648,reports_raw/companies/000_sz_main/000055_方大集团/2025/1225081648.pdf,https://static.cninfo.com.cn/finalpage/2026-04-08/1225081648.PDF
000100,TCL科技,2025年年度报告（英文版）,2026-04-09 00:00:00,1225084270,reports_raw/companies/000_sz_main/000100_TCL科技/2025/1225084270.pdf,https://static.cninfo.com.cn/finalpage/2026-04-09/1225084270.PDF
000151,中成股份,2025年年度报告,2026-04-17 00:00:00,1225113085,reports_raw/companies/000_sz_main/000151_中成股份/2025/1225113085.pdf,https://static.cninfo.com.cn/finalpage/2026-04-17/1225113085.PDF
000155,川能动力,2025年年度报告,2026-04-10 00:00:00,1225089876,reports_raw/companies/000_sz_main/000155_川能动力/2025/1225089876.pdf,https://static.cninfo.com.cn/finalpage/2026-04-10/1225089876.PDF
000158,常山北明,2025年年度报告,2026-04-03 00:00:00,1225077614,reports_raw/companies/000_sz_main/000158_常山北明/2025/1225077614.pdf,https://static.cninfo.com.cn/finalpage/2026-04-03/1225077614.PDF
000159,国际实业,2025年年度报告,2026-04-11 00:00:00,1225092400,reports_raw/companies/000_sz_main/000159_国际实业/2025/1225092400.pdf,https://static.cninfo.com.cn/finalpage/2026-04-11/1225092400.PDF
000400,许继电气,2025年年度报告,2026-04-11 00:00:00,1225096177,reports_raw/companies/000_sz_main/000400_许继电气/2025/1225096177.pdf,https://static.cninfo.com.cn/finalpage/2026-04-11/1225096177.PDF
000404,长虹华意,2025年年度报告,2026-04-18 00:00:00,1225121004,reports_raw/companies/000_sz_main/000404_长虹华意/2025/1225121004.pdf,https://static.cninfo.com.cn/finalpage/2026-04-18/1225121004.PDF
000409,云鼎科技,2025年年度报告,2026-04-09 00:00:00,1225084580,reports_raw/companies/000_sz_main/000409_云鼎科技/2025/1225084580.pdf,https://static.cninfo.com.cn/finalpage/2026-04-09/1225084580.PDF
000417,合百集团,2025年年度报告,2026-04-18 00:00:00,1225117747,reports_raw/companies/000_sz_main/000417_合百集团/2025/1225117747.pdf,https://static.cninfo.com.cn/finalpage/2026-04-18/1225117747.PDF
000419,通程控股,2025年年度报告,2026-04-18 00:00:00,1225117552,reports_raw/companies/000_sz_main/000419_通程控股/2025/1225117552.pdf,https://static.cninfo.com.cn/finalpage/2026-04-18/1225117552.PDF
000421,南京公用,2025年年度报告,2026-04-13 00:00:00,1225091928,reports_raw/companies/000_sz_main/000421_南京公用/2025/1225091928.pdf,https://static.cninfo.com.cn/finalpage/2026-04-13/1225091928.PDF
000430,ST张家界,2025年年度报告,2026-04-14 00:00:00,1225097430,reports_raw/companies/000_sz_main/000430_ST张家界/2025/1225097430.pdf,https://static.cninfo.com.cn/finalpage/2026-04-14/1225097430.PDF
000498,山东路桥,2025年年度报告,2026-04-18 00:00:00,1225123102,reports_raw/companies/000_sz_main/000498_山东路桥/2025/1225123102.pdf,https://static.cninfo.com.cn/finalpage/2026-04-18/1225123102.PDF
000506,招金黄金,2025年年度报告,2026-04-10 00:00:00,1225087894,reports_raw/companies/000_sz_main/000506_招金黄金/2025/1225087894.pdf,https://static.cninfo.com.cn/finalpage/2026-04-10/1225087894.PDF
000514,渝 开 发,2025年年度报告,2026-04-18 00:00:00,1225122182,reports_raw/companies/000_sz_main/000514_渝_开_发/2025/1225122182.pdf,https://static.cninfo.com.cn/finalpage/2026-04-18/1225122182.PDF
000518,*ST四环,2025年年度报告,2026-04-18 00:00:00,1225117776,reports_raw/companies/000_sz_main/000518_ST四环/2025/1225117776.pdf,https://static.cninfo.com.cn/finalpage/2026-04-18/1225117776.PDF
000521,长虹美菱,2025年年度报告,2026-04-03 00:00:00,1225077806,reports_raw/companies/000_sz_main/000521_长虹美菱/2025/1225077806.pdf,https://static.cninfo.com.cn/finalpage/2026-04-03/1225077806.PDF
000531,穗恒运Ａ,2025年年度报告,2026-04-10 00:00:00,1225089914,reports_raw/companies/000_sz_main/000531_穗恒运Ａ/2025/1225089914.pdf,https://static.cninfo.com.cn/finalpage/2026-04-10/1225089914.PDF
000532,华金资本,2025年年度报告,2026-04-17 00:00:00,1225111272,reports_raw/companies/000_sz_main/000532_华金资本/2025/1225111272.pdf,https://static.cninfo.com.cn/finalpage/2026-04-17/1225111272.PDF
000533,顺钠股份,2025年年度报告,2026-04-16 00:00:00,1225107847,reports_raw/companies/000_sz_main/000533_顺钠股份/2025/1225107847.pdf,https://static.cninfo.com.cn/finalpage/2026-04-16/1225107847.PDF
000538,云南白药,2025年年度报告,2026-04-01 00:00:00,1225067975,reports_raw/companies/000_sz_main/000538_云南白药/2025/1225067975.pdf,https://static.cninfo.com.cn/finalpage/2026-04-01/1225067975.PDF
000541,佛山照明,2025年年度报告,2026-04-17 00:00:00,1225113350,reports_raw/companies/000_sz_main/000541_佛山照明/2025/1225113350.pdf,https://static.cninfo.com.cn/finalpage/2026-04-17/1225113350.PDF
000544,中原环保,2025年年度报告,2026-04-03 00:00:00,1225075381,reports_raw/companies/000_sz_main/000544_中原环保/2025/1225075381.pdf,https://static.cninfo.com.cn/finalpage/2026-04-03/1225075381.PDF
000548,湖南投资,2025年年度报告,2026-04-04 00:00:00,1225079497,reports_raw/companies/000_sz_main/000548_湖南投资/2025/1225079497.pdf,https://static.cninfo.com.cn/finalpage/2026-04-04/1225079497.PDF
000551,创元科技,2025年年度报告,2026-04-08 00:00:00,1225082641,reports_raw/companies/000_sz_main/000551_创元科技/2025/1225082641.pdf,https://static.cninfo.com.cn/finalpage/2026-04-08/1225082641.PDF
000559,万向钱潮,2025年年度报告,2026-04-07 00:00:00,1225080420,reports_raw/companies/000_sz_main/000559_万向钱潮/2025/1225080420.pdf,https://static.cninfo.com.cn/finalpage/2026-04-07/1225080420.PDF
000566,海南海药,2025年年度报告,2026-04-11 00:00:00,1225096273,reports_raw/companies/000_sz_main/000566_海南海药/2025/1225096273.pdf,https://static.cninfo.com.cn/finalpage/2026-04-11/1225096273.PDF
000570,苏常柴Ａ,2025年年度报告,2026-04-14 00:00:00,1225097214,reports_raw/companies/000_sz_main/000570_苏常柴Ａ/2025/1225097214.pdf,https://static.cninfo.com.cn/finalpage/2026-04-14/1225097214.PDF
000573,粤宏远Ａ,2025年年度报告,2026-04-11 00:00:00,1225095750,reports_raw/companies/000_sz_main/000573_粤宏远Ａ/2025/1225095750.pdf,https://static.cninfo.com.cn/finalpage/2026-04-11/1225095750.PDF
000581,威孚高科,2025年年度报告,2026-04-17 00:00:00,1225111397,reports_raw/companies/000_sz_main/000581_威孚高科/2025/1225111397.pdf,https://static.cninfo.com.cn/finalpage/2026-04-17/1225111397.PDF
000595,*ST宝实,2025年年度报告,2026-04-18 00:00:00,1225123520,reports_raw/companies/000_sz_main/000595_ST宝实/2025/1225123520.pdf,https://static.cninfo.com.cn/finalpage/2026-04-18/1225123520.PDF
000597,东北制药,2025年年度报告,2026-04-03 00:00:00,1225077375,reports_raw/companies/000_sz_main/000597_东北制药/2025/1225077375.pdf,https://static.cninfo.com.cn/finalpage/2026-04-03/1225077375.PDF
000623,吉林敖东,2025年年度报告,2026-04-18 00:00:00,1225117576,reports_raw/companies/000_sz_main/000623_吉林敖东/2025/1225117576.pdf,https://static.cninfo.com.cn/finalpage/2026-04-18/1225117576.PDF
000625,长安汽车,2025年年度报告,2026-04-11 00:00:00,1225093372,reports_raw/companies/000_sz_main/000625_长安汽车/2025/1225093372.pdf,https://static.cninfo.com.cn/finalpage/2026-04-11/1225093372.PDF
000652,泰达股份,2025年年度报告,2026-04-17 00:00:00,1225113124,reports_raw/companies/000_sz_main/000652_泰达股份/2025/1225113124.pdf,https://static.cninfo.com.cn/finalpage/2026-04-17/1225113124.PDF
000668,*ST荣控,2025年年度报告,2026-04-17 00:00:00,1225114367,reports_raw/companies/000_sz_main/000668_ST荣控/2025/1225114367.pdf,https://static.cninfo.com.cn/finalpage/2026-04-17/1225114367.PDF
000679,大连友谊,2025年年度报告,2026-04-18 00:00:00,1225120919,reports_raw/companies/000_sz_main/000679_大连友谊/2025/1225120919.pdf,https://static.cninfo.com.cn/finalpage/2026-04-18/1225120919.PDF
000695,滨海能源,2025年年度报告,2026-04-15 00:00:00,1225103412,reports_raw/companies/000_sz_main/000695_滨海能源/2025/1225103412.pdf,https://static.cninfo.com.cn/finalpage/2026-04-15/1225103412.PDF
000703,恒逸石化,2025年年度报告,2026-04-15 00:00:00,1225104872,reports_raw/companies/000_sz_main/000703_恒逸石化/2025/1225104872.pdf,https://static.cninfo.com.cn/finalpage/2026-04-15/1225104872.PDF
000719,中原传媒,2025年年度报告,2026-04-17 00:00:00,1225112362,reports_raw/companies/000_sz_main/000719_中原传媒/2025/1225112362.pdf,https://static.cninfo.com.cn/finalpage/2026-04-17/1225112362.PDF
000722,湖南发展,2025年年度报告,2026-04-04 00:00:00,1225079970,reports_raw/companies/000_sz_main/000722_湖南发展/2025/1225079970.pdf,https://static.cninfo.com.cn/finalpage/2026-04-04/1225079970.PDF
000725,京东方Ａ,2025年年度报告,2026-04-01 00:00:00,1225068510,reports_raw/companies/000_sz_main/000725_京东方Ａ/2025/1225068510.pdf,https://static.cninfo.com.cn/finalpage/2026-04-01/1225068510.PDF
000726,鲁  泰Ａ,2025年年度报告,2026-04-17 00:00:00,1225112669,reports_raw/companies/000_sz_main/000726_鲁_泰Ａ/2025/1225112669.pdf,https://static.cninfo.com.cn/finalpage/2026-04-17/1225112669.PDF
000729,燕京啤酒,2025年年度报告,2026-04-15 00:00:00,1225102552,reports_raw/companies/000_sz_main/000729_燕京啤酒/2025/1225102552.pdf,https://static.cninfo.com.cn/finalpage/2026-04-15/1225102552.PDF
000735,罗 牛 山,2025年年度报告,2026-04-18 00:00:00,1225119672,reports_raw/companies/000_sz_main/000735_罗_牛_山/2025/1225119672.pdf,https://static.cninfo.com.cn/finalpage/2026-04-18/1225119672.PDF
000736,*ST中地,2025年年度报告,2026-04-15 00:00:00,1225104696,reports_raw/companies/000_sz_main/000736_ST中地/2025/1225104696.pdf,https://static.cninfo.com.cn/finalpage/2026-04-15/1225104696.PDF
000753,漳州发展,2025年年度报告,2026-04-18 00:00:00,1225119199,reports_raw/companies/000_sz_main/000753_漳州发展/2025/1225119199.pdf,https://static.cninfo.com.cn/finalpage/2026-04-18/1225119199.PDF
000761,本钢板材,2025年年度报告,2026-04-04 00:00:00,1225079218,reports_raw/companies/000_sz_main/000761_本钢板材/2025/1225079218.pdf,https://static.cninfo.com.cn/finalpage/2026-04-04/1225079218.PDF
000762,西藏矿业,2025年年度报告,2026-04-10 00:00:00,1225088270,reports_raw/companies/000_sz_main/000762_西藏矿业/2025/1225088270.pdf,https://static.cninfo.com.cn/finalpage/2026-04-10/1225088270.PDF
000778,新兴铸管,2025年年度报告,2026-04-10 00:00:00,1225090852,reports_raw/companies/000_sz_main/000778_新兴铸管/2025/1225090852.pdf,https://static.cninfo.com.cn/finalpage/2026-04-10/1225090852.PDF
000801,四川九洲,2025年年度报告,2026-04-01 00:00:00,1225066197,reports_raw/companies/000_sz_main/000801_四川九洲/2025/1225066197.pdf,https://static.cninfo.com.cn/finalpage/2026-04-01/1225066197.PDF
000802,北京文化,2025年年度报告,2026-04-18 00:00:00,1225117804,reports_raw/companies/000_sz_main/000802_北京文化/2025/1225117804.pdf,https://static.cninfo.com.cn/finalpage/2026-04-18/1225117804.PDF
000809,和展能源,2025年年度报告,2026-04-18 00:00:00,1225116790,reports_raw/companies/000_sz_main/000809_和展能源/2025/1225116790.pdf,https://static.cninfo.com.cn/finalpage/2026-04-18/1225116790.PDF
000811,冰轮环境,2025年年度报告,2026-04-11 00:00:00,1225092828,reports_raw/companies/000_sz_main/000811_冰轮环境/2025/1225092828.pdf,https://static.cninfo.com.cn/finalpage/2026-04-11/1225092828.PDF
000816,智慧农业,2025年年度报告,2026-04-11 00:00:00,1225096129,reports_raw/companies/000_sz_main/000816_智慧农业/2025/1225096129.pdf,https://static.cninfo.com.cn/finalpage/2026-04-11/1225096129.PDF
000859,国风新材,2025年年度报告,2026-04-10 00:00:00,1225087375,reports_raw/companies/000_sz_main/000859_国风新材/2025/1225087375.pdf,https://static.cninfo.com.cn/finalpage/2026-04-10/1225087375.PDF
000869,张  裕Ａ,2025年年度报告,2026-04-18 00:00:00,1225116350,reports_raw/companies/000_sz_main/000869_张_裕Ａ/2025/1225116350.pdf,https://static.cninfo.com.cn/finalpage/2026-04-18/1225116350.pdf
000885,城发环境,2025年年度报告,2026-04-15 00:00:00,1225103177,reports_raw/companies/000_sz_main/000885_城发环境/2025/1225103177.pdf,https://static.cninfo.com.cn/finalpage/2026-04-15/1225103177.PDF
000899,赣能股份,2025年年度报告,2026-04-18 00:00:00,1225121246,reports_raw/companies/000_sz_main/000899_赣能股份/2025/1225121246.pdf,https://static.cninfo.com.cn/finalpage/2026-04-18/1225121246.PDF
000900,现代投资,2025年年度报告,2026-04-03 00:00:00,1225077536,reports_raw/companies/000_sz_main/000900_现代投资/2025/1225077536.pdf,https://static.cninfo.com.cn/finalpage/2026-04-03/1225077536.PDF
000929,*ST兰黄,2025年年度报告,2026-04-13 00:00:00,1225096209,reports_raw/companies/000_sz_main/000929_ST兰黄/2025/1225096209.pdf,https://static.cninfo.com.cn/finalpage/2026-04-13/1225096209.PDF
000931,中 关 村,2025年年度报告,2026-04-18 00:00:00,1225116621,reports_raw/companies/000_sz_main/000931_中_关_村/2025/1225116621.pdf,https://static.cninfo.com.cn/finalpage/2026-04-18/1225116621.PDF
000938,紫光股份,2025年年度报告,2026-04-15 00:00:00,1225101866,reports_raw/companies/000_sz_main/000938_紫光股份/2025/1225101866.pdf,https://static.cninfo.com.cn/finalpage/2026-04-15/1225101866.PDF
000949,新乡化纤,2025年年度报告,2026-04-08 00:00:00,1225082807,reports_raw/companies/000_sz_main/000949_新乡化纤/2025/1225082807.pdf,https://static.cninfo.com.cn/finalpage/2026-04-08/1225082807.PDF
000955,欣龙控股,2025年年度报告,2026-04-18 00:00:00,1225119364,reports_raw/companies/000_sz_main/000955_欣龙控股/2025/1225119364.pdf,https://static.cninfo.com.cn/finalpage/2026-04-18/1225119364.PDF
000959,首钢股份,北京首钢股份有限公司2025年年度报告(英文版),2026-04-18 00:00:00,1225115533,reports_raw/companies/000_sz_main/000959_首钢股份/2025/1225115533.pdf,https://static.cninfo.com.cn/finalpage/2026-04-18/1225115533.pdf
000972,*ST中基,2025年年度报告,2026-04-17 00:00:00,1225114658,reports_raw/companies/000_sz_main/000972_ST中基/2025/1225114658.pdf,https://static.cninfo.com.cn/finalpage/2026-04-17/1225114658.PDF
000977,浪潮信息,2025年年度报告,2026-04-11 00:00:00,1225096638,reports_raw/companies/000_sz_main/000977_浪潮信息/2025/1225096638.pdf,https://static.cninfo.com.cn/finalpage/2026-04-11/1225096638.PDF
000978,桂林旅游,2025年年度报告,2026-04-04 00:00:00,1225079795,reports_raw/companies/000_sz_main/000978_桂林旅游/2025/1225079795.pdf,https://static.cninfo.com.cn/finalpage/2026-04-04/1225079795.PDF
000987,越秀资本,2025年年度报告,2026-04-09 00:00:00,1225086073,reports_raw/companies/000_sz_main/000987_越秀资本/2025/1225086073.pdf,https://static.cninfo.com.cn/finalpage/2026-04-09/1225086073.PDF
000990,诚志股份,2025年年度报告,2026-04-15 00:00:00,1225104934,reports_raw/companies/000_sz_main/000990_诚志股份/2025/1225104934.pdf,https://static.cninfo.com.cn/finalpage/2026-04-15/1225104934.PDF
000998,隆平高科,2025年年度报告,2026-04-18 00:00:00,1225122138,reports_raw/companies/000_sz_main/000998_隆平高科/2025/1225122138.pdf,https://static.cninfo.com.cn/finalpage/2026-04-18/1225122138.PDF
001202,炬申股份,2025年年度报告,2026-04-17 00:00:00,1225112939,reports_raw/companies/001_sz_main/001202_炬申股份/2025/1225112939.pdf,https://static.cninfo.com.cn/finalpage/2026-04-17/1225112939.PDF
001205,盛航股份,2025年年度报告,2026-04-17 00:00:00,1225112065,reports_raw/companies/001_sz_main/001205_盛航股份/2025/1225112065.pdf,https://static.cninfo.com.cn/finalpage/2026-04-17/1225112065.PDF
001206,依依股份,2025年年度报告,2026-04-17 00:00:00,1225109997,reports_raw/companies/001_sz_main/001206_依依股份/2025/1225109997.pdf,https://static.cninfo.com.cn/finalpage/2026-04-17/1225109997.PDF
001219,青岛食品,2025年年度报告,2026-04-17 00:00:00,1225113958,reports_raw/companies/001_sz_main/001219_青岛食品/2025/1225113958.pdf,https://static.cninfo.com.cn/finalpage/2026-04-17/1225113958.PDF
001236,弘业期货,2025年年度报告,2026-04-01 00:00:00,1225068033,reports_raw/companies/001_sz_main/001236_弘业期货/2025/1225068033.pdf,https://static.cninfo.com.cn/finalpage/2026-04-01/1225068033.PDF
001267,汇绿生态,2025年年度报告,2026-04-03 00:00:00,1225076556,reports_raw/companies/001_sz_main/001267_汇绿生态/2025/1225076556.pdf,https://static.cninfo.com.cn/finalpage/2026-04-03/1225076556.PDF
001270,*ST铖昌,2025年年度报告,2026-04-17 00:00:00,1225113621,reports_raw/companies/001_sz_main/001270_ST铖昌/2025/1225113621.pdf,https://static.cninfo.com.cn/finalpage/2026-04-17/1225113621.PDF
001278,一彬科技,2025年年度报告,2026-04-15 00:00:00,1225104173,reports_raw/companies/001_sz_main/001278_一彬科技/2025/1225104173.pdf,https://static.cninfo.com.cn/finalpage/2026-04-15/1225104173.PDF
001282,三联锻造,2025年年度报告,2026-04-10 00:00:00,1225087670,reports_raw/companies/001_sz_main/001282_三联锻造/2025/1225087670.pdf,https://static.cninfo.com.cn/finalpage/2026-04-10/1225087670.PDF
001283,豪鹏科技,2025年年度报告,2026-04-03 00:00:00,1225077084,reports_raw/companies/001_sz_main/001283_豪鹏科技/2025/1225077084.pdf,https://static.cninfo.com.cn/finalpage/2026-04-03/1225077084.PDF
001285,瑞立科密,2025年年度报告,2026-04-15 00:00:00,1225100249,reports_raw/companies/001_sz_main/001285_瑞立科密/2025/1225100249.pdf,https://static.cninfo.com.cn/finalpage/2026-04-15/1225100249.PDF
001288,运机集团,2025年年度报告,2026-04-10 00:00:00,1225089310,reports_raw/companies/001_sz_main/001288_运机集团/2025/1225089310.pdf,https://static.cninfo.com.cn/finalpage/2026-04-10/1225089310.PDF
001289,龙源电力,2025年年度报告,2026-04-01 00:00:00,1225067210,reports_raw/companies/001_sz_main/001289_龙源电力/2025/1225067210.pdf,https://static.cninfo.com.cn/finalpage/2026-04-01/1225067210.PDF
001306,夏厦精密,2025年年度报告,2026-04-10 00:00:00,1225089170,reports_raw/companies/001_sz_main/001306_夏厦精密/2025/1225089170.pdf,https://static.cninfo.com.cn/finalpage/2026-04-10/1225089170.PDF
001316,润贝航科,2025年年度报告,2026-04-14 00:00:00,1225099781,reports_raw/companies/001_sz_main/001316_润贝航科/2025/1225099781.pdf,https://static.cninfo.com.cn/finalpage/2026-04-14/1225099781.PDF
001337,四川黄金,2025年年度报告,2026-04-03 00:00:00,1225076598,reports_raw/companies/001_sz_main/001337_四川黄金/2025/1225076598.pdf,https://static.cninfo.com.cn/finalpage/2026-04-03/1225076598.PDF
001356,富岭股份,2025年年度报告,2026-04-18 00:00:00,1225118080,reports_raw/companies/001_sz_main/001356_富岭股份/2025/1225118080.pdf,https://static.cninfo.com.cn/finalpage/2026-04-18/1225118080.PDF
001378,德冠新材,2025年年度报告,2026-04-15 00:00:00,1225101413,reports_raw/companies/001_sz_main/001378_德冠新材/2025/1225101413.pdf,https://static.cninfo.com.cn/finalpage/2026-04-15/1225101413.PDF
001380,华纬科技,2025年年度报告,2026-04-03 00:00:00,1225077126,reports_raw/companies/001_sz_main/001380_华纬科技/2025/1225077126.pdf,https://static.cninfo.com.cn/finalpage/2026-04-03/1225077126.PDF
001391,国货航,2025年年度报告,2026-04-10 00:00:00,1225091199,reports_raw/companies/001_sz_main/001391_国货航/2025/1225091199.pdf,https://static.cninfo.com.cn/finalpage/2026-04-10/1225091199.PDF
001872,招商港口,2025年年度报告,2026-04-03 00:00:00,1225077416,reports_raw/companies/001_sz_main/001872_招商港口/2025/1225077416.pdf,https://static.cninfo.com.cn/finalpage/2026-04-03/1225077416.PDF
001965,招商公路,2025年年度报告,2026-04-03 00:00:00,1225074914,reports_raw/companies/001_sz_main/001965_招商公路/2025/1225074914.pdf,https://static.cninfo.com.cn/finalpage/2026-04-03/1225074914.PDF
002001,新 和 成,2025年年度报告,2026-04-16 00:00:00,1225106221,reports_raw/companies/002_sz_main/002001_新_和_成/2025/1225106221.pdf,https://static.cninfo.com.cn/finalpage/2026-04-16/1225106221.PDF
002003,伟星股份,2025年年度报告,2026-04-17 00:00:00,1225112913,reports_raw/companies/002_sz_main/002003_伟星股份/2025/1225112913.pdf,https://static.cninfo.com.cn/finalpage/2026-04-17/1225112913.PDF
002006,精工科技,2025年年度报告,2026-04-18 00:00:00,1225115471,reports_raw/companies/002_sz_main/002006_精工科技/2025/1225115471.pdf,https://static.cninfo.com.cn/finalpage/2026-04-18/1225115471.PDF
002008,大族激光,2025年年度报告,2026-04-17 00:00:00,1225114033,reports_raw/companies/002_sz_main/002008_大族激光/2025/1225114033.pdf,https://static.cninfo.com.cn/finalpage/2026-04-17/1225114033.PDF
002016,世荣兆业,2025年年度报告,2026-04-18 00:00:00,1225120943,reports_raw/companies/002_sz_main/002016_世荣兆业/2025/1225120943.pdf,https://static.cninfo.com.cn/finalpage/2026-04-18/1225120943.PDF
002022,科华生物,2025年年度报告,2026-04-17 00:00:00,1225113420,reports_raw/companies/002_sz_main/002022_科华生物/2025/1225113420.pdf,https://static.cninfo.com.cn/finalpage/2026-04-17/1225113420.PDF
002028,思源电气,2025年年度报告,2026-04-18 00:00:00,1225117829,reports_raw/companies/002_sz_main/002028_思源电气/2025/1225117829.pdf,https://static.cninfo.com.cn/finalpage/2026-04-18/1225117829.PDF
002029,七 匹 狼,2025年年度报告,2026-04-03 00:00:00,1225077462,reports_raw/companies/002_sz_main/002029_七_匹_狼/2025/1225077462.pdf,https://static.cninfo.com.cn/finalpage/2026-04-03/1225077462.PDF
002032,苏 泊 尔,2025年年度报告,2026-04-03 00:00:00,1225076804,reports_raw/companies/002_sz_main/002032_苏_泊_尔/2025/1225076804.pdf,https://static.cninfo.com.cn/finalpage/2026-04-03/1225076804.PDF
002034,旺能环境,2025年年度报告,2026-04-18 00:00:00,1225117606,reports_raw/companies/002_sz_main/002034_旺能环境/2025/1225117606.pdf,https://static.cninfo.com.cn/finalpage/2026-04-18/1225117606.PDF
002039,黔源电力,2025年年度报告,2026-04-03 00:00:00,1225074750,reports_raw/companies/002_sz_main/002039_黔源电力/2025/1225074750.pdf,https://static.cninfo.com.cn/finalpage/2026-04-03/1225074750.PDF
002046,国机精工,2025年年度报告,2026-04-14 00:00:00,1225098550,reports_raw/companies/002_sz_main/002046_国机精工/2025/1225098550.pdf,https://static.cninfo.com.cn/finalpage/2026-04-14/1225098550.PDF
002060,广东建工,2025年年度报告,2026-04-15 00:00:00,1225103991,reports_raw/companies/002_sz_main/002060_广东建工/2025/1225103991.pdf,https://static.cninfo.com.cn/finalpage/2026-04-15/1225103991.PDF
002065,东华软件,2025年年度报告,2026-04-10 00:00:00,1225090051,reports_raw/companies/002_sz_main/002065_东华软件/2025/1225090051.pdf,https://static.cninfo.com.cn/finalpage/2026-04-10/1225090051.PDF
002066,瑞泰科技,2025年年度报告,2026-04-10 00:00:00,1225090403,reports_raw/companies/002_sz_main/002066_瑞泰科技/2025/1225090403.pdf,https://static.cninfo.com.cn/finalpage/2026-04-10/1225090403.PDF
002073,软控股份,2025年年度报告,2026-04-03 00:00:00,1225074468,reports_raw/companies/002_sz_main/002073_软控股份/2025/1225074468.pdf,https://static.cninfo.com.cn/finalpage/2026-04-03/1225074468.PDF
002078,太阳纸业,2025年年度报告,2026-04-11 00:00:00,1225093922,reports_raw/companies/002_sz_main/002078_太阳纸业/2025/1225093922.pdf,https://static.cninfo.com.cn/finalpage/2026-04-11/1225093922.PDF
002083,孚日股份,2025年年度报告,2026-04-08 00:00:00,1225082676,reports_raw/companies/002_sz_main/002083_孚日股份/2025/1225082676.pdf,https://static.cninfo.com.cn/finalpage/2026-04-08/1225082676.PDF
002090,金智科技,2025年年度报告,2026-04-17 00:00:00,1225110938,reports_raw/companies/002_sz_main/002090_金智科技/2025/1225110938.pdf,https://static.cninfo.com.cn/finalpage/2026-04-17/1225110938.PDF
002094,青岛金王,2025年年度报告,2026-04-18 00:00:00,1225119394,reports_raw/companies/002_sz_main/002094_青岛金王/2025/1225119394.pdf,https://static.cninfo.com.cn/finalpage/2026-04-18/1225119394.PDF
002103,广博股份,2025年年度报告,2026-04-11 00:00:00,1225092039,reports_raw/companies/002_sz_main/002103_广博股份/2025/1225092039.pdf,https://static.cninfo.com.cn/finalpage/2026-04-11/1225092039.PDF
002126,银轮股份,2025年年度报告,2026-04-15 00:00:00,1225103385,reports_raw/companies/002_sz_main/002126_银轮股份/2025/1225103385.pdf,https://static.cninfo.com.cn/finalpage/2026-04-15/1225103385.pdf
002128,电投能源,2025年年度报告,2026-04-15 00:00:00,1225102909,reports_raw/companies/002_sz_main/002128_电投能源/2025/1225102909.pdf,https://static.cninfo.com.cn/finalpage/2026-04-15/1225102909.PDF
002130,沃尔核材,2025年年度报告,2026-04-01 00:00:00,1225067232,reports_raw/companies/002_sz_main/002130_沃尔核材/2025/1225067232.pdf,https://static.cninfo.com.cn/finalpage/2026-04-01/1225067232.PDF
002139,拓邦股份,2025年年度报告,2026-04-02 00:00:00,1225075377,reports_raw/companies/002_sz_main/002139_拓邦股份/2025/1225075377.pdf,https://static.cninfo.com.cn/finalpage/2026-04-02/1225075377.pdf
002144,宏达高科,2025年年度报告,2026-04-18 00:00:00,1225120235,reports_raw/companies/002_sz_main/002144_宏达高科/2025/1225120235.pdf,https://static.cninfo.com.cn/finalpage/2026-04-18/1225120235.PDF
002148,北纬科技,2025年年度报告,2026-04-15 00:00:00,1225103466,reports_raw/companies/002_sz_main/002148_北纬科技/2025/1225103466.pdf,https://static.cninfo.com.cn/finalpage/2026-04-15/1225103466.PDF
002150,正泰电源,2025年年度报告,2026-04-14 00:00:00,1225098233,reports_raw/companies/002_sz_main/002150_正泰电源/2025/1225098233.pdf,https://static.cninfo.com.cn/finalpage/2026-04-14/1225098233.PDF
002155,湖南黄金,2025年年度报告,2026-04-10 00:00:00,1225089229,reports_raw/companies/002_sz_main/002155_湖南黄金/2025/1225089229.pdf,https://static.cninfo.com.cn/finalpage/2026-04-10/1225089229.PDF
002156,通富微电,2025年年度报告,2026-04-17 00:00:00,1225112762,reports_raw/companies/002_sz_main/002156_通富微电/2025/1225112762.pdf,https://static.cninfo.com.cn/finalpage/2026-04-17/1225112762.PDF
002159,三特索道,2025年年度报告,2026-04-11 00:00:00,1225093562,reports_raw/companies/002_sz_main/002159_三特索道/2025/1225093562.pdf,https://static.cninfo.com.cn/finalpage/2026-04-11/1225093562.PDF
002169,智光电气,2025年年度报告,2026-04-15 00:00:00,1225103142,reports_raw/companies/002_sz_main/002169_智光电气/2025/1225103142.pdf,https://static.cninfo.com.cn/finalpage/2026-04-15/1225103142.PDF
002170,芭田股份,2025年年度报告,2026-04-15 00:00:00,1225100959,reports_raw/companies/002_sz_main/002170_芭田股份/2025/1225100959.pdf,https://static.cninfo.com.cn/finalpage/2026-04-15/1225100959.PDF
002180,纳思达,2025年年度报告,2026-04-15 00:00:00,1225106629,reports_raw/companies/002_sz_main/002180_纳思达/2025/1225106629.pdf,https://static.cninfo.com.cn/finalpage/2026-04-15/1225106629.PDF
002181,粤 传 媒,2025年年度报告,2026-04-02 00:00:00,1225072975,reports_raw/companies/002_sz_main/002181_粤_传_媒/2025/1225072975.pdf,https://static.cninfo.com.cn/finalpage/2026-04-02/1225072975.PDF
002183,怡 亚 通,2025年年度报告,2026-04-17 00:00:00,1225113836,reports_raw/companies/002_sz_main/002183_怡_亚_通/2025/1225113836.pdf,https://static.cninfo.com.cn/finalpage/2026-04-17/1225113836.PDF
002196,方正电机,2025年年度报告,2026-04-15 00:00:00,1225102296,reports_raw/companies/002_sz_main/002196_方正电机/2025/1225102296.pdf,https://static.cninfo.com.cn/finalpage/2026-04-15/1225102296.PDF
002204,大连重工,2025年年度报告,2026-04-17 00:00:00,1225110607,reports_raw/companies/002_sz_main/002204_大连重工/2025/1225110607.pdf,https://static.cninfo.com.cn/finalpage/2026-04-17/1225110607.PDF
002206,海 利 得,2025年年度报告,2026-04-18 00:00:00,1225116983,reports_raw/companies/002_sz_main/002206_海_利_得/2025/1225116983.pdf,https://static.cninfo.com.cn/finalpage/2026-04-18/1225116983.PDF
002217,合力泰,2025年年度报告,2026-04-11 00:00:00,1225096080,reports_raw/companies/002_sz_main/002217_合力泰/2025/1225096080.pdf,https://static.cninfo.com.cn/finalpage/2026-04-11/1225096080.PDF
002229,鸿博股份,2025年年度报告,2026-04-08 00:00:00,1225083482,reports_raw/companies/002_sz_main/002229_鸿博股份/2025/1225083482.pdf,https://static.cninfo.com.cn/finalpage/2026-04-08/1225083482.PDF
002236,大华股份,2025年年度报告,2026-04-18 00:00:00,1225122378,reports_raw/companies/002_sz_main/002236_大华股份/2025/1225122378.pdf,https://static.cninfo.com.cn/finalpage/2026-04-18/1225122378.PDF
002245,蔚蓝锂芯,2025年年度报告,2026-04-14 00:00:00,1225099269,reports_raw/companies/002_sz_main/002245_蔚蓝锂芯/2025/1225099269.pdf,https://static.cninfo.com.cn/finalpage/2026-04-14/1225099269.PDF
002246,北化股份,2025年年度报告,2026-04-08 00:00:00,1225083158,reports_raw/companies/002_sz_main/002246_北化股份/2025/1225083158.pdf,https://static.cninfo.com.cn/finalpage/2026-04-08/1225083158.PDF
002248,华东数控,2025年年度报告,2026-04-18 00:00:00,1225123202,reports_raw/companies/002_sz_main/002248_华东数控/2025/1225123202.pdf,https://static.cninfo.com.cn/finalpage/2026-04-18/1225123202.PDF
002254,泰和新材,2025年年度报告,2026-04-14 00:00:00,1225099123,reports_raw/companies/002_sz_main/002254_泰和新材/2025/1225099123.pdf,https://static.cninfo.com.cn/finalpage/2026-04-14/1225099123.PDF
002256,兆新股份,2025年年度报告,2026-04-15 00:00:00,1225101903,reports_raw/companies/002_sz_main/002256_兆新股份/2025/1225101903.pdf,https://static.cninfo.com.cn/finalpage/2026-04-15/1225101903.PDF
002259,升达林业,2025年年度报告,2026-04-15 00:00:00,1225102059,reports_raw/companies/002_sz_main/002259_升达林业/2025/1225102059.pdf,https://static.cninfo.com.cn/finalpage/2026-04-15/1225102059.PDF
002262,恩华药业,2025年年度报告,2026-04-18 00:00:00,1225119427,reports_raw/companies/002_sz_main/002262_恩华药业/2025/1225119427.pdf,https://static.cninfo.com.cn/finalpage/2026-04-18/1225119427.PDF
002268,电科网安,2025年年度报告,2026-04-18 00:00:00,1225122886,reports_raw/companies/002_sz_main/002268_电科网安/2025/1225122886.pdf,https://static.cninfo.com.cn/finalpage/2026-04-18/1225122886.PDF
002271,东方雨虹,2025年年度报告,2026-04-17 00:00:00,1225114217,reports_raw/companies/002_sz_main/002271_东方雨虹/2025/1225114217.pdf,https://static.cninfo.com.cn/finalpage/2026-04-17/1225114217.PDF
002272,川润股份,2025年年度报告,2026-04-15 00:00:00,1225104790,reports_raw/companies/002_sz_main/002272_川润股份/2025/1225104790.pdf,https://static.cninfo.com.cn/finalpage/2026-04-15/1225104790.PDF
002273,水晶光电,2025年年度报告,2026-04-18 00:00:00,1225122418,reports_raw/companies/002_sz_main/002273_水晶光电/2025/1225122418.pdf,https://static.cninfo.com.cn/finalpage/2026-04-18/1225122418.PDF
002274,华昌化工,2025年年度报告,2026-04-18 00:00:00,1225115190,reports_raw/companies/002_sz_main/002274_华昌化工/2025/1225115190.pdf,https://static.cninfo.com.cn/finalpage/2026-04-18/1225115190.PDF
002285,世联行,2025年年度报告,2026-04-04 00:00:00,1225080742,reports_raw/companies/002_sz_main/002285_世联行/2025/1225080742.pdf,https://static.cninfo.com.cn/finalpage/2026-04-04/1225080742.PDF
002297,博云新材,2025年年度报告,2026-04-10 00:00:00,1225089551,reports_raw/companies/002_sz_main/002297_博云新材/2025/1225089551.pdf,https://static.cninfo.com.cn/finalpage/2026-04-10/1225089551.PDF
002299,圣农发展,2025年年度报告,2026-04-13 00:00:00,1225093953,reports_raw/companies/002_sz_main/002299_圣农发展/2025/1225093953.pdf,https://static.cninfo.com.cn/finalpage/2026-04-13/1225093953.PDF
002300,太阳电缆,2025年年度报告,2026-04-10 00:00:00,1225088022,reports_raw/companies/002_sz_main/002300_太阳电缆/2025/1225088022.pdf,https://static.cninfo.com.cn/finalpage/2026-04-10/1225088022.PDF
002302,西部建设,2025年年度报告,2026-04-03 00:00:00,1225076258,reports_raw/companies/002_sz_main/002302_西部建设/2025/1225076258.pdf,https://static.cninfo.com.cn/finalpage/2026-04-03/1225076258.PDF
002303,美盈森,2025年年度报告,2026-04-03 00:00:00,1225077759,reports_raw/companies/002_sz_main/002303_美盈森/2025/1225077759.pdf,https://static.cninfo.com.cn/finalpage/2026-04-03/1225077759.PDF
002306,*ST云网,2025年年度报告,2026-04-08 00:00:00,1225083521,reports_raw/companies/002_sz_main/002306_ST云网/2025/1225083521.pdf,https://static.cninfo.com.cn/finalpage/2026-04-08/1225083521.PDF
002321,华英农业,2025年年度报告,2026-04-18 00:00:00,1225121674,reports_raw/companies/002_sz_main/002321_华英农业/2025/1225121674.pdf,https://static.cninfo.com.cn/finalpage/2026-04-18/1225121674.PDF
002342,巨力索具,2025年年度报告,2026-04-10 00:00:00,1225088185,reports_raw/companies/002_sz_main/002342_巨力索具/2025/1225088185.pdf,https://static.cninfo.com.cn/finalpage/2026-04-10/1225088185.PDF
002343,慈文传媒,2025年年度报告,2026-04-17 00:00:00,1225113507,reports_raw/companies/002_sz_main/002343_慈文传媒/2025/1225113507.pdf,https://static.cninfo.com.cn/finalpage/2026-04-17/1225113507.PDF
002344,海宁皮城,2025年年度报告,2026-04-16 00:00:00,1225108700,reports_raw/companies/002_sz_main/002344_海宁皮城/2025/1225108700.pdf,https://static.cninfo.com.cn/finalpage/2026-04-16/1225108700.PDF
002353,杰瑞股份,2025年年度报告,2026-04-17 00:00:00,1225113312,reports_raw/companies/002_sz_main/002353_杰瑞股份/2025/1225113312.pdf,https://static.cninfo.com.cn/finalpage/2026-04-17/1225113312.PDF
002365,永安药业,2025年年度报告,2026-04-17 00:00:00,1225110146,reports_raw/companies/002_sz_main/002365_永安药业/2025/1225110146.pdf,https://static.cninfo.com.cn/finalpage/2026-04-17/1225110146.PDF
002371,北方华创,2025年年度报告,2026-04-18 00:00:00,1225122918,reports_raw/companies/002_sz_main/002371_北方华创/2025/1225122918.pdf,https://static.cninfo.com.cn/finalpage/2026-04-18/1225122918.PDF
002372,伟星新材,2025年年度报告,2026-04-03 00:00:00,1225076292,reports_raw/companies/002_sz_main/002372_伟星新材/2025/1225076292.pdf,https://static.cninfo.com.cn/finalpage/2026-04-03/1225076292.PDF
002373,千方科技,2025年年度报告,2026-04-18 00:00:00,1225121431,reports_raw/companies/002_sz_main/002373_千方科技/2025/1225121431.pdf,https://static.cninfo.com.cn/finalpage/2026-04-18/1225121431.PDF
002377,国创高新,2025年年度报告,2026-04-18 00:00:00,1225120203,reports_raw/companies/002_sz_main/002377_国创高新/2025/1225120203.pdf,https://static.cninfo.com.cn/finalpage/2026-04-18/1225120203.PDF
002380,科远智慧,2025年年度报告,2026-04-15 00:00:00,1225103023,reports_raw/companies/002_sz_main/002380_科远智慧/2025/1225103023.pdf,https://static.cninfo.com.cn/finalpage/2026-04-15/1225103023.PDF
002381,双箭股份,2025年年度报告,2026-04-03 00:00:00,1225075874,reports_raw/companies/002_sz_main/002381_双箭股份/2025/1225075874.pdf,https://static.cninfo.com.cn/finalpage/2026-04-03/1225075874.PDF
002392,北京利尔,2025年年度报告,2026-04-10 00:00:00,1225089442,reports_raw/companies/002_sz_main/002392_北京利尔/2025/1225089442.pdf,https://static.cninfo.com.cn/finalpage/2026-04-10/1225089442.PDF
002395,双象股份,2025年年度报告,2026-04-14 00:00:00,1225099920,reports_raw/companies/002_sz_main/002395_双象股份/2025/1225099920.pdf,https://static.cninfo.com.cn/finalpage/2026-04-14/1225099920.PDF
002407,多氟多,2025年年度报告,2026-04-16 00:00:00,1225107815,reports_raw/companies/002_sz_main/002407_多氟多/2025/1225107815.pdf,https://static.cninfo.com.cn/finalpage/2026-04-16/1225107815.pdf
002408,齐翔腾达,2025年年度报告,2026-04-10 00:00:00,1225090353,reports_raw/companies/002_sz_main/002408_齐翔腾达/2025/1225090353.pdf,https://static.cninfo.com.cn/finalpage/2026-04-10/1225090353.PDF
002413,雷科防务,2025年年度报告,2026-04-18 00:00:00,1225119228,reports_raw/companies/002_sz_main/002413_雷科防务/2025/1225119228.pdf,https://static.cninfo.com.cn/finalpage/2026-04-18/1225119228.PDF
002414,高德红外,2025年年度报告,2026-04-15 00:00:00,1225101748,reports_raw/companies/002_sz_main/002414_高德红外/2025/1225101748.pdf,https://static.cninfo.com.cn/finalpage/2026-04-15/1225101748.PDF
002415,海康威视,2025年年度报告,2026-04-18 00:00:00,1225123062,reports_raw/companies/002_sz_main/002415_海康威视/2025/1225123062.pdf,https://static.cninfo.com.cn/finalpage/2026-04-18/1225123062.PDF
002422,科伦药业,2025年年度报告,2026-04-03 00:00:00,1225077697,reports_raw/companies/002_sz_main/002422_科伦药业/2025/1225077697.pdf,https://static.cninfo.com.cn/finalpage/2026-04-03/1225077697.PDF
002430,杭氧股份,2025年年度报告,2026-04-11 00:00:00,1225092125,reports_raw/companies/002_sz_main/002430_杭氧股份/2025/1225092125.pdf,https://static.cninfo.com.cn/finalpage/2026-04-11/1225092125.PDF
002438,江苏神通,2025年年度报告,2026-04-14 00:00:00,1225098098,reports_raw/companies/002_sz_main/002438_江苏神通/2025/1225098098.pdf,https://static.cninfo.com.cn/finalpage/2026-04-14/1225098098.PDF
002439,启明星辰,2025年年度报告,2026-04-13 00:00:00,1225094655,reports_raw/companies/002_sz_main/002439_启明星辰/2025/1225094655.pdf,https://static.cninfo.com.cn/finalpage/2026-04-13/1225094655.PDF
002441,众业达,2025年年度报告,2026-04-18 00:00:00,1225115647,reports_raw/companies/002_sz_main/002441_众业达/2025/1225115647.pdf,https://static.cninfo.com.cn/finalpage/2026-04-18/1225115647.PDF
002443,金洲管道,2025年年度报告,2026-04-11 00:00:00,1225093598,reports_raw/companies/002_sz_main/002443_金洲管道/2025/1225093598.pdf,https://static.cninfo.com.cn/finalpage/2026-04-11/1225093598.PDF
002445,中南文化,2025年年度报告,2026-04-17 00:00:00,1225113391,reports_raw/companies/002_sz_main/002445_中南文化/2025/1225113391.pdf,https://static.cninfo.com.cn/finalpage/2026-04-17/1225113391.PDF
002449,国星光电,2025年年度报告,2026-04-11 00:00:00,1225095783,reports_raw/companies/002_sz_main/002449_国星光电/2025/1225095783.pdf,https://static.cninfo.com.cn/finalpage/2026-04-11/1225095783.PDF
002456,欧菲光,2025年年度报告,2026-04-02 00:00:00,1225073292,reports_raw/companies/002_sz_main/002456_欧菲光/2025/1225073292.pdf,https://static.cninfo.com.cn/finalpage/2026-04-02/1225073292.PDF
002457,青龙管业,2025年年度报告,2026-04-18 00:00:00,1225116421,reports_raw/companies/002_sz_main/002457_青龙管业/2025/1225116421.pdf,https://static.cninfo.com.cn/finalpage/2026-04-18/1225116421.PDF
002467,二六三,2025年年度报告,2026-04-17 00:00:00,1225111605,reports_raw/companies/002_sz_main/002467_二六三/2025/1225111605.pdf,https://static.cninfo.com.cn/finalpage/2026-04-17/1225111605.PDF
002469,三维化学,2025年年度报告,2026-04-03 00:00:00,1225077159,reports_raw/companies/002_sz_main/002469_三维化学/2025/1225077159.pdf,https://static.cninfo.com.cn/finalpage/2026-04-03/1225077159.PDF
002475,立讯精密,2025年年度报告,2026-04-15 00:00:00,1225104908,reports_raw/companies/002_sz_main/002475_立讯精密/2025/1225104908.pdf,https://static.cninfo.com.cn/finalpage/2026-04-15/1225104908.PDF
002479,富春环保,2025年年度报告,2026-04-15 00:00:00,1225104629,reports_raw/companies/002_sz_main/002479_富春环保/2025/1225104629.pdf,https://static.cninfo.com.cn/finalpage/2026-04-15/1225104629.PDF
002480,新筑股份,2025年年度报告,2026-04-17 00:00:00,1225111474,reports_raw/companies/002_sz_main/002480_新筑股份/2025/1225111474.pdf,https://static.cninfo.com.cn/finalpage/2026-04-17/1225111474.PDF
002484,江海股份,2025年年度报告,2026-04-10 00:00:00,1225087169,reports_raw/companies/002_sz_main/002484_江海股份/2025/1225087169.pdf,https://static.cninfo.com.cn/finalpage/2026-04-10/1225087169.PDF
002490,山东墨龙,2025年年度报告,2026-04-01 00:00:00,1225066944,reports_raw/companies/002_sz_main/002490_山东墨龙/2025/1225066944.pdf,https://static.cninfo.com.cn/finalpage/2026-04-01/1225066944.PDF
002492,恒基达鑫,2025年年度报告,2026-04-11 00:00:00,1225094961,reports_raw/companies/002_sz_main/002492_恒基达鑫/2025/1225094961.pdf,https://static.cninfo.com.cn/finalpage/2026-04-11/1225094961.PDF
002494,华斯股份,2025年年度报告,2026-04-15 00:00:00,1225101954,reports_raw/companies/002_sz_main/002494_华斯股份/2025/1225101954.pdf,https://static.cninfo.com.cn/finalpage/2026-04-15/1225101954.PDF
002496,*ST辉丰,2025年年度报告,2026-04-18 00:00:00,1225122967,reports_raw/companies/002_sz_main/002496_ST辉丰/2025/1225122967.pdf,https://static.cninfo.com.cn/finalpage/2026-04-18/1225122967.PDF
002511,中顺洁柔,2025年年度报告,2026-04-15 00:00:00,1225101484,reports_raw/companies/002_sz_main/002511_中顺洁柔/2025/1225101484.pdf,https://static.cninfo.com.cn/finalpage/2026-04-15/1225101484.PDF
002513,蓝丰生化,2025年年度报告,2026-04-18 00:00:00,1225118983,reports_raw/companies/002_sz_main/002513_蓝丰生化/2025/1225118983.pdf,https://static.cninfo.com.cn/finalpage/2026-04-18/1225118983.PDF
002519,银河电子,2025年年度报告,2026-04-15 00:00:00,1225101519,reports_raw/companies/002_sz_main/002519_银河电子/2025/1225101519.pdf,https://static.cninfo.com.cn/finalpage/2026-04-15/1225101519.PDF
002527,新时达,2025年年度报告,2026-04-15 00:00:00,1225101828,reports_raw/companies/002_sz_main/002527_新时达/2025/1225101828.pdf,https://static.cninfo.com.cn/finalpage/2026-04-15/1225101828.PDF
002534,西子洁能,2025年年度报告,2026-04-10 00:00:00,1225088212,reports_raw/companies/002_sz_main/002534_西子洁能/2025/1225088212.pdf,https://static.cninfo.com.cn/finalpage/2026-04-10/1225088212.PDF
002539,云图控股,2025年年度报告,2026-04-15 00:00:00,1225100698,reports_raw/companies/002_sz_main/002539_云图控股/2025/1225100698.pdf,https://static.cninfo.com.cn/finalpage/2026-04-15/1225100698.PDF
002541,鸿路钢构,2025年年度报告,2026-04-18 00:00:00,1225116375,reports_raw/companies/002_sz_main/002541_鸿路钢构/2025/1225116375.pdf,https://static.cninfo.com.cn/finalpage/2026-04-18/1225116375.PDF
002542,中化岩土,2025年年度报告,2026-04-18 00:00:00,1225123272,reports_raw/companies/002_sz_main/002542_中化岩土/2025/1225123272.pdf,https://static.cninfo.com.cn/finalpage/2026-04-18/1225123272.PDF
002553,南方精工,2025年年度报告,2026-04-15 00:00:00,1225102812,reports_raw/companies/002_sz_main/002553_南方精工/2025/1225102812.pdf,https://static.cninfo.com.cn/finalpage/2026-04-15/1225102812.PDF
002555,三七互娱,2025年年度报告,2026-04-17 00:00:00,1225109788,reports_raw/companies/002_sz_main/002555_三七互娱/2025/1225109788.pdf,https://static.cninfo.com.cn/finalpage/2026-04-17/1225109788.PDF
002556,辉隆股份,2025年年度报告,2026-04-17 00:00:00,1225113041,reports_raw/companies/002_sz_main/002556_辉隆股份/2025/1225113041.pdf,https://static.cninfo.com.cn/finalpage/2026-04-17/1225113041.PDF
002566,益盛药业,2025年年度报告,2026-04-17 00:00:00,1225111434,reports_raw/companies/002_sz_main/002566_益盛药业/2025/1225111434.pdf,https://static.cninfo.com.cn/finalpage/2026-04-17/1225111434.PDF
002572,索菲亚,2025年年度报告,2026-04-18 00:00:00,1225117188,reports_raw/companies/002_sz_main/002572_索菲亚/2025/1225117188.pdf,https://static.cninfo.com.cn/finalpage/2026-04-18/1225117188.PDF
002583,海能达,2025年年度报告,2026-04-08 00:00:00,1225083403,reports_raw/companies/002_sz_main/002583_海能达/2025/1225083403.pdf,https://static.cninfo.com.cn/finalpage/2026-04-08/1225083403.PDF
002590,万安科技,2025年年度报告,2026-04-17 00:00:00,1225111020,reports_raw/companies/002_sz_main/002590_万安科技/2025/1225111020.pdf,https://static.cninfo.com.cn/finalpage/2026-04-17/1225111020.PDF
002593,日上集团,2025年年度报告,2026-04-14 00:00:00,1225098614,reports_raw/companies/002_sz_main/002593_日上集团/2025/1225098614.pdf,https://static.cninfo.com.cn/finalpage/2026-04-14/1225098614.PDF
002597,金禾实业,2025年年度报告,2026-04-15 00:00:00,1225104838,reports_raw/companies/002_sz_main/002597_金禾实业/2025/1225104838.pdf,https://static.cninfo.com.cn/finalpage/2026-04-15/1225104838.PDF
002611,东方精工,2025年年度报告（英文）,2026-04-04 00:00:00,1225078942,reports_raw/companies/002_sz_main/002611_东方精工/2025/1225078942.pdf,https://static.cninfo.com.cn/finalpage/2026-04-04/1225078942.PDF
002615,哈尔斯,2025年年度报告,2026-04-15 00:00:00,1225104020,reports_raw/companies/002_sz_main/002615_哈尔斯/2025/1225104020.pdf,https://static.cninfo.com.cn/finalpage/2026-04-15/1225104020.PDF
002628,成都路桥,2025年年度报告,2026-04-16 00:00:00,1225108506,reports_raw/companies/002_sz_main/002628_成都路桥/2025/1225108506.pdf,https://static.cninfo.com.cn/finalpage/2026-04-16/1225108506.PDF
002629,仁智股份,2025年年度报告,2026-04-16 00:00:00,1225107818,reports_raw/companies/002_sz_main/002629_仁智股份/2025/1225107818.pdf,https://static.cninfo.com.cn/finalpage/2026-04-16/1225107818.PDF
002638,勤上股份,2025年年度报告,2026-04-11 00:00:00,1225096610,reports_raw/companies/002_sz_main/002638_勤上股份/2025/1225096610.pdf,https://static.cninfo.com.cn/finalpage/2026-04-11/1225096610.PDF
002644,佛慈制药,2025年年度报告,2026-04-09 00:00:00,1225086617,reports_raw/companies/002_sz_main/002644_佛慈制药/2025/1225086617.pdf,https://static.cninfo.com.cn/finalpage/2026-04-09/1225086617.pdf
002653,海思科,2025年年度报告,2026-04-13 00:00:00,1225093155,reports_raw/companies/002_sz_main/002653_海思科/2025/1225093155.pdf,https://static.cninfo.com.cn/finalpage/2026-04-13/1225093155.PDF
002655,共达电声,2025年年度报告,2026-04-17 00:00:00,1225112323,reports_raw/companies/002_sz_main/002655_共达电声/2025/1225112323.pdf,https://static.cninfo.com.cn/finalpage/2026-04-17/1225112323.PDF
002660,茂硕电源,2025年年度报告,2026-04-04 00:00:00,1225080576,reports_raw/companies/002_sz_main/002660_茂硕电源/2025/1225080576.pdf,https://static.cninfo.com.cn/finalpage/2026-04-04/1225080576.PDF
002664,信质集团,2025年年度报告,2026-04-18 00:00:00,1225121037,reports_raw/companies/002_sz_main/002664_信质集团/2025/1225121037.pdf,https://static.cninfo.com.cn/finalpage/2026-04-18/1225121037.PDF
002671,龙泉股份,2025年年度报告,2026-04-02 00:00:00,1225072034,reports_raw/companies/002_sz_main/002671_龙泉股份/2025/1225072034.pdf,https://static.cninfo.com.cn/finalpage/2026-04-02/1225072034.PDF
002673,西部证券,2025年年度报告,2026-04-02 00:00:00,1225073049,reports_raw/companies/002_sz_main/002673_西部证券/2025/1225073049.pdf,https://static.cninfo.com.cn/finalpage/2026-04-02/1225073049.PDF
002676,顺威股份,2025年年度报告,2026-04-15 00:00:00,1225101443,reports_raw/companies/002_sz_main/002676_顺威股份/2025/1225101443.pdf,https://static.cninfo.com.cn/finalpage/2026-04-15/1225101443.PDF
002687,乔治白,2025年年度报告,2026-04-17 00:00:00,1225113455,reports_raw/companies/002_sz_main/002687_乔治白/2025/1225113455.pdf,https://static.cninfo.com.cn/finalpage/2026-04-17/1225113455.PDF
002689,ST远智,2025年年度报告,2026-04-17 00:00:00,1225114059,reports_raw/companies/002_sz_main/002689_ST远智/2025/1225114059.pdf,https://static.cninfo.com.cn/finalpage/2026-04-17/1225114059.PDF
002693,*ST双成,2025年年度报告,2026-04-18 00:00:00,1225122860,reports_raw/companies/002_sz_main/002693_ST双成/2025/1225122860.pdf,https://static.cninfo.com.cn/finalpage/2026-04-18/1225122860.PDF
002697,红旗连锁,2025年年度报告,2026-04-09 00:00:00,1225084036,reports_raw/companies/002_sz_main/002697_红旗连锁/2025/1225084036.pdf,https://static.cninfo.com.cn/finalpage/2026-04-09/1225084036.PDF
002706,良信股份,2025年年度报告,2026-04-11 00:00:00,1225092857,reports_raw/companies/002_sz_main/002706_良信股份/2025/1225092857.pdf,https://static.cninfo.com.cn/finalpage/2026-04-11/1225092857.PDF
002716,湖南白银,2025年年度报告,2026-04-10 00:00:00,1225088369,reports_raw/companies/002_sz_main/002716_湖南白银/2025/1225088369.pdf,https://static.cninfo.com.cn/finalpage/2026-04-10/1225088369.PDF
002721,金一文化,2025年年度报告,2026-04-17 00:00:00,1225112297,reports_raw/companies/002_sz_main/002721_金一文化/2025/1225112297.pdf,https://static.cninfo.com.cn/finalpage/2026-04-17/1225112297.PDF
002730,电光科技,2025年年度报告,2026-04-10 00:00:00,1225089068,reports_raw/companies/002_sz_main/002730_电光科技/2025/1225089068.pdf,https://static.cninfo.com.cn/finalpage/2026-04-10/1225089068.PDF
002734,利民股份,2025年年度报告,2026-04-17 00:00:00,1225114451,reports_raw/companies/002_sz_main/002734_利民股份/2025/1225114451.pdf,https://static.cninfo.com.cn/finalpage/2026-04-17/1225114451.PDF
002736,国信证券,2025年年度报告,2026-04-18 00:00:00,1225120973,reports_raw/companies/002_sz_main/002736_国信证券/2025/1225120973.pdf,https://static.cninfo.com.cn/finalpage/2026-04-18/1225120973.PDF
002738,中矿资源,2025年年度报告,2026-04-10 00:00:00,1225089391,reports_raw/companies/002_sz_main/002738_中矿资源/2025/1225089391.pdf,https://static.cninfo.com.cn/finalpage/2026-04-10/1225089391.PDF
002749,国光股份,2025年年度报告,2026-04-18 00:00:00,1225119159,reports_raw/companies/002_sz_main/002749_国光股份/2025/1225119159.pdf,https://static.cninfo.com.cn/finalpage/2026-04-18/1225119159.PDF
002759,天际股份,2025年年度报告,2026-04-15 00:00:00,1225102107,reports_raw/companies/002_sz_main/002759_天际股份/2025/1225102107.pdf,https://static.cninfo.com.cn/finalpage/2026-04-15/1225102107.PDF
002760,凤形股份,2025年年度报告,2026-04-09 00:00:00,1225085094,reports_raw/companies/002_sz_main/002760_凤形股份/2025/1225085094.pdf,https://static.cninfo.com.cn/finalpage/2026-04-09/1225085094.PDF
002762,*ST金比,2025年年度报告,2026-04-16 00:00:00,1225108802,reports_raw/companies/002_sz_main/002762_ST金比/2025/1225108802.pdf,https://static.cninfo.com.cn/finalpage/2026-04-16/1225108802.PDF
002771,真视通,2025年年度报告,2026-04-09 00:00:00,1225086206,reports_raw/companies/002_sz_main/002771_真视通/2025/1225086206.pdf,https://static.cninfo.com.cn/finalpage/2026-04-09/1225086206.PDF
002791,坚朗五金,2025年年度报告,2026-04-11 00:00:00,1225093625,reports_raw/companies/002_sz_main/002791_坚朗五金/2025/1225093625.pdf,https://static.cninfo.com.cn/finalpage/2026-04-11/1225093625.PDF
002803,吉宏股份,2025年年度报告,2026-04-01 00:00:00,1225066431,reports_raw/companies/002_sz_main/002803_吉宏股份/2025/1225066431.pdf,https://static.cninfo.com.cn/finalpage/2026-04-01/1225066431.PDF
002820,桂发祥,2025年年度报告,2026-04-03 00:00:00,1225077734,reports_raw/companies/002_sz_main/002820_桂发祥/2025/1225077734.pdf,https://static.cninfo.com.cn/finalpage/2026-04-03/1225077734.PDF
002823,凯中精密,2025年年度报告,2026-04-16 00:00:00,1225106776,reports_raw/companies/002_sz_main/002823_凯中精密/2025/1225106776.pdf,https://static.cninfo.com.cn/finalpage/2026-04-16/1225106776.PDF
002827,高争民爆,2025年年度报告,2026-04-08 00:00:00,1225082013,reports_raw/companies/002_sz_main/002827_高争民爆/2025/1225082013.pdf,https://static.cninfo.com.cn/finalpage/2026-04-08/1225082013.PDF
002842,翔鹭钨业,2025年年度报告,2026-04-01 00:00:00,1225066810,reports_raw/companies/002_sz_main/002842_翔鹭钨业/2025/1225066810.pdf,https://static.cninfo.com.cn/finalpage/2026-04-01/1225066810.PDF
002847,盐津铺子,2025年年度报告,2026-04-08 00:00:00,1225082462,reports_raw/companies/002_sz_main/002847_盐津铺子/2025/1225082462.pdf,https://static.cninfo.com.cn/finalpage/2026-04-08/1225082462.PDF
002860,星帅尔,2025年年度报告,2026-04-03 00:00:00,1225076042,reports_raw/companies/002_sz_main/002860_星帅尔/2025/1225076042.pdf,https://static.cninfo.com.cn/finalpage/2026-04-03/1225076042.PDF
002876,三利谱,2025年年度报告,2026-04-03 00:00:00,1225077501,reports_raw/companies/002_sz_main/002876_三利谱/2025/1225077501.pdf,https://static.cninfo.com.cn/finalpage/2026-04-03/1225077501.PDF
002884,凌霄泵业,2025年年度报告,2026-04-11 00:00:00,1225093301,reports_raw/companies/002_sz_main/002884_凌霄泵业/2025/1225093301.pdf,https://static.cninfo.com.cn/finalpage/2026-04-11/1225093301.PDF
002895,川恒股份,2025年年度报告,2026-04-10 00:00:00,1225088798,reports_raw/companies/002_sz_main/002895_川恒股份/2025/1225088798.pdf,https://static.cninfo.com.cn/finalpage/2026-04-10/1225088798.PDF
002896,中大力德,2025年年度报告,2026-04-16 00:00:00,1225108100,reports_raw/companies/002_sz_main/002896_中大力德/2025/1225108100.pdf,https://static.cninfo.com.cn/finalpage/2026-04-16/1225108100.PDF
002903,宇环数控,2025年年度报告,2026-04-17 00:00:00,1225111075,reports_raw/companies/002_sz_main/002903_宇环数控/2025/1225111075.pdf,https://static.cninfo.com.cn/finalpage/2026-04-17/1225111075.PDF
002905,金逸影视,2025年年度报告,2026-04-14 00:00:00,1225099717,reports_raw/companies/002_sz_main/002905_金逸影视/2025/1225099717.pdf,https://static.cninfo.com.cn/finalpage/2026-04-14/1225099717.PDF
002909,集泰股份,2025年年度报告,2026-04-11 00:00:00,1225094522,reports_raw/companies/002_sz_main/002909_集泰股份/2025/1225094522.pdf,https://static.cninfo.com.cn/finalpage/2026-04-11/1225094522.PDF
002917,金奥博,2025年年度报告,2026-04-10 00:00:00,1225090702,reports_raw/companies/002_sz_main/002917_金奥博/2025/1225090702.pdf,https://static.cninfo.com.cn/finalpage/2026-04-10/1225090702.PDF
002925,盈趣科技,2025年年度报告,2026-04-11 00:00:00,1225095877,reports_raw/companies/002_sz_main/002925_盈趣科技/2025/1225095877.pdf,https://static.cninfo.com.cn/finalpage/2026-04-11/1225095877.PDF
002933,新兴装备,2025年年度报告,2026-04-10 00:00:00,1225090558,reports_raw/companies/002_sz_main/002933_新兴装备/2025/1225090558.pdf,https://static.cninfo.com.cn/finalpage/2026-04-10/1225090558.PDF
002945,华林证券,2025年年度报告,2026-04-01 00:00:00,1225068294,reports_raw/companies/002_sz_main/002945_华林证券/2025/1225068294.pdf,https://static.cninfo.com.cn/finalpage/2026-04-01/1225068294.PDF
002949,华阳国际,2025年年度报告,2026-04-16 00:00:00,1225107544,reports_raw/companies/002_sz_main/002949_华阳国际/2025/1225107544.pdf,https://static.cninfo.com.cn/finalpage/2026-04-16/1225107544.PDF
002956,西麦食品,2025年年度报告,2026-04-15 00:00:00,1225103315,reports_raw/companies/002_sz_main/002956_西麦食品/2025/1225103315.pdf,https://static.cninfo.com.cn/finalpage/2026-04-15/1225103315.PDF
002959,小熊电器,2025年年度报告,2026-04-09 00:00:00,1225085711,reports_raw/companies/002_sz_main/002959_小熊电器/2025/1225085711.pdf,https://static.cninfo.com.cn/finalpage/2026-04-09/1225085711.PDF
002961,瑞达期货,2025年年度报告,2026-04-01 00:00:00,1225068005,reports_raw/companies/002_sz_main/002961_瑞达期货/2025/1225068005.pdf,https://static.cninfo.com.cn/finalpage/2026-04-01/1225068005.PDF
002968,新大正,2025年年度报告,2026-04-18 00:00:00,1225116753,reports_raw/companies/002_sz_main/002968_新大正/2025/1225116753.pdf,https://static.cninfo.com.cn/finalpage/2026-04-18/1225116753.PDF
002971,和远气体,2025年年度报告,2026-04-16 00:00:00,1225107951,reports_raw/companies/002_sz_main/002971_和远气体/2025/1225107951.pdf,https://static.cninfo.com.cn/finalpage/2026-04-16/1225107951.PDF
002975,博杰股份,2025年年度报告,2026-04-01 00:00:00,1225066268,reports_raw/companies/002_sz_main/002975_博杰股份/2025/1225066268.pdf,https://static.cninfo.com.cn/finalpage/2026-04-01/1225066268.PDF
002987,京北方,2025年年度报告,2026-04-18 00:00:00,1225117058,reports_raw/companies/002_sz_main/002987_京北方/2025/1225117058.pdf,https://static.cninfo.com.cn/finalpage/2026-04-18/1225117058.PDF
002990,盛视科技,2025年年度报告,2026-04-15 00:00:00,1225102598,reports_raw/companies/002_sz_main/002990_盛视科技/2025/1225102598.pdf,https://static.cninfo.com.cn/finalpage/2026-04-15/1225102598.PDF
002998,优彩资源,2025年年度报告,2026-04-13 00:00:00,1225096299,reports_raw/companies/002_sz_main/002998_优彩资源/2025/1225096299.pdf,https://static.cninfo.com.cn/finalpage/2026-04-13/1225096299.PDF
003006,百亚股份,2025年年度报告,2026-04-18 00:00:00,1225115225,reports_raw/companies/003_sz_main/003006_百亚股份/2025/1225115225.pdf,https://static.cninfo.com.cn/finalpage/2026-04-18/1225115225.PDF
003008,开普检测,2025年年度报告,2026-04-10 00:00:00,1225089204,reports_raw/companies/003_sz_main/003008_开普检测/2025/1225089204.pdf,https://static.cninfo.com.cn/finalpage/2026-04-10/1225089204.PDF
003018,金富科技,2025年年度报告,2026-04-09 00:00:00,1225086289,reports_raw/companies/003_sz_main/003018_金富科技/2025/1225086289.pdf,https://static.cninfo.com.cn/finalpage/2026-04-09/1225086289.PDF
003027,同兴科技,2025年年度报告,2026-04-16 00:00:00,1225108884,reports_raw/companies/003_sz_main/003027_同兴科技/2025/1225108884.pdf,https://static.cninfo.com.cn/finalpage/2026-04-16/1225108884.PDF
003029,吉大正元,2025年年度报告,2026-04-03 00:00:00,1225075083,reports_raw/companies/003_sz_main/003029_吉大正元/2025/1225075083.pdf,https://static.cninfo.com.cn/finalpage/2026-04-03/1225075083.PDF
200037,深南电B,2025年年度报告（英文版）,2026-04-15 00:00:00,1225101234,reports_raw/companies/200_sz_b/200037_深南电B/2025/1225101234.pdf,https://static.cninfo.com.cn/finalpage/2026-04-15/1225101234.PDF
200055,方大Ｂ,2025年年度报告（英文版）,2026-04-08 00:00:00,1225081657,reports_raw/companies/200_sz_b/200055_方大Ｂ/2025/1225081657.pdf,https://static.cninfo.com.cn/finalpage/2026-04-08/1225081657.PDF
200521,虹美菱B,2025年年度报告（英文版）,2026-04-03 00:00:00,1225077814,reports_raw/companies/200_sz_b/200521_虹美菱B/2025/1225077814.pdf,https://static.cninfo.com.cn/finalpage/2026-04-03/1225077814.PDF
200541,粤照明Ｂ,2025年年度报告（英文版）,2026-04-17 00:00:00,1225113362,reports_raw/companies/200_sz_b/200541_粤照明Ｂ/2025/1225113362.pdf,https://static.cninfo.com.cn/finalpage/2026-04-17/1225113362.PDF
200570,苏常柴Ｂ,2025年年度报告（英文版）,2026-04-14 00:00:00,1225097223,reports_raw/companies/200_sz_b/200570_苏常柴Ｂ/2025/1225097223.pdf,https://static.cninfo.com.cn/finalpage/2026-04-14/1225097223.PDF
200581,苏威孚Ｂ,2025年年度报告（英文版）,2026-04-17 00:00:00,1225111407,reports_raw/companies/200_sz_b/200581_苏威孚Ｂ/2025/1225111407.pdf,https://static.cninfo.com.cn/finalpage/2026-04-17/1225111407.PDF
200625,长  安Ｂ,2025年年度报告（英文版）,2026-04-11 00:00:00,1225093379,reports_raw/companies/200_sz_b/200625_长_安Ｂ/2025/1225093379.pdf,https://static.cninfo.com.cn/finalpage/2026-04-11/1225093379.PDF
200725,京东方Ｂ,2025年年度报告（英文版）,2026-04-01 00:00:00,1225068517,reports_raw/companies/200_sz_b/200725_京东方Ｂ/2025/1225068517.pdf,https://static.cninfo.com.cn/finalpage/2026-04-01/1225068517.PDF
200726,鲁  泰Ｂ,2025年年度报告（英文版）,2026-04-17 00:00:00,1225112676,reports_raw/companies/200_sz_b/200726_鲁_泰Ｂ/2025/1225112676.pdf,https://static.cninfo.com.cn/finalpage/2026-04-17/1225112676.PDF
200761,本钢板Ｂ,2025年年度报告（英文版）,2026-04-04 00:00:00,1225079233,reports_raw/companies/200_sz_b/200761_本钢板Ｂ/2025/1225079233.pdf,https://static.cninfo.com.cn/finalpage/2026-04-04/1225079233.PDF
200869,张  裕Ｂ,2025年年度报告（英文版）,2026-04-18 00:00:00,1225120200,reports_raw/companies/200_sz_b/200869_张_裕Ｂ/2025/1225120200.pdf,https://static.cninfo.com.cn/finalpage/2026-04-18/1225120200.pdf
201872,招港B,2025年年度报告（英文版）,2026-04-03 00:00:00,1225077426,reports_raw/companies/201_sz_b/201872_招港B/2025/1225077426.pdf,https://static.cninfo.com.cn/finalpage/2026-04-03/1225077426.PDF
300001,特锐德,2025年年度报告,2026-04-09 00:00:00,1225086349,reports_raw/companies/300_chinext/300001_特锐德/2025/1225086349.pdf,https://static.cninfo.com.cn/finalpage/2026-04-09/1225086349.PDF
300007,汉威科技,2025年年度报告,2026-04-18 00:00:00,1225118947,reports_raw/companies/300_chinext/300007_汉威科技/2025/1225118947.pdf,https://static.cninfo.com.cn/finalpage/2026-04-18/1225118947.PDF
300011,鼎汉技术,2025年年度报告,2026-04-14 00:00:00,1225098647,reports_raw/companies/300_chinext/300011_鼎汉技术/2025/1225098647.pdf,https://static.cninfo.com.cn/finalpage/2026-04-14/1225098647.PDF
300017,网宿科技,2025年年度报告,2026-04-15 00:00:00,1225101555,reports_raw/companies/300_chinext/300017_网宿科技/2025/1225101555.pdf,https://static.cninfo.com.cn/finalpage/2026-04-15/1225101555.PDF
300020,ST银江,2025年年度报告,2026-04-03 00:00:00,1225077845,reports_raw/companies/300_chinext/300020_ST银江/2025/1225077845.pdf,https://static.cninfo.com.cn/finalpage/2026-04-03/1225077845.PDF
300022,吉峰科技,2025年年度报告,2026-04-15 00:00:00,1225103960,reports_raw/companies/300_chinext/300022_吉峰科技/2025/1225103960.pdf,https://static.cninfo.com.cn/finalpage/2026-04-15/1225103960.PDF
300030,阳普医疗,2025年年度报告,2026-04-09 00:00:00,1225085784,reports_raw/companies/300_chinext/300030_阳普医疗/2025/1225085784.pdf,https://static.cninfo.com.cn/finalpage/2026-04-09/1225085784.PDF
300036,超图软件,2025年年度报告,2026-04-17 00:00:00,1225110824,reports_raw/companies/300_chinext/300036_超图软件/2025/1225110824.pdf,https://static.cninfo.com.cn/finalpage/2026-04-17/1225110824.PDF
300042,朗科科技,2025年年度报告,2026-04-10 00:00:00,1225087045,reports_raw/companies/300_chinext/300042_朗科科技/2025/1225087045.pdf,https://static.cninfo.com.cn/finalpage/2026-04-10/1225087045.PDF
300046,台基股份,2025年年度报告,2026-04-03 00:00:00,1225077046,reports_raw/companies/300_chinext/300046_台基股份/2025/1225077046.pdf,https://static.cninfo.com.cn/finalpage/2026-04-03/1225077046.PDF
300053,航宇微,2025年年度报告,2026-04-10 00:00:00,1225091393,reports_raw/companies/300_chinext/300053_航宇微/2025/1225091393.pdf,https://static.cninfo.com.cn/finalpage/2026-04-10/1225091393.PDF
300055,万邦达,2025年年度报告,2026-04-17 00:00:00,1225113538,reports_raw/companies/300_chinext/300055_万邦达/2025/1225113538.pdf,https://static.cninfo.com.cn/finalpage/2026-04-17/1225113538.PDF
300058,蓝色光标,2025年年度报告,2026-04-16 00:00:00,1225107656,reports_raw/companies/300_chinext/300058_蓝色光标/2025/1225107656.pdf,https://static.cninfo.com.cn/finalpage/2026-04-16/1225107656.PDF
300066,三川智慧,2025年年度报告,2026-04-17 00:00:00,1225112970,reports_raw/companies/300_chinext/300066_三川智慧/2025/1225112970.pdf,https://static.cninfo.com.cn/finalpage/2026-04-17/1225112970.PDF
300070,碧水源,2025年年度报告,2026-04-14 00:00:00,1225099686,reports_raw/companies/300_chinext/300070_碧水源/2025/1225099686.pdf,https://static.cninfo.com.cn/finalpage/2026-04-14/1225099686.PDF
300075,数字政通,2025年年度报告,2026-04-16 00:00:00,1225107177,reports_raw/companies/300_chinext/300075_数字政通/2025/1225107177.pdf,https://static.cninfo.com.cn/finalpage/2026-04-16/1225107177.PDF
300079,数码视讯,2025年年度报告,2026-04-17 00:00:00,1225111547,reports_raw/companies/300_chinext/300079_数码视讯/2025/1225111547.pdf,https://static.cninfo.com.cn/finalpage/2026-04-17/1225111547.PDF
300083,创世纪,2025年年度报告,2026-04-01 00:00:00,1225068437,reports_raw/companies/300_chinext/300083_创世纪/2025/1225068437.pdf,https://static.cninfo.com.cn/finalpage/2026-04-01/1225068437.PDF
300085,银之杰,2025年年度报告,2026-04-15 00:00:00,1225103586,reports_raw/companies/300_chinext/300085_银之杰/2025/1225103586.pdf,https://static.cninfo.com.cn/finalpage/2026-04-15/1225103586.PDF
300093,*ST金刚,2025年年度报告,2026-04-03 00:00:00,1225078302,reports_raw/companies/300_chinext/300093_ST金刚/2025/1225078302.pdf,https://static.cninfo.com.cn/finalpage/2026-04-03/1225078302.PDF
300097,智云股份,2025年年度报告,2026-04-03 00:00:00,1225076652,reports_raw/companies/300_chinext/300097_智云股份/2025/1225076652.pdf,https://static.cninfo.com.cn/finalpage/2026-04-03/1225076652.PDF
300098,高新兴,2025年年度报告,2026-04-18 00:00:00,1225118884,reports_raw/companies/300_chinext/300098_高新兴/2025/1225118884.pdf,https://static.cninfo.com.cn/finalpage/2026-04-18/1225118884.PDF
300105,龙源技术,2025年年度报告,2026-04-11 00:00:00,1225091739,reports_raw/companies/300_chinext/300105_龙源技术/2025/1225091739.pdf,https://static.cninfo.com.cn/finalpage/2026-04-11/1225091739.PDF
300107,建新股份,2025年年度报告,2026-04-18 00:00:00,1225121364,reports_raw/companies/300_chinext/300107_建新股份/2025/1225121364.pdf,https://static.cninfo.com.cn/finalpage/2026-04-18/1225121364.PDF
300115,长盈精密,2025年年度报告,2026-04-18 00:00:00,1225120097,reports_raw/companies/300_chinext/300115_长盈精密/2025/1225120097.pdf,https://static.cninfo.com.cn/finalpage/2026-04-18/1225120097.PDF
300123,亚光科技,2025年年度报告,2026-04-18 00:00:00,1225122997,reports_raw/companies/300_chinext/300123_亚光科技/2025/1225122997.pdf,https://static.cninfo.com.cn/finalpage/2026-04-18/1225122997.PDF
300129,泰胜风能,2025年年度报告,2026-04-18 00:00:00,1225115590,reports_raw/companies/300_chinext/300129_泰胜风能/2025/1225115590.pdf,https://static.cninfo.com.cn/finalpage/2026-04-18/1225115590.PDF
300136,信维通信,2025年年度报告,2026-04-18 00:00:00,1225121157,reports_raw/companies/300_chinext/300136_信维通信/2025/1225121157.pdf,https://static.cninfo.com.cn/finalpage/2026-04-18/1225121157.PDF
300140,节能环境,2025年年度报告,2026-04-03 00:00:00,1225077575,reports_raw/companies/300_chinext/300140_节能环境/2025/1225077575.pdf,https://static.cninfo.com.cn/finalpage/2026-04-03/1225077575.PDF
300151,昌红科技,2025年年度报告,2026-04-11 00:00:00,1225094379,reports_raw/companies/300_chinext/300151_昌红科技/2025/1225094379.pdf,https://static.cninfo.com.cn/finalpage/2026-04-11/1225094379.PDF
300154,瑞凌股份,2025年年度报告,2026-04-14 00:00:00,1225099305,reports_raw/companies/300_chinext/300154_瑞凌股份/2025/1225099305.pdf,https://static.cninfo.com.cn/finalpage/2026-04-14/1225099305.PDF
300160,秀强股份,2025年年度报告,2026-04-17 00:00:00,1225111575,reports_raw/companies/300_chinext/300160_秀强股份/2025/1225111575.pdf,https://static.cninfo.com.cn/finalpage/2026-04-17/1225111575.PDF
300164,通源石油,2025年年度报告,2026-04-11 00:00:00,1225094988,reports_raw/companies/300_chinext/300164_通源石油/2025/1225094988.pdf,https://static.cninfo.com.cn/finalpage/2026-04-11/1225094988.PDF
300170,汉得信息,2025年年度报告,2026-04-14 00:00:00,1225099001,reports_raw/companies/300_chinext/300170_汉得信息/2025/1225099001.pdf,https://static.cninfo.com.cn/finalpage/2026-04-14/1225099001.pdf
300174,元力股份,2025年年度报告,2026-04-16 00:00:00,1225105339,reports_raw/companies/300_chinext/300174_元力股份/2025/1225105339.pdf,https://static.cninfo.com.cn/finalpage/2026-04-16/1225105339.PDF
300175,ST朗源,2025年年度报告,2026-04-04 00:00:00,1225080053,reports_raw/companies/300_chinext/300175_ST朗源/2025/1225080053.pdf,https://static.cninfo.com.cn/finalpage/2026-04-04/1225080053.PDF
300179,四方达,2025年年度报告,2026-04-02 00:00:00,1225073611,reports_raw/companies/300_chinext/300179_四方达/2025/1225073611.pdf,https://static.cninfo.com.cn/finalpage/2026-04-02/1225073611.pdf
300180,华峰超纤,2025年年度报告,2026-04-09 00:00:00,1225085746,reports_raw/companies/300_chinext/300180_华峰超纤/2025/1225085746.pdf,https://static.cninfo.com.cn/finalpage/2026-04-09/1225085746.PDF
300183,东软载波,2025年年度报告,2026-04-11 00:00:00,1225092004,reports_raw/companies/300_chinext/300183_东软载波/2025/1225092004.pdf,https://static.cninfo.com.cn/finalpage/2026-04-11/1225092004.PDF
300188,国投智能,2025年年度报告,2026-04-18 00:00:00,1225120062,reports_raw/companies/300_chinext/300188_国投智能/2025/1225120062.pdf,https://static.cninfo.com.cn/finalpage/2026-04-18/1225120062.PDF
300193,佳士科技,2025年年度报告,2026-04-11 00:00:00,1225095850,reports_raw/companies/300_chinext/300193_佳士科技/2025/1225095850.pdf,https://static.cninfo.com.cn/finalpage/2026-04-11/1225095850.PDF
300196,长海股份,2025年年度报告,2026-04-03 00:00:00,1225075262,reports_raw/companies/300_chinext/300196_长海股份/2025/1225075262.pdf,https://static.cninfo.com.cn/finalpage/2026-04-03/1225075262.PDF
300210,森远股份,2025年年度报告,2026-04-11 00:00:00,1225093862,reports_raw/companies/300_chinext/300210_森远股份/2025/1225093862.pdf,https://static.cninfo.com.cn/finalpage/2026-04-11/1225093862.PDF
300218,安利股份,2025年年度报告,2026-04-14 00:00:00,1225099658,reports_raw/companies/300_chinext/300218_安利股份/2025/1225099658.pdf,https://static.cninfo.com.cn/finalpage/2026-04-14/1225099658.PDF
300228,富瑞特装,2025年年度报告,2026-04-11 00:00:00,1225092251,reports_raw/companies/300_chinext/300228_富瑞特装/2025/1225092251.pdf,https://static.cninfo.com.cn/finalpage/2026-04-11/1225092251.PDF
300229,拓尔思,2025年年度报告,2026-04-15 00:00:00,1225103279,reports_raw/companies/300_chinext/300229_拓尔思/2025/1225103279.pdf,https://static.cninfo.com.cn/finalpage/2026-04-15/1225103279.PDF
300234,开尔新材,2025年年度报告,2026-04-11 00:00:00,1225093987,reports_raw/companies/300_chinext/300234_开尔新材/2025/1225093987.pdf,https://static.cninfo.com.cn/finalpage/2026-04-11/1225093987.PDF
300242,佳云科技,2025年年度报告,2026-04-08 00:00:00,1225083243,reports_raw/companies/300_chinext/300242_佳云科技/2025/1225083243.pdf,https://static.cninfo.com.cn/finalpage/2026-04-08/1225083243.PDF
300243,瑞丰高材,2025年年度报告,2026-04-15 00:00:00,1225101315,reports_raw/companies/300_chinext/300243_瑞丰高材/2025/1225101315.pdf,https://static.cninfo.com.cn/finalpage/2026-04-15/1225101315.PDF
300249,依米康,2025年年度报告,2026-04-17 00:00:00,1225110800,reports_raw/companies/300_chinext/300249_依米康/2025/1225110800.pdf,https://static.cninfo.com.cn/finalpage/2026-04-17/1225110800.PDF
300253,卫宁健康,2025年年度报告,2026-04-15 00:00:00,1225102782,reports_raw/companies/300_chinext/300253_卫宁健康/2025/1225102782.pdf,https://static.cninfo.com.cn/finalpage/2026-04-15/1225102782.PDF
300265,通光线缆,2025年年度报告,2026-04-18 00:00:00,1225120317,reports_raw/companies/300_chinext/300265_通光线缆/2025/1225120317.pdf,https://static.cninfo.com.cn/finalpage/2026-04-18/1225120317.PDF
300274,阳光电源,2025年年度报告,2026-04-01 00:00:00,1225066678,reports_raw/companies/300_chinext/300274_阳光电源/2025/1225066678.pdf,https://static.cninfo.com.cn/finalpage/2026-04-01/1225066678.PDF
300281,金明精机,2025年年度报告,2026-04-16 00:00:00,1225108844,reports_raw/companies/300_chinext/300281_金明精机/2025/1225108844.pdf,https://static.cninfo.com.cn/finalpage/2026-04-16/1225108844.PDF
300296,利亚德,2025年年度报告,2026-04-16 00:00:00,1225108297,reports_raw/companies/300_chinext/300296_利亚德/2025/1225108297.pdf,https://static.cninfo.com.cn/finalpage/2026-04-16/1225108297.PDF
300301,ST长方,2025年年度报告,2026-04-08 00:00:00,1225083444,reports_raw/companies/300_chinext/300301_ST长方/2025/1225083444.pdf,https://static.cninfo.com.cn/finalpage/2026-04-08/1225083444.PDF
300303,聚飞光电,2025年年度报告,2026-04-18 00:00:00,1225120883,reports_raw/companies/300_chinext/300303_聚飞光电/2025/1225120883.pdf,https://static.cninfo.com.cn/finalpage/2026-04-18/1225120883.PDF
300305,裕兴股份,2025年年度报告,2026-04-16 00:00:00,1225106673,reports_raw/companies/300_chinext/300305_裕兴股份/2025/1225106673.pdf,https://static.cninfo.com.cn/finalpage/2026-04-16/1225106673.PDF
300314,戴维医疗,2025年年度报告,2026-04-03 00:00:00,1225077226,reports_raw/companies/300_chinext/300314_戴维医疗/2025/1225077226.pdf,https://static.cninfo.com.cn/finalpage/2026-04-03/1225077226.PDF
300316,晶盛机电,2025年年度报告,2026-04-11 00:00:00,1225095476,reports_raw/companies/300_chinext/300316_晶盛机电/2025/1225095476.pdf,https://static.cninfo.com.cn/finalpage/2026-04-11/1225095476.PDF
300326,ST凯利,2025年年度报告,2026-04-18 00:00:00,1225122456,reports_raw/companies/300_chinext/300326_ST凯利/2025/1225122456.pdf,https://static.cninfo.com.cn/finalpage/2026-04-18/1225122456.PDF
300335,迪森股份,2025年年度报告,2026-04-17 00:00:00,1225111951,reports_raw/companies/300_chinext/300335_迪森股份/2025/1225111951.pdf,https://static.cninfo.com.cn/finalpage/2026-04-17/1225111951.PDF
300337,银邦股份,2025年年度报告,2026-04-17 00:00:00,1225109276,reports_raw/companies/300_chinext/300337_银邦股份/2025/1225109276.pdf,https://static.cninfo.com.cn/finalpage/2026-04-17/1225109276.PDF
300340,科恒股份,2025年年度报告,2026-04-09 00:00:00,1225086047,reports_raw/companies/300_chinext/300340_科恒股份/2025/1225086047.pdf,https://static.cninfo.com.cn/finalpage/2026-04-09/1225086047.PDF
300342,天银机电,2025年年度报告,2026-04-10 00:00:00,1225088563,reports_raw/companies/300_chinext/300342_天银机电/2025/1225088563.pdf,https://static.cninfo.com.cn/finalpage/2026-04-10/1225088563.PDF
300343,ST联创,2025年年度报告,2026-04-15 00:00:00,1225102201,reports_raw/companies/300_chinext/300343_ST联创/2025/1225102201.pdf,https://static.cninfo.com.cn/finalpage/2026-04-15/1225102201.PDF
300346,南大光电,2025年年度报告,2026-04-10 00:00:00,1225087469,reports_raw/companies/300_chinext/300346_南大光电/2025/1225087469.pdf,https://static.cninfo.com.cn/finalpage/2026-04-10/1225087469.PDF
300348,长亮科技,2025年年度报告,2026-04-15 00:00:00,1225103848,reports_raw/companies/300_chinext/300348_长亮科技/2025/1225103848.pdf,https://static.cninfo.com.cn/finalpage/2026-04-15/1225103848.PDF
300351,永贵电器,2025年年度报告,2026-04-10 00:00:00,1225090734,reports_raw/companies/300_chinext/300351_永贵电器/2025/1225090734.pdf,https://static.cninfo.com.cn/finalpage/2026-04-10/1225090734.PDF
300363,博腾股份,2025年年度报告,2026-04-04 00:00:00,1225080083,reports_raw/companies/300_chinext/300363_博腾股份/2025/1225080083.pdf,https://static.cninfo.com.cn/finalpage/2026-04-04/1225080083.PDF
300365,恒华科技,2025年年度报告,2026-04-15 00:00:00,1225102721,reports_raw/companies/300_chinext/300365_恒华科技/2025/1225102721.pdf,https://static.cninfo.com.cn/finalpage/2026-04-15/1225102721.PDF
300370,安控科技,2025年年度报告,2026-04-10 00:00:00,1225088705,reports_raw/companies/300_chinext/300370_安控科技/2025/1225088705.pdf,https://static.cninfo.com.cn/finalpage/2026-04-10/1225088705.PDF
300378,鼎捷数智,2025年年度报告,2026-04-02 00:00:00,1225073175,reports_raw/companies/300_chinext/300378_鼎捷数智/2025/1225073175.pdf,https://static.cninfo.com.cn/finalpage/2026-04-02/1225073175.PDF
300385,雪浪环境,2025年年度报告,2026-04-11 00:00:00,1225096564,reports_raw/companies/300_chinext/300385_雪浪环境/2025/1225096564.pdf,https://static.cninfo.com.cn/finalpage/2026-04-11/1225096564.PDF
300386,飞天诚信,2025年年度报告,2026-04-15 00:00:00,1225102237,reports_raw/companies/300_chinext/300386_飞天诚信/2025/1225102237.pdf,https://static.cninfo.com.cn/finalpage/2026-04-15/1225102237.PDF
300390,天华新能,2025年年度报告（更正后）,2026-04-02 19:48:28,1225077003,reports_raw/companies/300_chinext/300390_天华新能/2025/1225077003.pdf,https://static.cninfo.com.cn/finalpage/2026-04-02/1225077003.PDF
300394,天孚通信,2025年年度报告,2026-04-08 00:00:00,1225082705,reports_raw/companies/300_chinext/300394_天孚通信/2025/1225082705.pdf,https://static.cninfo.com.cn/finalpage/2026-04-08/1225082705.PDF
300399,天利科技,2025年年度报告,2026-04-18 00:00:00,1225116266,reports_raw/companies/300_chinext/300399_天利科技/2025/1225116266.pdf,https://static.cninfo.com.cn/finalpage/2026-04-18/1225116266.PDF
300400,劲拓股份,2025年年度报告,2026-04-13 00:00:00,1225095716,reports_raw/companies/300_chinext/300400_劲拓股份/2025/1225095716.pdf,https://static.cninfo.com.cn/finalpage/2026-04-13/1225095716.PDF
300401,花园生物,2025年年度报告,2026-04-18 00:00:00,1225116031,reports_raw/companies/300_chinext/300401_花园生物/2025/1225116031.pdf,https://static.cninfo.com.cn/finalpage/2026-04-18/1225116031.PDF
300402,宝色股份,2025年年度报告,2026-04-03 00:00:00,1225077344,reports_raw/companies/300_chinext/300402_宝色股份/2025/1225077344.pdf,https://static.cninfo.com.cn/finalpage/2026-04-03/1225077344.PDF
300403,汉宇集团,2025年年度报告,2026-04-11 00:00:00,1225094198,reports_raw/companies/300_chinext/300403_汉宇集团/2025/1225094198.pdf,https://static.cninfo.com.cn/finalpage/2026-04-11/1225094198.PDF
300409,道氏技术,2025年年度报告,2026-04-15 00:00:00,1225103929,reports_raw/companies/300_chinext/300409_道氏技术/2025/1225103929.pdf,https://static.cninfo.com.cn/finalpage/2026-04-15/1225103929.PDF
300410,正业科技,2025年年度报告,2026-04-15 00:00:00,1225100463,reports_raw/companies/300_chinext/300410_正业科技/2025/1225100463.pdf,https://static.cninfo.com.cn/finalpage/2026-04-15/1225100463.PDF
300412,迦南科技,2025年年度报告,2026-04-18 00:00:00,1225115261,reports_raw/companies/300_chinext/300412_迦南科技/2025/1225115261.pdf,https://static.cninfo.com.cn/finalpage/2026-04-18/1225115261.PDF
300414,中光防雷,2025年年度报告,2026-04-10 00:00:00,1225088617,reports_raw/companies/300_chinext/300414_中光防雷/2025/1225088617.pdf,https://static.cninfo.com.cn/finalpage/2026-04-10/1225088617.PDF
300415,伊之密,2025年年度报告,2026-04-17 00:00:00,1225111872,reports_raw/companies/300_chinext/300415_伊之密/2025/1225111872.pdf,https://static.cninfo.com.cn/finalpage/2026-04-17/1225111872.PDF
300440,运达科技,2025年年度报告,2026-04-16 00:00:00,1225106958,reports_raw/companies/300_chinext/300440_运达科技/2025/1225106958.pdf,https://static.cninfo.com.cn/finalpage/2026-04-16/1225106958.PDF
300442,润泽科技,2025年年度报告,2026-04-10 00:00:00,1225090821,reports_raw/companies/300_chinext/300442_润泽科技/2025/1225090821.pdf,https://static.cninfo.com.cn/finalpage/2026-04-10/1225090821.PDF
300444,双杰电气,2025年年度报告,2026-04-10 00:00:00,1225090121,reports_raw/companies/300_chinext/300444_双杰电气/2025/1225090121.pdf,https://static.cninfo.com.cn/finalpage/2026-04-10/1225090121.PDF
300451,创业慧康,2025年年度报告,2026-04-15 00:00:00,1225102978,reports_raw/companies/300_chinext/300451_创业慧康/2025/1225102978.pdf,https://static.cninfo.com.cn/finalpage/2026-04-15/1225102978.PDF
300454,深信服,2025年年度报告,2026-04-01 00:00:00,1225066411,reports_raw/companies/300_chinext/300454_深信服/2025/1225066411.pdf,https://static.cninfo.com.cn/finalpage/2026-04-01/1225066411.PDF
300470,中密控股,2025年年度报告,2026-04-15 00:00:00,1225101662,reports_raw/companies/300_chinext/300470_中密控股/2025/1225101662.pdf,https://static.cninfo.com.cn/finalpage/2026-04-15/1225101662.PDF
300478,杭州高新,2025年年度报告,2026-04-11 00:00:00,1225094032,reports_raw/companies/300_chinext/300478_杭州高新/2025/1225094032.pdf,https://static.cninfo.com.cn/finalpage/2026-04-11/1225094032.PDF
300479,神思电子,2025年年度报告,2026-04-10 00:00:00,1225087983,reports_raw/companies/300_chinext/300479_神思电子/2025/1225087983.pdf,https://static.cninfo.com.cn/finalpage/2026-04-10/1225087983.PDF
300506,ST名家汇,2025年年度报告,2026-04-10 00:00:00,1225091095,reports_raw/companies/300_chinext/300506_ST名家汇/2025/1225091095.pdf,https://static.cninfo.com.cn/finalpage/2026-04-10/1225091095.PDF
300507,苏奥传感,2025年年度报告,2026-04-18 00:00:00,1225121399,reports_raw/companies/300_chinext/300507_苏奥传感/2025/1225121399.pdf,https://static.cninfo.com.cn/finalpage/2026-04-18/1225121399.PDF
300528,幸福蓝海,2025年年度报告,2026-04-11 00:00:00,1225095043,reports_raw/companies/300_chinext/300528_幸福蓝海/2025/1225095043.pdf,https://static.cninfo.com.cn/finalpage/2026-04-11/1225095043.PDF
300534,陇神戎发,2025年年度报告,2026-04-03 00:00:00,1225075762,reports_raw/companies/300_chinext/300534_陇神戎发/2025/1225075762.pdf,https://static.cninfo.com.cn/finalpage/2026-04-03/1225075762.PDF
300539,横河精密,2025年年度报告,2026-04-09 00:00:00,1225085906,reports_raw/companies/300_chinext/300539_横河精密/2025/1225085906.pdf,https://static.cninfo.com.cn/finalpage/2026-04-09/1225085906.PDF
300541,先进数通,2025年年度报告,2026-04-15 00:00:00,1225104271,reports_raw/companies/300_chinext/300541_先进数通/2025/1225104271.pdf,https://static.cninfo.com.cn/finalpage/2026-04-15/1225104271.PDF
300550,和仁科技,2025年年度报告,2026-04-15 00:00:00,1225101003,reports_raw/companies/300_chinext/300550_和仁科技/2025/1225101003.pdf,https://static.cninfo.com.cn/finalpage/2026-04-15/1225101003.PDF
300557,理工光科,2025年年度报告,2026-04-17 00:00:00,1225113989,reports_raw/companies/300_chinext/300557_理工光科/2025/1225113989.pdf,https://static.cninfo.com.cn/finalpage/2026-04-17/1225113989.PDF
300561,*ST汇科,2025年年度报告,2026-04-10 00:00:00,1225091278,reports_raw/companies/300_chinext/300561_ST汇科/2025/1225091278.pdf,https://static.cninfo.com.cn/finalpage/2026-04-10/1225091278.PDF
300562,乐心医疗,2025年年度报告,2026-04-10 00:00:00,1225091125,reports_raw/companies/300_chinext/300562_乐心医疗/2025/1225091125.pdf,https://static.cninfo.com.cn/finalpage/2026-04-10/1225091125.PDF
300585,奥联电子,2025年年度报告,2026-04-15 00:00:00,1225100635,reports_raw/companies/300_chinext/300585_奥联电子/2025/1225100635.pdf,https://static.cninfo.com.cn/finalpage/2026-04-15/1225100635.PDF
300600,国瑞科技,2025年年度报告,2026-04-03 00:00:00,1225076071,reports_raw/companies/300_chinext/300600_国瑞科技/2025/1225076071.pdf,https://static.cninfo.com.cn/finalpage/2026-04-03/1225076071.PDF
300608,思特奇,2025年年度报告,2026-04-15 00:00:00,1225111851,reports_raw/companies/300_chinext/300608_思特奇/2025/1225111851.pdf,https://static.cninfo.com.cn/finalpage/2026-04-15/1225111851.pdf
300610,晨化股份,2025年年度报告,2026-04-10 00:00:00,1225089738,reports_raw/companies/300_chinext/300610_晨化股份/2025/1225089738.pdf,https://static.cninfo.com.cn/finalpage/2026-04-10/1225089738.PDF
300611,美力科技,2025年年度报告,2026-04-10 00:00:00,1225090084,reports_raw/companies/300_chinext/300611_美力科技/2025/1225090084.pdf,https://static.cninfo.com.cn/finalpage/2026-04-10/1225090084.PDF
300613,富瀚微,2025年年度报告,2026-04-03 00:00:00,1225077663,reports_raw/companies/300_chinext/300613_富瀚微/2025/1225077663.pdf,https://static.cninfo.com.cn/finalpage/2026-04-03/1225077663.PDF
300618,寒锐钴业,2025年年度报告,2026-04-16 00:00:00,1225107435,reports_raw/companies/300_chinext/300618_寒锐钴业/2025/1225107435.pdf,https://static.cninfo.com.cn/finalpage/2026-04-16/1225107435.PDF
300621,维业股份,2025年年度报告,2026-04-15 00:00:00,1225103808,reports_raw/companies/300_chinext/300621_维业股份/2025/1225103808.pdf,https://static.cninfo.com.cn/finalpage/2026-04-15/1225103808.PDF
300623,捷捷微电,2025年年度报告,2026-04-16 00:00:00,1225107886,reports_raw/companies/300_chinext/300623_捷捷微电/2025/1225107886.pdf,https://static.cninfo.com.cn/finalpage/2026-04-16/1225107886.PDF
300627,华测导航,2025年年度报告,2026-04-17 00:00:00,1225114088,reports_raw/companies/300_chinext/300627_华测导航/2025/1225114088.pdf,https://static.cninfo.com.cn/finalpage/2026-04-17/1225114088.PDF
300633,开立医疗,2025年年度报告,2026-04-17 00:00:00,1225110987,reports_raw/companies/300_chinext/300633_开立医疗/2025/1225110987.pdf,https://static.cninfo.com.cn/finalpage/2026-04-17/1225110987.PDF
300634,彩讯股份,2025年年度报告,2026-04-11 00:00:00,1225095918,reports_raw/companies/300_chinext/300634_彩讯股份/2025/1225095918.pdf,https://static.cninfo.com.cn/finalpage/2026-04-11/1225095918.PDF
300644,南京聚隆,2025年年度报告,2026-04-10 00:00:00,1225087626,reports_raw/companies/300_chinext/300644_南京聚隆/2025/1225087626.pdf,https://static.cninfo.com.cn/finalpage/2026-04-10/1225087626.PDF
300666,江丰电子,2025年年度报告,2026-04-16 00:00:00,1225108970,reports_raw/companies/300_chinext/300666_江丰电子/2025/1225108970.pdf,https://static.cninfo.com.cn/finalpage/2026-04-16/1225108970.PDF
300671,富满微,2025年年度报告,2026-04-18 00:00:00,1225121900,reports_raw/companies/300_chinext/300671_富满微/2025/1225121900.pdf,https://static.cninfo.com.cn/finalpage/2026-04-18/1225121900.PDF
300681,英搏尔,2025年年度报告,2026-04-15 00:00:00,1225103884,reports_raw/companies/300_chinext/300681_英搏尔/2025/1225103884.pdf,https://static.cninfo.com.cn/finalpage/2026-04-15/1225103884.PDF
300685,艾德生物,2025年年度报告,2026-04-16 00:00:00,1225106088,reports_raw/companies/300_chinext/300685_艾德生物/2025/1225106088.pdf,https://static.cninfo.com.cn/finalpage/2026-04-16/1225106088.PDF
300688,创业黑马,2025年年度报告,2026-04-08 00:00:00,1225082514,reports_raw/companies/300_chinext/300688_创业黑马/2025/1225082514.pdf,https://static.cninfo.com.cn/finalpage/2026-04-08/1225082514.PDF
300693,盛弘股份,2025年年度报告,2026-04-10 00:00:00,1225089821,reports_raw/companies/300_chinext/300693_盛弘股份/2025/1225089821.pdf,https://static.cninfo.com.cn/finalpage/2026-04-10/1225089821.PDF
300694,蠡湖股份,2025年年度报告,2026-04-18 00:00:00,1225120356,reports_raw/companies/300_chinext/300694_蠡湖股份/2025/1225120356.pdf,https://static.cninfo.com.cn/finalpage/2026-04-18/1225120356.PDF
300703,创源股份,2025年年度报告,2026-04-17 00:00:00,1225110297,reports_raw/companies/300_chinext/300703_创源股份/2025/1225110297.pdf,https://static.cninfo.com.cn/finalpage/2026-04-17/1225110297.PDF
300717,华信新材,2025年年度报告,2026-04-16 00:00:00,1225105084,reports_raw/companies/300_chinext/300717_华信新材/2025/1225105084.pdf,https://static.cninfo.com.cn/finalpage/2026-04-16/1225105084.PDF
300722,新余国科,2025年年度报告,2026-04-07 00:00:00,1225078838,reports_raw/companies/300_chinext/300722_新余国科/2025/1225078838.pdf,https://static.cninfo.com.cn/finalpage/2026-04-07/1225078838.PDF
300732,设研院,2025年年度报告,2026-04-16 00:00:00,1225108234,reports_raw/companies/300_chinext/300732_设研院/2025/1225108234.pdf,https://static.cninfo.com.cn/finalpage/2026-04-16/1225108234.PDF
300738,奥飞数据,2025年年度报告,2026-04-18 00:00:00,1225122206,reports_raw/companies/300_chinext/300738_奥飞数据/2025/1225122206.pdf,https://static.cninfo.com.cn/finalpage/2026-04-18/1225122206.PDF
300768,迪普科技,2025年年度报告,2026-04-14 00:00:00,1225098889,reports_raw/companies/300_chinext/300768_迪普科技/2025/1225098889.pdf,https://static.cninfo.com.cn/finalpage/2026-04-14/1225098889.PDF
300770,新媒股份,2025年年度报告,2026-04-11 00:00:00,1225093886,reports_raw/companies/300_chinext/300770_新媒股份/2025/1225093886.pdf,https://static.cninfo.com.cn/finalpage/2026-04-11/1225093886.PDF
300771,智莱科技,2025年年度报告,2026-04-10 00:00:00,1225090588,reports_raw/companies/300_chinext/300771_智莱科技/2025/1225090588.pdf,https://static.cninfo.com.cn/finalpage/2026-04-10/1225090588.PDF
300773,拉卡拉,2025年年度报告,2026-04-17 00:00:00,1225112036,reports_raw/companies/300_chinext/300773_拉卡拉/2025/1225112036.pdf,https://static.cninfo.com.cn/finalpage/2026-04-17/1225112036.PDF
300774,倍杰特,倍杰特集团股份有限公司2025年年度报告,2026-04-04 00:00:00,1225079960,reports_raw/companies/300_chinext/300774_倍杰特/2025/1225079960.pdf,https://static.cninfo.com.cn/finalpage/2026-04-04/1225079960.PDF
300777,中简科技,2025年年度报告,2026-04-15 00:00:00,1225102375,reports_raw/companies/300_chinext/300777_中简科技/2025/1225102375.pdf,https://static.cninfo.com.cn/finalpage/2026-04-15/1225102375.PDF
300807,天迈科技,2025年年度报告,2026-04-13 00:00:00,1225094136,reports_raw/companies/300_chinext/300807_天迈科技/2025/1225094136.pdf,https://static.cninfo.com.cn/finalpage/2026-04-13/1225094136.PDF
300810,中科海讯,2025年年度报告,2026-04-17 00:00:00,1225113928,reports_raw/companies/300_chinext/300810_中科海讯/2025/1225113928.pdf,https://static.cninfo.com.cn/finalpage/2026-04-17/1225113928.PDF
300818,耐普矿机,2025年年度报告,2026-04-15 00:00:00,1225100366,reports_raw/companies/300_chinext/300818_耐普矿机/2025/1225100366.pdf,https://static.cninfo.com.cn/finalpage/2026-04-15/1225100366.PDF
300835,龙磁科技,2025年年度报告,2026-04-02 00:00:00,1225073134,reports_raw/companies/300_chinext/300835_龙磁科技/2025/1225073134.pdf,https://static.cninfo.com.cn/finalpage/2026-04-02/1225073134.PDF
300843,胜蓝股份,2025年年度报告,2026-04-03 00:00:00,1225075658,reports_raw/companies/300_chinext/300843_胜蓝股份/2025/1225075658.pdf,https://static.cninfo.com.cn/finalpage/2026-04-03/1225075658.PDF
300855,图南股份,2025年年度报告,2026-04-18 00:00:00,1225117117,reports_raw/companies/300_chinext/300855_图南股份/2025/1225117117.pdf,https://static.cninfo.com.cn/finalpage/2026-04-18/1225117117.PDF
300865,大宏立,2025年年度报告,2026-04-18 00:00:00,1225119455,reports_raw/companies/300_chinext/300865_大宏立/2025/1225119455.pdf,https://static.cninfo.com.cn/finalpage/2026-04-18/1225119455.PDF
300866,安克创新,2025年年度报告,2026-04-10 00:00:00,1225090973,reports_raw/companies/300_chinext/300866_安克创新/2025/1225090973.pdf,https://static.cninfo.com.cn/finalpage/2026-04-10/1225090973.PDF
300871,回盛生物,2025年年度报告,2026-04-17 00:00:00,1225109352,reports_raw/companies/300_chinext/300871_回盛生物/2025/1225109352.pdf,https://static.cninfo.com.cn/finalpage/2026-04-17/1225109352.PDF
300876,蒙泰高新,2025年年度报告,2026-04-03 00:00:00,1225074405,reports_raw/companies/300_chinext/300876_蒙泰高新/2025/1225074405.pdf,https://static.cninfo.com.cn/finalpage/2026-04-03/1225074405.PDF
300883,龙利得,2025年年度报告,2026-04-13 00:00:00,1225092066,reports_raw/companies/300_chinext/300883_龙利得/2025/1225092066.pdf,https://static.cninfo.com.cn/finalpage/2026-04-13/1225092066.PDF
300886,华业香料,2025年年度报告,2026-04-16 00:00:00,1225107357,reports_raw/companies/300_chinext/300886_华业香料/2025/1225107357.pdf,https://static.cninfo.com.cn/finalpage/2026-04-16/1225107357.PDF
300893,松原安全,2025年年度报告,2026-04-11 00:00:00,1225095334,reports_raw/companies/300_chinext/300893_松原安全/2025/1225095334.pdf,https://static.cninfo.com.cn/finalpage/2026-04-11/1225095334.PDF
300898,熊猫乳品,2025年年度报告,2026-04-17 00:00:00,1225112203,reports_raw/companies/300_chinext/300898_熊猫乳品/2025/1225112203.pdf,https://static.cninfo.com.cn/finalpage/2026-04-17/1225112203.PDF
300918,南山智尚,2025年年度报告,2026-04-16 00:00:00,1225105671,reports_raw/companies/300_chinext/300918_南山智尚/2025/1225105671.pdf,https://static.cninfo.com.cn/finalpage/2026-04-16/1225105671.PDF
300922,天秦装备,2025年年度报告,2026-04-10 00:00:00,1225088588,reports_raw/companies/300_chinext/300922_天秦装备/2025/1225088588.pdf,https://static.cninfo.com.cn/finalpage/2026-04-10/1225088588.PDF
300935,盈建科,2025年年度报告,2026-04-11 00:00:00,1225094477,reports_raw/companies/300_chinext/300935_盈建科/2025/1225094477.pdf,https://static.cninfo.com.cn/finalpage/2026-04-11/1225094477.PDF
300939,秋田微,2025年年度报告,2026-04-18 00:00:00,1225121929,reports_raw/companies/300_chinext/300939_秋田微/2025/1225121929.pdf,https://static.cninfo.com.cn/finalpage/2026-04-18/1225121929.PDF
300965,恒宇信通,2025年年度报告,2026-04-02 00:00:00,1225072374,reports_raw/companies/300_chinext/300965_恒宇信通/2025/1225072374.pdf,https://static.cninfo.com.cn/finalpage/2026-04-02/1225072374.PDF
300967,晓鸣股份,2025年年度报告,2026-04-16 00:00:00,1225105962,reports_raw/companies/300_chinext/300967_晓鸣股份/2025/1225105962.pdf,https://static.cninfo.com.cn/finalpage/2026-04-16/1225105962.PDF
300977,深圳瑞捷,2025年年度报告,2026-04-15 00:00:00,1225103666,reports_raw/companies/300_chinext/300977_深圳瑞捷/2025/1225103666.pdf,https://static.cninfo.com.cn/finalpage/2026-04-15/1225103666.PDF
300979,华利集团,2025年年度报告,2026-04-10 00:00:00,1225089943,reports_raw/companies/300_chinext/300979_华利集团/2025/1225089943.pdf,https://static.cninfo.com.cn/finalpage/2026-04-10/1225089943.PDF
300983,尤安设计,2025年年度报告,2026-04-15 00:00:00,1225103241,reports_raw/companies/300_chinext/300983_尤安设计/2025/1225103241.pdf,https://static.cninfo.com.cn/finalpage/2026-04-15/1225103241.PDF
300984,金沃股份,2025年年度报告,2026-04-14 00:00:00,1225097908,reports_raw/companies/300_chinext/300984_金沃股份/2025/1225097908.pdf,https://static.cninfo.com.cn/finalpage/2026-04-14/1225097908.PDF
300990,同飞股份,2025年年度报告,2026-04-01 00:00:00,1225066351,reports_raw/companies/300_chinext/300990_同飞股份/2025/1225066351.pdf,https://static.cninfo.com.cn/finalpage/2026-04-01/1225066351.PDF
300999,金龙鱼,2025年年度报告,2026-04-18 00:00:00,1225116882,reports_raw/companies/300_chinext/300999_金龙鱼/2025/1225116882.pdf,https://static.cninfo.com.cn/finalpage/2026-04-18/1225116882.PDF
301007,德迈仕,2025年年度报告,2026-04-13 00:00:00,1225095147,reports_raw/companies/301_chinext/301007_德迈仕/2025/1225095147.pdf,https://static.cninfo.com.cn/finalpage/2026-04-13/1225095147.PDF
301008,宏昌科技,2025年年度报告,2026-04-07 00:00:00,1225080194,reports_raw/companies/301_chinext/301008_宏昌科技/2025/1225080194.pdf,https://static.cninfo.com.cn/finalpage/2026-04-07/1225080194.PDF
301011,华立科技,2025年年度报告,2026-04-15 00:00:00,1225100806,reports_raw/companies/301_chinext/301011_华立科技/2025/1225100806.pdf,https://static.cninfo.com.cn/finalpage/2026-04-15/1225100806.PDF
301047,义翘神州,2025年年度报告,2026-04-14 00:00:00,1225098515,reports_raw/companies/301_chinext/301047_义翘神州/2025/1225098515.pdf,https://static.cninfo.com.cn/finalpage/2026-04-14/1225098515.PDF
301069,凯盛新材,2025年年度报告,2026-04-11 00:00:00,1225092318,reports_raw/companies/301_chinext/301069_凯盛新材/2025/1225092318.pdf,https://static.cninfo.com.cn/finalpage/2026-04-11/1225092318.PDF
301077,星华新材,2025年年度报告,2026-04-11 00:00:00,1225095501,reports_raw/companies/301_chinext/301077_星华新材/2025/1225095501.pdf,https://static.cninfo.com.cn/finalpage/2026-04-11/1225095501.PDF
301078,孩子王,2025年年度报告,2026-04-09 00:00:00,1225085832,reports_raw/companies/301_chinext/301078_孩子王/2025/1225085832.pdf,https://static.cninfo.com.cn/finalpage/2026-04-09/1225085832.PDF
301086,鸿富瀚,2025年年度报告,2026-04-15 00:00:00,1225101030,reports_raw/companies/301_chinext/301086_鸿富瀚/2025/1225101030.pdf,https://static.cninfo.com.cn/finalpage/2026-04-15/1225101030.PDF
301108,洁雅股份,2025年年度报告,2026-04-10 00:00:00,1225087319,reports_raw/companies/301_chinext/301108_洁雅股份/2025/1225087319.pdf,https://static.cninfo.com.cn/finalpage/2026-04-10/1225087319.PDF
301113,雅艺科技,2025年年度报告,2026-04-08 00:00:00,1225083320,reports_raw/companies/301_chinext/301113_雅艺科技/2025/1225083320.pdf,https://static.cninfo.com.cn/finalpage/2026-04-08/1225083320.PDF
301128,强瑞技术,2025年年度报告,2026-04-16 00:00:00,1225107202,reports_raw/companies/301_chinext/301128_强瑞技术/2025/1225107202.pdf,https://static.cninfo.com.cn/finalpage/2026-04-16/1225107202.PDF
301137,哈焊华通,2025年年度报告,2026-04-02 00:00:00,1225072139,reports_raw/companies/301_chinext/301137_哈焊华通/2025/1225072139.pdf,https://static.cninfo.com.cn/finalpage/2026-04-02/1225072139.PDF
301148,嘉戎技术,2025年年度报告,2026-04-10 00:00:00,1225089468,reports_raw/companies/301_chinext/301148_嘉戎技术/2025/1225089468.pdf,https://static.cninfo.com.cn/finalpage/2026-04-10/1225089468.PDF
301158,德石股份,2025年年度报告,2026-04-17 00:00:00,1225113735,reports_raw/companies/301_chinext/301158_德石股份/2025/1225113735.pdf,https://static.cninfo.com.cn/finalpage/2026-04-17/1225113735.PDF
301162,国能日新,2025年年度报告,2026-04-11 00:00:00,1225091856,reports_raw/companies/301_chinext/301162_国能日新/2025/1225091856.pdf,https://static.cninfo.com.cn/finalpage/2026-04-11/1225091856.PDF
301167,建研设计,2025年年度报告,2026-04-04 00:00:00,1225080002,reports_raw/companies/301_chinext/301167_建研设计/2025/1225080002.pdf,https://static.cninfo.com.cn/finalpage/2026-04-04/1225080002.PDF
301173,毓恬冠佳,2025年年度报告,2026-04-01 00:00:00,1225065948,reports_raw/companies/301_chinext/301173_毓恬冠佳/2025/1225065948.pdf,https://static.cninfo.com.cn/finalpage/2026-04-01/1225065948.PDF
301181,标榜股份,2025年年度报告,2026-04-17 00:00:00,1225109323,reports_raw/companies/301_chinext/301181_标榜股份/2025/1225109323.pdf,https://static.cninfo.com.cn/finalpage/2026-04-17/1225109323.PDF
301192,泰祥股份,2025年年度报告,2026-04-18 00:00:00,1225119577,reports_raw/companies/301_chinext/301192_泰祥股份/2025/1225119577.pdf,https://static.cninfo.com.cn/finalpage/2026-04-18/1225119577.PDF
301217,铜冠铜箔,2025年年度报告,2026-04-18 00:00:00,1225118023,reports_raw/companies/301_chinext/301217_铜冠铜箔/2025/1225118023.pdf,https://static.cninfo.com.cn/finalpage/2026-04-18/1225118023.PDF
301227,森鹰窗业,2025年年度报告,2026-04-17 00:00:00,1225114127,reports_raw/companies/301_chinext/301227_森鹰窗业/2025/1225114127.pdf,https://static.cninfo.com.cn/finalpage/2026-04-17/1225114127.PDF
301232,飞沃科技,2025年年度报告,2026-04-14 00:00:00,1225100013,reports_raw/companies/301_chinext/301232_飞沃科技/2025/1225100013.pdf,https://static.cninfo.com.cn/finalpage/2026-04-14/1225100013.PDF
301266,宇邦新材,2025年年度报告,2026-04-17 00:00:00,1225111725,reports_raw/companies/301_chinext/301266_宇邦新材/2025/1225111725.pdf,https://static.cninfo.com.cn/finalpage/2026-04-17/1225111725.PDF
301281,科源制药,2025年年度报告,2026-04-16 00:00:00,1225107139,reports_raw/companies/301_chinext/301281_科源制药/2025/1225107139.pdf,https://static.cninfo.com.cn/finalpage/2026-04-16/1225107139.PDF
301283,聚胶股份,2025年年度报告,2026-04-16 00:00:00,1225108269,reports_raw/companies/301_chinext/301283_聚胶股份/2025/1225108269.pdf,https://static.cninfo.com.cn/finalpage/2026-04-16/1225108269.PDF
301286,侨源股份,2025年年度报告,2026-04-16 00:00:00,1225107286,reports_raw/companies/301_chinext/301286_侨源股份/2025/1225107286.pdf,https://static.cninfo.com.cn/finalpage/2026-04-16/1225107286.PDF
301298,东利机械,2025年年度报告,2026-04-01 00:00:00,1225068055,reports_raw/companies/301_chinext/301298_东利机械/2025/1225068055.pdf,https://static.cninfo.com.cn/finalpage/2026-04-01/1225068055.PDF
301310,鑫宏业,2025年年度报告,2026-04-17 00:00:00,1225109422,reports_raw/companies/301_chinext/301310_鑫宏业/2025/1225109422.pdf,https://static.cninfo.com.cn/finalpage/2026-04-17/1225109422.PDF
301329,信音电子,2025年年度报告,2026-04-11 00:00:00,1225095172,reports_raw/companies/301_chinext/301329_信音电子/2025/1225095172.pdf,https://static.cninfo.com.cn/finalpage/2026-04-11/1225095172.PDF
301335,天元宠物,2025年年度报告,2026-04-18 00:00:00,1225117145,reports_raw/companies/301_chinext/301335_天元宠物/2025/1225117145.pdf,https://static.cninfo.com.cn/finalpage/2026-04-18/1225117145.PDF
301359,东南电子,2025年年度报告,2026-04-17 00:00:00,1225110496,reports_raw/companies/301_chinext/301359_东南电子/2025/1225110496.pdf,https://static.cninfo.com.cn/finalpage/2026-04-17/1225110496.PDF
301366,一博科技,2025年年度报告,2026-04-16 00:00:00,1225107111,reports_raw/companies/301_chinext/301366_一博科技/2025/1225107111.pdf,https://static.cninfo.com.cn/finalpage/2026-04-16/1225107111.PDF
301373,凌玮科技,2025年年度报告,2026-04-16 00:00:00,1225106816,reports_raw/companies/301_chinext/301373_凌玮科技/2025/1225106816.pdf,https://static.cninfo.com.cn/finalpage/2026-04-16/1225106816.PDF
301392,汇成真空,2025年年度报告,2026-04-17 00:00:00,1225114158,reports_raw/companies/301_chinext/301392_汇成真空/2025/1225114158.pdf,https://static.cninfo.com.cn/finalpage/2026-04-17/1225114158.PDF
301393,昊帆生物,2025年年度报告,2026-04-17 00:00:00,1225110906,reports_raw/companies/301_chinext/301393_昊帆生物/2025/1225110906.pdf,https://static.cninfo.com.cn/finalpage/2026-04-17/1225110906.PDF
301419,阿莱德,2025年年度报告,2026-04-17 00:00:00,1225112636,reports_raw/companies/301_chinext/301419_阿莱德/2025/1225112636.pdf,https://static.cninfo.com.cn/finalpage/2026-04-17/1225112636.PDF
301487,盟固利,2025年年度报告,2026-04-18 00:00:00,1225120279,reports_raw/companies/301_chinext/301487_盟固利/2025/1225120279.pdf,https://static.cninfo.com.cn/finalpage/2026-04-18/1225120279.PDF
301488,豪恩汽电,2025年年度报告,2026-04-03 00:00:00,1225076124,reports_raw/companies/301_chinext/301488_豪恩汽电/2025/1225076124.pdf,https://static.cninfo.com.cn/finalpage/2026-04-03/1225076124.PDF
301500,飞南资源,2025年年度报告,2026-04-11 00:00:00,1225092517,reports_raw/companies/301_chinext/301500_飞南资源/2025/1225092517.pdf,https://static.cninfo.com.cn/finalpage/2026-04-11/1225092517.PDF
301529,福赛科技,2025年年度报告,2026-04-03 00:00:00,1225076434,reports_raw/companies/301_chinext/301529_福赛科技/2025/1225076434.pdf,https://static.cninfo.com.cn/finalpage/2026-04-03/1225076434.PDF
301551,无线传媒,2025年年度报告,2026-04-17 00:00:00,1225109738,reports_raw/companies/301_chinext/301551_无线传媒/2025/1225109738.pdf,https://static.cninfo.com.cn/finalpage/2026-04-17/1225109738.PDF
301552,科力装备,2025年年度报告,2026-04-04 00:00:00,1225079072,reports_raw/companies/301_chinext/301552_科力装备/2025/1225079072.pdf,https://static.cninfo.com.cn/finalpage/2026-04-04/1225079072.PDF
301563,云汉芯城,2025年年度报告,2026-04-15 00:00:00,1225102442,reports_raw/companies/301_chinext/301563_云汉芯城/2025/1225102442.pdf,https://static.cninfo.com.cn/finalpage/2026-04-15/1225102442.PDF
301590,优优绿能,2025年年度报告,2026-04-15 00:00:00,1225102686,reports_raw/companies/301_chinext/301590_优优绿能/2025/1225102686.pdf,https://static.cninfo.com.cn/finalpage/2026-04-15/1225102686.PDF
301613,新铝时代,2025年年度报告,2026-04-15 00:00:00,1225102749,reports_raw/companies/301_chinext/301613_新铝时代/2025/1225102749.pdf,https://static.cninfo.com.cn/finalpage/2026-04-15/1225102749.PDF
301622,英思特,2025年年度报告,2026-04-14 00:00:00,1225099507,reports_raw/companies/301_chinext/301622_英思特/2025/1225099507.pdf,https://static.cninfo.com.cn/finalpage/2026-04-14/1225099507.PDF
301628,强达电路,2025年年度报告,2026-04-10 00:00:00,1225088989,reports_raw/companies/301_chinext/301628_强达电路/2025/1225088989.pdf,https://static.cninfo.com.cn/finalpage/2026-04-10/1225088989.PDF
301632,广东建科,2025年年度报告,2026-04-15 00:00:00,1225103695,reports_raw/companies/301_chinext/301632_广东建科/2025/1225103695.pdf,https://static.cninfo.com.cn/finalpage/2026-04-15/1225103695.PDF
301668,昊创瑞通,2025年年度报告,2026-04-15 00:00:00,1225103745,reports_raw/companies/301_chinext/301668_昊创瑞通/2025/1225103745.pdf,https://static.cninfo.com.cn/finalpage/2026-04-15/1225103745.PDF
600007,中国国贸,中国国贸2025年年度报告,2026-04-02 00:00:00,1225071290,reports_raw/companies/600_sh_main/600007_中国国贸/2025/1225071290.pdf,https://static.cninfo.com.cn/finalpage/2026-04-02/1225071290.PDF
600008,首创环保,首创环保2025年年度报告,2026-04-11 00:00:00,1225095393,reports_raw/companies/600_sh_main/600008_首创环保/2025/1225095393.pdf,https://static.cninfo.com.cn/finalpage/2026-04-11/1225095393.PDF
600010,包钢股份,包钢股份2025年年度报告,2026-04-18 00:00:00,1225121984,reports_raw/companies/600_sh_main/600010_包钢股份/2025/1225121984.pdf,https://static.cninfo.com.cn/finalpage/2026-04-18/1225121984.PDF
600021,上海电力,上海电力股份有限公司2025年年度报告（全文）,2026-04-14 00:00:00,1225098781,reports_raw/companies/600_sh_main/600021_上海电力/2025/1225098781.pdf,https://static.cninfo.com.cn/finalpage/2026-04-14/1225098781.PDF
600033,福建高速,2025年年度报告,2026-04-18 00:00:00,1225117743,reports_raw/companies/600_sh_main/600033_福建高速/2025/1225117743.pdf,https://static.cninfo.com.cn/finalpage/2026-04-18/1225117743.PDF
600048,保利发展,保利发展控股集团股份有限公司2025年年度报告,2026-04-18 00:00:00,1225123569,reports_raw/companies/600_sh_main/600048_保利发展/2025/1225123569.pdf,https://static.cninfo.com.cn/finalpage/2026-04-18/1225123569.PDF
600054,黄山旅游,黄山旅游2025年年度报告,2026-04-18 00:00:00,1225118314,reports_raw/companies/600_sh_main/600054_黄山旅游/2025/1225118314.pdf,https://static.cninfo.com.cn/finalpage/2026-04-18/1225118314.PDF
600061,国投资本,国投资本2025年年度报告,2026-04-03 00:00:00,1225078270,reports_raw/companies/600_sh_main/600061_国投资本/2025/1225078270.pdf,https://static.cninfo.com.cn/finalpage/2026-04-03/1225078270.PDF
600078,澄星股份,江苏澄星磷化工股份有限公司2025年年度报告,2026-04-18 00:00:00,1225122678,reports_raw/companies/600_sh_main/600078_澄星股份/2025/1225122678.pdf,https://static.cninfo.com.cn/finalpage/2026-04-18/1225122678.PDF
600081,东风科技,东风电子科技股份有限公司2025年年度报告,2026-04-15 00:00:00,1225103526,reports_raw/companies/600_sh_main/600081_东风科技/2025/1225103526.pdf,https://static.cninfo.com.cn/finalpage/2026-04-15/1225103526.PDF
600088,中视传媒,中视传媒股份有限公司2025年年度报告,2026-04-18 00:00:00,1225118832,reports_raw/companies/600_sh_main/600088_中视传媒/2025/1225118832.pdf,https://static.cninfo.com.cn/finalpage/2026-04-18/1225118832.PDF
600089,特变电工,特变电工股份有限公司2025年年度报告,2026-04-16 00:00:00,1225105816,reports_raw/companies/600_sh_main/600089_特变电工/2025/1225105816.pdf,https://static.cninfo.com.cn/finalpage/2026-04-16/1225105816.PDF
600098,广州发展,广州发展集团股份有限公司2025年年度报告,2026-04-15 00:00:00,1225103737,reports_raw/companies/600_sh_main/600098_广州发展/2025/1225103737.pdf,https://static.cninfo.com.cn/finalpage/2026-04-15/1225103737.PDF
600103,青山纸业,2025年年度报告,2026-04-14 00:00:00,1225099218,reports_raw/companies/600_sh_main/600103_青山纸业/2025/1225099218.pdf,https://static.cninfo.com.cn/finalpage/2026-04-14/1225099218.PDF
600104,上汽集团,上汽集团2025年年度报告,2026-04-02 00:00:00,1225071780,reports_raw/companies/600_sh_main/600104_上汽集团/2025/1225071780.pdf,https://static.cninfo.com.cn/finalpage/2026-04-02/1225071780.PDF
600120,浙江东方,浙江东方控股集团股份有限公司2025年年度报告,2026-04-18 00:00:00,1225123630,reports_raw/companies/600_sh_main/600120_浙江东方/2025/1225123630.pdf,https://static.cninfo.com.cn/finalpage/2026-04-18/1225123630.PDF
600125,铁龙物流,中铁铁龙集装箱物流股份有限公司2025年年度报告,2026-04-09 00:00:00,1225086391,reports_raw/companies/600_sh_main/600125_铁龙物流/2025/1225086391.pdf,https://static.cninfo.com.cn/finalpage/2026-04-09/1225086391.PDF
600126,杭钢股份,杭州钢铁股份有限公司2025年年度报告,2026-04-18 00:00:00,1225115359,reports_raw/companies/600_sh_main/600126_杭钢股份/2025/1225115359.pdf,https://static.cninfo.com.cn/finalpage/2026-04-18/1225115359.PDF
600127,金健米业,金健米业2025年年度报告,2026-04-09 00:00:00,1225085619,reports_raw/companies/600_sh_main/600127_金健米业/2025/1225085619.pdf,https://static.cninfo.com.cn/finalpage/2026-04-09/1225085619.PDF
600128,苏豪弘业,苏豪弘业2025年年度报告,2026-04-08 00:00:00,1225083225,reports_raw/companies/600_sh_main/600128_苏豪弘业/2025/1225083225.pdf,https://static.cninfo.com.cn/finalpage/2026-04-08/1225083225.PDF
600130,*ST波导,*ST波导2025年年度报告,2026-04-08 00:00:00,1225082167,reports_raw/companies/600_sh_main/600130_ST波导/2025/1225082167.pdf,https://static.cninfo.com.cn/finalpage/2026-04-08/1225082167.PDF
600141,兴发集团,湖北兴发化工集团股份有限公司2025年年度报告,2026-04-04 00:00:00,1225080143,reports_raw/companies/600_sh_main/600141_兴发集团/2025/1225080143.pdf,https://static.cninfo.com.cn/finalpage/2026-04-04/1225080143.PDF
600149,廊坊发展,廊坊发展股份有限公司2025年年度报告全文,2026-04-18 00:00:00,1225122028,reports_raw/companies/600_sh_main/600149_廊坊发展/2025/1225122028.pdf,https://static.cninfo.com.cn/finalpage/2026-04-18/1225122028.PDF
600152,维科技术,维科技术2025年年度报告,2026-04-14 00:00:00,1225098203,reports_raw/companies/600_sh_main/600152_维科技术/2025/1225098203.pdf,https://static.cninfo.com.cn/finalpage/2026-04-14/1225098203.PDF
600162,香江控股,香江控股2025年年度报告全文,2026-04-11 00:00:00,1225094440,reports_raw/companies/600_sh_main/600162_香江控股/2025/1225094440.pdf,https://static.cninfo.com.cn/finalpage/2026-04-11/1225094440.PDF
600170,上海建工,上海建工2025年年度报告,2026-04-15 00:00:00,1225104758,reports_raw/companies/600_sh_main/600170_上海建工/2025/1225104758.pdf,https://static.cninfo.com.cn/finalpage/2026-04-15/1225104758.PDF
600178,东安动力,哈尔滨东安汽车动力股份有限公司2025年年度报告,2026-04-14 00:00:00,1225099079,reports_raw/companies/600_sh_main/600178_东安动力/2025/1225099079.pdf,https://static.cninfo.com.cn/finalpage/2026-04-14/1225099079.PDF
600203,福日电子,福日电子2025年年度报告全文,2026-04-15 00:00:00,1225102517,reports_raw/companies/600_sh_main/600203_福日电子/2025/1225102517.pdf,https://static.cninfo.com.cn/finalpage/2026-04-15/1225102517.PDF
600207,安彩高科,安彩高科2025年年度报告,2026-04-18 00:00:00,1225120486,reports_raw/companies/600_sh_main/600207_安彩高科/2025/1225120486.pdf,https://static.cninfo.com.cn/finalpage/2026-04-18/1225120486.PDF
600216,浙江医药,浙江医药2025年年度报告,2026-04-11 00:00:00,1225093516,reports_raw/companies/600_sh_main/600216_浙江医药/2025/1225093516.pdf,https://static.cninfo.com.cn/finalpage/2026-04-11/1225093516.PDF
600221,海航控股,海航控股：2025年年度报告,2026-04-18 00:00:00,1225119605,reports_raw/companies/600_sh_main/600221_海航控股/2025/1225119605.pdf,https://static.cninfo.com.cn/finalpage/2026-04-18/1225119605.PDF
600222,太龙药业,太龙药业2025年年度报告,2026-04-15 00:00:00,1225102019,reports_raw/companies/600_sh_main/600222_太龙药业/2025/1225102019.pdf,https://static.cninfo.com.cn/finalpage/2026-04-15/1225102019.PDF
600223,福瑞达,鲁商福瑞达医药股份有限公司2025年年度报告,2026-04-03 00:00:00,1225078184,reports_raw/companies/600_sh_main/600223_福瑞达/2025/1225078184.pdf,https://static.cninfo.com.cn/finalpage/2026-04-03/1225078184.PDF
600228,*ST返利,返利网数字科技股份有限公司2025年年度报告,2026-04-18 00:00:00,1225119808,reports_raw/companies/600_sh_main/600228_ST返利/2025/1225119808.pdf,https://static.cninfo.com.cn/finalpage/2026-04-18/1225119808.PDF
600231,凌钢股份,凌源钢铁股份有限公司2025年年度报告,2026-04-01 00:00:00,1225067194,reports_raw/companies/600_sh_main/600231_凌钢股份/2025/1225067194.pdf,https://static.cninfo.com.cn/finalpage/2026-04-01/1225067194.PDF
600232,金鹰股份,2025年年度报告,2026-04-02 00:00:00,1225072475,reports_raw/companies/600_sh_main/600232_金鹰股份/2025/1225072475.pdf,https://static.cninfo.com.cn/finalpage/2026-04-02/1225072475.PDF
600241,时代万恒,辽宁时代万恒股份有限公司2025年年度报告,2026-04-09 00:00:00,1225084691,reports_raw/companies/600_sh_main/600241_时代万恒/2025/1225084691.pdf,https://static.cninfo.com.cn/finalpage/2026-04-09/1225084691.PDF
600250,南京商旅,南京商旅2025年年度报告,2026-04-18 00:00:00,1225120153,reports_raw/companies/600_sh_main/600250_南京商旅/2025/1225120153.pdf,https://static.cninfo.com.cn/finalpage/2026-04-18/1225120153.PDF
600251,冠农股份,新疆冠农股份有限公司2025年年度报告,2026-04-18 00:00:00,1225118252,reports_raw/companies/600_sh_main/600251_冠农股份/2025/1225118252.pdf,https://static.cninfo.com.cn/finalpage/2026-04-18/1225118252.PDF
600257,大湖股份,大湖健康产业股份有限公司2025年年度报告,2026-04-08 00:00:00,1225082797,reports_raw/companies/600_sh_main/600257_大湖股份/2025/1225082797.pdf,https://static.cninfo.com.cn/finalpage/2026-04-08/1225082797.PDF
600266,城建发展,2025年年度报告,2026-04-18 00:00:00,1225117901,reports_raw/companies/600_sh_main/600266_城建发展/2025/1225117901.pdf,https://static.cninfo.com.cn/finalpage/2026-04-18/1225117901.PDF
600267,海正药业,浙江海正药业股份有限公司2025年年度报告,2026-04-08 00:00:00,1225082579,reports_raw/companies/600_sh_main/600267_海正药业/2025/1225082579.pdf,https://static.cninfo.com.cn/finalpage/2026-04-08/1225082579.PDF
600271,航天信息,航天信息股份有限公司2025年年度报告,2026-04-18 00:00:00,1225122576,reports_raw/companies/600_sh_main/600271_航天信息/2025/1225122576.pdf,https://static.cninfo.com.cn/finalpage/2026-04-18/1225122576.PDF
600273,嘉化能源,2025年年度报告,2026-04-10 00:00:00,1225089985,reports_raw/companies/600_sh_main/600273_嘉化能源/2025/1225089985.pdf,https://static.cninfo.com.cn/finalpage/2026-04-10/1225089985.PDF
600279,重庆港,重庆港2025年年度报告,2026-04-10 00:00:00,1225089515,reports_raw/companies/600_sh_main/600279_重庆港/2025/1225089515.pdf,https://static.cninfo.com.cn/finalpage/2026-04-10/1225089515.PDF
600283,钱江水利,钱江水利2025年年度报告,2026-04-16 00:00:00,1225106022,reports_raw/companies/600_sh_main/600283_钱江水利/2025/1225106022.pdf,https://static.cninfo.com.cn/finalpage/2026-04-16/1225106022.PDF
600292,电投水电,电投水电2025年年度报告全文,2026-04-17 00:00:00,1225114648,reports_raw/companies/600_sh_main/600292_电投水电/2025/1225114648.pdf,https://static.cninfo.com.cn/finalpage/2026-04-17/1225114648.PDF
600295,鄂尔多斯,内蒙古鄂尔多斯资源股份有限公司2025年年度报告,2026-04-15 00:00:00,1225101776,reports_raw/companies/600_sh_main/600295_鄂尔多斯/2025/1225101776.pdf,https://static.cninfo.com.cn/finalpage/2026-04-15/1225101776.PDF
600300,维维股份,维维食品饮料股份有限公司2025年年度报告,2026-04-11 00:00:00,1225096426,reports_raw/companies/600_sh_main/600300_维维股份/2025/1225096426.pdf,https://static.cninfo.com.cn/finalpage/2026-04-11/1225096426.PDF
600303,曙光股份,曙光股份2025年年度报告,2026-04-18 00:00:00,1225118429,reports_raw/companies/600_sh_main/600303_曙光股份/2025/1225118429.pdf,https://static.cninfo.com.cn/finalpage/2026-04-18/1225118429.PDF
600305,恒顺醋业,江苏恒顺醋业股份有限公司2025年年度报告,2026-04-15 00:00:00,1225103121,reports_raw/companies/600_sh_main/600305_恒顺醋业/2025/1225103121.pdf,https://static.cninfo.com.cn/finalpage/2026-04-15/1225103121.PDF
600308,华泰股份,华泰股份2025年年度报告,2026-04-18 00:00:00,1225116008,reports_raw/companies/600_sh_main/600308_华泰股份/2025/1225116008.pdf,https://static.cninfo.com.cn/finalpage/2026-04-18/1225116008.PDF
600312,平高电气,河南平高电气股份有限公司2025年年度报告,2026-04-11 00:00:00,1225093676,reports_raw/companies/600_sh_main/600312_平高电气/2025/1225093676.pdf,https://static.cninfo.com.cn/finalpage/2026-04-11/1225093676.PDF
600313,农发种业,农发种业2025年年度报告,2026-04-18 00:00:00,1225118277,reports_raw/companies/600_sh_main/600313_农发种业/2025/1225118277.pdf,https://static.cninfo.com.cn/finalpage/2026-04-18/1225118277.PDF
600326,西藏天路,西藏天路2025年年度报告,2026-04-10 00:00:00,1225091181,reports_raw/companies/600_sh_main/600326_西藏天路/2025/1225091181.pdf,https://static.cninfo.com.cn/finalpage/2026-04-10/1225091181.PDF
600327,大东方,大东方2025年年度报告,2026-04-18 00:00:00,1225117870,reports_raw/companies/600_sh_main/600327_大东方/2025/1225117870.pdf,https://static.cninfo.com.cn/finalpage/2026-04-18/1225117870.PDF
600339,中油工程,中油工程2025年年度报告,2026-04-11 00:00:00,1225095407,reports_raw/companies/600_sh_main/600339_中油工程/2025/1225095407.pdf,https://static.cninfo.com.cn/finalpage/2026-04-11/1225095407.PDF
600346,恒力石化,恒力石化2025年年度报告,2026-04-15 00:00:00,1225101171,reports_raw/companies/600_sh_main/600346_恒力石化/2025/1225101171.pdf,https://static.cninfo.com.cn/finalpage/2026-04-15/1225101171.PDF
600350,山东高速,山东高速股份有限公司2025年年度报告,2026-04-04 00:00:00,1225079916,reports_raw/companies/600_sh_main/600350_山东高速/2025/1225079916.pdf,https://static.cninfo.com.cn/finalpage/2026-04-04/1225079916.PDF
600352,浙江龙盛,浙江龙盛2025年年度报告,2026-04-11 00:00:00,1225092743,reports_raw/companies/600_sh_main/600352_浙江龙盛/2025/1225092743.pdf,https://static.cninfo.com.cn/finalpage/2026-04-11/1225092743.PDF
600356,恒丰纸业,恒丰纸业2025年年度报告,2026-04-15 00:00:00,1225100898,reports_raw/companies/600_sh_main/600356_恒丰纸业/2025/1225100898.pdf,https://static.cninfo.com.cn/finalpage/2026-04-15/1225100898.PDF
600359,新农开发,新疆塔里木农业综合开发股份有限公司2025年年度报告,2026-04-10 00:00:00,1225089644,reports_raw/companies/600_sh_main/600359_新农开发/2025/1225089644.pdf,https://static.cninfo.com.cn/finalpage/2026-04-10/1225089644.PDF
600366,宁波韵升,宁波韵升2025年年度报告,2026-04-11 00:00:00,1225096024,reports_raw/companies/600_sh_main/600366_宁波韵升/2025/1225096024.pdf,https://static.cninfo.com.cn/finalpage/2026-04-11/1225096024.PDF
600368,五洲交通,广西五洲交通股份有限公司2025年年度报告,2026-04-18 00:00:00,1225121225,reports_raw/companies/600_sh_main/600368_五洲交通/2025/1225121225.pdf,https://static.cninfo.com.cn/finalpage/2026-04-18/1225121225.PDF
600371,万向德农,万向德农股份有限公司2025年年度报告,2026-04-16 00:00:00,1225108403,reports_raw/companies/600_sh_main/600371_万向德农/2025/1225108403.pdf,https://static.cninfo.com.cn/finalpage/2026-04-16/1225108403.PDF
600373,中文传媒,中文传媒2025年年度报告（全文）,2026-04-18 00:00:00,1225122309,reports_raw/companies/600_sh_main/600373_中文传媒/2025/1225122309.pdf,https://static.cninfo.com.cn/finalpage/2026-04-18/1225122309.PDF
600379,宝光股份,宝光股份2025年年度报告,2026-04-11 00:00:00,1225094561,reports_raw/companies/600_sh_main/600379_宝光股份/2025/1225094561.pdf,https://static.cninfo.com.cn/finalpage/2026-04-11/1225094561.PDF
600380,健康元,健康元药业集团股份有限公司2025年年度报告,2026-04-01 00:00:00,1225067200,reports_raw/companies/600_sh_main/600380_健康元/2025/1225067200.pdf,https://static.cninfo.com.cn/finalpage/2026-04-01/1225067200.PDF
600383,金地集团,公司2025年年度报告,2026-04-04 00:00:00,1225080501,reports_raw/companies/600_sh_main/600383_金地集团/2025/1225080501.pdf,https://static.cninfo.com.cn/finalpage/2026-04-04/1225080501.PDF
600386,北巴传媒,北京巴士传媒股份有限公司2025年年度报告,2026-04-16 00:00:00,1225107790,reports_raw/companies/600_sh_main/600386_北巴传媒/2025/1225107790.pdf,https://static.cninfo.com.cn/finalpage/2026-04-16/1225107790.PDF
600390,五矿资本,五矿资本股份有限公司2025年年度报告,2026-04-18 00:00:00,1225121499,reports_raw/companies/600_sh_main/600390_五矿资本/2025/1225121499.pdf,https://static.cninfo.com.cn/finalpage/2026-04-18/1225121499.PDF
600403,大有能源,河南大有能源股份有限公司2025年年度报告,2026-04-03 00:00:00,1225076506,reports_raw/companies/600_sh_main/600403_大有能源/2025/1225076506.pdf,https://static.cninfo.com.cn/finalpage/2026-04-03/1225076506.PDF
600415,小商品城,2025年年度报告（英文版）,2026-04-17 00:00:00,1225114300,reports_raw/companies/600_sh_main/600415_小商品城/2025/1225114300.pdf,https://static.cninfo.com.cn/finalpage/2026-04-17/1225114300.PDF
600416,湘电股份,湘潭电机股份有限公司2025年年度报告,2026-04-10 00:00:00,1225088903,reports_raw/companies/600_sh_main/600416_湘电股份/2025/1225088903.pdf,https://static.cninfo.com.cn/finalpage/2026-04-10/1225088903.PDF
600418,江淮汽车,江淮汽车2025年年度报告,2026-04-04 00:00:00,1225079663,reports_raw/companies/600_sh_main/600418_江淮汽车/2025/1225079663.pdf,https://static.cninfo.com.cn/finalpage/2026-04-04/1225079663.PDF
600444,国机通用,国机通用2025年年度报告,2026-04-11 00:00:00,1225095114,reports_raw/companies/600_sh_main/600444_国机通用/2025/1225095114.pdf,https://static.cninfo.com.cn/finalpage/2026-04-11/1225095114.PDF
600446,金证股份,金证股份2025年年度报告,2026-04-18 00:00:00,1225120677,reports_raw/companies/600_sh_main/600446_金证股份/2025/1225120677.pdf,https://static.cninfo.com.cn/finalpage/2026-04-18/1225120677.PDF
600452,涪陵电力,涪陵电力2025年年度报告全文,2026-04-17 00:00:00,1225113787,reports_raw/companies/600_sh_main/600452_涪陵电力/2025/1225113787.pdf,https://static.cninfo.com.cn/finalpage/2026-04-17/1225113787.PDF
600455,博通股份,博通股份2025年年度报告,2026-04-03 00:00:00,1225076717,reports_raw/companies/600_sh_main/600455_博通股份/2025/1225076717.pdf,https://static.cninfo.com.cn/finalpage/2026-04-03/1225076717.PDF
600461,洪城环境,江西洪城环境股份有限公司2025年年度报告,2026-04-16 00:00:00,1225108019,reports_raw/companies/600_sh_main/600461_洪城环境/2025/1225108019.pdf,https://static.cninfo.com.cn/finalpage/2026-04-16/1225108019.PDF
600477,杭萧钢构,杭萧钢构2025年年度报告,2026-04-17 00:00:00,1225113797,reports_raw/companies/600_sh_main/600477_杭萧钢构/2025/1225113797.pdf,https://static.cninfo.com.cn/finalpage/2026-04-17/1225113797.PDF
600495,晋西车轴,晋西车轴2025年年度报告,2026-04-03 00:00:00,1225078333,reports_raw/companies/600_sh_main/600495_晋西车轴/2025/1225078333.pdf,https://static.cninfo.com.cn/finalpage/2026-04-03/1225078333.PDF
600496,精工钢构,精工钢构2025年年度报告,2026-04-18 00:00:00,1225120796,reports_raw/companies/600_sh_main/600496_精工钢构/2025/1225120796.pdf,https://static.cninfo.com.cn/finalpage/2026-04-18/1225120796.PDF
600500,中化国际,中化国际2025年年度报告,2026-04-18 00:00:00,1225119943,reports_raw/companies/600_sh_main/600500_中化国际/2025/1225119943.pdf,https://static.cninfo.com.cn/finalpage/2026-04-18/1225119943.PDF
600506,统一股份,统一低碳科技（新疆）股份有限公司2025年年度报告修订版,2026-04-02 00:00:00,1225072635,reports_raw/companies/600_sh_main/600506_统一股份/2025/1225072635.pdf,https://static.cninfo.com.cn/finalpage/2026-04-02/1225072635.PDF
600507,方大特钢,方大特钢2025年年度报告（修订版）,2026-04-01 00:00:00,1225068051,reports_raw/companies/600_sh_main/600507_方大特钢/2025/1225068051.pdf,https://static.cninfo.com.cn/finalpage/2026-04-01/1225068051.PDF
600512,腾达建设,腾达建设2025年年度报告,2026-04-18 00:00:00,1225119057,reports_raw/companies/600_sh_main/600512_腾达建设/2025/1225119057.pdf,https://static.cninfo.com.cn/finalpage/2026-04-18/1225119057.PDF
600518,康美药业,康美药业2025年年度报告,2026-04-18 00:00:00,1225121661,reports_raw/companies/600_sh_main/600518_康美药业/2025/1225121661.pdf,https://static.cninfo.com.cn/finalpage/2026-04-18/1225121661.PDF
600519,贵州茅台,贵州茅台2025年年度报告,2026-04-17 00:00:00,1225114741,reports_raw/companies/600_sh_main/600519_贵州茅台/2025/1225114741.pdf,https://static.cninfo.com.cn/finalpage/2026-04-17/1225114741.PDF
600531,豫光金铅,河南豫光金铅股份有限公司2025年年度报告,2026-04-18 00:00:00,1225118558,reports_raw/companies/600_sh_main/600531_豫光金铅/2025/1225118558.pdf,https://static.cninfo.com.cn/finalpage/2026-04-18/1225118558.PDF
600538,国发股份,国发股份2025年年度报告,2026-04-18 00:00:00,1225119664,reports_raw/companies/600_sh_main/600538_国发股份/2025/1225119664.pdf,https://static.cninfo.com.cn/finalpage/2026-04-18/1225119664.PDF
600550,保变电气,保定天威保变电气股份有限公司2025年年度报告,2026-04-11 00:00:00,1225094301,reports_raw/companies/600_sh_main/600550_保变电气/2025/1225094301.pdf,https://static.cninfo.com.cn/finalpage/2026-04-11/1225094301.PDF
600556,天下秀,天下秀数字科技（集团）股份有限公司2025年年度报告,2026-04-10 00:00:00,1225090890,reports_raw/companies/600_sh_main/600556_天下秀/2025/1225090890.pdf,https://static.cninfo.com.cn/finalpage/2026-04-10/1225090890.PDF
600558,大西洋,大西洋2025年年度报告,2026-04-07 00:00:00,1225080888,reports_raw/companies/600_sh_main/600558_大西洋/2025/1225080888.pdf,https://static.cninfo.com.cn/finalpage/2026-04-07/1225080888.PDF
600561,江西长运,江西长运2025年年度报告,2026-04-18 00:00:00,1225120522,reports_raw/companies/600_sh_main/600561_江西长运/2025/1225120522.pdf,https://static.cninfo.com.cn/finalpage/2026-04-18/1225120522.PDF
600573,惠泉啤酒,福建省燕京惠泉啤酒股份有限公司2025年年度报告,2026-04-13 00:00:00,1225096970,reports_raw/companies/600_sh_main/600573_惠泉啤酒/2025/1225096970.pdf,https://static.cninfo.com.cn/finalpage/2026-04-13/1225096970.PDF
600584,长电科技,江苏长电科技股份有限公司2025年年度报告,2026-04-10 00:00:00,1225091498,reports_raw/companies/600_sh_main/600584_长电科技/2025/1225091498.pdf,https://static.cninfo.com.cn/finalpage/2026-04-10/1225091498.PDF
600588,用友网络,用友网络2025年年度报告,2026-04-18 00:00:00,1225120765,reports_raw/companies/600_sh_main/600588_用友网络/2025/1225120765.pdf,https://static.cninfo.com.cn/finalpage/2026-04-18/1225120765.PDF
600590,泰豪科技,2025年年度报告,2026-04-15 00:00:00,1225101590,reports_raw/companies/600_sh_main/600590_泰豪科技/2025/1225101590.pdf,https://static.cninfo.com.cn/finalpage/2026-04-15/1225101590.PDF
600593,大连圣亚,公司2025年年度报告,2026-04-11 00:00:00,1225094350,reports_raw/companies/600_sh_main/600593_大连圣亚/2025/1225094350.pdf,https://static.cninfo.com.cn/finalpage/2026-04-11/1225094350.PDF
600601,方正科技,方正科技2025年年度报告,2026-04-09 00:00:00,1225086146,reports_raw/companies/600_sh_main/600601_方正科技/2025/1225086146.pdf,https://static.cninfo.com.cn/finalpage/2026-04-09/1225086146.PDF
600604,市北高新,市北高新2025年年度报告,2026-04-18 00:00:00,1225122332,reports_raw/companies/600_sh_main/600604_市北高新/2025/1225122332.pdf,https://static.cninfo.com.cn/finalpage/2026-04-18/1225122332.PDF
600609,金杯汽车,金杯汽车2025年年度报告,2026-04-11 00:00:00,1225094431,reports_raw/companies/600_sh_main/600609_金杯汽车/2025/1225094431.pdf,https://static.cninfo.com.cn/finalpage/2026-04-11/1225094431.PDF
600619,海立股份,海立股份2025年年度报告,2026-04-08 00:00:00,1225082149,reports_raw/companies/600_sh_main/600619_海立股份/2025/1225082149.pdf,https://static.cninfo.com.cn/finalpage/2026-04-08/1225082149.PDF
600628,新世界,新世界2025年年度报告,2026-04-11 00:00:00,1225096237,reports_raw/companies/600_sh_main/600628_新世界/2025/1225096237.pdf,https://static.cninfo.com.cn/finalpage/2026-04-11/1225096237.PDF
600629,华建集团,华建集团2025年年度报告,2026-04-03 00:00:00,1225077186,reports_raw/companies/600_sh_main/600629_华建集团/2025/1225077186.pdf,https://static.cninfo.com.cn/finalpage/2026-04-03/1225077186.PDF
600641,先导基电,上海先导基电科技股份有限公司2025年年度报告,2026-04-10 00:00:00,1225091359,reports_raw/companies/600_sh_main/600641_先导基电/2025/1225091359.pdf,https://static.cninfo.com.cn/finalpage/2026-04-10/1225091359.PDF
600644,乐山电力,乐山电力股份有限公司2025年年度报告全文,2026-04-18 00:00:00,1225123654,reports_raw/companies/600_sh_main/600644_乐山电力/2025/1225123654.pdf,https://static.cninfo.com.cn/finalpage/2026-04-18/1225123654.PDF
600648,外高桥,2025年年度报告,2026-04-15 00:00:00,1225104495,reports_raw/companies/600_sh_main/600648_外高桥/2025/1225104495.pdf,https://static.cninfo.com.cn/finalpage/2026-04-15/1225104495.PDF
600654,中安科,2025年年度报告,2026-04-17 00:00:00,1225112414,reports_raw/companies/600_sh_main/600654_中安科/2025/1225112414.pdf,https://static.cninfo.com.cn/finalpage/2026-04-17/1225112414.PDF
600657,信达地产,信达地产2025年年度报告,2026-04-02 00:00:00,1225072489,reports_raw/companies/600_sh_main/600657_信达地产/2025/1225072489.pdf,https://static.cninfo.com.cn/finalpage/2026-04-02/1225072489.PDF
600666,奥瑞德,奥瑞德2025年年度报告,2026-04-16 00:00:00,1225108161,reports_raw/companies/600_sh_main/600666_奥瑞德/2025/1225108161.pdf,https://static.cninfo.com.cn/finalpage/2026-04-16/1225108161.PDF
600668,尖峰集团,尖峰集团2025年年度报告,2026-04-14 00:00:00,1225097882,reports_raw/companies/600_sh_main/600668_尖峰集团/2025/1225097882.pdf,https://static.cninfo.com.cn/finalpage/2026-04-14/1225097882.PDF
600671,天目药业,杭州天目山药业股份有限公司2025年年度报告,2026-04-18 00:00:00,1225121767,reports_raw/companies/600_sh_main/600671_天目药业/2025/1225121767.pdf,https://static.cninfo.com.cn/finalpage/2026-04-18/1225121767.PDF
600673,东阳光,东阳光2025年年度报告,2026-04-10 00:00:00,1225090784,reports_raw/companies/600_sh_main/600673_东阳光/2025/1225090784.pdf,https://static.cninfo.com.cn/finalpage/2026-04-10/1225090784.PDF
600674,川投能源,四川川投能源股份有限公司2025年年度报告,2026-04-18 00:00:00,1225117474,reports_raw/companies/600_sh_main/600674_川投能源/2025/1225117474.pdf,https://static.cninfo.com.cn/finalpage/2026-04-18/1225117474.PDF
600676,交运股份,上海交运集团股份有限公司2025年年度报告,2026-04-03 00:00:00,1225074109,reports_raw/companies/600_sh_main/600676_交运股份/2025/1225074109.pdf,https://static.cninfo.com.cn/finalpage/2026-04-03/1225074109.PDF
600684,珠江股份,2025年年度报告,2026-04-02 00:00:00,1225073646,reports_raw/companies/600_sh_main/600684_珠江股份/2025/1225073646.pdf,https://static.cninfo.com.cn/finalpage/2026-04-02/1225073646.PDF
600689,上海三毛,上海三毛企业（集团）股份有限公司2025年年度报告,2026-04-18 00:00:00,1225115970,reports_raw/companies/600_sh_main/600689_上海三毛/2025/1225115970.pdf,https://static.cninfo.com.cn/finalpage/2026-04-18/1225115970.PDF
600691,潞化科技,山西潞安化工科技股份有限公司2025年年度报告,2026-04-18 00:00:00,1225120552,reports_raw/companies/600_sh_main/600691_潞化科技/2025/1225120552.pdf,https://static.cninfo.com.cn/finalpage/2026-04-18/1225120552.PDF
600692,亚通股份,亚通股份2025年年度报告,2026-04-03 00:00:00,1225076951,reports_raw/companies/600_sh_main/600692_亚通股份/2025/1225076951.pdf,https://static.cninfo.com.cn/finalpage/2026-04-03/1225076951.PDF
600693,东百集团,东百集团2025年年度报告,2026-04-11 00:00:00,1225095330,reports_raw/companies/600_sh_main/600693_东百集团/2025/1225095330.pdf,https://static.cninfo.com.cn/finalpage/2026-04-11/1225095330.PDF
600697,欧亚集团,长春欧亚集团股份有限公司2025年年度报告,2026-04-18 00:00:00,1225116458,reports_raw/companies/600_sh_main/600697_欧亚集团/2025/1225116458.pdf,https://static.cninfo.com.cn/finalpage/2026-04-18/1225116458.PDF
600707,彩虹股份,彩虹股份2025年年度报告,2026-04-16 00:00:00,1225106608,reports_raw/companies/600_sh_main/600707_彩虹股份/2025/1225106608.pdf,https://static.cninfo.com.cn/finalpage/2026-04-16/1225106608.PDF
600710,苏美达,2025年年度报告,2026-04-14 00:00:00,1225098830,reports_raw/companies/600_sh_main/600710_苏美达/2025/1225098830.pdf,https://static.cninfo.com.cn/finalpage/2026-04-14/1225098830.PDF
600713,南京医药,南京医药2025年年度报告全文,2026-04-11 00:00:00,1225094704,reports_raw/companies/600_sh_main/600713_南京医药/2025/1225094704.pdf,https://static.cninfo.com.cn/finalpage/2026-04-11/1225094704.PDF
600714,金瑞矿业,青海金瑞矿业发展股份有限公司2025年年度报告（更正版）,2026-04-08 00:00:00,1225081429,reports_raw/companies/600_sh_main/600714_金瑞矿业/2025/1225081429.pdf,https://static.cninfo.com.cn/finalpage/2026-04-08/1225081429.PDF
600715,文投控股,文投控股股份有限公司2025年年度报告,2026-04-18 00:00:00,1225120638,reports_raw/companies/600_sh_main/600715_文投控股/2025/1225120638.pdf,https://static.cninfo.com.cn/finalpage/2026-04-18/1225120638.PDF
600716,凤凰股份,凤凰股份2025年年度报告,2026-04-11 00:00:00,1225092941,reports_raw/companies/600_sh_main/600716_凤凰股份/2025/1225092941.pdf,https://static.cninfo.com.cn/finalpage/2026-04-11/1225092941.PDF
600722,金牛化工,金牛化工2025年年度报告,2026-04-15 00:00:00,1225103220,reports_raw/companies/600_sh_main/600722_金牛化工/2025/1225103220.pdf,https://static.cninfo.com.cn/finalpage/2026-04-15/1225103220.PDF
600724,宁波富达,宁波富达2025年年度报告,2026-04-03 00:00:00,1225076987,reports_raw/companies/600_sh_main/600724_宁波富达/2025/1225076987.pdf,https://static.cninfo.com.cn/finalpage/2026-04-03/1225076987.PDF
600728,佳都科技,佳都科技2025年年度报告,2026-04-10 00:00:00,1225091051,reports_raw/companies/600_sh_main/600728_佳都科技/2025/1225091051.pdf,https://static.cninfo.com.cn/finalpage/2026-04-10/1225091051.PDF
600729,重庆百货,重庆百货大楼股份有限公司2025年年度报告,2026-04-18 00:00:00,1225117270,reports_raw/companies/600_sh_main/600729_重庆百货/2025/1225117270.pdf,https://static.cninfo.com.cn/finalpage/2026-04-18/1225117270.PDF
600738,丽尚国潮,丽尚国潮2025年年度报告,2026-04-11 00:00:00,1225094918,reports_raw/companies/600_sh_main/600738_丽尚国潮/2025/1225094918.pdf,https://static.cninfo.com.cn/finalpage/2026-04-11/1225094918.PDF
600746,江苏索普,江苏索普2025年年度报告,2026-04-18 00:00:00,1225115921,reports_raw/companies/600_sh_main/600746_江苏索普/2025/1225115921.pdf,https://static.cninfo.com.cn/finalpage/2026-04-18/1225115921.PDF
600753,*ST海钦,海钦股份2025年年度报告,2026-04-11 00:00:00,1225096734,reports_raw/companies/600_sh_main/600753_ST海钦/2025/1225096734.pdf,https://static.cninfo.com.cn/finalpage/2026-04-11/1225096734.PDF
600756,浪潮软件,浪潮软件2025年年度报告全文,2026-04-18 00:00:00,1225120805,reports_raw/companies/600_sh_main/600756_浪潮软件/2025/1225120805.pdf,https://static.cninfo.com.cn/finalpage/2026-04-18/1225120805.PDF
600757,长江传媒,长江传媒2025年年度报告,2026-04-16 00:00:00,1225107074,reports_raw/companies/600_sh_main/600757_长江传媒/2025/1225107074.pdf,https://static.cninfo.com.cn/finalpage/2026-04-16/1225107074.PDF
600763,通策医疗,通策医疗股份有限公司2025年年度报告,2026-04-18 00:00:00,1225117888,reports_raw/companies/600_sh_main/600763_通策医疗/2025/1225117888.pdf,https://static.cninfo.com.cn/finalpage/2026-04-18/1225117888.PDF
600768,宁波富邦,宁波富邦2025年年度报告,2026-04-13 00:00:00,1225096924,reports_raw/companies/600_sh_main/600768_宁波富邦/2025/1225096924.pdf,https://static.cninfo.com.cn/finalpage/2026-04-13/1225096924.PDF
600770,综艺股份,综艺股份2025年年度报告,2026-04-15 00:00:00,1225104234,reports_raw/companies/600_sh_main/600770_综艺股份/2025/1225104234.pdf,https://static.cninfo.com.cn/finalpage/2026-04-15/1225104234.PDF
600773,西藏城投,西藏城市发展投资股份有限公司2025年年度报告,2026-04-11 00:00:00,1225096395,reports_raw/companies/600_sh_main/600773_西藏城投/2025/1225096395.pdf,https://static.cninfo.com.cn/finalpage/2026-04-11/1225096395.PDF
600795,国电电力,国电电力2025年年度报告,2026-04-15 00:00:00,1225103091,reports_raw/companies/600_sh_main/600795_国电电力/2025/1225103091.pdf,https://static.cninfo.com.cn/finalpage/2026-04-15/1225103091.PDF
600796,钱江生化,钱江生化2025年年度报告,2026-04-18 00:00:00,1225119074,reports_raw/companies/600_sh_main/600796_钱江生化/2025/1225119074.pdf,https://static.cninfo.com.cn/finalpage/2026-04-18/1225119074.PDF
600800,渤海化学,天津渤海化学股份有限公司2025年年度报告,2026-04-17 00:00:00,1225109969,reports_raw/companies/600_sh_main/600800_渤海化学/2025/1225109969.pdf,https://static.cninfo.com.cn/finalpage/2026-04-17/1225109969.PDF
600812,华北制药,2025年年度报告,2026-04-18 00:00:00,1225122098,reports_raw/companies/600_sh_main/600812_华北制药/2025/1225122098.pdf,https://static.cninfo.com.cn/finalpage/2026-04-18/1225122098.PDF
600815,厦工股份,厦工股份2025年年度报告,2026-04-18 00:00:00,1225117705,reports_raw/companies/600_sh_main/600815_厦工股份/2025/1225117705.pdf,https://static.cninfo.com.cn/finalpage/2026-04-18/1225117705.PDF
600817,宇通重工,2025年年度报告,2026-04-03 00:00:00,1225076386,reports_raw/companies/600_sh_main/600817_宇通重工/2025/1225076386.pdf,https://static.cninfo.com.cn/finalpage/2026-04-03/1225076386.PDF
600821,金开新能,2025年年度报告,2026-04-18 00:00:00,1225120735,reports_raw/companies/600_sh_main/600821_金开新能/2025/1225120735.pdf,https://static.cninfo.com.cn/finalpage/2026-04-18/1225120735.PDF
600827,百联股份,百联股份2025年年度报告,2026-04-15 00:00:00,1225104222,reports_raw/companies/600_sh_main/600827_百联股份/2025/1225104222.pdf,https://static.cninfo.com.cn/finalpage/2026-04-15/1225104222.PDF
600829,人民同泰,2025年年度报告,2026-04-11 00:00:00,1225093831,reports_raw/companies/600_sh_main/600829_人民同泰/2025/1225093831.pdf,https://static.cninfo.com.cn/finalpage/2026-04-11/1225093831.PDF
600833,第一医药,上海第一医药股份有限公司2025年年度报告,2026-04-09 00:00:00,1225085499,reports_raw/companies/600_sh_main/600833_第一医药/2025/1225085499.pdf,https://static.cninfo.com.cn/finalpage/2026-04-09/1225085499.PDF
600848,上海临港,2025年年度报告,2026-04-14 00:00:00,1225099846,reports_raw/companies/600_sh_main/600848_上海临港/2025/1225099846.pdf,https://static.cninfo.com.cn/finalpage/2026-04-14/1225099846.PDF
600855,航天长峰,北京航天长峰股份有限公司2025年年度报告,2026-04-10 00:00:00,1225088176,reports_raw/companies/600_sh_main/600855_航天长峰/2025/1225088176.pdf,https://static.cninfo.com.cn/finalpage/2026-04-10/1225088176.PDF
600868,梅雁吉祥,广东梅雁吉祥水电股份有限公司2025年年度报告,2026-04-03 00:00:00,1225076887,reports_raw/companies/600_sh_main/600868_梅雁吉祥/2025/1225076887.pdf,https://static.cninfo.com.cn/finalpage/2026-04-03/1225076887.PDF
600872,中炬高新,中炬高新2025年年度报告,2026-04-18 00:00:00,1225123413,reports_raw/companies/600_sh_main/600872_中炬高新/2025/1225123413.pdf,https://static.cninfo.com.cn/finalpage/2026-04-18/1225123413.PDF
600875,东方电气,2025年年度报告,2026-04-01 00:00:00,1225068291,reports_raw/companies/600_sh_main/600875_东方电气/2025/1225068291.pdf,https://static.cninfo.com.cn/finalpage/2026-04-01/1225068291.PDF
600885,宏发股份,宏发股份：2025年年度报告,2026-04-02 00:00:00,1225071093,reports_raw/companies/600_sh_main/600885_宏发股份/2025/1225071093.pdf,https://static.cninfo.com.cn/finalpage/2026-04-02/1225071093.PDF
600893,航发动力,中国航发动力股份有限公司2025年年度报告,2026-04-02 00:00:00,1225072838,reports_raw/companies/600_sh_main/600893_航发动力/2025/1225072838.pdf,https://static.cninfo.com.cn/finalpage/2026-04-02/1225072838.PDF
600917,重庆燃气,重庆燃气2025年年度报告,2026-04-17 00:00:00,1225110342,reports_raw/companies/600_sh_main/600917_重庆燃气/2025/1225110342.pdf,https://static.cninfo.com.cn/finalpage/2026-04-17/1225110342.PDF
600935,华塑股份,安徽华塑股份有限公司2025年年度报告,2026-04-16 00:00:00,1225106433,reports_raw/companies/600_sh_main/600935_华塑股份/2025/1225106433.pdf,https://static.cninfo.com.cn/finalpage/2026-04-16/1225106433.PDF
600936,北投科技,北投科技2025年年度报告,2026-04-18 00:00:00,1225122831,reports_raw/companies/600_sh_main/600936_北投科技/2025/1225122831.pdf,https://static.cninfo.com.cn/finalpage/2026-04-18/1225122831.PDF
600955,维远股份,利华益维远化学股份有限公司2025年年度报告,2026-04-18 00:00:00,1225118178,reports_raw/companies/600_sh_main/600955_维远股份/2025/1225118178.pdf,https://static.cninfo.com.cn/finalpage/2026-04-18/1225118178.PDF
600959,江苏有线,江苏有线2025年年度报告,2026-04-10 00:00:00,1225090334,reports_raw/companies/600_sh_main/600959_江苏有线/2025/1225090334.pdf,https://static.cninfo.com.cn/finalpage/2026-04-10/1225090334.PDF
600961,株冶集团,株冶集团2025年年度报告,2026-04-17 00:00:00,1225112150,reports_raw/companies/600_sh_main/600961_株冶集团/2025/1225112150.pdf,https://static.cninfo.com.cn/finalpage/2026-04-17/1225112150.PDF
600977,中国电影,中国电影2025年年度报告,2026-04-18 00:00:00,1225121079,reports_raw/companies/600_sh_main/600977_中国电影/2025/1225121079.pdf,https://static.cninfo.com.cn/finalpage/2026-04-18/1225121079.PDF
600983,惠而浦,惠而浦2025年年度报告,2026-04-10 00:00:00,1225089729,reports_raw/companies/600_sh_main/600983_惠而浦/2025/1225089729.pdf,https://static.cninfo.com.cn/finalpage/2026-04-10/1225089729.PDF
600987,航民股份,航民股份2025年年度报告,2026-04-10 00:00:00,1225087773,reports_raw/companies/600_sh_main/600987_航民股份/2025/1225087773.pdf,https://static.cninfo.com.cn/finalpage/2026-04-10/1225087773.PDF
601018,宁波港,宁波舟山港股份有限公司2025年年度报告,2026-04-02 00:00:00,1225071892,reports_raw/companies/601_sh_main/601018_宁波港/2025/1225071892.pdf,https://static.cninfo.com.cn/finalpage/2026-04-02/1225071892.PDF
601019,山东出版,山东出版2025年年度报告,2026-04-11 00:00:00,1225094796,reports_raw/companies/601_sh_main/601019_山东出版/2025/1225094796.pdf,https://static.cninfo.com.cn/finalpage/2026-04-11/1225094796.PDF
601021,春秋航空,春秋航空2025年年度报告,2026-04-11 00:00:00,1225093115,reports_raw/companies/601_sh_main/601021_春秋航空/2025/1225093115.pdf,https://static.cninfo.com.cn/finalpage/2026-04-11/1225093115.PDF
601069,西部黄金,西部黄金股份有限公司2025年年度报告,2026-04-08 00:00:00,1225082554,reports_raw/companies/601_sh_main/601069_西部黄金/2025/1225082554.pdf,https://static.cninfo.com.cn/finalpage/2026-04-08/1225082554.PDF
601083,锦江航运,锦江航运2025年年度报告,2026-04-01 00:00:00,1225067909,reports_raw/companies/601_sh_main/601083_锦江航运/2025/1225067909.pdf,https://static.cninfo.com.cn/finalpage/2026-04-01/1225067909.PDF
601086,国芳集团,国芳集团：2025年年度报告,2026-04-18 00:00:00,1225122543,reports_raw/companies/601_sh_main/601086_国芳集团/2025/1225122543.pdf,https://static.cninfo.com.cn/finalpage/2026-04-18/1225122543.PDF
601089,福元医药,北京福元医药股份有限公司2025年年度报告,2026-04-14 00:00:00,1225098697,reports_raw/companies/601_sh_main/601089_福元医药/2025/1225098697.pdf,https://static.cninfo.com.cn/finalpage/2026-04-14/1225098697.PDF
601096,宏盛华源,宏盛华源2025年年度报告,2026-04-11 00:00:00,1225096814,reports_raw/companies/601_sh_main/601096_宏盛华源/2025/1225096814.pdf,https://static.cninfo.com.cn/finalpage/2026-04-11/1225096814.PDF
601098,中南传媒,中南传媒2025年年度报告,2026-04-09 00:00:00,1225086508,reports_raw/companies/601_sh_main/601098_中南传媒/2025/1225086508.pdf,https://static.cninfo.com.cn/finalpage/2026-04-09/1225086508.PDF
601121,宝地矿业,新疆宝地矿业股份有限公司2025年年度报告,2026-04-18 00:00:00,1225115705,reports_raw/companies/601_sh_main/601121_宝地矿业/2025/1225115705.pdf,https://static.cninfo.com.cn/finalpage/2026-04-18/1225115705.PDF
601158,重庆水务,重庆水务集团股份有限公司2025年年度报告,2026-04-02 00:00:00,1225073467,reports_raw/companies/601_sh_main/601158_重庆水务/2025/1225073467.pdf,https://static.cninfo.com.cn/finalpage/2026-04-02/1225073467.PDF
601177,杭齿前进,2025年年度报告,2026-04-17 00:00:00,1225110447,reports_raw/companies/601_sh_main/601177_杭齿前进/2025/1225110447.pdf,https://static.cninfo.com.cn/finalpage/2026-04-17/1225110447.PDF
601179,中国西电,中国西电2025年年度报告,2026-04-11 00:00:00,1225094842,reports_raw/companies/601_sh_main/601179_中国西电/2025/1225094842.pdf,https://static.cninfo.com.cn/finalpage/2026-04-11/1225094842.PDF
601188,龙江交通,龙江交通2025年年度报告,2026-04-01 00:00:00,1225068606,reports_raw/companies/601_sh_main/601188_龙江交通/2025/1225068606.pdf,https://static.cninfo.com.cn/finalpage/2026-04-01/1225068606.PDF
601200,上海环境,上海环境集团股份有限公司2025年年度报告,2026-04-02 00:00:00,1225073422,reports_raw/companies/601_sh_main/601200_上海环境/2025/1225073422.pdf,https://static.cninfo.com.cn/finalpage/2026-04-02/1225073422.PDF
601228,广州港,广州港股份有限公司2025年年度报告,2026-04-11 00:00:00,1225095091,reports_raw/companies/601_sh_main/601228_广州港/2025/1225095091.pdf,https://static.cninfo.com.cn/finalpage/2026-04-11/1225095091.PDF
601231,环旭电子,2025年年度报告,2026-04-04 00:00:00,1225080391,reports_raw/companies/601_sh_main/601231_环旭电子/2025/1225080391.pdf,https://static.cninfo.com.cn/finalpage/2026-04-04/1225080391.PDF
601369,陕鼓动力,西安陕鼓动力股份有限公司2025年年度报告,2026-04-18 00:00:00,1225118715,reports_raw/companies/601_sh_main/601369_陕鼓动力/2025/1225118715.pdf,https://static.cninfo.com.cn/finalpage/2026-04-18/1225118715.PDF
601399,国机重装,国机重装2025年年度报告,2026-04-14 00:00:00,1225098438,reports_raw/companies/601_sh_main/601399_国机重装/2025/1225098438.pdf,https://static.cninfo.com.cn/finalpage/2026-04-14/1225098438.PDF
601518,吉林高速,吉林高速公路股份有限公司2025年年度报告（全文）,2026-04-11 00:00:00,1225094345,reports_raw/companies/601_sh_main/601518_吉林高速/2025/1225094345.pdf,https://static.cninfo.com.cn/finalpage/2026-04-11/1225094345.PDF
601579,会稽山,会稽山绍兴酒股份有限公司2025年年度报告,2026-04-01 00:00:00,1225067185,reports_raw/companies/601_sh_main/601579_会稽山/2025/1225067185.pdf,https://static.cninfo.com.cn/finalpage/2026-04-01/1225067185.PDF
601668,中国建筑,中国建筑股份有限公司2025年年度报告,2026-04-18 00:00:00,1225123321,reports_raw/companies/601_sh_main/601668_中国建筑/2025/1225123321.pdf,https://static.cninfo.com.cn/finalpage/2026-04-18/1225123321.PDF
601698,中国卫通,中国卫通集团股份有限公司2025年年度报告,2026-04-01 00:00:00,1225067883,reports_raw/companies/601_sh_main/601698_中国卫通/2025/1225067883.pdf,https://static.cninfo.com.cn/finalpage/2026-04-01/1225067883.PDF
601777,千里科技,重庆千里科技股份有限公司2025年年度报告,2026-04-04 00:00:00,1225080707,reports_raw/companies/601_sh_main/601777_千里科技/2025/1225080707.pdf,https://static.cninfo.com.cn/finalpage/2026-04-04/1225080707.PDF
601798,蓝科高新,蓝科高新2025年年度报告,2026-04-14 00:00:00,1225097374,reports_raw/companies/601_sh_main/601798_蓝科高新/2025/1225097374.pdf,https://static.cninfo.com.cn/finalpage/2026-04-14/1225097374.PDF
601801,皖新传媒,皖新传媒2025年年度报告终稿,2026-04-11 00:00:00,1225095552,reports_raw/companies/601_sh_main/601801_皖新传媒/2025/1225095552.pdf,https://static.cninfo.com.cn/finalpage/2026-04-11/1225095552.PDF
601877,正泰电器,正泰电器2025年年度报告,2026-04-16 00:00:00,1225105296,reports_raw/companies/601_sh_main/601877_正泰电器/2025/1225105296.pdf,https://static.cninfo.com.cn/finalpage/2026-04-16/1225105296.PDF
601878,浙商证券,浙商证券股份有限公司2025年年度报告,2026-04-18 00:00:00,1225119499,reports_raw/companies/601_sh_main/601878_浙商证券/2025/1225119499.pdf,https://static.cninfo.com.cn/finalpage/2026-04-18/1225119499.PDF
601933,永辉超市,永辉超市股份有限公司2025年年度报告,2026-04-17 00:00:00,1225113031,reports_raw/companies/601_sh_main/601933_永辉超市/2025/1225113031.pdf,https://static.cninfo.com.cn/finalpage/2026-04-17/1225113031.PDF
601956,东贝集团,湖北东贝机电集团股份有限公司2025年年度报告,2026-04-18 00:00:00,1225118054,reports_raw/companies/601_sh_main/601956_东贝集团/2025/1225118054.pdf,https://static.cninfo.com.cn/finalpage/2026-04-18/1225118054.PDF
601958,金钼股份,金钼股份2025年年度报告,2026-04-04 00:00:00,1225079049,reports_raw/companies/601_sh_main/601958_金钼股份/2025/1225079049.pdf,https://static.cninfo.com.cn/finalpage/2026-04-04/1225079049.PDF
601999,出版传媒,出版传媒2025年年度报告,2026-04-10 00:00:00,1225088486,reports_raw/companies/601_sh_main/601999_出版传媒/2025/1225088486.pdf,https://static.cninfo.com.cn/finalpage/2026-04-10/1225088486.PDF
603004,鼎龙科技,2025年年度报告,2026-04-17 00:00:00,1225112586,reports_raw/companies/603_sh_main/603004_鼎龙科技/2025/1225112586.pdf,https://static.cninfo.com.cn/finalpage/2026-04-17/1225112586.PDF
603019,中科曙光,中科曙光2025年年度报告,2026-04-15 00:00:00,1225104539,reports_raw/companies/603_sh_main/603019_中科曙光/2025/1225104539.pdf,https://static.cninfo.com.cn/finalpage/2026-04-15/1225104539.PDF
603032,德新科技,德力西新能源科技股份有限公司2025年年度报告,2026-04-14 00:00:00,1225098025,reports_raw/companies/603_sh_main/603032_德新科技/2025/1225098025.pdf,https://static.cninfo.com.cn/finalpage/2026-04-14/1225098025.PDF
603036,如通股份,如通股份2025年年度报告,2026-04-10 00:00:00,1225087820,reports_raw/companies/603_sh_main/603036_如通股份/2025/1225087820.pdf,https://static.cninfo.com.cn/finalpage/2026-04-10/1225087820.PDF
603049,中策橡胶,2025年年度报告,2026-04-17 00:00:00,1225109514,reports_raw/companies/603_sh_main/603049_中策橡胶/2025/1225109514.pdf,https://static.cninfo.com.cn/finalpage/2026-04-17/1225109514.PDF
603053,成都燃气,成都燃气2025年年度报告,2026-04-18 00:00:00,1225116543,reports_raw/companies/603_sh_main/603053_成都燃气/2025/1225116543.pdf,https://static.cninfo.com.cn/finalpage/2026-04-18/1225116543.PDF
603055,台华新材,浙江台华新材料集团股份有限公司2025年年度报告,2026-04-11 00:00:00,1225093242,reports_raw/companies/603_sh_main/603055_台华新材/2025/1225093242.pdf,https://static.cninfo.com.cn/finalpage/2026-04-11/1225093242.PDF
603057,紫燕食品,紫燕食品2025年年度报告,2026-04-17 00:00:00,1225114556,reports_raw/companies/603_sh_main/603057_紫燕食品/2025/1225114556.pdf,https://static.cninfo.com.cn/finalpage/2026-04-17/1225114556.PDF
603060,国检集团,国检集团2025年年度报告,2026-04-18 00:00:00,1225122788,reports_raw/companies/603_sh_main/603060_国检集团/2025/1225122788.pdf,https://static.cninfo.com.cn/finalpage/2026-04-18/1225122788.PDF
603075,热威股份,2025年年度报告,2026-04-16 00:00:00,1225105587,reports_raw/companies/603_sh_main/603075_热威股份/2025/1225105587.pdf,https://static.cninfo.com.cn/finalpage/2026-04-16/1225105587.PDF
603082,北自科技,2025年年度报告,2026-04-02 00:00:00,1225072329,reports_raw/companies/603_sh_main/603082_北自科技/2025/1225072329.pdf,https://static.cninfo.com.cn/finalpage/2026-04-02/1225072329.PDF
603088,宁波精达,2025年年度报告,2026-04-03 00:00:00,1225076212,reports_raw/companies/603_sh_main/603088_宁波精达/2025/1225076212.pdf,https://static.cninfo.com.cn/finalpage/2026-04-03/1225076212.PDF
603090,宏盛股份,宏盛股份2025年年度报告,2026-04-01 00:00:00,1225067362,reports_raw/companies/603_sh_main/603090_宏盛股份/2025/1225067362.pdf,https://static.cninfo.com.cn/finalpage/2026-04-01/1225067362.PDF
603091,众鑫股份,2025年年度报告,2026-04-14 00:00:00,1225097780,reports_raw/companies/603_sh_main/603091_众鑫股份/2025/1225097780.pdf,https://static.cninfo.com.cn/finalpage/2026-04-14/1225097780.PDF
603092,德力佳,2025年年度报告,2026-04-15 00:00:00,1225100754,reports_raw/companies/603_sh_main/603092_德力佳/2025/1225100754.pdf,https://static.cninfo.com.cn/finalpage/2026-04-15/1225100754.PDF
603095,越剑智能,2025年年度报告,2026-04-11 00:00:00,1225092185,reports_raw/companies/603_sh_main/603095_越剑智能/2025/1225092185.pdf,https://static.cninfo.com.cn/finalpage/2026-04-11/1225092185.PDF
603100,川仪股份,川仪股份2025年年度报告,2026-04-17 00:00:00,1225114573,reports_raw/companies/603_sh_main/603100_川仪股份/2025/1225114573.pdf,https://static.cninfo.com.cn/finalpage/2026-04-17/1225114573.PDF
603102,百合股份,威海百合生物技术股份有限公司2025年年度报告,2026-04-16 00:00:00,1225108464,reports_raw/companies/603_sh_main/603102_百合股份/2025/1225108464.pdf,https://static.cninfo.com.cn/finalpage/2026-04-16/1225108464.PDF
603112,华翔股份,2025年年度报告,2026-04-09 00:00:00,1225086421,reports_raw/companies/603_sh_main/603112_华翔股份/2025/1225086421.pdf,https://static.cninfo.com.cn/finalpage/2026-04-09/1225086421.PDF
603113,金能科技,金能科技股份有限公司2025年年度报告,2026-04-15 00:00:00,1225104308,reports_raw/companies/603_sh_main/603113_金能科技/2025/1225104308.pdf,https://static.cninfo.com.cn/finalpage/2026-04-15/1225104308.PDF
603115,海星股份,2025年年度报告,2026-04-18 00:00:00,1225115961,reports_raw/companies/603_sh_main/603115_海星股份/2025/1225115961.pdf,https://static.cninfo.com.cn/finalpage/2026-04-18/1225115961.PDF
603119,浙江荣泰,浙江荣泰电工器材股份有限公司2025年年度报告,2026-04-01 00:00:00,1225067387,reports_raw/companies/603_sh_main/603119_浙江荣泰/2025/1225067387.pdf,https://static.cninfo.com.cn/finalpage/2026-04-01/1225067387.PDF
603125,常青科技,2025年年度报告,2026-04-11 00:00:00,1225094742,reports_raw/companies/603_sh_main/603125_常青科技/2025/1225094742.pdf,https://static.cninfo.com.cn/finalpage/2026-04-11/1225094742.PDF
603129,春风动力,春风动力2025年年度报告,2026-04-16 00:00:00,1225107754,reports_raw/companies/603_sh_main/603129_春风动力/2025/1225107754.pdf,https://static.cninfo.com.cn/finalpage/2026-04-16/1225107754.PDF
603138,海量数据,海量数据2025年年度报告,2026-04-17 00:00:00,1225113727,reports_raw/companies/603_sh_main/603138_海量数据/2025/1225113727.pdf,https://static.cninfo.com.cn/finalpage/2026-04-17/1225113727.PDF
603165,荣晟环保,浙江荣晟环保纸业股份有限公司2025年年度报告,2026-04-01 00:00:00,1225065817,reports_raw/companies/603_sh_main/603165_荣晟环保/2025/1225065817.pdf,https://static.cninfo.com.cn/finalpage/2026-04-01/1225065817.PDF
603168,莎普爱思,莎普爱思2025年年度报告,2026-04-15 00:00:00,1225102183,reports_raw/companies/603_sh_main/603168_莎普爱思/2025/1225102183.pdf,https://static.cninfo.com.cn/finalpage/2026-04-15/1225102183.PDF
603183,建研院,2025年年度报告,2026-04-18 00:00:00,1225121666,reports_raw/companies/603_sh_main/603183_建研院/2025/1225121666.pdf,https://static.cninfo.com.cn/finalpage/2026-04-18/1225121666.PDF
603186,华正新材,浙江华正新材料股份有限公司2025年年度报告（修订版）,2026-04-16 00:00:00,1225107720,reports_raw/companies/603_sh_main/603186_华正新材/2025/1225107720.pdf,https://static.cninfo.com.cn/finalpage/2026-04-16/1225107720.PDF
603191,望变电气,2025年年度报告,2026-04-04 00:00:00,1225079001,reports_raw/companies/603_sh_main/603191_望变电气/2025/1225079001.pdf,https://static.cninfo.com.cn/finalpage/2026-04-04/1225079001.PDF
603213,镇洋发展,浙江镇洋发展股份有限公司2025年年度报告,2026-04-16 00:00:00,1225107495,reports_raw/companies/603_sh_main/603213_镇洋发展/2025/1225107495.pdf,https://static.cninfo.com.cn/finalpage/2026-04-16/1225107495.PDF
603214,爱婴室,2025年年度报告,2026-04-04 00:00:00,1225080337,reports_raw/companies/603_sh_main/603214_爱婴室/2025/1225080337.pdf,https://static.cninfo.com.cn/finalpage/2026-04-04/1225080337.PDF
603223,恒通股份,恒通物流股份有限公司2025年年度报告,2026-04-18 00:00:00,1225117305,reports_raw/companies/603_sh_main/603223_恒通股份/2025/1225117305.pdf,https://static.cninfo.com.cn/finalpage/2026-04-18/1225117305.PDF
603225,新凤鸣,2025年年度报告全文,2026-04-17 00:00:00,1225109967,reports_raw/companies/603_sh_main/603225_新凤鸣/2025/1225109967.pdf,https://static.cninfo.com.cn/finalpage/2026-04-17/1225109967.PDF
603230,内蒙新华,内蒙古新华发行集团股份有限公司2025年年度报告,2026-04-10 00:00:00,1225091440,reports_raw/companies/603_sh_main/603230_内蒙新华/2025/1225091440.pdf,https://static.cninfo.com.cn/finalpage/2026-04-10/1225091440.PDF
603239,浙江仙通,浙江仙通-2025年年度报告,2026-04-08 00:00:00,1225083392,reports_raw/companies/603_sh_main/603239_浙江仙通/2025/1225083392.pdf,https://static.cninfo.com.cn/finalpage/2026-04-08/1225083392.PDF
603256,宏和科技,宏和科技2025年年度报告,2026-04-10 00:00:00,1225088508,reports_raw/companies/603_sh_main/603256_宏和科技/2025/1225088508.pdf,https://static.cninfo.com.cn/finalpage/2026-04-10/1225088508.PDF
603258,电魂网络,2025年年度报告,2026-04-03 00:00:00,1225078152,reports_raw/companies/603_sh_main/603258_电魂网络/2025/1225078152.pdf,https://static.cninfo.com.cn/finalpage/2026-04-03/1225078152.PDF
603260,合盛硅业,合盛硅业2025年年度报告,2026-04-17 00:00:00,1225113194,reports_raw/companies/603_sh_main/603260_合盛硅业/2025/1225113194.pdf,https://static.cninfo.com.cn/finalpage/2026-04-17/1225113194.PDF
603303,得邦照明,横店集团得邦照明股份有限公司2025年年度报告（修订版）,2026-04-01 00:00:00,1225068319,reports_raw/companies/603_sh_main/603303_得邦照明/2025/1225068319.pdf,https://static.cninfo.com.cn/finalpage/2026-04-01/1225068319.PDF
603320,迪贝电气,2025年年度报告,2026-04-17 00:00:00,1225110394,reports_raw/companies/603_sh_main/603320_迪贝电气/2025/1225110394.pdf,https://static.cninfo.com.cn/finalpage/2026-04-17/1225110394.PDF
603332,苏州龙杰,2025年年度报告,2026-04-18 00:00:00,1225115176,reports_raw/companies/603_sh_main/603332_苏州龙杰/2025/1225115176.pdf,https://static.cninfo.com.cn/finalpage/2026-04-18/1225115176.PDF
603334,丰倍生物,丰倍生物2025年年度报告,2026-04-10 00:00:00,1225090663,reports_raw/companies/603_sh_main/603334_丰倍生物/2025/1225090663.pdf,https://static.cninfo.com.cn/finalpage/2026-04-10/1225090663.PDF
603335,迪生力,迪生力2025年年度报告,2026-04-09 00:00:00,1225084669,reports_raw/companies/603_sh_main/603335_迪生力/2025/1225084669.pdf,https://static.cninfo.com.cn/finalpage/2026-04-09/1225084669.PDF
603338,浙江鼎力,浙江鼎力机械股份有限公司2025年年度报告,2026-04-17 00:00:00,1225110692,reports_raw/companies/603_sh_main/603338_浙江鼎力/2025/1225110692.pdf,https://static.cninfo.com.cn/finalpage/2026-04-17/1225110692.PDF
603350,安乃达,2025年年度报告,2026-04-10 00:00:00,1225089285,reports_raw/companies/603_sh_main/603350_安乃达/2025/1225089285.pdf,https://static.cninfo.com.cn/finalpage/2026-04-10/1225089285.PDF
603355,莱克电气,莱克电气2025年年度报告,2026-04-16 00:00:00,1225106543,reports_raw/companies/603_sh_main/603355_莱克电气/2025/1225106543.pdf,https://static.cninfo.com.cn/finalpage/2026-04-16/1225106543.PDF
603367,辰欣药业,辰欣药业股份有限公司2025年年度报告,2026-04-03 00:00:00,1225075195,reports_raw/companies/603_sh_main/603367_辰欣药业/2025/1225075195.pdf,https://static.cninfo.com.cn/finalpage/2026-04-03/1225075195.PDF
603377,ST东时,2025年年度报告,2026-04-18 00:00:00,1225123754,reports_raw/companies/603_sh_main/603377_ST东时/2025/1225123754.pdf,https://static.cninfo.com.cn/finalpage/2026-04-18/1225123754.PDF
603383,顶点软件,顶点软件2025年年度报告,2026-04-16 00:00:00,1225107714,reports_raw/companies/603_sh_main/603383_顶点软件/2025/1225107714.pdf,https://static.cninfo.com.cn/finalpage/2026-04-16/1225107714.PDF
603391,力聚热能,2025年年度报告,2026-04-10 00:00:00,1225087247,reports_raw/companies/603_sh_main/603391_力聚热能/2025/1225087247.pdf,https://static.cninfo.com.cn/finalpage/2026-04-10/1225087247.PDF
603409,汇通控股,2025年年度报告,2026-04-18 00:00:00,1225118256,reports_raw/companies/603_sh_main/603409_汇通控股/2025/1225118256.pdf,https://static.cninfo.com.cn/finalpage/2026-04-18/1225118256.PDF
603458,勘设股份,勘设股份2025年年度报告,2026-04-04 00:00:00,1225079623,reports_raw/companies/603_sh_main/603458_勘设股份/2025/1225079623.pdf,https://static.cninfo.com.cn/finalpage/2026-04-04/1225079623.PDF
603496,恒为科技,2025年年度报告,2026-04-17 00:00:00,1225111374,reports_raw/companies/603_sh_main/603496_恒为科技/2025/1225111374.pdf,https://static.cninfo.com.cn/finalpage/2026-04-17/1225111374.PDF
603507,振江股份,振江股份2025年年度报告,2026-04-01 00:00:00,1225068679,reports_raw/companies/603_sh_main/603507_振江股份/2025/1225068679.pdf,https://static.cninfo.com.cn/finalpage/2026-04-01/1225068679.PDF
603508,思维列控,思维列控：2025年年度报告,2026-04-11 00:00:00,1225096835,reports_raw/companies/603_sh_main/603508_思维列控/2025/1225096835.pdf,https://static.cninfo.com.cn/finalpage/2026-04-11/1225096835.PDF
603519,立霸股份,立霸股份：2025年年度报告,2026-04-18 00:00:00,1225118665,reports_raw/companies/603_sh_main/603519_立霸股份/2025/1225118665.pdf,https://static.cninfo.com.cn/finalpage/2026-04-18/1225118665.PDF
603530,神马电力,神马电力2025年年度报告,2026-04-17 00:00:00,1225114401,reports_raw/companies/603_sh_main/603530_神马电力/2025/1225114401.pdf,https://static.cninfo.com.cn/finalpage/2026-04-17/1225114401.PDF
603536,惠发食品,惠发食品2025年年度报告,2026-04-16 00:00:00,1225106735,reports_raw/companies/603_sh_main/603536_惠发食品/2025/1225106735.pdf,https://static.cninfo.com.cn/finalpage/2026-04-16/1225106735.PDF
603568,伟明环保,伟明环保2025年年度报告,2026-04-18 00:00:00,1225119800,reports_raw/companies/603_sh_main/603568_伟明环保/2025/1225119800.pdf,https://static.cninfo.com.cn/finalpage/2026-04-18/1225119800.PDF
603586,金麒麟,山东金麒麟股份有限公司2025年年度报告,2026-04-04 00:00:00,1225080298,reports_raw/companies/603_sh_main/603586_金麒麟/2025/1225080298.pdf,https://static.cninfo.com.cn/finalpage/2026-04-04/1225080298.PDF
603587,地素时尚,地素时尚2025年年度报告,2026-04-18 00:00:00,1225121530,reports_raw/companies/603_sh_main/603587_地素时尚/2025/1225121530.pdf,https://static.cninfo.com.cn/finalpage/2026-04-18/1225121530.PDF
603595,ST东尼,浙江东尼电子股份有限公司2025年年度报告,2026-04-18 00:00:00,1225121792,reports_raw/companies/603_sh_main/603595_ST东尼/2025/1225121792.pdf,https://static.cninfo.com.cn/finalpage/2026-04-18/1225121792.PDF
603610,麒盛科技,麒盛科技2025年年度报告,2026-04-18 00:00:00,1225122654,reports_raw/companies/603_sh_main/603610_麒盛科技/2025/1225122654.pdf,https://static.cninfo.com.cn/finalpage/2026-04-18/1225122654.PDF
603615,茶花股份,2025年年度报告,2026-04-18 00:00:00,1225117336,reports_raw/companies/603_sh_main/603615_茶花股份/2025/1225117336.pdf,https://static.cninfo.com.cn/finalpage/2026-04-18/1225117336.PDF
603619,中曼石油,中曼石油2025年年度报告,2026-04-15 00:00:00,1225103636,reports_raw/companies/603_sh_main/603619_中曼石油/2025/1225103636.pdf,https://static.cninfo.com.cn/finalpage/2026-04-15/1225103636.PDF
603637,镇海股份,镇海石化工程股份有限公司2025年年度报告全文,2026-04-17 00:00:00,1225110116,reports_raw/companies/603_sh_main/603637_镇海股份/2025/1225110116.pdf,https://static.cninfo.com.cn/finalpage/2026-04-17/1225110116.PDF
603650,彤程新材,彤程新材料集团股份有限公司2025年年度报告,2026-04-18 00:00:00,1225115153,reports_raw/companies/603_sh_main/603650_彤程新材/2025/1225115153.pdf,https://static.cninfo.com.cn/finalpage/2026-04-18/1225115153.PDF
603665,康隆达,康隆达2025年年度报告,2026-04-11 00:00:00,1225093086,reports_raw/companies/603_sh_main/603665_康隆达/2025/1225093086.pdf,https://static.cninfo.com.cn/finalpage/2026-04-11/1225093086.PDF
603683,晶华新材,晶华新材2025年年度报告,2026-04-17 00:00:00,1225112025,reports_raw/companies/603_sh_main/603683_晶华新材/2025/1225112025.pdf,https://static.cninfo.com.cn/finalpage/2026-04-17/1225112025.PDF
603689,皖天然气,2025年年度报告,2026-04-10 00:00:00,1225087145,reports_raw/companies/603_sh_main/603689_皖天然气/2025/1225087145.pdf,https://static.cninfo.com.cn/finalpage/2026-04-10/1225087145.PDF
603699,纽威股份,纽威股份2025年年度报告,2026-04-18 00:00:00,1225117385,reports_raw/companies/603_sh_main/603699_纽威股份/2025/1225117385.pdf,https://static.cninfo.com.cn/finalpage/2026-04-18/1225117385.PDF
603700,宁水集团,2025年年度报告,2026-04-17 00:00:00,1225110032,reports_raw/companies/603_sh_main/603700_宁水集团/2025/1225110032.pdf,https://static.cninfo.com.cn/finalpage/2026-04-17/1225110032.PDF
603701,德宏股份,浙江德宏汽车电子电器股份有限公司2025年年度报告,2026-04-13 00:00:00,1225096949,reports_raw/companies/603_sh_main/603701_德宏股份/2025/1225096949.pdf,https://static.cninfo.com.cn/finalpage/2026-04-13/1225096949.PDF
603708,家家悦,家家悦集团股份有限公司2025年年度报告,2026-04-18 00:00:00,1225122068,reports_raw/companies/603_sh_main/603708_家家悦/2025/1225122068.pdf,https://static.cninfo.com.cn/finalpage/2026-04-18/1225122068.PDF
603713,密尔克卫,密尔克卫智能供应链服务集团股份有限公司2025年年度报告,2026-04-10 00:00:00,1225090166,reports_raw/companies/603_sh_main/603713_密尔克卫/2025/1225090166.pdf,https://static.cninfo.com.cn/finalpage/2026-04-10/1225090166.PDF
603721,*ST天择,中广天择传媒股份有限公司2025年年度报告,2026-04-18 00:00:00,1225119820,reports_raw/companies/603_sh_main/603721_ST天择/2025/1225119820.pdf,https://static.cninfo.com.cn/finalpage/2026-04-18/1225119820.PDF
603725,天安新材,天安新材2025年年度报告,2026-04-17 00:00:00,1225113253,reports_raw/companies/603_sh_main/603725_天安新材/2025/1225113253.pdf,https://static.cninfo.com.cn/finalpage/2026-04-17/1225113253.PDF
603766,隆鑫通用,隆鑫通用动力股份有限公司2025年年度报告,2026-04-18 00:00:00,1225117448,reports_raw/companies/603_sh_main/603766_隆鑫通用/2025/1225117448.pdf,https://static.cninfo.com.cn/finalpage/2026-04-18/1225117448.PDF
603767,中马传动,2025年年度报告,2026-04-02 00:00:00,1225072203,reports_raw/companies/603_sh_main/603767_中马传动/2025/1225072203.pdf,https://static.cninfo.com.cn/finalpage/2026-04-02/1225072203.PDF
603799,华友钴业,华友钴业2025年年度报告,2026-04-08 00:00:00,1225083106,reports_raw/companies/603_sh_main/603799_华友钴业/2025/1225083106.pdf,https://static.cninfo.com.cn/finalpage/2026-04-08/1225083106.PDF
603806,福斯特,福斯特2025年年度报告,2026-04-09 00:00:00,1225084000,reports_raw/companies/603_sh_main/603806_福斯特/2025/1225084000.pdf,https://static.cninfo.com.cn/finalpage/2026-04-09/1225084000.PDF
603822,ST嘉澳,2025年年度报告,2026-04-10 00:00:00,1225091341,reports_raw/companies/603_sh_main/603822_ST嘉澳/2025/1225091341.pdf,https://static.cninfo.com.cn/finalpage/2026-04-10/1225091341.PDF
603836,海程邦达,2025年年度报告,2026-04-18 00:00:00,1225121696,reports_raw/companies/603_sh_main/603836_海程邦达/2025/1225121696.pdf,https://static.cninfo.com.cn/finalpage/2026-04-18/1225121696.PDF
603869,ST智知,新智认知数字科技股份有限公司2025年年度报告,2026-04-10 00:00:00,1225090644,reports_raw/companies/603_sh_main/603869_ST智知/2025/1225090644.pdf,https://static.cninfo.com.cn/finalpage/2026-04-10/1225090644.PDF
603877,太平鸟,2025年年度报告,2026-04-17 00:00:00,1225112527,reports_raw/companies/603_sh_main/603877_太平鸟/2025/1225112527.pdf,https://static.cninfo.com.cn/finalpage/2026-04-17/1225112527.PDF
603881,数据港,上海数据港股份有限公司2025年年度报告,2026-04-18 00:00:00,1225123460,reports_raw/companies/603_sh_main/603881_数据港/2025/1225123460.pdf,https://static.cninfo.com.cn/finalpage/2026-04-18/1225123460.PDF
603889,新澳股份,新澳股份2025年年度报告,2026-04-10 00:00:00,1225088132,reports_raw/companies/603_sh_main/603889_新澳股份/2025/1225088132.pdf,https://static.cninfo.com.cn/finalpage/2026-04-10/1225088132.PDF
603893,瑞芯微,2025年年度报告,2026-04-15 00:00:00,1225103780,reports_raw/companies/603_sh_main/603893_瑞芯微/2025/1225103780.pdf,https://static.cninfo.com.cn/finalpage/2026-04-15/1225103780.PDF
603899,晨光股份,上海晨光文具股份有限公司2025年年度报告,2026-04-01 00:00:00,1225069140,reports_raw/companies/603_sh_main/603899_晨光股份/2025/1225069140.pdf,https://static.cninfo.com.cn/finalpage/2026-04-01/1225069140.PDF
603900,莱绅通灵,莱绅通灵2025年年度报告,2026-04-17 00:00:00,1225111641,reports_raw/companies/603_sh_main/603900_莱绅通灵/2025/1225111641.pdf,https://static.cninfo.com.cn/finalpage/2026-04-17/1225111641.PDF
603916,苏博特,2025年年度报告,2026-04-16 00:00:00,1225107626,reports_raw/companies/603_sh_main/603916_苏博特/2025/1225107626.pdf,https://static.cninfo.com.cn/finalpage/2026-04-16/1225107626.PDF
603928,兴业股份,兴业股份2025年年度报告,2026-04-17 00:00:00,1225110258,reports_raw/companies/603_sh_main/603928_兴业股份/2025/1225110258.pdf,https://static.cninfo.com.cn/finalpage/2026-04-17/1225110258.PDF
603938,三孚股份,三孚股份：2025年年度报告,2026-04-16 00:00:00,1225106878,reports_raw/companies/603_sh_main/603938_三孚股份/2025/1225106878.pdf,https://static.cninfo.com.cn/finalpage/2026-04-16/1225106878.PDF
603949,雪龙集团,雪龙集团股份有限公司2025年年度报告,2026-04-11 00:00:00,1225094085,reports_raw/companies/603_sh_main/603949_雪龙集团/2025/1225094085.pdf,https://static.cninfo.com.cn/finalpage/2026-04-11/1225094085.PDF
603955,大千生态,大千生态2025年年度报告,2026-04-14 00:00:00,1225099567,reports_raw/companies/603_sh_main/603955_大千生态/2025/1225099567.pdf,https://static.cninfo.com.cn/finalpage/2026-04-14/1225099567.PDF
603966,法兰泰克,2025年年度报告全文,2026-04-18 00:00:00,1225115783,reports_raw/companies/603_sh_main/603966_法兰泰克/2025/1225115783.pdf,https://static.cninfo.com.cn/finalpage/2026-04-18/1225115783.PDF
603977,国泰集团,江西国泰集团股份有限公司2025年年度报告,2026-04-16 00:00:00,1225106884,reports_raw/companies/603_sh_main/603977_国泰集团/2025/1225106884.pdf,https://static.cninfo.com.cn/finalpage/2026-04-16/1225106884.PDF
603983,丸美生物,广东丸美生物技术股份有限公司2025年年度报告,2026-04-01 00:00:00,1225068897,reports_raw/companies/603_sh_main/603983_丸美生物/2025/1225068897.pdf,https://static.cninfo.com.cn/finalpage/2026-04-01/1225068897.PDF
603988,中电电机,中电电机2025年年度报告,2026-04-18 00:00:00,1225117864,reports_raw/companies/603_sh_main/603988_中电电机/2025/1225117864.pdf,https://static.cninfo.com.cn/finalpage/2026-04-18/1225117864.PDF
603993,洛阳钼业,洛阳钼业2025年年度报告（更新版）,2026-04-02 00:00:00,1225072765,reports_raw/companies/603_sh_main/603993_洛阳钼业/2025/1225072765.pdf,https://static.cninfo.com.cn/finalpage/2026-04-02/1225072765.PDF
603995,甬金股份,2025年年度报告,2026-04-10 00:00:00,1225090328,reports_raw/companies/603_sh_main/603995_甬金股份/2025/1225090328.pdf,https://static.cninfo.com.cn/finalpage/2026-04-10/1225090328.PDF
605006,山东玻纤,山东玻纤集团股份有限公司2025年年度报告,2026-04-09 00:00:00,1225085975,reports_raw/companies/605_sh_main/605006_山东玻纤/2025/1225085975.pdf,https://static.cninfo.com.cn/finalpage/2026-04-09/1225085975.PDF
605007,五洲特纸,五洲特种纸业集团股份有限公司2025年年度报告,2026-04-18 00:00:00,1225117869,reports_raw/companies/605_sh_main/605007_五洲特纸/2025/1225117869.pdf,https://static.cninfo.com.cn/finalpage/2026-04-18/1225117869.PDF
605011,杭州热电,杭州热电集团股份有限公司2025年年度报告,2026-04-18 00:00:00,1225117417,reports_raw/companies/605_sh_main/605011_杭州热电/2025/1225117417.pdf,https://static.cninfo.com.cn/finalpage/2026-04-18/1225117417.PDF
605016,百龙创园,2025年年度报告,2026-04-08 00:00:00,1225082895,reports_raw/companies/605_sh_main/605016_百龙创园/2025/1225082895.pdf,https://static.cninfo.com.cn/finalpage/2026-04-08/1225082895.PDF
605020,永和股份,浙江永和制冷股份有限公司2025年年度报告,2026-04-03 00:00:00,1225076790,reports_raw/companies/605_sh_main/605020_永和股份/2025/1225076790.pdf,https://static.cninfo.com.cn/finalpage/2026-04-03/1225076790.PDF
605050,福然德,福然德股份有限公司2025年年度报告,2026-04-17 00:00:00,1225112102,reports_raw/companies/605_sh_main/605050_福然德/2025/1225112102.pdf,https://static.cninfo.com.cn/finalpage/2026-04-17/1225112102.PDF
605058,澳弘电子,澳弘电子2025年年度报告,2026-04-16 00:00:00,1225105752,reports_raw/companies/605_sh_main/605058_澳弘电子/2025/1225105752.pdf,https://static.cninfo.com.cn/finalpage/2026-04-16/1225105752.PDF
605066,天正电气,2025年年度报告,2026-04-18 00:00:00,1225116565,reports_raw/companies/605_sh_main/605066_天正电气/2025/1225116565.pdf,https://static.cninfo.com.cn/finalpage/2026-04-18/1225116565.PDF
605086,龙高股份,龙岩高岭土股份有限公司2025年年度报告,2026-04-10 00:00:00,1225088652,reports_raw/companies/605_sh_main/605086_龙高股份/2025/1225088652.pdf,https://static.cninfo.com.cn/finalpage/2026-04-10/1225088652.PDF
605098,行动教育,2025年年度报告,2026-04-15 00:00:00,1225102683,reports_raw/companies/605_sh_main/605098_行动教育/2025/1225102683.pdf,https://static.cninfo.com.cn/finalpage/2026-04-15/1225102683.PDF
605100,华丰股份,华丰动力股份有限公司2025年年度报告,2026-04-11 00:00:00,1225093743,reports_raw/companies/605_sh_main/605100_华丰股份/2025/1225093743.pdf,https://static.cninfo.com.cn/finalpage/2026-04-11/1225093743.PDF
605116,奥锐特,奥锐特药业股份有限公司2025年年度报告,2026-04-17 00:00:00,1225111116,reports_raw/companies/605_sh_main/605116_奥锐特/2025/1225111116.pdf,https://static.cninfo.com.cn/finalpage/2026-04-17/1225111116.PDF
605117,德业股份,2025年年度报告,2026-04-10 00:00:00,1225089135,reports_raw/companies/605_sh_main/605117_德业股份/2025/1225089135.pdf,https://static.cninfo.com.cn/finalpage/2026-04-10/1225089135.PDF
605118,力鼎光电,力鼎光电2025年年度报告,2026-04-15 00:00:00,1225103448,reports_raw/companies/605_sh_main/605118_力鼎光电/2025/1225103448.pdf,https://static.cninfo.com.cn/finalpage/2026-04-15/1225103448.PDF
605128,上海沿浦,上海沿浦精工科技（集团）股份有限公司2025年年度报告,2026-04-17 00:00:00,1225113601,reports_raw/companies/605_sh_main/605128_上海沿浦/2025/1225113601.pdf,https://static.cninfo.com.cn/finalpage/2026-04-17/1225113601.PDF
605133,嵘泰股份,嵘泰股份2025年年度报告,2026-04-15 00:00:00,1225101273,reports_raw/companies/605_sh_main/605133_嵘泰股份/2025/1225101273.pdf,https://static.cninfo.com.cn/finalpage/2026-04-15/1225101273.PDF
605166,聚合顺,聚合顺新材料股份有限公司2025年年度报告,2026-04-16 00:00:00,1225105808,reports_raw/companies/605_sh_main/605166_聚合顺/2025/1225105808.pdf,https://static.cninfo.com.cn/finalpage/2026-04-16/1225105808.PDF
605168,三人行,三人行：2025年年度报告全文,2026-04-18 00:00:00,1225117446,reports_raw/companies/605_sh_main/605168_三人行/2025/1225117446.pdf,https://static.cninfo.com.cn/finalpage/2026-04-18/1225117446.PDF
605178,时空科技,2025年年度报告,2026-04-18 00:00:00,1225122793,reports_raw/companies/605_sh_main/605178_时空科技/2025/1225122793.pdf,https://static.cninfo.com.cn/finalpage/2026-04-18/1225122793.PDF
605208,永茂泰,2025年年度报告,2026-04-11 00:00:00,1225093779,reports_raw/companies/605_sh_main/605208_永茂泰/2025/1225093779.pdf,https://static.cninfo.com.cn/finalpage/2026-04-11/1225093779.PDF
605286,同力天启,同力天启2025年年度报告,2026-04-09 00:00:00,1225084875,reports_raw/companies/605_sh_main/605286_同力天启/2025/1225084875.pdf,https://static.cninfo.com.cn/finalpage/2026-04-09/1225084875.PDF
605289,罗曼股份,罗曼股份：2025年年度报告,2026-04-03 00:00:00,1225076520,reports_raw/companies/605_sh_main/605289_罗曼股份/2025/1225076520.pdf,https://static.cninfo.com.cn/finalpage/2026-04-03/1225076520.PDF
605298,必得科技,江苏必得科技股份有限公司2025年年度报告,2026-04-10 00:00:00,1225088888,reports_raw/companies/605_sh_main/605298_必得科技/2025/1225088888.pdf,https://static.cninfo.com.cn/finalpage/2026-04-10/1225088888.PDF
605305,中际联合,中际联合2025年年度报告,2026-04-15 00:00:00,1225100599,reports_raw/companies/605_sh_main/605305_中际联合/2025/1225100599.pdf,https://static.cninfo.com.cn/finalpage/2026-04-15/1225100599.PDF
605338,巴比食品,2025年年度报告,2026-04-10 00:00:00,1225091347,reports_raw/companies/605_sh_main/605338_巴比食品/2025/1225091347.pdf,https://static.cninfo.com.cn/finalpage/2026-04-10/1225091347.PDF
605366,宏柏新材,江西宏柏新材料股份有限公司2025年年度报告,2026-04-17 00:00:00,1225114813,reports_raw/companies/605_sh_main/605366_宏柏新材/2025/1225114813.pdf,https://static.cninfo.com.cn/finalpage/2026-04-17/1225114813.PDF
605376,博迁新材,江苏博迁新材料股份有限公司2025年年度报告,2026-04-18 00:00:00,1225119301,reports_raw/companies/605_sh_main/605376_博迁新材/2025/1225119301.pdf,https://static.cninfo.com.cn/finalpage/2026-04-18/1225119301.PDF
605580,恒盛能源,恒盛能源股份有限公司2025年年度报告全文,2026-04-16 00:00:00,1225108338,reports_raw/companies/605_sh_main/605580_恒盛能源/2025/1225108338.pdf,https://static.cninfo.com.cn/finalpage/2026-04-16/1225108338.PDF
688002,睿创微纳,2025年年度报告,2026-04-10 00:00:00,1225091244,reports_raw/companies/688_star/688002_睿创微纳/2025/1225091244.pdf,https://static.cninfo.com.cn/finalpage/2026-04-10/1225091244.PDF
688004,博汇科技,博汇科技2025年年度报告,2026-04-17 00:00:00,1225112698,reports_raw/companies/688_star/688004_博汇科技/2025/1225112698.pdf,https://static.cninfo.com.cn/finalpage/2026-04-17/1225112698.PDF
688005,容百科技,2025年年度报告,2026-04-11 00:00:00,1225095564,reports_raw/companies/688_star/688005_容百科技/2025/1225095564.pdf,https://static.cninfo.com.cn/finalpage/2026-04-11/1225095564.PDF
688006,杭可科技,浙江杭可科技股份有限公司2025年年度报告,2026-04-15 00:00:00,1225104360,reports_raw/companies/688_star/688006_杭可科技/2025/1225104360.pdf,https://static.cninfo.com.cn/finalpage/2026-04-15/1225104360.PDF
688019,安集科技,2025年年度报告,2026-04-16 00:00:00,1225108553,reports_raw/companies/688_star/688019_安集科技/2025/1225108553.pdf,https://static.cninfo.com.cn/finalpage/2026-04-16/1225108553.PDF
688028,沃尔德,2025年年度报告,2026-04-10 00:00:00,1225088739,reports_raw/companies/688_star/688028_沃尔德/2025/1225088739.pdf,https://static.cninfo.com.cn/finalpage/2026-04-10/1225088739.PDF
688035,德邦科技,烟台德邦科技股份有限公司2025年年度报告,2026-04-11 00:00:00,1225096035,reports_raw/companies/688_star/688035_德邦科技/2025/1225096035.pdf,https://static.cninfo.com.cn/finalpage/2026-04-11/1225096035.PDF
688037,芯源微,芯源微2025年年度报告,2026-04-18 00:00:00,1225120170,reports_raw/companies/688_star/688037_芯源微/2025/1225120170.pdf,https://static.cninfo.com.cn/finalpage/2026-04-18/1225120170.PDF
688041,海光信息,海光信息技术股份有限公司2025年年度报告,2026-04-08 00:00:00,1225083088,reports_raw/companies/688_star/688041_海光信息/2025/1225083088.pdf,https://static.cninfo.com.cn/finalpage/2026-04-08/1225083088.PDF
688048,长光华芯,2025年年度报告,2026-04-18 00:00:00,1225123248,reports_raw/companies/688_star/688048_长光华芯/2025/1225123248.pdf,https://static.cninfo.com.cn/finalpage/2026-04-18/1225123248.PDF
688051,佳华科技,2025年年度报告,2026-04-11 00:00:00,1225096399,reports_raw/companies/688_star/688051_佳华科技/2025/1225096399.pdf,https://static.cninfo.com.cn/finalpage/2026-04-11/1225096399.PDF
688063,派能科技,上海派能能源科技股份有限公司2025年年度报告,2026-04-01 00:00:00,1225068748,reports_raw/companies/688_star/688063_派能科技/2025/1225068748.pdf,https://static.cninfo.com.cn/finalpage/2026-04-01/1225068748.PDF
688069,德林海,德林海2025年年度报告,2026-04-18 00:00:00,1225115382,reports_raw/companies/688_star/688069_德林海/2025/1225115382.pdf,https://static.cninfo.com.cn/finalpage/2026-04-18/1225115382.PDF
688070,纵横股份,2025年年度报告,2026-04-01 00:00:00,1225067159,reports_raw/companies/688_star/688070_纵横股份/2025/1225067159.pdf,https://static.cninfo.com.cn/finalpage/2026-04-01/1225067159.PDF
688093,世华科技,2025年年度报告,2026-04-18 00:00:00,1225123700,reports_raw/companies/688_star/688093_世华科技/2025/1225123700.pdf,https://static.cninfo.com.cn/finalpage/2026-04-18/1225123700.PDF
688097,博众精工,2025年年度报告,2026-04-11 00:00:00,1225096862,reports_raw/companies/688_star/688097_博众精工/2025/1225096862.pdf,https://static.cninfo.com.cn/finalpage/2026-04-11/1225096862.PDF
688126,沪硅产业,沪硅产业2025年年度报告,2026-04-17 00:00:00,1225114274,reports_raw/companies/688_star/688126_沪硅产业/2025/1225114274.pdf,https://static.cninfo.com.cn/finalpage/2026-04-17/1225114274.PDF
688148,芳源股份,芳源股份2025年年度报告,2026-04-17 00:00:00,1225111227,reports_raw/companies/688_star/688148_芳源股份/2025/1225111227.pdf,https://static.cninfo.com.cn/finalpage/2026-04-17/1225111227.PDF
688158,优刻得,优刻得2025年年度报告,2026-04-10 00:00:00,1225091061,reports_raw/companies/688_star/688158_优刻得/2025/1225091061.pdf,https://static.cninfo.com.cn/finalpage/2026-04-10/1225091061.PDF
688160,步科股份,2025年年度报告,2026-04-03 00:00:00,1225075576,reports_raw/companies/688_star/688160_步科股份/2025/1225075576.pdf,https://static.cninfo.com.cn/finalpage/2026-04-03/1225075576.PDF
688165,埃夫特,埃夫特2025年年度报告,2026-04-15 00:00:00,1225101939,reports_raw/companies/688_star/688165_埃夫特/2025/1225101939.pdf,https://static.cninfo.com.cn/finalpage/2026-04-15/1225101939.PDF
688168,安博通,2025年年度报告,2026-04-10 00:00:00,1225090466,reports_raw/companies/688_star/688168_安博通/2025/1225090466.pdf,https://static.cninfo.com.cn/finalpage/2026-04-10/1225090466.PDF
688173,希荻微,希荻微2025年年度报告,2026-04-17 00:00:00,1225113660,reports_raw/companies/688_star/688173_希荻微/2025/1225113660.pdf,https://static.cninfo.com.cn/finalpage/2026-04-17/1225113660.PDF
688175,高凌信息,2025年年度报告,2026-04-18 00:00:00,1225115861,reports_raw/companies/688_star/688175_高凌信息/2025/1225115861.pdf,https://static.cninfo.com.cn/finalpage/2026-04-18/1225115861.PDF
688176,亚虹医药,江苏亚虹医药科技股份有限公司2025年年度报告,2026-04-18 00:00:00,1225119984,reports_raw/companies/688_star/688176_亚虹医药/2025/1225119984.pdf,https://static.cninfo.com.cn/finalpage/2026-04-18/1225119984.PDF
688181,八亿时空,八亿时空2025年年度报告,2026-04-18 00:00:00,1225123482,reports_raw/companies/688_star/688181_八亿时空/2025/1225123482.pdf,https://static.cninfo.com.cn/finalpage/2026-04-18/1225123482.PDF
688188,柏楚电子,2025年年度报告,2026-04-10 00:00:00,1225091045,reports_raw/companies/688_star/688188_柏楚电子/2025/1225091045.pdf,https://static.cninfo.com.cn/finalpage/2026-04-10/1225091045.PDF
688197,首药控股,首药控股（北京）股份有限公司2025年年度报告,2026-04-18 00:00:00,1225117873,reports_raw/companies/688_star/688197_首药控股/2025/1225117873.pdf,https://static.cninfo.com.cn/finalpage/2026-04-18/1225117873.PDF
688203,海正生材,浙江海正生物材料股份有限公司2025年年度报告,2026-04-14 00:00:00,1225098006,reports_raw/companies/688_star/688203_海正生材/2025/1225098006.pdf,https://static.cninfo.com.cn/finalpage/2026-04-14/1225098006.PDF
688206,概伦电子,2025年年度报告,2026-04-16 00:00:00,1225108676,reports_raw/companies/688_star/688206_概伦电子/2025/1225108676.pdf,https://static.cninfo.com.cn/finalpage/2026-04-16/1225108676.PDF
688216,气派科技,气派科技股份有限公司2025年年度报告,2026-04-02 00:00:00,1225072844,reports_raw/companies/688_star/688216_气派科技/2025/1225072844.pdf,https://static.cninfo.com.cn/finalpage/2026-04-02/1225072844.PDF
688217,睿昂基因,睿昂基因2025年年度报告,2026-04-11 00:00:00,1225095369,reports_raw/companies/688_star/688217_睿昂基因/2025/1225095369.pdf,https://static.cninfo.com.cn/finalpage/2026-04-11/1225095369.PDF
688225,亚信安全,2025年年度报告,2026-04-11 00:00:00,1225095813,reports_raw/companies/688_star/688225_亚信安全/2025/1225095813.pdf,https://static.cninfo.com.cn/finalpage/2026-04-11/1225095813.PDF
688232,新点软件,新点软件2025年年度报告,2026-04-11 00:00:00,1225092766,reports_raw/companies/688_star/688232_新点软件/2025/1225092766.pdf,https://static.cninfo.com.cn/finalpage/2026-04-11/1225092766.PDF
688235,百济神州,百济神州有限公司2025年年度报告,2026-04-15 00:00:00,1225104515,reports_raw/companies/688_star/688235_百济神州/2025/1225104515.pdf,https://static.cninfo.com.cn/finalpage/2026-04-15/1225104515.PDF
688252,天德钰,深圳天德钰科技股份有限公司2025年年度报告,2026-04-09 00:00:00,1225086171,reports_raw/companies/688_star/688252_天德钰/2025/1225086171.pdf,https://static.cninfo.com.cn/finalpage/2026-04-09/1225086171.PDF
688257,新锐股份,新锐股份2025年年度报告,2026-04-14 00:00:00,1225099574,reports_raw/companies/688_star/688257_新锐股份/2025/1225099574.pdf,https://static.cninfo.com.cn/finalpage/2026-04-14/1225099574.PDF
688268,华特气体,广东华特气体股份有限公司2025年年度报告,2026-04-10 00:00:00,1225090204,reports_raw/companies/688_star/688268_华特气体/2025/1225090204.pdf,https://static.cninfo.com.cn/finalpage/2026-04-10/1225090204.PDF
688273,麦澜德,2025年年度报告,2026-04-16 00:00:00,1225108068,reports_raw/companies/688_star/688273_麦澜德/2025/1225108068.pdf,https://static.cninfo.com.cn/finalpage/2026-04-16/1225108068.PDF
688296,和达科技,和达科技2025年年度报告,2026-04-17 00:00:00,1225111920,reports_raw/companies/688_star/688296_和达科技/2025/1225111920.pdf,https://static.cninfo.com.cn/finalpage/2026-04-17/1225111920.PDF
688306,均普智能,宁波均普智能制造股份有限公司2025年年度报告,2026-04-18 00:00:00,1225121295,reports_raw/companies/688_star/688306_均普智能/2025/1225121295.pdf,https://static.cninfo.com.cn/finalpage/2026-04-18/1225121295.PDF
688309,恒誉环保,2025年年度报告,2026-04-10 00:00:00,1225088412,reports_raw/companies/688_star/688309_恒誉环保/2025/1225088412.pdf,https://static.cninfo.com.cn/finalpage/2026-04-10/1225088412.PDF
688312,燕麦科技,2025年年度报告,2026-04-11 00:00:00,1225096753,reports_raw/companies/688_star/688312_燕麦科技/2025/1225096753.pdf,https://static.cninfo.com.cn/finalpage/2026-04-11/1225096753.PDF
688313,仕佳光子,2025年年度报告,2026-04-18 00:00:00,1225122538,reports_raw/companies/688_star/688313_仕佳光子/2025/1225122538.pdf,https://static.cninfo.com.cn/finalpage/2026-04-18/1225122538.PDF
688315,诺禾致源,北京诺禾致源科技股份有限公司2025年年度报告,2026-04-15 00:00:00,1225103513,reports_raw/companies/688_star/688315_诺禾致源/2025/1225103513.pdf,https://static.cninfo.com.cn/finalpage/2026-04-15/1225103513.PDF
688325,赛微微电,2025年年度报告,2026-04-03 00:00:00,1225077308,reports_raw/companies/688_star/688325_赛微微电/2025/1225077308.pdf,https://static.cninfo.com.cn/finalpage/2026-04-03/1225077308.PDF
688328,深科达,2025年年度报告,2026-04-17 00:00:00,1225113586,reports_raw/companies/688_star/688328_深科达/2025/1225113586.pdf,https://static.cninfo.com.cn/finalpage/2026-04-17/1225113586.PDF
688332,中科蓝讯,2025年年度报告,2026-04-09 00:00:00,1225086477,reports_raw/companies/688_star/688332_中科蓝讯/2025/1225086477.pdf,https://static.cninfo.com.cn/finalpage/2026-04-09/1225086477.PDF
688334,西高院,2025年年度报告,2026-04-11 00:00:00,1225095624,reports_raw/companies/688_star/688334_西高院/2025/1225095624.pdf,https://static.cninfo.com.cn/finalpage/2026-04-11/1225095624.PDF
688350,富淼科技,江苏富淼科技股份有限公司2025年年度报告,2026-04-03 00:00:00,1225078234,reports_raw/companies/688_star/688350_富淼科技/2025/1225078234.pdf,https://static.cninfo.com.cn/finalpage/2026-04-03/1225078234.PDF
688368,晶丰明源,上海晶丰明源半导体股份有限公司2025年年度报告,2026-04-18 00:00:00,1225121857,reports_raw/companies/688_star/688368_晶丰明源/2025/1225121857.pdf,https://static.cninfo.com.cn/finalpage/2026-04-18/1225121857.PDF
688371,菲沃泰,2025年年度报告,2026-04-18 00:00:00,1225117914,reports_raw/companies/688_star/688371_菲沃泰/2025/1225117914.pdf,https://static.cninfo.com.cn/finalpage/2026-04-18/1225117914.PDF
688375,国博电子,南京国博电子股份有限公司2025年年度报告,2026-04-10 00:00:00,1225090270,reports_raw/companies/688_star/688375_国博电子/2025/1225090270.pdf,https://static.cninfo.com.cn/finalpage/2026-04-10/1225090270.PDF
688377,迪威尔,迪威尔2025年年度报告,2026-04-17 00:00:00,1225110027,reports_raw/companies/688_star/688377_迪威尔/2025/1225110027.pdf,https://static.cninfo.com.cn/finalpage/2026-04-17/1225110027.PDF
688382,益方生物,益方生物2025年年度报告,2026-04-15 00:00:00,1225104121,reports_raw/companies/688_star/688382_益方生物/2025/1225104121.pdf,https://static.cninfo.com.cn/finalpage/2026-04-15/1225104121.PDF
688401,路维光电,路维光电2025年年度报告,2026-04-17 00:00:00,1225113244,reports_raw/companies/688_star/688401_路维光电/2025/1225113244.pdf,https://static.cninfo.com.cn/finalpage/2026-04-17/1225113244.PDF
688408,中信博,中信博2025年年度报告全文,2026-04-17 00:00:00,1225112901,reports_raw/companies/688_star/688408_中信博/2025/1225112901.pdf,https://static.cninfo.com.cn/finalpage/2026-04-17/1225112901.PDF
688416,恒烁股份,2025年年度报告,2026-04-18 00:00:00,1225123046,reports_raw/companies/688_star/688416_恒烁股份/2025/1225123046.pdf,https://static.cninfo.com.cn/finalpage/2026-04-18/1225123046.PDF
688420,美腾科技,天津美腾科技股份有限公司2025年年度报告,2026-04-18 00:00:00,1225120751,reports_raw/companies/688_star/688420_美腾科技/2025/1225120751.pdf,https://static.cninfo.com.cn/finalpage/2026-04-18/1225120751.PDF
688449,联芸科技,2025年年度报告,2026-04-10 00:00:00,1225091572,reports_raw/companies/688_star/688449_联芸科技/2025/1225091572.pdf,https://static.cninfo.com.cn/finalpage/2026-04-10/1225091572.PDF
688475,萤石网络,2025年年度报告,2026-04-11 00:00:00,1225095309,reports_raw/companies/688_star/688475_萤石网络/2025/1225095309.pdf,https://static.cninfo.com.cn/finalpage/2026-04-11/1225095309.PDF
688479,友车科技,2025年年度报告,2026-04-18 00:00:00,1225121222,reports_raw/companies/688_star/688479_友车科技/2025/1225121222.pdf,https://static.cninfo.com.cn/finalpage/2026-04-18/1225121222.PDF
688486,龙迅股份,龙迅股份2025年年度报告,2026-04-10 00:00:00,1225089605,reports_raw/companies/688_star/688486_龙迅股份/2025/1225089605.pdf,https://static.cninfo.com.cn/finalpage/2026-04-10/1225089605.PDF
688499,利元亨,广东利元亨智能装备股份有限公司2025年年度报告,2026-04-16 00:00:00,1225106170,reports_raw/companies/688_star/688499_利元亨/2025/1225106170.pdf,https://static.cninfo.com.cn/finalpage/2026-04-16/1225106170.PDF
688500,慧辰股份,2025年年度报告全文,2026-04-18 00:00:00,1225120482,reports_raw/companies/688_star/688500_慧辰股份/2025/1225120482.pdf,https://static.cninfo.com.cn/finalpage/2026-04-18/1225120482.PDF
688502,茂莱光学,2025年年度报告,2026-04-11 00:00:00,1225096022,reports_raw/companies/688_star/688502_茂莱光学/2025/1225096022.pdf,https://static.cninfo.com.cn/finalpage/2026-04-11/1225096022.PDF
688510,航亚科技,无锡航亚科技股份有限公司2025年年度报告,2026-04-17 00:00:00,1225111164,reports_raw/companies/688_star/688510_航亚科技/2025/1225111164.pdf,https://static.cninfo.com.cn/finalpage/2026-04-17/1225111164.PDF
688522,纳睿雷达,广东纳睿雷达科技股份有限公司2025年年度报告,2026-04-18 00:00:00,1225117450,reports_raw/companies/688_star/688522_纳睿雷达/2025/1225117450.pdf,https://static.cninfo.com.cn/finalpage/2026-04-18/1225117450.PDF
688526,科前生物,武汉科前生物股份有限公司2025年年度报告,2026-04-08 00:00:00,1225082868,reports_raw/companies/688_star/688526_科前生物/2025/1225082868.pdf,https://static.cninfo.com.cn/finalpage/2026-04-08/1225082868.PDF
688530,欧莱新材,欧莱新材2025年年度报告,2026-04-18 00:00:00,1225123381,reports_raw/companies/688_star/688530_欧莱新材/2025/1225123381.pdf,https://static.cninfo.com.cn/finalpage/2026-04-18/1225123381.PDF
688531,日联科技,2025年年度报告,2026-04-18 00:00:00,1225120662,reports_raw/companies/688_star/688531_日联科技/2025/1225120662.pdf,https://static.cninfo.com.cn/finalpage/2026-04-18/1225120662.PDF
688557,兰剑智能,兰剑智能科技股份有限公司2025年年度报告,2026-04-09 00:00:00,1225085900,reports_raw/companies/688_star/688557_兰剑智能/2025/1225085900.pdf,https://static.cninfo.com.cn/finalpage/2026-04-09/1225085900.PDF
688558,国盛智科,国盛智科2025年年度报告,2026-04-18 00:00:00,1225118251,reports_raw/companies/688_star/688558_国盛智科/2025/1225118251.pdf,https://static.cninfo.com.cn/finalpage/2026-04-18/1225118251.PDF
688563,航材股份,2025年年度报告,2026-04-01 00:00:00,1225068244,reports_raw/companies/688_star/688563_航材股份/2025/1225068244.pdf,https://static.cninfo.com.cn/finalpage/2026-04-01/1225068244.PDF
688568,中科星图,中科星图股份有限公司2025年年度报告,2026-04-15 00:00:00,1225104733,reports_raw/companies/688_star/688568_中科星图/2025/1225104733.pdf,https://static.cninfo.com.cn/finalpage/2026-04-15/1225104733.PDF
688579,地纬智能,地纬智能2025年年度报告,2026-04-18 00:00:00,1225118385,reports_raw/companies/688_star/688579_地纬智能/2025/1225118385.pdf,https://static.cninfo.com.cn/finalpage/2026-04-18/1225118385.PDF
688584,上海合晶,上海合晶2025年年度报告（更新版）,2026-04-04 00:00:00,1225079952,reports_raw/companies/688_star/688584_上海合晶/2025/1225079952.pdf,https://static.cninfo.com.cn/finalpage/2026-04-04/1225079952.PDF
688591,泰凌微,2025年年度报告,2026-04-10 00:00:00,1225089641,reports_raw/companies/688_star/688591_泰凌微/2025/1225089641.pdf,https://static.cninfo.com.cn/finalpage/2026-04-10/1225089641.PDF
688596,正帆科技,2025年年度报告,2026-04-18 00:00:00,1225119777,reports_raw/companies/688_star/688596_正帆科技/2025/1225119777.pdf,https://static.cninfo.com.cn/finalpage/2026-04-18/1225119777.PDF
688601,力芯微,2025年年度报告,2026-04-11 00:00:00,1225093550,reports_raw/companies/688_star/688601_力芯微/2025/1225093550.pdf,https://static.cninfo.com.cn/finalpage/2026-04-11/1225093550.PDF
688605,先锋精科,先锋精科2025年年度报告,2026-04-10 00:00:00,1225089537,reports_raw/companies/688_star/688605_先锋精科/2025/1225089537.pdf,https://static.cninfo.com.cn/finalpage/2026-04-10/1225089537.PDF
688612,威迈斯,2025年年度报告,2026-04-16 00:00:00,1225106614,reports_raw/companies/688_star/688612_威迈斯/2025/1225106614.pdf,https://static.cninfo.com.cn/finalpage/2026-04-16/1225106614.PDF
688627,精智达,2025年年度报告,2026-04-11 00:00:00,1225096498,reports_raw/companies/688_star/688627_精智达/2025/1225096498.pdf,https://static.cninfo.com.cn/finalpage/2026-04-11/1225096498.PDF
688629,华丰科技,2025年年度报告,2026-04-15 00:00:00,1225103081,reports_raw/companies/688_star/688629_华丰科技/2025/1225103081.pdf,https://static.cninfo.com.cn/finalpage/2026-04-15/1225103081.PDF
688646,ST逸飞,逸飞激光2025年年度报告,2026-04-18 00:00:00,1225122586,reports_raw/companies/688_star/688646_ST逸飞/2025/1225122586.pdf,https://static.cninfo.com.cn/finalpage/2026-04-18/1225122586.PDF
688663,新风光,2025年年度报告,2026-04-09 00:00:00,1225086238,reports_raw/companies/688_star/688663_新风光/2025/1225086238.pdf,https://static.cninfo.com.cn/finalpage/2026-04-09/1225086238.PDF
688665,四方光电,四方光电2025年年度报告,2026-04-18 00:00:00,1225118862,reports_raw/companies/688_star/688665_四方光电/2025/1225118862.pdf,https://static.cninfo.com.cn/finalpage/2026-04-18/1225118862.PDF
688667,菱电电控,菱电电控2025年年度报告,2026-04-10 00:00:00,1225089050,reports_raw/companies/688_star/688667_菱电电控/2025/1225089050.pdf,https://static.cninfo.com.cn/finalpage/2026-04-10/1225089050.PDF
688671,碧兴物联,2025年年度报告,2026-04-03 00:00:00,1225075552,reports_raw/companies/688_star/688671_碧兴物联/2025/1225075552.pdf,https://static.cninfo.com.cn/finalpage/2026-04-03/1225075552.PDF
688679,通源环境,2025年年度报告,2026-04-11 00:00:00,1225094571,reports_raw/companies/688_star/688679_通源环境/2025/1225094571.pdf,https://static.cninfo.com.cn/finalpage/2026-04-11/1225094571.PDF
688680,海优新材,上海海优威新材料股份有限公司2025年年度报告,2026-04-18 00:00:00,1225120511,reports_raw/companies/688_star/688680_海优新材/2025/1225120511.pdf,https://static.cninfo.com.cn/finalpage/2026-04-18/1225120511.PDF
688681,科汇股份,2025年年度报告,2026-04-16 00:00:00,1225105559,reports_raw/companies/688_star/688681_科汇股份/2025/1225105559.pdf,https://static.cninfo.com.cn/finalpage/2026-04-16/1225105559.PDF
688682,霍莱沃,2025年年度报告,2026-04-15 00:00:00,1225104146,reports_raw/companies/688_star/688682_霍莱沃/2025/1225104146.pdf,https://static.cninfo.com.cn/finalpage/2026-04-15/1225104146.PDF
688686,奥普特,2025年年度报告,2026-04-03 00:00:00,1225078058,reports_raw/companies/688_star/688686_奥普特/2025/1225078058.pdf,https://static.cninfo.com.cn/finalpage/2026-04-03/1225078058.PDF
688690,纳微科技,苏州纳微科技股份有限公司2025年年度报告,2026-04-16 00:00:00,1225107014,reports_raw/companies/688_star/688690_纳微科技/2025/1225107014.pdf,https://static.cninfo.com.cn/finalpage/2026-04-16/1225107014.PDF
688691,灿芯股份,2025年年度报告,2026-04-17 00:00:00,1225112272,reports_raw/companies/688_star/688691_灿芯股份/2025/1225112272.pdf,https://static.cninfo.com.cn/finalpage/2026-04-17/1225112272.PDF
688692,达梦数据,2025年年度报告,2026-04-11 00:00:00,1225094915,reports_raw/companies/688_star/688692_达梦数据/2025/1225094915.pdf,https://static.cninfo.com.cn/finalpage/2026-04-11/1225094915.PDF
688693,锴威特,苏州锴威特半导体股份有限公司2025年年度报告,2026-04-10 00:00:00,1225090937,reports_raw/companies/688_star/688693_锴威特/2025/1225090937.pdf,https://static.cninfo.com.cn/finalpage/2026-04-10/1225090937.PDF
688697,纽威数控,纽威数控2025年年度报告,2026-04-17 00:00:00,1225109620,reports_raw/companies/688_star/688697_纽威数控/2025/1225109620.pdf,https://static.cninfo.com.cn/finalpage/2026-04-17/1225109620.PDF
688698,伟创电气,2025年年度报告,2026-04-16 00:00:00,1225107260,reports_raw/companies/688_star/688698_伟创电气/2025/1225107260.pdf,https://static.cninfo.com.cn/finalpage/2026-04-16/1225107260.PDF
688733,壹石通,壹石通2025年年度报告,2026-04-17 00:00:00,1225110760,reports_raw/companies/688_star/688733_壹石通/2025/1225110760.pdf,https://static.cninfo.com.cn/finalpage/2026-04-17/1225110760.PDF
688750,金天钛业,2025年年度报告,2026-04-18 00:00:00,1225121092,reports_raw/companies/688_star/688750_金天钛业/2025/1225121092.pdf,https://static.cninfo.com.cn/finalpage/2026-04-18/1225121092.PDF
688788,科思科技,2025年年度报告,2026-04-10 00:00:00,1225090047,reports_raw/companies/688_star/688788_科思科技/2025/1225090047.pdf,https://static.cninfo.com.cn/finalpage/2026-04-10/1225090047.PDF
688798,艾为电子,艾为电子2025年年度报告,2026-04-10 00:00:00,1225090195,reports_raw/companies/688_star/688798_艾为电子/2025/1225090195.pdf,https://static.cninfo.com.cn/finalpage/2026-04-10/1225090195.PDF
688807,优迅股份,优迅股份：2025年年度报告,2026-04-10 00:00:00,1225088673,reports_raw/companies/688_star/688807_优迅股份/2025/1225088673.pdf,https://static.cninfo.com.cn/finalpage/2026-04-10/1225088673.PDF
688816,易思维,2025年年度报告,2026-04-18 00:00:00,1225122272,reports_raw/companies/688_star/688816_易思维/2025/1225122272.pdf,https://static.cninfo.com.cn/finalpage/2026-04-18/1225122272.PDF
900939,汇丽B,上海汇丽建材股份有限公司2025年年度报告,2026-04-18 00:00:00,1225116311,reports_raw/companies/900_sh_b/900939_汇丽B/2025/1225116311.pdf,https://static.cninfo.com.cn/finalpage/2026-04-18/1225116311.PDF
920007,酉立智能,2025年年度报告,2026-04-15 00:00:00,1225108769,reports_raw/companies/920_bse/920007_酉立智能/2025/1225108769.pdf,https://static.cninfo.com.cn/finalpage/2026-04-15/1225108769.PDF
920009,丹娜生物,2025年年度报告,2026-04-08 00:00:00,1225086334,reports_raw/companies/920_bse/920009_丹娜生物/2025/1225086334.pdf,https://static.cninfo.com.cn/finalpage/2026-04-08/1225086334.PDF
920016,中草香料,2025年年度报告,2026-04-17 00:00:00,1225121613,reports_raw/companies/920_bse/920016_中草香料/2025/1225121613.pdf,https://static.cninfo.com.cn/finalpage/2026-04-17/1225121613.PDF
920018,宏远股份,2025年年度报告,2026-04-16 00:00:00,1225114255,reports_raw/companies/920_bse/920018_宏远股份/2025/1225114255.pdf,https://static.cninfo.com.cn/finalpage/2026-04-16/1225114255.PDF
920020,泰凯英,2025年年度报告,2026-04-15 00:00:00,1225108347,reports_raw/companies/920_bse/920020_泰凯英/2025/1225108347.pdf,https://static.cninfo.com.cn/finalpage/2026-04-15/1225108347.PDF
920026,卓兆点胶,2025年年度报告,2026-04-13 00:00:00,1225097995,reports_raw/companies/920_bse/920026_卓兆点胶/2025/1225097995.pdf,https://static.cninfo.com.cn/finalpage/2026-04-13/1225097995.PDF
920061,西磁科技,2025年年度报告,2026-04-17 00:00:00,1225120029,reports_raw/companies/920_bse/920061_西磁科技/2025/1225120029.pdf,https://static.cninfo.com.cn/finalpage/2026-04-17/1225120029.PDF
920077,吉林碳谷,2025年年度报告,2026-04-13 00:00:00,1225099873,reports_raw/companies/920_bse/920077_吉林碳谷/2025/1225099873.pdf,https://static.cninfo.com.cn/finalpage/2026-04-13/1225099873.PDF
920098,科隆新材,2025年年度报告,2026-04-16 00:00:00,1225112821,reports_raw/companies/920_bse/920098_科隆新材/2025/1225112821.pdf,https://static.cninfo.com.cn/finalpage/2026-04-16/1225112821.PDF
920106,林泰新材,2025年年度报告,2026-04-07 00:00:00,1225082427,reports_raw/companies/920_bse/920106_林泰新材/2025/1225082427.pdf,https://static.cninfo.com.cn/finalpage/2026-04-07/1225082427.PDF
920110,雷特科技,2025年年度报告,2026-04-10 00:00:00,1225095273,reports_raw/companies/920_bse/920110_雷特科技/2025/1225095273.pdf,https://static.cninfo.com.cn/finalpage/2026-04-10/1225095273.PDF
920111,聚星科技,2025年年度报告,2026-04-09 00:00:00,1225089065,reports_raw/companies/920_bse/920111_聚星科技/2025/1225089065.pdf,https://static.cninfo.com.cn/finalpage/2026-04-09/1225089065.PDF
920112,巴兰仕,2025年年度报告,2026-04-16 00:00:00,1225113892,reports_raw/companies/920_bse/920112_巴兰仕/2025/1225113892.pdf,https://static.cninfo.com.cn/finalpage/2026-04-16/1225113892.PDF
920119,美德乐,2025年年度报告,2026-04-16 00:00:00,1225113174,reports_raw/companies/920_bse/920119_美德乐/2025/1225113174.pdf,https://static.cninfo.com.cn/finalpage/2026-04-16/1225113174.PDF
920124,南特科技,2025年年度报告,2026-04-13 00:00:00,1225099387,reports_raw/companies/920_bse/920124_南特科技/2025/1225099387.pdf,https://static.cninfo.com.cn/finalpage/2026-04-13/1225099387.PDF
920149,旭杰科技,2025年年度报告,2026-04-15 00:00:00,1225108932,reports_raw/companies/920_bse/920149_旭杰科技/2025/1225108932.pdf,https://static.cninfo.com.cn/finalpage/2026-04-15/1225108932.PDF
920158,长江能科,2025年年度报告,2026-04-10 00:00:00,1225095684,reports_raw/companies/920_bse/920158_长江能科/2025/1225095684.pdf,https://static.cninfo.com.cn/finalpage/2026-04-10/1225095684.PDF
920160,北矿检测,2025年年度报告,2026-04-03 00:00:00,1225080262,reports_raw/companies/920_bse/920160_北矿检测/2025/1225080262.pdf,https://static.cninfo.com.cn/finalpage/2026-04-03/1225080262.PDF
920180,爱得科技,2025年年度报告,2026-04-10 00:00:00,1225096519,reports_raw/companies/920_bse/920180_爱得科技/2025/1225096519.pdf,https://static.cninfo.com.cn/finalpage/2026-04-10/1225096519.PDF
920183,海菲曼,2025年年度报告,2026-04-13 00:00:00,1225099445,reports_raw/companies/920_bse/920183_海菲曼/2025/1225099445.pdf,https://static.cninfo.com.cn/finalpage/2026-04-13/1225099445.PDF
920199,倍益康,2025年年度报告,2026-04-15 00:00:00,1225109028,reports_raw/companies/920_bse/920199_倍益康/2025/1225109028.pdf,https://static.cninfo.com.cn/finalpage/2026-04-15/1225109028.PDF
920208,青矩技术,2025年年度报告,2026-04-17 00:00:00,1225121479,reports_raw/companies/920_bse/920208_青矩技术/2025/1225121479.pdf,https://static.cninfo.com.cn/finalpage/2026-04-17/1225121479.PDF
920223,荣亿精密,2025年年度报告,2026-04-15 00:00:00,1225108160,reports_raw/companies/920_bse/920223_荣亿精密/2025/1225108160.pdf,https://static.cninfo.com.cn/finalpage/2026-04-15/1225108160.PDF
920227,美登科技,2025年年度报告,2026-04-13 00:00:00,1225099615,reports_raw/companies/920_bse/920227_美登科技/2025/1225099615.pdf,https://static.cninfo.com.cn/finalpage/2026-04-13/1225099615.PDF
920230,欧康医药,2025年年度报告,2026-04-15 00:00:00,1225108660,reports_raw/companies/920_bse/920230_欧康医药/2025/1225108660.pdf,https://static.cninfo.com.cn/finalpage/2026-04-15/1225108660.PDF
920242,建邦科技,2025年年度报告,2026-04-16 00:00:00,1225112794,reports_raw/companies/920_bse/920242_建邦科技/2025/1225112794.pdf,https://static.cninfo.com.cn/finalpage/2026-04-16/1225112794.PDF
920249,利尔达,2025年年度报告,2026-04-15 00:00:00,1225109013,reports_raw/companies/920_bse/920249_利尔达/2025/1225109013.pdf,https://static.cninfo.com.cn/finalpage/2026-04-15/1225109013.PDF
920262,太湖雪,2025年年度报告,2026-04-01 00:00:00,1225073505,reports_raw/companies/920_bse/920262_太湖雪/2025/1225073505.pdf,https://static.cninfo.com.cn/finalpage/2026-04-01/1225073505.PDF
920299,灿能电力,2025年年度报告,2026-04-17 00:00:00,1225120411,reports_raw/companies/920_bse/920299_灿能电力/2025/1225120411.pdf,https://static.cninfo.com.cn/finalpage/2026-04-17/1225120411.PDF
920339,恒太照明,2025年年度报告,2026-04-17 00:00:00,1225122500,reports_raw/companies/920_bse/920339_恒太照明/2025/1225122500.pdf,https://static.cninfo.com.cn/finalpage/2026-04-17/1225122500.PDF
920344,三元基因,2025年年度报告,2026-04-10 00:00:00,1225093768,reports_raw/companies/920_bse/920344_三元基因/2025/1225093768.pdf,https://static.cninfo.com.cn/finalpage/2026-04-10/1225093768.PDF
920357,雅葆轩,2025年年度报告,2026-04-15 00:00:00,1225108501,reports_raw/companies/920_bse/920357_雅葆轩/2025/1225108501.pdf,https://static.cninfo.com.cn/finalpage/2026-04-15/1225108501.PDF
920367,新赣江,2025年年度报告,2026-04-15 00:00:00,1225108339,reports_raw/companies/920_bse/920367_新赣江/2025/1225108339.pdf,https://static.cninfo.com.cn/finalpage/2026-04-15/1225108339.PDF
920402,硅烷科技,2025年年度报告,2026-04-13 00:00:00,1225099949,reports_raw/companies/920_bse/920402_硅烷科技/2025/1225099949.pdf,https://static.cninfo.com.cn/finalpage/2026-04-13/1225099949.PDF
920418,苏轴股份,2025年年度报告,2026-04-07 00:00:00,1225082845,reports_raw/companies/920_bse/920418_苏轴股份/2025/1225082845.pdf,https://static.cninfo.com.cn/finalpage/2026-04-07/1225082845.PDF
920478,峆一药业,2025年年度报告,2026-04-16 00:00:00,1225112577,reports_raw/companies/920_bse/920478_峆一药业/2025/1225112577.pdf,https://static.cninfo.com.cn/finalpage/2026-04-16/1225112577.PDF
920493,并行科技,2025年年度报告,2026-04-03 00:00:00,1225080628,reports_raw/companies/920_bse/920493_并行科技/2025/1225080628.pdf,https://static.cninfo.com.cn/finalpage/2026-04-03/1225080628.PDF
920522,纳科诺尔,2025年年度报告,2026-04-13 00:00:00,1225098333,reports_raw/companies/920_bse/920522_纳科诺尔/2025/1225098333.pdf,https://static.cninfo.com.cn/finalpage/2026-04-13/1225098333.PDF
920526,凯华材料,2025年年度报告,2026-04-15 00:00:00,1225107480,reports_raw/companies/920_bse/920526_凯华材料/2025/1225107480.pdf,https://static.cninfo.com.cn/finalpage/2026-04-15/1225107480.PDF
920533,骏创科技,2025年年度报告,2026-04-13 00:00:00,1225098959,reports_raw/companies/920_bse/920533_骏创科技/2025/1225098959.pdf,https://static.cninfo.com.cn/finalpage/2026-04-13/1225098959.PDF
920599,同力股份,2025年年度报告,2026-04-10 00:00:00,1225096164,reports_raw/companies/920_bse/920599_同力股份/2025/1225096164.pdf,https://static.cninfo.com.cn/finalpage/2026-04-10/1225096164.PDF
920627,力王股份,2025年年度报告,2026-04-10 00:00:00,1225093703,reports_raw/companies/920_bse/920627_力王股份/2025/1225093703.pdf,https://static.cninfo.com.cn/finalpage/2026-04-10/1225093703.PDF
920634,新威凌,2025年年度报告,2026-04-02 00:00:00,1225077928,reports_raw/companies/920_bse/920634_新威凌/2025/1225077928.pdf,https://static.cninfo.com.cn/finalpage/2026-04-02/1225077928.PDF
920656,海昇药业,2025年年度报告,2026-04-16 00:00:00,1225114309,reports_raw/companies/920_bse/920656_海昇药业/2025/1225114309.pdf,https://static.cninfo.com.cn/finalpage/2026-04-16/1225114309.PDF
920689,克莱特,2025年年度报告,2026-04-15 00:00:00,1225108777,reports_raw/companies/920_bse/920689_克莱特/2025/1225108777.pdf,https://static.cninfo.com.cn/finalpage/2026-04-15/1225108777.PDF
920693,阿为特,2025年年度报告,2026-04-15 00:00:00,1225108653,reports_raw/companies/920_bse/920693_阿为特/2025/1225108653.pdf,https://static.cninfo.com.cn/finalpage/2026-04-15/1225108653.PDF
920706,铁拓机械,2025年年度报告,2026-04-14 00:00:00,1225102348,reports_raw/companies/920_bse/920706_铁拓机械/2025/1225102348.pdf,https://static.cninfo.com.cn/finalpage/2026-04-14/1225102348.PDF
920726,朱老六,2025年年度报告,2026-04-17 00:00:00,1225120492,reports_raw/companies/920_bse/920726_朱老六/2025/1225120492.pdf,https://static.cninfo.com.cn/finalpage/2026-04-17/1225120492.PDF
920768,拾比佰,2025年年度报告,2026-04-15 00:00:00,1225107476,reports_raw/companies/920_bse/920768_拾比佰/2025/1225107476.pdf,https://static.cninfo.com.cn/finalpage/2026-04-15/1225107476.PDF
920770,艾能聚,2025年年度报告,2026-04-16 00:00:00,1225114251,reports_raw/companies/920_bse/920770_艾能聚/2025/1225114251.pdf,https://static.cninfo.com.cn/finalpage/2026-04-16/1225114251.PDF
920802,保丽洁,2025年年度报告,2026-04-17 00:00:00,1225120036,reports_raw/companies/920_bse/920802_保丽洁/2025/1225120036.pdf,https://static.cninfo.com.cn/finalpage/2026-04-17/1225120036.PDF
920808,曙光数创,2025年年度报告,2026-04-14 00:00:00,1225104669,reports_raw/companies/920_bse/920808_曙光数创/2025/1225104669.pdf,https://static.cninfo.com.cn/finalpage/2026-04-14/1225104669.PDF
920819,颖泰生物,2025年年度报告,2026-04-16 00:00:00,1225112540,reports_raw/companies/920_bse/920819_颖泰生物/2025/1225112540.pdf,https://static.cninfo.com.cn/finalpage/2026-04-16/1225112540.PDF
920826,盖世食品,2025年年度报告,2026-04-17 00:00:00,1225123177,reports_raw/companies/920_bse/920826_盖世食品/2025/1225123177.pdf,https://static.cninfo.com.cn/finalpage/2026-04-17/1225123177.PDF
920866,绿亨科技,2025年年度报告,2026-04-13 00:00:00,1225099759,reports_raw/companies/920_bse/920866_绿亨科技/2025/1225099759.pdf,https://static.cninfo.com.cn/finalpage/2026-04-13/1225099759.PDF
920870,恒进感应,2025年年度报告,2026-04-17 00:00:00,1225121585,reports_raw/companies/920_bse/920870_恒进感应/2025/1225121585.pdf,https://static.cninfo.com.cn/finalpage/2026-04-17/1225121585.PDF
920885,星辰科技,2025年年度报告,2026-04-16 00:00:00,1225112704,reports_raw/companies/920_bse/920885_星辰科技/2025/1225112704.pdf,https://static.cninfo.com.cn/finalpage/2026-04-16/1225112704.PDF
920892,广咨国际,2025年年度报告,2026-04-03 00:00:00,1225079841,reports_raw/companies/920_bse/920892_广咨国际/2025/1225079841.pdf,https://static.cninfo.com.cn/finalpage/2026-04-03/1225079841.PDF
920961,创远信科,2025年年度报告,2026-04-02 00:00:00,1225077282,reports_raw/companies/920_bse/920961_创远信科/2025/1225077282.pdf,https://static.cninfo.com.cn/finalpage/2026-04-02/1225077282.PDF
920964,润农节水,2025年年度报告,2026-04-16 00:00:00,1225112845,reports_raw/companies/920_bse/920964_润农节水/2025/1225112845.pdf,https://static.cninfo.com.cn/finalpage/2026-04-16/1225112845.PDF
920976,视声智能,2025年年度报告,2026-04-10 00:00:00,1225095949,reports_raw/companies/920_bse/920976_视声智能/2025/1225095949.pdf,https://static.cninfo.com.cn/finalpage/2026-04-10/1225095949.PDF
920978,开特股份,2025年年度报告,2026-04-01 00:00:00,1225072848,reports_raw/companies/920_bse/920978_开特股份/2025/1225072848.pdf,https://static.cninfo.com.cn/finalpage/2026-04-01/1225072848.PDF
